country_code,country_name,year,env_patent_share_inventions,rise_energy_efficiency_lag1,rise_energy_efficiency_lag1_3_mean,rise_renewable_energy_lag1,rise_renewable_energy_lag1_3_mean,high_tech_exports_lag1,high_tech_exports_lag1_3_mean
AFG,Afghanistan,2013,0.002308509,0.0,0.0,3.690476190476191,3.690476190476191,,
AFG,Afghanistan,2014,0.0003917605,0.0,0.0,5.912698412698413,4.431216931216932,,
AFG,Afghanistan,2015,,0.0,0.0,5.912698412698413,5.1719576719576725,,
AFG,Afghanistan,2016,,0.2222222222222222,0.07407407407407407,12.57936507936508,8.134920634920634,,
AFG,Afghanistan,2017,,19.50617283950617,6.576131687242797,12.57936507936508,10.35714285714286,,
AFG,Afghanistan,2018,,19.50617283950617,13.078189300411522,12.57936507936508,12.57936507936508,,
AFG,Afghanistan,2019,0.001046266,19.50617283950617,19.50617283950617,13.134920634920636,12.764550264550266,0.0,
AFG,Afghanistan,2020,,19.50617283950617,19.50617283950617,13.134920634920636,12.949735449735451,0.0,
AFG,Afghanistan,2021,,19.50617283950617,19.50617283950617,15.634920634920636,13.96825396825397,,
AFG,Afghanistan,2022,,19.50617283950617,19.50617283950617,15.634920634920636,14.801587301587304,,
AFG,Afghanistan,2023,,19.50617283950617,19.50617283950617,15.634920634920636,15.634920634920638,,
AGO,Angola,2013,0.001154255,0.617283950617284,0.617283950617284,8.055555555555555,7.87037037037037,,
AGO,Angola,2014,,0.617283950617284,0.617283950617284,8.055555555555555,8.055555555555555,,
AGO,Angola,2015,,0.617283950617284,0.617283950617284,8.88888888888889,8.333333333333334,,
AGO,Angola,2016,,0.617283950617284,0.617283950617284,14.555555555555555,10.5,12.6044858942473,
AGO,Angola,2017,,0.617283950617284,0.617283950617284,15.666666666666668,13.037037037037038,12.9883050935056,
AGO,Angola,2018,,0.617283950617284,0.617283950617284,15.666666666666668,15.296296296296298,19.3839506955365,14.992247227763135
AGO,Angola,2019,,0.925925925925926,0.720164609053498,18.55555555555556,16.629629629629633,23.3127754550372,18.56167708135977
AGO,Angola,2020,,4.537037037037037,2.026748971193416,22.25925925925926,18.827160493827165,27.4965016903098,23.39774261362783
AGO,Angola,2021,,5.87037037037037,3.777777777777778,22.25925925925926,21.024691358024693,23.3946213847164,24.734632843354465
AGO,Angola,2022,,5.87037037037037,5.4259259259259265,22.25925925925926,22.259259259259256,16.1269540436105,22.339359039545567
AGO,Angola,2023,,6.981481481481482,6.2407407407407405,32.25925925925926,25.59259259259259,22.0635039995781,20.528359809301666
ALB,Albania,2013,0.004078366,8.271604938271606,6.378600823045268,6.142857142857143,6.142857142857143,0.922637018907313,1.1346757130875442
ALB,Albania,2014,0.001175281,19.074074074074076,11.502057613168725,6.142857142857143,6.142857142857143,0.890238022251303,0.943249319043912
ALB,Albania,2015,0.008957179,20.185185185185183,15.843621399176955,6.8571428571428585,6.380952380952382,0.257234804303144,0.6900366151539199
ALB,Albania,2016,0.01484563,32.68518518518519,23.981481481481485,8.523809523809524,7.174603174603175,1.63419036731371,0.927221064622719
ALB,Albania,2017,0.01099744,40.21604938271605,31.028806584362144,11.857142857142858,9.079365079365079,0.784313365143227,0.8919128455866937
ALB,Albania,2018,0.006027167,42.06790123456791,38.32304526748972,35.6957671957672,18.69223985890653,0.0884579218158484,0.8356538847575951
ALB,Albania,2019,,42.808641975308646,41.69753086419754,35.6957671957672,27.74955908289242,0.0447019828200661,0.3058244232597138
ALB,Albania,2020,,46.04938271604939,43.641975308641975,35.6957671957672,35.6957671957672,0.128427412960995,0.08719577253230316
ALB,Albania,2021,0.0009673051,46.04938271604939,44.96913580246914,35.6957671957672,35.6957671957672,0.285854495639881,0.15299463047364736
ALB,Albania,2022,0.0005390487,46.04938271604939,46.04938271604939,35.6957671957672,35.6957671957672,0.419509988977299,0.2779306325260584
ALB,Albania,2023,0.0007706951,46.04938271604939,46.04938271604939,35.6957671957672,35.6957671957672,0.0596409977568037,0.2550018274579946
ARE,United Arab Emirates,2013,0.02500885,22.685185185185187,17.304526748971195,15.142857142857144,10.380952380952381,3.76665999323128,
ARE,United Arab Emirates,2014,0.02397574,33.17901234567901,25.7201646090535,15.142857142857144,12.761904761904765,3.60738438587124,
ARE,United Arab Emirates,2015,0.03866976,38.086419753086425,31.316872427983544,33.58730158730159,21.291005291005295,10.1695189703589,5.847854449820474
ARE,United Arab Emirates,2016,0.01205736,60.22222222222222,43.82921810699588,44.56878306878308,31.099647266313934,5.3019976880201,6.359633681416747
ARE,United Arab Emirates,2017,0.04538681,65.77777777777777,54.69547325102881,47.62433862433863,41.926807760141095,2.61902840521391,6.030181687864304
ARE,United Arab Emirates,2018,0.02428087,68.88888888888889,64.96296296296296,55.95767195767196,49.38359788359789,2.84060044002548,3.58720884441983
ARE,United Arab Emirates,2019,0.03208549,70.74074074074073,68.46913580246913,58.81481481481482,54.13227513227514,2.90326432456259,2.78763105660066
ARE,United Arab Emirates,2020,0.04046751,70.74074074074073,70.12345679012346,59.1851851851852,57.98589065255732,2.99865577867219,2.914173514420087
ARE,United Arab Emirates,2021,0.03864921,70.74074074074073,70.74074074074073,59.1851851851852,59.06172839506174,5.37704492826553,3.759655010500104
ARE,United Arab Emirates,2022,0.02228068,70.74074074074073,70.74074074074073,59.1851851851852,59.1851851851852,8.95796265725262,5.777887788063446
ARE,United Arab Emirates,2023,0.03206092,70.74074074074073,70.74074074074073,59.1851851851852,59.1851851851852,9.2877602243891,7.874255936635749
ARG,Argentina,2013,0.01572351,24.660493827160497,24.043209876543212,16.388888888888893,15.674603174603178,6.63636695569979,7.214069192526324
ARG,Argentina,2014,0.01941826,26.88271604938272,25.092592592592595,16.388888888888893,16.388888888888893,7.45820744914312,7.138768335496246
ARG,Argentina,2015,0.02012406,26.88271604938272,26.141975308641978,17.103174603174605,16.62698412698413,7.06113490427245,7.051903103038453
ARG,Argentina,2016,0.03296935,26.88271604938272,26.88271604938272,18.769841269841272,17.42063492063492,9.22572828013488,7.915023544516817
ARG,Argentina,2017,0.0246099,28.271604938271608,27.345679012345684,24.436507936507937,20.103174603174605,8.9823994804111,8.423087554939476
ARG,Argentina,2018,0.02383314,32.901234567901234,29.35185185185185,31.1031746031746,24.76984126984127,9.20544177021613,9.137856510254037
ARG,Argentina,2019,0.01691463,34.01234567901234,31.728395061728392,31.1031746031746,28.88095238095238,5.40298410146417,7.863608450697133
ARG,Argentina,2020,0.02010447,38.17901234567901,35.03086419753086,33.91798941798942,32.04144620811288,5.21279058881723,6.607072153499177
ARG,Argentina,2021,0.00838331,38.17901234567901,36.79012345679012,33.91798941798942,32.979717813051145,6.90388925607922,5.8398879821202065
ARG,Argentina,2022,0.01132002,38.17901234567901,38.17901234567901,33.91798941798942,33.91798941798942,4.42289139264312,5.51319041251319
ARG,Argentina,2023,0.01329449,38.17901234567901,38.17901234567901,33.91798941798942,33.91798941798942,4.75157524338594,5.359451964036094
ARM,Armenia,2013,0.01846807,23.45679012345679,18.004115226337447,29.552910052910057,29.55291005291006,2.85090173545628,2.8495621452377136
ARM,Armenia,2014,0.01136105,24.938271604938272,21.37860082304527,29.552910052910057,29.55291005291006,3.02784829241324,3.0840286957944962
ARM,Armenia,2015,0.008878261,26.41975308641976,24.938271604938276,29.552910052910057,29.55291005291006,3.02163379158599,2.96679460648517
ARM,Armenia,2016,0.004898304,35.28395061728395,28.88065843621399,38.6005291005291,32.56878306878307,5.65181437686726,3.9004321536221638
ARM,Armenia,2017,0.003224004,37.13580246913581,32.94650205761317,40.1005291005291,36.08465608465608,6.13769143045383,4.937046532969027
ARM,Armenia,2018,0.003099686,39.17283950617284,37.19753086419754,47.75925925925926,42.15343915343915,7.56330477959628,6.450936862305791
ARM,Armenia,2019,0.002092532,39.79012345679013,38.699588477366255,49.90740740740741,45.92239858906526,7.10147421496599,6.9341568083387
ARM,Armenia,2020,0.001939337,39.79012345679013,39.584362139917694,49.90740740740741,49.19135802469136,9.79110110537429,8.151960033312188
ARM,Armenia,2021,0.0009673051,39.79012345679013,39.79012345679013,49.90740740740741,49.90740740740741,7.14063667161287,8.011070663984382
ARM,Armenia,2022,0.00431239,40.098765432098766,39.89300411522634,51.85185185185185,50.555555555555564,5.95671993684786,7.629485904611673
ARM,Armenia,2023,0.005780213,48.67283950617284,42.85390946502057,65.18518518518519,55.64814814814815,21.8475283435373,11.648294983999342
AUS,Australia,2013,0.63257,53.17901234567901,50.504115226337454,34.03703703703704,30.925925925925924,17.2855553325245,17.250158119628832
AUS,Australia,2014,0.6667764,56.88271604938272,54.25925925925926,34.03703703703704,33.81481481481482,18.0075143774834,17.748229158521266
AUS,Australia,2015,0.6725438,59.84567901234569,56.635802469135804,34.03703703703704,34.03703703703704,18.9961304703814,18.096400060129767
AUS,Australia,2016,0.6752877,64.7530864197531,60.493827160493844,37.92592592592592,35.333333333333336,19.6921472541598,18.898597367341534
AUS,Australia,2017,0.6232597,66.01851851851853,63.53909465020578,44.5925925925926,38.851851851851855,20.6275044745549,19.7719273996987
AUS,Australia,2018,0.5392765,67.71604938271606,66.16255144032924,44.5925925925926,42.370370370370374,18.0967924595604,19.472148062758368
AUS,Australia,2019,0.6184876,68.17901234567903,67.30452674897121,50.98148148148148,46.72222222222223,18.1371018191307,18.953799584415332
AUS,Australia,2020,0.655256,70.03086419753087,68.64197530864199,51.35185185185185,48.97530864197531,21.2199332352628,19.15127583798463
AUS,Australia,2021,0.6052428,70.03086419753087,69.41358024691358,59.12962962962963,53.82098765432099,21.4757898705835,20.277608308325664
AUS,Australia,2022,0.4013757,70.03086419753087,70.03086419753087,60.79629629629631,57.0925925925926,22.3940766008599,21.696599902235402
AUS,Australia,2023,0.4618776,70.03086419753087,70.03086419753087,60.79629629629631,60.240740740740755,25.8318704116272,23.233912294356866
AUT,Austria,2013,0.7802981,54.29629629629631,52.296296296296305,65.53439153439153,65.53439153439153,14.5446789024689,13.835159013101666
AUT,Austria,2014,0.8790154,57.38271604938272,54.78806584362141,65.53439153439153,65.53439153439153,15.3690648693427,14.389722673614434
AUT,Austria,2015,0.8665578,68.29012345679013,59.98971193415639,66.64550264550265,65.90476190476191,15.4904490132481,15.134730928353234
AUT,Austria,2016,0.7772101,79.21604938271605,68.2962962962963,71.96296296296296,68.04761904761905,15.0327319949068,15.2974152924992
AUT,Austria,2017,0.8002395,79.37037037037038,75.62551440329219,71.96296296296296,70.19047619047619,14.4532591877111,14.992146731955335
AUT,Austria,2018,0.8008407,79.37037037037038,79.31893004115227,86.96296296296296,76.96296296296296,12.8851997037889,14.123730295468931
AUT,Austria,2019,0.9076207,79.37037037037038,79.37037037037038,87.62962962962963,82.18518518518519,11.6500759838374,12.996178291779133
AUT,Austria,2020,0.8130857,79.37037037037038,79.37037037037038,87.62962962962963,87.4074074074074,11.4825348767666,12.005936854797634
AUT,Austria,2021,0.600331,79.37037037037038,79.37037037037038,87.62962962962963,87.62962962962963,12.2718957660446,11.801502208882866
AUT,Austria,2022,0.5074065,80.85185185185185,79.8641975308642,87.62962962962963,87.62962962962963,11.017122140568,11.590517594459733
AUT,Austria,2023,0.4801606,80.85185185185185,80.35802469135803,87.62962962962963,87.62962962962963,14.9141702472602,12.734396051290934
AZE,Azerbaijan,2013,0.002308509,5.740740740740741,5.740740740740741,4.166666666666667,4.166666666666667,8.55945903006787,3.8866106258812665
AZE,Azerbaijan,2014,,5.740740740740741,5.740740740740741,4.166666666666667,4.166666666666667,13.7739672073665,8.021749141362767
AZE,Azerbaijan,2015,0.001657275,9.814814814814817,7.098765432098766,4.166666666666667,4.166666666666667,7.72948174405788,10.020969327164083
AZE,Azerbaijan,2016,0.003391133,9.814814814814817,8.456790123456791,4.166666666666667,4.166666666666667,3.89922506760974,8.467558006344706
AZE,Azerbaijan,2017,0.00537334,13.34567901234568,10.991769547325106,15.092592592592592,7.8086419753086425,2.8122107826307,4.81363919809944
AZE,Azerbaijan,2018,0.001033229,13.34567901234568,12.168724279835393,18.425925925925927,12.561728395061728,3.30108229906783,3.3375060497694236
AZE,Azerbaijan,2019,0.007323861,13.34567901234568,13.345679012345679,18.425925925925927,17.314814814814813,4.34552506108911,3.486272714262547
AZE,Azerbaijan,2020,,16.123456790123456,14.271604938271606,21.283068783068785,19.378306878306876,4.95159340426308,4.199400254806673
AZE,Azerbaijan,2021,0.00451409,18.34567901234568,15.938271604938274,21.283068783068785,20.330687830687832,7.06727951722298,5.454799327525056
AZE,Azerbaijan,2022,,19.45679012345679,17.975308641975307,21.283068783068785,21.283068783068785,2.09710423147129,4.70532571765245
AZE,Azerbaijan,2023,0.006936256,19.45679012345679,19.08641975308642,21.283068783068785,21.283068783068785,3.9129441620027,4.359109303565657
BDI,Burundi,2013,,0.5555555555555556,0.5555555555555556,2.142857142857143,1.6666666666666667,,
BDI,Burundi,2014,,0.5555555555555556,0.5555555555555556,2.142857142857143,1.9047619047619049,0.308296619366683,
BDI,Burundi,2015,,0.5555555555555556,0.5555555555555556,2.142857142857143,2.142857142857143,1.45729832506366,
BDI,Burundi,2016,,1.9753086419753088,1.0288065843621401,3.346560846560847,2.544091710758378,3.49266770916697,1.752754217865771
BDI,Burundi,2017,,1.9753086419753088,1.5020576131687244,5.489417989417989,3.659611992945326,3.1959825567903,2.715316197006976
BDI,Burundi,2018,,1.9753086419753088,1.9753086419753088,5.489417989417989,4.7751322751322745,1.66362151202897,2.78409059266208
BDI,Burundi,2019,,1.9753086419753088,1.9753086419753088,5.489417989417989,5.48941798941799,25.9363254766862,10.265309848501824
BDI,Burundi,2020,,1.9753086419753088,1.9753086419753088,5.489417989417989,5.48941798941799,0.470990947883211,9.356979312199462
BDI,Burundi,2021,,1.9753086419753088,1.9753086419753088,5.489417989417989,5.48941798941799,0.120495501588776,8.842603975386062
BDI,Burundi,2022,,1.9753086419753088,1.9753086419753088,5.489417989417989,5.48941798941799,0.250001784207837,0.28049607789327463
BDI,Burundi,2023,,1.9753086419753088,1.9753086419753088,5.489417989417989,5.48941798941799,1.11792409166671,0.496140459154441
BEL,Belgium,2013,0.5057462,70.95679012345678,60.617283950617285,51.16666666666667,50.796296296296305,8.9420007987591,8.960689769819519
BEL,Belgium,2014,0.5565741,75.58641975308643,67.99382716049384,55.16666666666667,52.31481481481482,10.6406117548271,9.419150319932271
BEL,Belgium,2015,0.5465852,79.29012345679013,75.27777777777779,61.833333333333336,56.055555555555564,11.9393517315379,10.5073214283747
BEL,Belgium,2016,0.564115,79.29012345679013,78.05555555555556,61.833333333333336,59.611111111111114,12.3351739681226,11.638379151495867
BEL,Belgium,2017,0.5253514,79.29012345679013,79.29012345679013,61.833333333333336,61.833333333333336,13.3312451633933,12.535256954351269
BEL,Belgium,2018,0.5747162,84.47530864197532,81.01851851851852,66.27777777777779,63.31481481481482,11.4917903557909,12.386069829102269
BEL,Belgium,2019,0.4828069,84.47530864197532,82.74691358024693,71.27777777777779,66.46296296296298,11.7058640594516,12.176299859545267
BEL,Belgium,2020,0.4943048,84.47530864197532,84.47530864197532,73.05555555555556,70.20370370370371,14.1440138847213,12.4472227666546
BEL,Belgium,2021,0.5078351,84.47530864197532,84.47530864197532,73.05555555555556,72.46296296296298,15.2618615789713,13.7039131743814
BEL,Belgium,2022,0.4569935,84.47530864197532,84.47530864197532,73.05555555555556,73.05555555555556,21.3799638763737,16.928613113355436
BEL,Belgium,2023,0.4136321,84.47530864197532,84.47530864197532,73.05555555555556,73.05555555555556,22.8179135173265,19.819912990890497
BEN,Benin,2013,,4.506172839506173,4.506172839506173,8.65079365079365,3.2539682539682535,,
BEN,Benin,2014,,4.506172839506173,4.506172839506173,8.65079365079365,5.9523809523809526,1.27585565497432,
BEN,Benin,2015,,4.506172839506173,4.506172839506173,8.65079365079365,8.65079365079365,4.13534388145926,
BEN,Benin,2016,,9.037037037037036,6.016460905349795,10.31746031746032,9.206349206349207,1.62543807696831,2.345545871133963
BEN,Benin,2017,,9.037037037037036,7.526748971193416,10.31746031746032,9.761904761904765,1.24487830227425,2.335220086900607
BEN,Benin,2018,,9.037037037037036,9.037037037037036,10.873015873015872,10.502645502645503,4.67071840547035,2.51367826157097
BEN,Benin,2019,,15.672839506172838,11.248971193415636,15.476190476190476,12.222222222222223,2.84228678612343,2.9192944979560096
BEN,Benin,2020,,17.987654320987655,14.232510288065845,15.476190476190476,13.941798941798941,1.48291431982405,2.9986398371392764
BEN,Benin,2021,,18.296296296296298,17.31893004115226,17.460317460317462,16.137566137566136,1.84364942977986,2.0562835119091134
BEN,Benin,2022,,18.296296296296298,18.193415637860085,17.460317460317462,16.7989417989418,2.69844689930495,2.00833688296962
BEN,Benin,2023,,18.296296296296298,18.296296296296298,24.126984126984127,19.682539682539684,4.28715620621521,2.94308417843334
BFA,Burkina Faso,2013,,0.0,0.0,0.0,0.0,8.62483762166537,11.99842757820202
BFA,Burkina Faso,2014,0.001175281,0.0,0.0,0.0,0.0,14.0169615252893,11.143005372668389
BFA,Burkina Faso,2015,,0.0,0.0,0.0,0.0,11.0587712923066,11.233523479753757
BFA,Burkina Faso,2016,,2.2222222222222223,0.7407407407407408,0.3703703703703703,0.12345679012345677,4.96027740230027,10.012003406632056
BFA,Burkina Faso,2017,,2.2222222222222223,1.4814814814814816,0.3703703703703703,0.24691358024691354,5.94496725526008,7.321338649955649
BFA,Burkina Faso,2018,,19.53703703703704,7.9938271604938285,1.2037037037037035,0.648148148148148,5.75853107563762,5.55459191106599
BFA,Burkina Faso,2019,,19.53703703703704,13.765432098765435,1.2037037037037035,0.9259259259259257,5.88092859304184,5.86147564131318
BFA,Burkina Faso,2020,,19.53703703703704,19.53703703703704,1.870370370370371,1.4259259259259258,25.7871512116805,12.475536960119987
BFA,Burkina Faso,2021,0.0009673051,19.53703703703704,19.53703703703704,1.870370370370371,1.6481481481481486,3.40123479951733,11.689771534746555
BFA,Burkina Faso,2022,,19.53703703703704,19.53703703703704,1.870370370370371,1.870370370370371,2.25653916783306,10.48164172634363
BFA,Burkina Faso,2023,0.001156043,19.53703703703704,19.53703703703704,22.703703703703702,8.814814814814815,1.5289989764953,2.3955909812818965
BGD,Bangladesh,2013,0.009811164,4.62962962962963,4.62962962962963,0.8333333333333334,0.8333333333333334,0.463362848345637,0.29048438060732834
BGD,Bangladesh,2014,0.003525845,6.407407407407408,5.222222222222222,0.8333333333333334,0.8333333333333334,0.299089378482049,0.319172307494282
BGD,Bangladesh,2015,0.001183768,8.25925925925926,6.432098765432099,0.8333333333333334,0.8333333333333334,,
BGD,Bangladesh,2016,0.002072359,12.870370370370372,9.179012345679014,2.5,1.388888888888889,0.307867105131918,
BGD,Bangladesh,2017,0.001594091,17.5,12.876543209876544,13.333333333333334,5.555555555555556,0.242933626284075,
BGD,Bangladesh,2018,0.00396071,18.88888888888889,16.419753086419753,13.333333333333334,9.722222222222223,0.426450633403232,0.32575045493974164
BGD,Bangladesh,2019,0.005056952,20.0,18.796296296296294,13.333333333333334,13.333333333333334,0.539452073551698,0.4029454444130017
BGD,Bangladesh,2020,0.0009696687,20.0,19.62962962962963,13.333333333333334,13.333333333333334,,
BGD,Bangladesh,2021,0.002321532,39.25925925925927,26.419753086419757,13.333333333333334,13.333333333333334,,
BGD,Bangladesh,2022,0.006684204,39.25925925925927,32.83950617283951,15.595238095238097,14.087301587301589,,
BGD,Bangladesh,2023,0.001156043,41.57407407407408,40.03086419753087,18.80952380952381,15.912698412698413,,
BGR,Bulgaria,2013,0.02970282,47.19753086419754,42.783950617283956,53.23544973544974,48.38359788359789,8.04755392750563,8.089164480711034
BGR,Bulgaria,2014,0.04082144,47.19753086419754,45.53086419753087,53.23544973544974,53.23544973544974,8.29440219336705,8.052548019505528
BGR,Bulgaria,2015,0.04084,52.0246913580247,48.80658436213992,53.23544973544974,53.23544973544974,7.57800086773203,7.97331899620157
BGR,Bulgaria,2016,0.03127379,57.24074074074073,52.15432098765432,53.902116402116405,53.45767195767197,8.45026671335107,8.107556591483382
BGR,Bulgaria,2017,0.02292625,59.64814814814815,56.30452674897119,53.902116402116405,53.679894179894184,8.98610305298707,8.338123544690056
BGR,Bulgaria,2018,0.02651954,59.64814814814815,58.84567901234568,53.902116402116405,53.902116402116405,9.63608854549453,9.02415277061089
BGR,Bulgaria,2019,0.02197158,60.388888888888886,59.89506172839506,56.75925925925926,54.85449735449736,10.3728902592084,9.665027285896668
BGR,Bulgaria,2020,0.02941329,61.35185185185185,60.46296296296296,56.75925925925926,55.80687830687831,10.8523101760506,10.287096326917844
BGR,Bulgaria,2021,0.0156381,61.35185185185185,61.03086419753086,56.75925925925926,56.75925925925926,11.3032725784223,10.842824337893768
BGR,Bulgaria,2022,0.01936982,61.35185185185185,61.35185185185185,56.75925925925926,56.75925925925926,10.9244735738213,11.026685442764736
BGR,Bulgaria,2023,0.01202284,61.35185185185185,61.35185185185185,56.75925925925926,56.75925925925926,10.3826775418569,10.870141231366835
BHR,Bahrain,2013,0.005271096,2.469135802469136,1.5637860082304529,3.333333333333333,3.3333333333333335,0.386615906965764,0.21638951591898534
BHR,Bahrain,2014,0.005876407,2.469135802469136,2.016460905349794,3.333333333333333,3.3333333333333335,0.592038996188625,0.37698236297074034
BHR,Bahrain,2015,,3.08641975308642,2.6748971193415643,6.666666666666667,4.444444444444444,1.49913895991035,0.8259312876882463
BHR,Bahrain,2016,0.003391133,9.876543209876544,5.144032921810701,6.666666666666667,5.555555555555556,0.935614309270697,1.008930755123224
BHR,Bahrain,2017,,12.839506172839508,8.600823045267491,6.666666666666667,6.666666666666667,1.05834005006869,1.1643644397499122
BHR,Bahrain,2018,,27.407407407407405,16.707818930041153,18.611111111111107,10.648148148148147,0.624948582667465,0.8729676473356173
BHR,Bahrain,2019,,27.407407407407405,22.551440329218106,22.18253968253968,15.820105820105816,0.449030020826873,0.7107728845210093
BHR,Bahrain,2020,0.0009696687,27.407407407407405,27.407407407407405,22.18253968253968,20.99206349206349,4.44849833564378,1.8408256463793728
BHR,Bahrain,2021,,32.96296296296297,29.259259259259256,23.611111111111107,22.658730158730155,8.97366105587992,4.6237298041168575
BHR,Bahrain,2022,0.002156195,36.20370370370372,32.19135802469136,27.981481481481485,24.591710758377427,0.59059004344565,4.670916478323116
BHR,Bahrain,2023,,36.20370370370372,35.12345679012347,27.981481481481485,26.524691358024693,0.569959196315979,3.3780700985471825
BIH,Bosnia and Herzegovina,2013,0.004617018,22.592592592592595,21.11111111111111,13.095238095238097,4.365079365079366,2.61783206345175,2.907551137583583
BIH,Bosnia and Herzegovina,2014,0.000783521,22.592592592592595,21.85185185185185,13.095238095238097,8.730158730158731,2.40453152014227,2.76468898401896
BIH,Bosnia and Herzegovina,2015,0.0005918841,24.444444444444443,23.209876543209877,14.02116402116402,13.40388007054674,2.49515315112739,2.5058389115738033
BIH,Bosnia and Herzegovina,2016,0.001130378,24.444444444444443,23.82716049382716,14.02116402116402,13.71252204585538,2.96381994739358,2.6211682062210797
BIH,Bosnia and Herzegovina,2017,0.004298672,33.98148148148149,27.62345679012346,24.68783068783069,17.576719576719576,2.73442380884611,2.7311323024556935
BIH,Bosnia and Herzegovina,2018,0.005166143,47.96296296296297,35.46296296296297,33.15343915343915,23.954144620811288,5.44354933849204,3.713931031577243
BIH,Bosnia and Herzegovina,2019,0.007742368,52.77777777777778,44.90740740740741,41.12962962962963,32.99029982363316,5.25474301922066,4.477572055519603
BIH,Bosnia and Herzegovina,2020,0.00775735,54.93827160493827,51.89300411522634,41.12962962962963,38.470899470899475,5.26613568987605,5.321476015862917
BIH,Bosnia and Herzegovina,2021,,56.41975308641976,54.7119341563786,41.12962962962963,41.12962962962963,4.61445247367362,5.045110394256777
BIH,Bosnia and Herzegovina,2022,0.0005390487,56.41975308641976,55.92592592592593,41.12962962962963,41.12962962962963,5.31622200242201,5.065603388657227
BIH,Bosnia and Herzegovina,2023,,56.41975308641976,56.41975308641977,41.12962962962963,41.12962962962963,5.22474917760104,5.051807884565556
BLR,Belarus,2013,0.0119273,17.746913580246915,14.722222222222223,29.648148148148145,28.351851851851848,2.83746780265434,2.8202812511446633
BLR,Belarus,2014,0.00822697,19.820987654320987,17.358024691358025,29.648148148148145,29.27777777777777,4.60453619126972,3.3357558413461397
BLR,Belarus,2015,0.006708019,22.290123456790127,19.95267489711934,36.029100529100525,31.77513227513227,4.16956289134921,3.87052229509109
BLR,Belarus,2016,0.003956322,36.44444444444445,26.18518518518519,36.76984126984127,34.14902998236332,4.47973558121156,4.417944887943496
BLR,Belarus,2017,0.01540357,39.44444444444445,32.726337448559676,43.43650793650794,38.74514991181658,4.87527975282095,4.5081927417939065
BLR,Belarus,2018,0.02583072,41.29629629629631,39.06172839506174,43.43650793650794,41.214285714285715,4.60498280955259,4.653332714528367
BLR,Belarus,2019,0.00889326,45.00000000000001,41.91358024691359,43.43650793650794,43.43650793650793,4.28389065938672,4.588051073920087
BLR,Belarus,2020,0.008403796,45.00000000000001,43.765432098765444,43.43650793650794,43.43650793650793,4.49711309551307,4.461995521484126
BLR,Belarus,2021,0.01176888,50.70987654320988,46.903292181069965,43.43650793650794,43.43650793650793,5.09812592249613,4.626376559131973
BLR,Belarus,2022,0.002156195,50.70987654320988,48.80658436213992,43.43650793650794,43.43650793650793,6.01576846359853,5.20366916053591
BLR,Belarus,2023,,50.70987654320988,50.70987654320988,43.43650793650794,43.43650793650793,,
BOL,Bolivia,2013,0.0007695031,16.419753086419757,15.699588477366257,11.77777777777778,10.296296296296298,9.22349652906557,10.29559449853427
BOL,Bolivia,2014,,20.30864197530864,17.71604938271605,17.492063492063494,12.941798941798943,9.36490977549173,10.618419668184567
BOL,Bolivia,2015,,22.469135802469136,19.732510288065843,18.32539682539683,15.865079365079367,8.0579025832244,8.8821029625939
BOL,Bolivia,2016,,22.469135802469136,21.74897119341564,18.32539682539683,18.04761904761905,6.40259447870096,7.94180227913903
BOL,Bolivia,2017,,22.469135802469136,22.469135802469136,18.32539682539683,18.32539682539683,4.45996657268455,6.306821211536636
BOL,Bolivia,2018,,22.469135802469136,22.469135802469136,18.32539682539683,18.32539682539683,5.87150676063352,5.5780226040063425
BOL,Bolivia,2019,,22.469135802469136,22.469135802469136,18.32539682539683,18.32539682539683,5.04855572806383,5.126676353793967
BOL,Bolivia,2020,,22.469135802469136,22.469135802469136,22.61111111111111,19.753968253968257,3.45205028026195,4.790704256319767
BOL,Bolivia,2021,,22.469135802469136,22.469135802469136,22.61111111111111,21.182539682539684,4.32521785105525,4.275274619793676
BOL,Bolivia,2022,0.0007187316,23.88888888888889,22.942386831275723,26.05555555555556,23.759259259259263,4.54888314317125,4.10871709149615
BOL,Bolivia,2023,0.004238823,23.88888888888889,23.415637860082303,26.05555555555556,24.90740740740741,5.51769748718287,4.79726616046979
BRA,Brazil,2013,0.2240793,52.53086419753086,50.06172839506173,31.243386243386244,31.243386243386244,11.8872212915256,11.872758766273767
BRA,Brazil,2014,0.220757,55.30864197530864,52.22222222222222,31.243386243386244,31.243386243386244,11.9698618012495,11.665997076904267
BRA,Brazil,2015,0.2637097,56.41975308641975,54.75308641975308,31.243386243386244,31.243386243386244,12.3711688680768,12.076083986950634
BRA,Brazil,2016,0.2428159,56.41975308641975,56.04938271604939,41.26984126984127,34.58553791887125,14.4858996246715,12.942310097999268
BRA,Brazil,2017,0.2207368,58.27160493827161,57.03703703703704,41.26984126984127,37.92768959435626,16.0001642772964,14.285744256681568
BRA,Brazil,2018,0.2271725,63.3641975308642,59.351851851851855,55.55555555555556,46.03174603174603,14.3118892236086,14.932651041858833
BRA,Brazil,2019,0.2444426,64.10493827160494,61.91358024691359,59.55555555555556,52.12698412698413,14.7442418256611,15.018765108855368
BRA,Brazil,2020,0.2774222,66.38271604938272,64.61728395061728,62.88888888888889,59.333333333333336,14.0668052120423,14.374312087104
BRA,Brazil,2021,0.2022635,67.53086419753087,66.00617283950618,62.88888888888889,61.77777777777778,11.3500942678804,13.387047101861265
BRA,Brazil,2022,0.1441057,71.85185185185186,68.58847736625516,62.88888888888889,62.88888888888889,9.00155420026002,11.472817893394241
BRA,Brazil,2023,0.1532527,71.85185185185186,70.41152263374487,62.88888888888889,62.88888888888889,9.11134627987528,9.820998249338567
CAF,Central African Republic,2013,,4.814814814814815,4.4444444444444455,1.6666666666666667,1.6666666666666667,1.41330699942136,8.025037668660604
CAF,Central African Republic,2014,,4.814814814814815,4.62962962962963,1.6666666666666667,1.6666666666666667,0.289135277016258,0.578325633691157
CAF,Central African Republic,2015,0.003156715,9.555555555555555,6.395061728395061,1.6666666666666667,1.6666666666666667,,
CAF,Central African Republic,2016,0.002637548,10.395061728395063,8.255144032921812,1.6666666666666667,1.6666666666666667,5.26842789146861,
CAF,Central African Republic,2017,0.002149336,10.395061728395063,10.115226337448561,1.6666666666666667,1.6666666666666667,11.77186175421,
CAF,Central African Republic,2018,,10.395061728395063,10.395061728395063,1.6666666666666667,1.6666666666666667,22.0763616198396,13.038883755172735
CAF,Central African Republic,2019,0.002092532,10.395061728395063,10.395061728395063,1.6666666666666667,1.6666666666666667,29.0193180633593,20.955847145802966
CAF,Central African Republic,2020,0.001939337,10.395061728395063,10.395061728395063,1.6666666666666667,1.6666666666666667,95.6179350728442,48.90453825201436
CAF,Central African Republic,2021,,10.395061728395063,10.395061728395063,1.6666666666666667,1.6666666666666667,0.67083835551212,41.769363830571876
CAF,Central African Republic,2022,,10.395061728395063,10.395061728395063,3.333333333333333,2.2222222222222223,7.66912447024762,34.652632632867984
CAF,Central African Republic,2023,,10.395061728395063,10.395061728395063,5.0,3.3333333333333326,37.2974046773952,15.212455834384977
CAN,Canada,2013,1.778726,51.141975308641975,50.52469135802469,33.31216931216932,31.169312169312175,15.6186928492244,15.277292372597401
CAN,Canada,2014,1.769474,58.086419753086425,53.45679012345679,35.81216931216932,33.074074074074076,15.4941329115402,15.275156244933234
CAN,Canada,2015,1.765089,58.086419753086425,55.771604938271615,38.41534391534392,35.846560846560855,14.6664530922053,15.259759617656634
CAN,Canada,2016,1.710517,62.098765432098766,59.42386831275721,38.97089947089948,37.732804232804234,14.8286795335378,14.9964218457611
CAN,Canada,2017,1.778581,75.52469135802468,65.23662551440329,51.37830687830687,42.921516754850096,14.0996116936098,14.531581439784299
CAN,Canada,2018,1.663917,77.37654320987654,71.66666666666666,55.73544973544973,48.69488536155203,14.3488055729531,14.4256989333669
CAN,Canada,2019,1.803488,77.37654320987654,76.75925925925925,56.09259259259259,54.4021164021164,15.4222842964733,14.623567187678733
CAN,Canada,2020,1.595525,81.6358024691358,78.7962962962963,56.09259259259259,55.97354497354497,17.1309209127166,15.634003594047664
CAN,Canada,2021,1.406397,81.79012345679013,80.26748971193416,56.09259259259259,56.09259259259259,16.7587089775244,16.437304728904767
CAN,Canada,2022,1.151103,81.79012345679013,81.73868312757202,56.09259259259259,56.09259259259259,16.33762888714,16.742419592460333
CAN,Canada,2023,0.8605196,81.79012345679013,81.79012345679013,56.09259259259259,56.09259259259259,15.1489765380468,16.0817714675704
CHE,Switzerland,2013,0.7442249,13.709876543209877,10.569958847736624,7.095238095238097,5.984126984126985,26.0587678960902,25.7137730841315
CHE,Switzerland,2014,0.7592542,17.96913580246914,13.833333333333334,9.07936507936508,7.756613756613757,26.7510678341774,26.027791739350235
CHE,Switzerland,2015,0.6771605,18.895061728395063,16.858024691358025,10.19047619047619,8.78835978835979,26.6587283403628,26.489521356876804
CHE,Switzerland,2016,0.6852539,20.74691358024692,19.203703703703706,10.857142857142858,10.042328042328043,27.0515100038866,26.820435392808935
CHE,Switzerland,2017,0.6575415,20.74691358024692,20.129629629629633,12.431216931216932,11.159611992945328,27.335457169438,27.0152318378958
CHE,Switzerland,2018,0.7060626,50.19135802469136,30.56172839506173,37.8015873015873,20.36331569664903,14.0238568621919,22.803608011838833
CHE,Switzerland,2019,0.7714143,74.11111111111111,48.34979423868313,59.88095238095239,36.704585537918874,13.3182169315591,18.225843654396332
CHE,Switzerland,2020,0.6582596,75.22222222222223,66.50823045267491,59.88095238095239,52.521164021164026,12.9094936723953,13.417189155382099
CHE,Switzerland,2021,0.5670665,76.77777777777777,75.37037037037037,59.88095238095239,59.88095238095239,12.8450867094278,13.024265771127398
CHE,Switzerland,2022,0.4045081,76.77777777777777,76.25925925925925,59.88095238095239,59.88095238095239,14.2350632729725,13.3298812182652
CHE,Switzerland,2023,0.4411294,76.77777777777777,76.77777777777777,59.88095238095239,59.88095238095239,29.9881397976664,19.022763260022234
CHL,Chile,2013,0.06656201,22.814814814814813,19.73456790123457,21.59259259259259,14.044091710758378,5.4362793557559,5.59889979896451
CHL,Chile,2014,0.07090865,32.47530864197531,25.343621399176953,25.59259259259259,19.15167548500882,6.69462231509352,5.7505799484998406
CHL,Chile,2015,0.08641507,33.70987654320987,29.666666666666668,33.48148148148148,26.88888888888889,7.09179365119211,6.407565107347177
CHL,Chile,2016,0.05915644,45.74691358024691,37.31069958847737,35.98148148148148,31.685185185185187,6.72253052606446,6.83631549745003
CHL,Chile,2017,0.04807348,47.59876543209876,42.35185185185185,36.53703703703704,35.333333333333336,8.42437955941115,7.412901245555907
CHL,Chile,2018,0.07198159,52.07407407407407,48.47325102880658,40.90740740740741,37.808641975308646,7.1060964752424,7.41766885357267
CHL,Chile,2019,0.07812119,56.37037037037037,52.014403292181065,40.90740740740741,39.45061728395062,6.91141099413123,7.480629009594927
CHL,Chile,2020,0.05064903,56.37037037037037,54.93827160493827,40.90740740740741,40.90740740740741,7.63288202076965,7.2167964967144265
CHL,Chile,2021,0.04739795,57.75925925925927,56.833333333333336,44.90740740740741,42.24074074074074,15.9750583433893,10.17311711943006
CHL,Chile,2022,0.03126482,60.35185185185186,58.1604938271605,59.90740740740741,48.574074074074076,12.4417748590856,12.016571741081515
CHL,Chile,2023,0.05549005,60.35185185185186,59.487654320987666,59.90740740740741,54.90740740740741,6.93672684116693,11.784520014547276
CHN,China,2013,5.722347,24.753086419753085,24.753086419753085,0.0,0.0,30.8618085179503,31.17080171624417
CHN,China,2014,6.199893,24.753086419753085,24.753086419753085,0.0,0.0,31.5855813292794,30.9826231705574
CHN,China,2015,7.472712,26.604938271604937,25.37037037037037,0.0,0.0,29.7037271802947,30.7170390091748
CHN,China,2016,10.10092,31.69753086419753,27.685185185185187,0.0,0.0,30.4312672747562,30.573525261443432
CHN,China,2017,12.36607,38.17901234567901,32.160493827160494,3.333333333333333,1.111111111111111,30.2545232296357,30.12983922822887
CHN,China,2018,14.12646,38.17901234567901,36.01851851851852,3.333333333333333,2.222222222222222,30.9118639785891,30.532551494327
CHN,China,2019,17.21756,38.17901234567901,38.17901234567901,4.166666666666667,3.6111111111111107,31.5481478595353,30.9048450225867
CHN,China,2020,21.22932,40.95679012345679,39.10493827160494,9.642857142857142,5.714285714285714,30.8186302968419,31.092880711655436
CHN,China,2021,27.46088,44.64197530864198,41.25925925925926,13.76984126984127,9.193121693121693,31.2766154241293,31.2144645268355
CHN,China,2022,36.75972,56.03703703703704,47.2119341563786,27.59523809523809,17.002645502645503,30.2190732796596,30.771439666876933
CHN,China,2023,38.42308,63.73456790123456,54.80452674897119,43.35449735449736,28.239858906525573,27.7650612563156,29.753583320034835
CIV,Cote d'Ivoire,2013,,0.0,0.0,0.0,0.0,8.97049962615032,9.970449556520277
CIV,Cote d'Ivoire,2014,,0.0,0.0,0.0,0.0,4.35929659540354,10.007601712263654
CIV,Cote d'Ivoire,2015,,0.0,0.0,0.0,0.0,11.3886788789026,8.239491700152152
CIV,Cote d'Ivoire,2016,0.0007535852,0.0,0.0,0.0,0.0,7.2097220855326,7.65256585327958
CIV,Cote d'Ivoire,2017,0.0007164453,14.22222222222222,4.74074074074074,1.1111111111111112,0.3703703703703704,8.59367223098391,9.064024398473036
CIV,Cote d'Ivoire,2018,,14.22222222222222,9.48148148148148,1.1111111111111112,0.7407407407407408,7.01554066796367,7.606311661493393
CIV,Cote d'Ivoire,2019,0.001046266,14.22222222222222,14.22222222222222,1.1111111111111112,1.1111111111111112,6.55999280073843,7.38973523322867
CIV,Cote d'Ivoire,2020,0.0009696687,18.703703703703702,15.716049382716049,1.1111111111111112,1.1111111111111112,11.2315188507649,8.269017439822333
CIV,Cote d'Ivoire,2021,,43.17901234567901,25.368312757201647,7.111111111111112,3.111111111111111,5.11294024947147,7.634817300324933
CIV,Cote d'Ivoire,2022,0.001078097,46.79012345679012,36.224279835390945,7.111111111111112,5.111111111111112,3.86336645370502,6.735941851313797
CIV,Cote d'Ivoire,2023,0.0007706951,52.0679012345679,47.34567901234568,30.444444444444446,14.888888888888891,3.55657032872416,4.177625677300217
CMR,Cameroon,2013,,3.333333333333333,1.8518518518518519,0.0,0.0,,
CMR,Cameroon,2014,,3.333333333333333,2.592592592592592,0.0,0.0,3.20435302185327,
CMR,Cameroon,2015,0.001183768,3.333333333333333,3.3333333333333335,0.0,0.0,6.84155124571043,
CMR,Cameroon,2016,0.008289437,3.333333333333333,3.3333333333333335,0.0,0.0,4.85732535277837,4.96774320678069
CMR,Cameroon,2017,0.003224004,3.333333333333333,3.3333333333333335,0.0,0.0,5.61841773540935,5.7724314446327165
CMR,Cameroon,2018,,3.333333333333333,3.3333333333333335,0.0,0.0,6.01740401782352,5.497715702003748
CMR,Cameroon,2019,0.001046266,3.333333333333333,3.3333333333333335,0.0,0.0,7.02536411453841,6.220395289257094
CMR,Cameroon,2020,0.0009696687,3.333333333333333,3.3333333333333335,0.0,0.0,5.11907584621214,6.053947992858023
CMR,Cameroon,2021,0.00064487,3.333333333333333,3.3333333333333335,0.0,0.0,3.08382242415572,5.0760874616354235
CMR,Cameroon,2022,0.001796829,9.62962962962963,5.432098765432098,9.761904761904765,3.253968253968255,2.15123166966613,3.4513766466779963
CMR,Cameroon,2023,,9.62962962962963,7.530864197530864,15.595238095238097,8.452380952380954,3.28864706003967,2.84123371795384
COD,"Congo, Dem. Rep.",2013,,5.555555555555555,5.5555555555555545,0.5555555555555556,0.3703703703703704,,
COD,"Congo, Dem. Rep.",2014,,9.19753086419753,6.76954732510288,8.88888888888889,3.3333333333333335,,
COD,"Congo, Dem. Rep.",2015,,10.30864197530864,8.353909465020577,11.11111111111111,6.851851851851852,,
COD,"Congo, Dem. Rep.",2016,,14.012345679012348,11.17283950617284,11.77777777777778,10.592592592592593,2.60447930484844,
COD,"Congo, Dem. Rep.",2017,,14.012345679012348,12.777777777777779,17.69047619047619,13.526455026455025,0.310225164953757,
COD,"Congo, Dem. Rep.",2018,,14.012345679012348,14.012345679012348,17.69047619047619,15.71957671957672,0.18434368848256,1.0330160527615855
COD,"Congo, Dem. Rep.",2019,,14.012345679012348,14.012345679012348,17.69047619047619,17.69047619047619,0.246252589446654,0.24694048096099033
COD,"Congo, Dem. Rep.",2020,,14.012345679012348,14.012345679012348,17.69047619047619,17.69047619047619,0.782215715734939,0.40427066455471766
COD,"Congo, Dem. Rep.",2021,,14.012345679012348,14.012345679012348,21.02380952380952,18.8015873015873,0.506820617005321,0.5117629740623048
COD,"Congo, Dem. Rep.",2022,,14.012345679012348,14.012345679012348,22.690476190476183,20.468253968253965,0.0782346689876282,0.45575700057596275
COD,"Congo, Dem. Rep.",2023,,14.012345679012348,14.012345679012348,33.357142857142854,25.690476190476186,0.723158681595087,0.4360713225293454
COG,"Congo, Rep.",2013,,1.1111111111111112,1.1111111111111112,0.0,0.0,,
COG,"Congo, Rep.",2014,,2.2222222222222223,1.4814814814814816,0.0,0.0,,
COG,"Congo, Rep.",2015,,2.2222222222222223,1.8518518518518519,0.0,0.0,1.09085986257553,
COG,"Congo, Rep.",2016,0.001130378,2.2222222222222223,2.2222222222222223,0.0,0.0,0.926253889837264,
COG,"Congo, Rep.",2017,,2.2222222222222223,2.2222222222222223,0.0,0.0,1.15950410511852,1.0588726191771045
COG,"Congo, Rep.",2018,,2.2222222222222223,2.2222222222222223,1.388888888888889,0.462962962962963,2.00657411112222,1.3641107020260013
COG,"Congo, Rep.",2019,,2.2222222222222223,2.2222222222222223,1.388888888888889,0.925925925925926,2.52474361763104,1.8969406112905933
COG,"Congo, Rep.",2020,0.0006464458,2.2222222222222223,2.2222222222222223,1.388888888888889,1.388888888888889,6.34219069474197,3.624502807831743
COG,"Congo, Rep.",2021,,2.2222222222222223,2.2222222222222223,1.388888888888889,1.388888888888889,4.54987327780387,4.472269196725628
COG,"Congo, Rep.",2022,,2.2222222222222223,2.2222222222222223,3.055555555555556,1.9444444444444446,6.53711247460385,5.80972548238323
COG,"Congo, Rep.",2023,,2.2222222222222223,2.2222222222222223,3.055555555555556,2.5000000000000004,4.32722654163177,5.1380707646798305
COL,Colombia,2013,0.02918615,14.78395061728395,14.166666666666666,11.944444444444446,11.944444444444448,5.6774289147471,5.239864618220103
COL,Colombia,2014,0.02840264,14.78395061728395,14.78395061728395,15.27777777777778,13.055555555555557,7.76843663280142,6.041831963863937
COL,Colombia,2015,0.02505643,20.339506172839503,16.6358024691358,15.27777777777778,14.16666666666667,8.11983496308117,7.188566836876563
COL,Colombia,2016,0.04879464,33.05555555555556,22.726337448559672,16.349206349206348,15.634920634920634,9.8493456203733,8.579205738751964
COL,Colombia,2017,0.04674805,33.05555555555556,28.81687242798354,23.682539682539684,18.436507936507937,10.1857957756345,9.384992119696323
COL,Colombia,2018,0.0397793,33.05555555555556,33.05555555555556,27.682539682539687,22.571428571428573,8.96236276389192,9.665834719966574
COL,Colombia,2019,0.04174601,33.05555555555556,33.05555555555556,29.349206349206348,26.90476190476191,7.22139251354653,8.789850351024317
COL,Colombia,2020,0.02327205,38.14814814814815,34.75308641975309,35.23809523809524,30.75661375661376,9.04845616228861,8.410737146575686
COL,Colombia,2021,0.01708906,38.14814814814815,36.45061728395062,35.23809523809524,33.27513227513228,9.91355157220335,8.727800082679497
COL,Colombia,2022,0.04995184,47.77777777777778,41.358024691358025,42.27513227513227,37.58377425044092,8.20914960906244,9.057052447851467
COL,Colombia,2023,0.02127118,47.77777777777778,44.5679012345679,42.27513227513227,39.929453262786595,8.40182637186439,8.841509184376728
CRI,Costa Rica,2013,,50.78395061728396,46.46296296296297,36.94444444444444,33.214285714285715,39.7898301713494,40.311424520714574
CRI,Costa Rica,2014,0.003134084,50.78395061728396,49.85802469135803,36.94444444444444,36.94444444444444,43.4415513820508,41.40950395881146
CRI,Costa Rica,2015,,50.78395061728396,50.78395061728397,40.27777777777778,38.05555555555556,36.5061833752317,39.912521642877294
CRI,Costa Rica,2016,0.004521511,52.63580246913581,51.40123456790125,40.27777777777778,39.166666666666664,16.9840779616817,32.31060423965473
CRI,Costa Rica,2017,0.01038846,52.63580246913581,52.01851851851853,41.38888888888889,40.64814814814815,18.4424705219172,23.97757728627687
CRI,Costa Rica,2018,0.003099686,52.63580246913581,52.63580246913582,44.72222222222223,42.129629629629626,18.4952181840988,17.9739222225659
CRI,Costa Rica,2019,0.00592884,53.82098765432099,53.03086419753087,44.72222222222223,43.611111111111114,18.4668840173132,18.4681909077764
CRI,Costa Rica,2020,0.003684741,59.22222222222222,55.22633744855968,59.38888888888889,49.611111111111114,17.5649349958823,18.17567906576477
CRI,Costa Rica,2021,0.00193461,59.22222222222222,57.42181069958847,59.38888888888889,54.5,15.681961032421,17.237926681872164
CRI,Costa Rica,2022,0.00431239,59.22222222222222,59.22222222222222,60.22222222222223,59.666666666666664,16.9670005542705,16.737965527524597
CRI,Costa Rica,2023,,59.22222222222222,59.22222222222222,60.22222222222223,59.94444444444445,21.9748960011818,18.207952529291102
CZE,Czechia,2013,0.1286994,54.75308641975309,54.29012345679013,46.664021164021165,41.33068783068783,18.5892063440962,18.3935554785643
CZE,Czechia,2014,0.1337862,58.27160493827161,55.925925925925924,49.99735449735449,45.1084656084656,17.334368506368,18.21297585524084
CZE,Czechia,2015,0.1035797,63.827160493827165,58.95061728395061,49.99735449735449,48.886243386243386,17.3712318028821,17.764935551115432
CZE,Czechia,2016,0.1490215,67.99382716049382,63.3641975308642,56.664021164021165,52.219576719576715,17.7344072038512,17.4800025043671
CZE,Czechia,2017,0.1423935,74.47530864197532,68.76543209876543,62.0925925925926,56.25132275132275,16.8728021438796,17.326147050204302
CZE,Czechia,2018,0.1424133,75.58641975308643,72.68518518518519,62.0925925925926,60.28306878306879,17.8292568189487,17.478822055559835
CZE,Czechia,2019,0.1254647,75.58641975308643,75.21604938271606,62.0925925925926,62.0925925925926,19.5549977904499,18.085685584426063
CZE,Czechia,2020,0.1647629,76.32716049382717,75.83333333333334,62.0925925925926,62.0925925925926,20.7104130233292,19.364889210909265
CZE,Czechia,2021,0.1125298,76.32716049382717,76.08024691358025,63.94444444444444,62.70987654320988,22.58251525965,20.94930869114303
CZE,Czechia,2022,0.1217172,76.77160493827161,76.47530864197532,63.94444444444444,63.327160493827165,20.3560909262553,21.2163397364115
CZE,Czechia,2023,0.118687,76.77160493827161,76.62345679012346,63.94444444444444,63.944444444444436,21.8353618959526,21.591322693952634
DEU,Germany,2013,10.54093,58.05555555555556,58.055555555555564,50.19047619047619,42.19047619047619,17.2272861923698,16.8195634511987
DEU,Germany,2014,10.79015,58.05555555555556,58.055555555555564,50.19047619047619,46.19047619047618,17.2979906043683,16.955665141749833
DEU,Germany,2015,10.32969,69.46296296296298,61.858024691358025,65.19047619047619,55.19047619047618,17.2097149731509,17.24499725662967
DEU,Germany,2016,10.00981,79.18518518518519,68.90123456790123,66.3015873015873,60.560846560846564,17.8243752766447,17.444026951387965
DEU,Germany,2017,10.22192,82.40740740740742,77.01851851851853,74.30158730158732,68.59788359788361,18.0827014214761,17.705597223757234
DEU,Germany,2018,10.37376,88.33333333333333,83.30864197530865,77.35714285714286,72.65343915343915,15.850578794452,17.252551830857602
DEU,Germany,2019,9.738097,88.33333333333333,86.35802469135803,77.35714285714286,76.33862433862434,15.7474335584013,16.560237924776466
DEU,Germany,2020,8.935518,88.33333333333333,88.33333333333333,80.69047619047619,78.46825396825396,16.3869405629417,15.994984305265
DEU,Germany,2021,6.09054,88.33333333333333,88.33333333333333,80.69047619047619,79.57936507936508,15.5031959869375,15.8791900360935
DEU,Germany,2022,5.048269,88.33333333333333,88.33333333333333,80.69047619047619,80.69047619047619,15.3851048227765,15.758413790885234
DEU,Germany,2023,5.323825,88.33333333333333,88.33333333333333,80.69047619047619,80.69047619047619,17.4981505573659,16.128817122359965
DNK,Denmark,2013,0.8140573,62.94444444444444,45.91975308641975,65.08201058201058,63.08201058201058,15.826335095061,15.523247075366703
DNK,Denmark,2014,0.9049276,62.94444444444444,54.4320987654321,69.80423280423281,66.21164021164022,15.822591156063,15.641163818099466
DNK,Denmark,2015,0.8247764,74.88888888888889,66.92592592592592,69.80423280423281,68.23015873015873,15.7179605296799,15.788962260267965
DNK,Denmark,2016,0.9792839,74.88888888888889,70.9074074074074,70.91534391534393,70.17460317460318,17.1655001970314,16.235350627591433
DNK,Denmark,2017,0.8523908,74.88888888888889,74.88888888888889,76.62962962962963,72.44973544973546,14.8833242354843,15.9222616540652
DNK,Denmark,2018,0.9532223,83.77777777777777,77.85185185185185,76.62962962962963,74.72486772486774,12.4279222825429,14.825582238352865
DNK,Denmark,2019,0.9602977,83.77777777777777,80.81481481481481,83.29629629629629,78.85185185185185,12.3547301877073,13.221992235244834
DNK,Denmark,2020,0.9505016,83.77777777777777,83.77777777777777,85.90740740740742,81.94444444444444,12.039996737934,12.274216402728067
DNK,Denmark,2021,0.8738312,83.77777777777777,83.77777777777777,85.90740740740742,85.03703703703705,13.2343925466707,12.543039824104
DNK,Denmark,2022,0.756465,83.77777777777777,83.77777777777777,87.01851851851852,86.27777777777779,13.9247982031326,13.066395829245769
DNK,Denmark,2023,0.7307345,83.77777777777777,83.77777777777777,87.01851851851852,86.64814814814815,15.988289228272,14.382493326025099
DOM,Dominican Republic,2013,0.004617018,18.14814814814815,16.049382716049383,22.703703703703702,22.703703703703706,3.20065823562734,2.64527939788774
DOM,Dominican Republic,2014,0.003525845,23.39506172839506,19.897119341563783,27.33333333333333,24.24691358024691,4.45453776202669,3.3469672252181564
DOM,Dominican Republic,2015,0.001183768,23.39506172839506,21.64609053497942,27.33333333333333,25.790123456790116,4.30505041159946,3.9867488030844966
DOM,Dominican Republic,2016,0.002260756,24.78395061728395,23.858024691358025,27.690476190476197,27.452380952380953,3.96684697463683,4.242145049420993
DOM,Dominican Republic,2017,,29.567901234567906,25.915637860082303,27.690476190476197,27.571428571428573,4.42181482516597,4.231237403800753
DOM,Dominican Republic,2018,0.004132914,29.567901234567906,27.973251028806587,31.02380952380953,28.801587301587308,8.35627149926946,5.581644433024086
DOM,Dominican Republic,2019,0.003138798,30.49382716049383,29.876543209876548,31.02380952380953,29.91269841269842,6.39815706280082,6.39208112907875
DOM,Dominican Republic,2020,0.0009696687,30.49382716049383,30.18518518518519,39.43650793650794,33.828042328042336,6.34761176426535,7.034013442111877
DOM,Dominican Republic,2021,0.00064487,30.49382716049383,30.493827160493833,40.15079365079365,36.870370370370374,8.72741174344453,7.1577268568368995
DOM,Dominican Republic,2022,,30.49382716049383,30.493827160493833,40.507936507936506,40.03174603174603,8.48005001549177,7.85169117440055
DOM,Dominican Republic,2023,,30.49382716049383,30.493827160493833,40.507936507936506,40.388888888888886,6.01879055876862,7.74208410590164
DZA,Algeria,2013,0.004232267,43.03086419753086,42.39094650205761,16.341269841269842,14.859788359788359,0.343094841041672,0.6841545074419523
DZA,Algeria,2014,0.005484647,43.03086419753086,43.03086419753086,19.674603174603178,17.26719576719577,0.569890657847322,0.48481792066228296
DZA,Algeria,2015,0.009470145,43.03086419753086,43.03086419753086,20.23015873015873,18.74867724867725,0.328391631416688,0.41379237676856057
DZA,Algeria,2016,0.003391133,54.90123456790124,46.98765432098765,22.73015873015873,20.87830687830688,0.233281066486999,0.3771877852503363
DZA,Algeria,2017,0.0007164453,57.49382716049384,51.80864197530864,27.73015873015873,23.563492063492063,0.489614088330072,0.3504289287445863
DZA,Algeria,2018,0.005166143,58.41975308641976,56.93827160493828,27.73015873015873,26.063492063492063,0.960396672710236,0.5610972758424356
DZA,Algeria,2019,0.01081141,58.41975308641976,58.11111111111112,27.73015873015873,27.73015873015873,,
DZA,Algeria,2020,0.004848344,58.41975308641976,58.41975308641977,27.73015873015873,27.73015873015873,,
DZA,Algeria,2021,0.003288837,58.41975308641976,58.41975308641977,34.3968253968254,29.952380952380953,,
DZA,Algeria,2022,0.002695243,58.41975308641976,58.41975308641977,34.3968253968254,32.17460317460318,,
DZA,Algeria,2023,0.002890107,58.41975308641976,58.41975308641977,34.3968253968254,34.3968253968254,,
ECU,Ecuador,2013,0.002308509,18.395061728395063,18.395061728395063,0.0,0.0,2.9332060230149,5.083407265533894
ECU,Ecuador,2014,,18.395061728395063,18.395061728395063,0.0,0.0,5.2356622825582,3.9152055274137503
ECU,Ecuador,2015,0.004735073,22.469135802469136,19.75308641975309,0.0,0.0,5.63721536881617,4.6020278914630905
ECU,Ecuador,2016,0.003767926,26.17283950617284,22.34567901234568,10.555555555555555,3.5185185185185186,7.68854403605136,6.187140562475243
ECU,Ecuador,2017,,42.74691358024691,30.462962962962962,10.555555555555555,7.037037037037037,9.19247360777488,7.506077670880804
ECU,Ecuador,2018,0.005854962,44.13580246913581,37.68518518518518,13.888888888888893,11.66666666666667,7.95691634892711,8.279311330917784
ECU,Ecuador,2019,0.002092532,45.24691358024691,44.04320987654321,18.333333333333336,14.259259259259261,5.29990873788448,7.483099564862157
ECU,Ecuador,2020,0.001939337,60.617283950617285,50.0,23.166666666666668,18.462962962962965,5.52377825962259,6.26020111547806
ECU,Ecuador,2021,0.001612175,61.35802469135803,55.74074074074074,41.22222222222222,27.574074074074076,4.28192759486423,5.0352048641237666
ECU,Ecuador,2022,0.002695243,61.35802469135803,61.111111111111114,48.92592592592592,37.7716049382716,4.84096317381331,4.8822230094333765
ECU,Ecuador,2023,,61.35802469135803,61.35802469135803,48.92592592592592,46.35802469135802,6.71157923405729,5.278156667578277
EGY,"Egypt, Arab Rep.",2013,0.02015136,7.283950617283951,7.078189300411523,13.484126984126984,10.817460317460316,0.616321015158555,0.853774870926778
EGY,"Egypt, Arab Rep.",2014,0.03917605,7.283950617283951,7.283950617283952,13.484126984126984,12.15079365079365,0.534837648013577,0.7143807966687553
EGY,"Egypt, Arab Rep.",2015,0.02335969,8.518518518518519,7.695473251028807,13.484126984126984,13.484126984126982,1.25266602348327,0.8012748955518006
EGY,"Egypt, Arab Rep.",2016,0.01714406,13.641975308641976,9.814814814814815,29.465608465608465,18.811287477954142,0.795057681508592,0.8608537843351464
EGY,"Egypt, Arab Rep.",2017,0.01325424,23.11728395061728,15.092592592592593,31.03968253968254,24.663139329805997,0.504375385317036,0.8506996967696328
EGY,"Egypt, Arab Rep.",2018,0.01274315,27.90123456790124,21.55349794238683,34.68783068783069,31.7310405643739,0.565232575837901,0.6215552142211763
EGY,"Egypt, Arab Rep.",2019,0.01129967,37.19135802469136,29.40329218106996,34.68783068783069,33.47178130511464,0.862813543464706,0.644140501539881
EGY,"Egypt, Arab Rep.",2020,0.01215318,37.19135802469136,34.09465020576132,41.35449735449736,36.91005291005291,2.34526584104617,1.2577706534495923
EGY,"Egypt, Arab Rep.",2021,0.01321984,38.30246913580248,37.56172839506174,48.68783068783069,41.576719576719576,2.55490106145901,1.9209934819899621
EGY,"Egypt, Arab Rep.",2022,0.01635114,39.56790123456791,38.353909465020585,48.68783068783069,46.24338624338625,3.17081927055814,2.6903287243544405
EGY,"Egypt, Arab Rep.",2023,0.009441015,39.56790123456791,39.146090534979436,48.68783068783069,48.68783068783069,3.40204987508041,3.0425900690325203
ERI,Eritrea,2013,,0.925925925925926,0.925925925925926,1.5,1.5,,
ERI,Eritrea,2014,,0.925925925925926,0.925925925925926,1.5,1.5,,
ERI,Eritrea,2015,,0.925925925925926,0.925925925925926,1.5,1.5,,
ERI,Eritrea,2016,0.001130378,0.925925925925926,0.925925925925926,2.055555555555556,1.6851851851851851,,
ERI,Eritrea,2017,,0.925925925925926,0.925925925925926,2.055555555555556,1.8703703703703705,,
ERI,Eritrea,2018,,0.925925925925926,0.925925925925926,2.055555555555556,2.055555555555556,,
ERI,Eritrea,2019,0.001046266,0.925925925925926,0.925925925925926,3.7222222222222223,2.611111111111111,,
ERI,Eritrea,2020,,3.703703703703704,1.8518518518518519,3.7222222222222223,3.1666666666666665,,
ERI,Eritrea,2021,,3.703703703703704,2.777777777777778,3.7222222222222223,3.7222222222222228,,
ERI,Eritrea,2022,,3.925925925925926,3.777777777777778,3.7222222222222223,3.7222222222222228,,
ERI,Eritrea,2023,,3.925925925925926,3.8518518518518525,3.7222222222222223,3.7222222222222228,,
ESP,Spain,2013,0.7956153,51.04938271604939,41.03909465020576,31.148148148148145,29.706349206349206,7.25080663420199,6.798422979682254
ESP,Spain,2014,0.7148454,56.23456790123457,51.2962962962963,52.81481481481482,38.370370370370374,6.97005295956388,6.935707862081647
ESP,Spain,2015,0.722651,59.47530864197532,55.586419753086425,54.87037037037037,46.27777777777778,6.91215361464722,7.044337736137696
ESP,Spain,2016,0.6226937,65.03086419753087,60.24691358024692,54.87037037037037,54.18518518518518,6.88833506484239,6.923513879684497
ESP,Spain,2017,0.6974322,68.73456790123458,64.4135802469136,54.87037037037037,54.87037037037036,7.80248141094868,7.200990030146097
ESP,Spain,2018,0.6582757,78.4567901234568,70.74074074074076,55.24074074074074,54.99382716049382,6.99949013494316,7.230102203578077
ESP,Spain,2019,0.5914192,78.4567901234568,75.21604938271606,58.57407407407408,56.2283950617284,6.76693548745416,7.189635677782
ESP,Spain,2020,0.5858323,78.4567901234568,78.4567901234568,61.90740740740741,58.574074074074076,6.84640091103014,6.870942177809153
ESP,Spain,2021,0.6234819,79.93827160493828,78.95061728395063,61.90740740740741,60.796296296296305,7.76842135531122,7.127252584598506
ESP,Spain,2022,0.5145639,79.93827160493828,79.44444444444446,61.90740740740741,61.90740740740741,9.39320382214351,8.00267536282829
ESP,Spain,2023,0.4860224,79.93827160493828,79.93827160493828,61.90740740740741,61.90740740740741,12.5837187911388,9.915114656197844
ETH,Ethiopia,2013,0.006925527,4.111111111111111,3.6666666666666665,0.0,0.0,3.44999501016372,3.5333321548245364
ETH,Ethiopia,2014,0.001175281,4.555555555555555,4.259259259259259,0.0,0.0,1.85035715422211,2.513477765300033
ETH,Ethiopia,2015,0.001972947,10.481481481481485,6.382716049382718,1.1904761904761905,0.3968253968253968,9.13096030297245,4.810437489119427
ETH,Ethiopia,2016,0.0007535852,10.703703703703704,8.580246913580249,4.523809523809524,1.9047619047619049,6.19452786285451,5.72528177334969
ETH,Ethiopia,2017,0.0007164453,10.925925925925927,10.703703703703704,4.523809523809524,3.4126984126984126,6.82740269371127,7.384296953179411
ETH,Ethiopia,2018,0.001033229,10.925925925925927,10.851851851851853,5.746031746031747,4.931216931216931,5.83937193918337,6.2871008319163835
ETH,Ethiopia,2019,0.002092532,15.092592592592592,12.314814814814815,5.746031746031747,5.3386243386243395,13.6451525613537,8.77064239808278
ETH,Ethiopia,2020,0.0009696687,20.64814814814815,15.555555555555557,8.634920634920636,6.70899470899471,9.42339221070521,9.63597223708076
ETH,Ethiopia,2021,0.002257045,21.57407407407408,19.10493827160494,8.634920634920636,7.671957671957673,13.1014525306681,12.056665767575671
ETH,Ethiopia,2022,0.002156195,23.61111111111111,21.944444444444446,31.88095238095238,16.383597883597883,8.54658883162268,10.357144524331996
ETH,Ethiopia,2023,0.005780213,23.61111111111111,22.9320987654321,31.88095238095238,24.13227513227513,3.21026574936058,8.286102370550454
FIN,Finland,2013,0.6277221,33.166666666666664,28.485596707818928,25.96825396825397,25.968253968253965,10.4739136902235,11.565412832617733
FIN,Finland,2014,0.6145155,40.91975308641975,33.641975308641975,31.079365079365083,27.67195767195767,9.02643257926868,10.191935771639459
FIN,Finland,2015,0.5113484,50.54938271604939,41.54526748971193,32.15079365079365,29.732804232804238,10.0525206084322,9.850955625974793
FIN,Finland,2016,0.5079648,52.401234567901234,47.95679012345679,39.88888888888889,34.37301587301587,10.1842827866076,9.75441199143616
FIN,Finland,2017,0.5177034,57.18518518518519,53.378600823045275,64.61111111111111,45.55026455026455,10.052829776298,10.096544390445933
FIN,Finland,2018,0.5081074,63.481481481481474,57.68930041152263,64.61111111111111,56.370370370370374,9.6573147330322,9.964809098645933
FIN,Finland,2019,0.5154952,70.88888888888889,63.85185185185185,64.98148148148148,64.73456790123457,9.01765355032152,9.575932686550573
FIN,Finland,2020,0.4200928,73.85185185185186,69.4074074074074,64.98148148148148,64.85802469135803,9.21470120593618,9.296556496429966
FIN,Finland,2021,0.4526021,73.85185185185186,72.8641975308642,64.98148148148148,64.98148148148148,9.98230025285834,9.40488500303868
FIN,Finland,2022,0.3148763,73.85185185185186,73.85185185185186,64.98148148148148,64.98148148148148,10.2937538536253,9.830251770806607
FIN,Finland,2023,0.378583,73.85185185185186,73.85185185185186,64.98148148148148,64.98148148148148,9.62392843667484,9.966660847719494
FRA,France,2013,4.059535,41.50617283950618,37.80246913580248,30.5,30.253086419753085,26.6906319566323,26.044456852237868
FRA,France,2014,4.039648,45.67283950617284,41.043209876543216,34.5,31.833333333333332,27.1817177565412,26.330569435262433
FRA,France,2015,3.967303,47.52469135802469,44.901234567901234,38.5,34.5,27.4702736686884,27.114207793953966
FRA,France,2016,3.30987,51.043209876543216,48.08024691358025,38.5,37.166666666666664,28.2116908505326,27.621227425254066
FRA,France,2017,3.399569,52.89506172839507,50.48765432098765,38.5,38.5,27.9331801598168,27.871714893012598
FRA,France,2018,3.689645,58.45061728395063,54.12962962962964,39.61111111111111,38.870370370370374,26.0180218998669,27.3876309700721
FRA,France,2019,3.954056,58.45061728395063,56.59876543209878,39.61111111111111,39.24074074074074,25.9347849255776,26.628662328420432
FRA,France,2020,3.529052,58.45061728395063,58.45061728395063,39.61111111111111,39.61111111111111,26.9265976407414,26.293134822061962
FRA,France,2021,2.559317,70.58024691358024,62.49382716049383,58.5,45.90740740740741,21.1920405248012,24.68447436370673
FRA,France,2022,1.679969,70.58024691358024,66.53703703703704,58.5,52.2037037037037,22.305003085565,23.474547083702532
FRA,France,2023,2.193091,70.58024691358024,70.58024691358024,58.5,58.5,21.9264611257156,21.80783491202727
GBR,United Kingdom,2013,2.926574,60.5246913580247,57.12962962962964,27.1031746031746,24.238977072310405,23.460196722755,23.356525723693633
GBR,United Kingdom,2014,2.980794,61.14197530864198,59.0329218106996,61.38888888888889,38.22310405643739,23.5876424891453,23.45118701019713
GBR,United Kingdom,2015,2.978953,70.58641975308643,64.0843621399177,63.05555555555556,50.51587301587302,22.2044750130662,23.084104741655498
GBR,United Kingdom,2016,2.62274,71.32716049382718,67.6851851851852,63.05555555555556,62.5,22.3335907744673,22.7085694255596
GBR,United Kingdom,2017,2.432212,71.63580246913581,71.18312757201647,63.61111111111111,63.24074074074074,23.5591126028431,22.699059463458866
GBR,United Kingdom,2018,2.45723,73.85802469135803,72.27366255144034,63.98148148148148,63.54938271604939,22.6194649609659,22.8373894460921
GBR,United Kingdom,2019,2.473412,78.82716049382717,74.77366255144034,63.98148148148148,63.858024691358025,22.3331118559009,22.837229806569965
GBR,United Kingdom,2020,2.348473,82.43827160493828,78.37448559670783,67.31481481481481,65.0925925925926,23.0942001089205,22.68225897526243
GBR,United Kingdom,2021,1.863642,83.3641975308642,81.54320987654322,67.31481481481481,66.2037037037037,23.0073604990707,22.811557487964034
GBR,United Kingdom,2022,1.691451,83.3641975308642,83.05555555555556,67.31481481481481,67.31481481481481,23.8654057182193,23.32232210873683
GBR,United Kingdom,2023,1.668825,83.3641975308642,83.3641975308642,67.31481481481481,67.31481481481481,27.1597708192348,24.677512345508266
GEO,Georgia,2013,0.002253545,1.1111111111111112,1.1111111111111112,5.0,5.0,2.49354227764651,2.0113815985161567
GEO,Georgia,2014,0.000783521,1.1111111111111112,1.1111111111111112,5.0,5.0,2.53840261675226,2.1797582135627
GEO,Georgia,2015,0.003551305,1.1111111111111112,1.1111111111111112,5.0,5.0,3.07726524855447,2.70307004765108
GEO,Georgia,2016,0.007912644,10.246913580246916,4.156378600823046,5.0,5.0,5.78910466719946,3.80159084416873
GEO,Georgia,2017,0.001791113,10.246913580246916,7.2016460905349815,5.0,5.0,3.44853487096684,4.104968262240257
GEO,Georgia,2018,0.005854962,10.246913580246916,10.246913580246916,5.0,5.0,2.96686397314837,4.06816783710489
GEO,Georgia,2019,0.002092532,10.246913580246916,10.246913580246916,5.833333333333334,5.277777777777778,2.88677086815774,3.100723237424317
GEO,Georgia,2020,0.002909006,15.06172839506173,11.851851851851855,25.31746031746032,12.05026455026455,2.0768413554362,2.64349206558077
GEO,Georgia,2021,0.007738441,23.33333333333333,16.213991769547324,25.31746031746032,18.822751322751326,2.1252867712654,2.36296633161978
GEO,Georgia,2022,,23.33333333333333,20.576131687242796,25.31746031746032,25.31746031746032,1.60289302245774,1.93500704971978
GEO,Georgia,2023,0.002312085,23.33333333333333,23.33333333333333,25.31746031746032,25.31746031746032,2.94920090255456,2.2257935654259
GHA,Ghana,2013,0.001038829,25.222222222222225,24.60493827160494,11.944444444444446,10.648148148148149,7.59366611332559,3.9003435581876897
GHA,Ghana,2014,0.004975358,28.92592592592593,26.456790123456795,13.055555555555555,11.944444444444445,5.10093163620251,4.800252362630233
GHA,Ghana,2015,0.0007891788,28.92592592592593,27.691358024691365,13.055555555555555,12.685185185185185,6.74454036554641,6.479712705024837
GHA,Ghana,2016,0.001130378,33.64814814814815,30.500000000000004,20.076719576719576,15.39594356261023,7.58597579597383,6.477149265907584
GHA,Ghana,2017,0.001074668,33.64814814814815,32.074074074074076,20.076719576719576,17.7363315696649,2.29813974435795,5.542885301959397
GHA,Ghana,2018,,35.03703703703704,34.111111111111114,20.076719576719576,20.076719576719576,4.42717231922926,4.770429286520346
GHA,Ghana,2019,0.001569399,35.777777777777786,34.820987654320994,21.14814814814815,20.433862433862434,8.30535420920506,5.010222090930757
GHA,Ghana,2020,0.001939337,41.7037037037037,37.50617283950618,29.95767195767196,23.727513227513228,1.14325401056793,4.625260179667417
GHA,Ghana,2021,,43.55555555555555,40.34567901234568,33.29100529100529,28.132275132275137,,
GHA,Ghana,2022,0.003593658,43.55555555555555,42.93827160493827,37.6957671957672,33.64814814814815,0.726084593720307,
GHA,Ghana,2023,0.003468128,45.407407407407405,44.172839506172835,42.64814814814815,37.87830687830688,1.95740716852014,
GIN,Guinea,2013,,2.2222222222222223,2.2222222222222223,0.0,0.0,,
GIN,Guinea,2014,,2.2222222222222223,2.2222222222222223,0.0,0.0,2.49689033719174,
GIN,Guinea,2015,,20.925925925925927,8.45679012345679,0.0,0.0,5.08202455279598,
GIN,Guinea,2016,,20.925925925925927,14.69135802469136,0.0,0.0,0.959602493970672,2.846172461319464
GIN,Guinea,2017,,20.925925925925927,20.925925925925927,0.0,0.0,0.899971742078623,2.3138662629484252
GIN,Guinea,2018,,24.03703703703704,21.962962962962965,0.0,0.0,,
GIN,Guinea,2019,0.001395021,24.03703703703704,23.000000000000004,0.0,0.0,,
GIN,Guinea,2020,,25.425925925925927,24.500000000000004,0.0,0.0,,
GIN,Guinea,2021,,26.814814814814817,25.425925925925927,0.0,0.0,,
GIN,Guinea,2022,,26.814814814814817,26.35185185185185,5.674603174603175,1.8915343915343916,,
GIN,Guinea,2023,,26.969135802469136,26.86625514403292,5.674603174603175,3.7830687830687832,,
GRC,Greece,2013,0.07442193,39.90740740740741,38.17901234567901,37.38888888888889,30.060846560846567,10.1435850577284,10.996609044170034
GRC,Greece,2014,0.05179074,41.388888888888886,40.15432098765432,37.38888888888889,35.55026455026456,8.47893188139786,9.95770105301582
GRC,Greece,2015,0.04052997,43.24074074074074,41.51234567901235,41.388888888888886,38.72222222222222,11.5060312558605,10.04284939832892
GRC,Greece,2016,0.05693157,47.90123456790124,44.17695473251029,48.05555555555556,42.27777777777778,12.9218253082768,10.968929481845054
GRC,Greece,2017,0.04483753,47.90123456790124,46.34773662551441,48.61111111111111,46.01851851851851,13.7270081175833,12.7182882272402
GRC,Greece,2018,0.04960071,49.75308641975309,48.518518518518526,52.5,49.72222222222223,12.1148895809545,12.921241002271534
GRC,Greece,2019,0.03744635,49.75308641975309,49.135802469135804,52.5,51.2037037037037,12.9551889486437,12.932362215727167
GRC,Greece,2020,0.0558206,58.456790123456784,52.65432098765432,55.833333333333336,53.611111111111114,12.5222555558252,12.530778028474467
GRC,Greece,2021,0.04058382,60.77160493827161,56.32716049382716,55.833333333333336,54.72222222222223,13.2518669714424,12.909770491970434
GRC,Greece,2022,0.0394943,60.77160493827161,60.0,55.833333333333336,55.833333333333336,12.2848681524393,12.686330226568964
GRC,Greece,2023,0.0370319,60.77160493827161,60.771604938271615,55.833333333333336,55.833333333333336,14.4708651762207,13.335866766700798
GTM,Guatemala,2013,,9.753086419753089,7.283950617283952,10.203703703703706,10.203703703703706,5.07039725439092,5.459600693002987
GTM,Guatemala,2014,,9.753086419753089,8.51851851851852,10.56084656084656,10.322751322751325,5.14501106587835,5.062351054259286
GTM,Guatemala,2015,,11.604938271604938,10.370370370370372,11.671957671957673,10.812169312169312,5.38681285513024,5.200740391799837
GTM,Guatemala,2016,,11.604938271604938,10.987654320987653,11.671957671957673,11.301587301587302,5.4761635770507,5.33599583268643
GTM,Guatemala,2017,,11.604938271604938,11.604938271604938,11.671957671957673,11.671957671957673,5.81591535262668,5.559630594935874
GTM,Guatemala,2018,,11.604938271604938,11.604938271604938,11.671957671957673,11.671957671957673,5.34358147059366,5.545220133423681
GTM,Guatemala,2019,0.002092532,11.604938271604938,11.604938271604938,11.671957671957673,11.671957671957673,5.31041212978891,5.489969651003084
GTM,Guatemala,2020,,11.975308641975309,11.728395061728394,17.33862433862434,13.560846560846562,4.91934688390265,5.19111349476174
GTM,Guatemala,2021,,14.475308641975309,12.685185185185185,19.322751322751323,16.11111111111111,6.05086394466785,5.426874319453137
GTM,Guatemala,2022,0.002156195,14.78395061728395,13.74485596707819,26.179894179894177,20.947089947089946,5.16708104325419,5.37909729060823
GTM,Guatemala,2023,0.002312085,14.78395061728395,14.681069958847736,26.179894179894177,23.89417989417989,4.97162403170951,5.396523006543849
HND,Honduras,2013,,4.25925925925926,3.2098765432098766,14.428571428571429,11.253968253968255,2.79523111001148,2.384760646578623
HND,Honduras,2014,0.001175281,4.25925925925926,3.8888888888888897,14.428571428571429,13.952380952380954,,
HND,Honduras,2015,,9.814814814814817,6.111111111111112,14.428571428571429,14.428571428571429,2.57978490075374,
HND,Honduras,2016,,9.814814814814817,7.962962962962965,14.428571428571429,14.428571428571429,1.30847133128199,
HND,Honduras,2017,,9.814814814814817,9.814814814814817,14.428571428571429,14.428571428571429,2.83717179282699,2.2418093416209066
HND,Honduras,2018,,12.283950617283953,10.63786008230453,14.428571428571429,14.428571428571429,3.12358554921908,2.4230762244426867
HND,Honduras,2019,,14.50617283950617,12.201646090534979,14.428571428571429,14.428571428571429,1.96264426487614,2.64113386897407
HND,Honduras,2020,0.0009696687,14.50617283950617,13.76543209876543,15.169312169312173,14.675485008818344,1.96086912582269,2.3490329799726366
HND,Honduras,2021,,14.50617283950617,14.50617283950617,15.169312169312173,14.922398589065258,4.06990705871472,2.66447348313785
HND,Honduras,2022,,14.50617283950617,14.50617283950617,28.97883597883598,19.772486772486776,1.4495499920383,2.49344205885857
HND,Honduras,2023,,15.061728395061728,14.691358024691356,30.64550264550264,24.931216931216934,,
HRV,Croatia,2013,0.01846807,25.524691358024693,24.084362139917697,13.544973544973548,13.359788359788363,11.812056164737,10.228441068507736
HRV,Croatia,2014,0.00783521,43.70370370370371,31.481481481481485,38.34656084656085,21.812169312169313,12.493497088882,10.998902722094703
HRV,Croatia,2015,0.01459981,58.888888888888886,42.70576131687243,38.34656084656085,30.07936507936508,10.4390521916801,11.581535148433034
HRV,Croatia,2016,0.007234418,59.62962962962964,54.074074074074076,45.01322751322752,40.56878306878307,10.7066240086763,11.213057763079467
HRV,Croatia,2017,0.0127169,59.62962962962964,59.382716049382715,46.23544973544973,43.19841269841269,14.4016994474882,11.849125215948199
HRV,Croatia,2018,0.008561037,62.12962962962964,60.46296296296297,46.79100529100529,46.01322751322751,8.73810136016396,11.282141605442819
HRV,Croatia,2019,0.006576528,62.12962962962964,61.296296296296305,49.64814814814815,47.55820105820106,8.83753101502131,10.659110607557823
HRV,Croatia,2020,0.01842371,62.12962962962964,62.12962962962964,49.64814814814815,48.695767195767196,8.28927083536396,8.62163440351641
HRV,Croatia,2021,0.02037789,62.12962962962964,62.12962962962964,49.64814814814815,49.64814814814815,9.68004103299381,8.935614294459695
HRV,Croatia,2022,0.00934351,66.3888888888889,63.549382716049394,53.64814814814815,50.98148148148149,9.60673351412275,9.192015127493505
HRV,Croatia,2023,0.02196481,66.3888888888889,64.96913580246915,53.64814814814815,52.31481481481482,12.0638540428638,10.450209529993453
HTI,Haiti,2013,,3.888888888888889,3.4773662551440325,0.0,0.0,,
HTI,Haiti,2014,0.000783521,3.888888888888889,3.683127572016461,0.0,0.0,,
HTI,Haiti,2015,,3.888888888888889,3.888888888888889,0.0,0.0,,
HTI,Haiti,2016,,3.888888888888889,3.888888888888889,0.0,0.0,,
HTI,Haiti,2017,,3.888888888888889,3.888888888888889,8.055555555555555,2.685185185185185,,
HTI,Haiti,2018,,7.746913580246915,5.174897119341565,8.055555555555555,5.37037037037037,,
HTI,Haiti,2019,,7.746913580246915,6.460905349794239,14.722222222222223,10.277777777777779,,
HTI,Haiti,2020,,7.746913580246915,7.746913580246915,14.722222222222223,12.5,,
HTI,Haiti,2021,,7.746913580246915,7.746913580246915,14.722222222222223,14.722222222222223,,
HTI,Haiti,2022,,7.746913580246915,7.746913580246915,14.722222222222223,14.722222222222223,,
HTI,Haiti,2023,,7.746913580246915,7.746913580246915,14.722222222222223,14.722222222222223,,
HUN,Hungary,2013,0.0631762,48.518518518518526,46.04938271604939,45.61111111111112,44.50000000000001,21.2196345000288,24.107231412143733
HUN,Hungary,2014,0.06593329,48.518518518518526,48.20987654320988,48.94444444444445,46.72222222222223,19.3691523112004,21.922716229910932
HUN,Hungary,2015,0.09489875,48.518518518518526,48.518518518518526,48.94444444444445,47.83333333333334,16.6901975118435,19.092994774357567
HUN,Hungary,2016,0.06141719,55.74074074074075,50.92592592592593,49.50000000000001,49.12962962962964,17.08325844517,17.7142027560713
HUN,Hungary,2017,0.06967431,57.87037037037037,54.043209876543216,49.50000000000001,49.31481481481482,17.5764530213374,17.116636326116968
HUN,Hungary,2018,0.07456467,59.25925925925927,57.62345679012346,51.277777777777786,50.0925925925926,17.2630732776764,17.307594914727932
HUN,Hungary,2019,0.06668201,60.74074074074075,59.29012345679013,57.94444444444444,52.90740740740741,16.8209858629646,17.220170720659468
HUN,Hungary,2020,0.0638042,84.25925925925927,68.08641975308642,61.277777777777786,56.833333333333336,17.3787600622128,17.154273067617932
HUN,Hungary,2021,0.04149739,84.25925925925927,76.41975308641976,61.277777777777786,60.166666666666664,17.4648807221778,17.221542215785067
HUN,Hungary,2022,0.0398896,86.11111111111111,84.87654320987654,61.277777777777786,61.27777777777779,16.3975126429279,17.080384475772835
HUN,Hungary,2023,0.04990251,86.11111111111111,85.49382716049384,61.277777777777786,61.27777777777779,18.4048917258431,17.4224283636496
IDN,Indonesia,2013,0.02764715,1.3888888888888888,1.2345679012345678,0.0,0.0,10.871757163658,11.333570828830497
IDN,Indonesia,2014,0.01143941,1.3888888888888888,1.3888888888888886,0.0,0.0,9.67606262852233,10.454986853366742
IDN,Indonesia,2015,0.02406995,1.3888888888888888,1.3888888888888886,4.166666666666667,1.388888888888889,9.32850761968047,9.9587758039536
IDN,Indonesia,2016,0.01808604,1.3888888888888888,1.3888888888888886,4.166666666666667,2.777777777777778,8.88987824359938,9.298149497267394
IDN,Indonesia,2017,0.01406024,1.3888888888888888,1.3888888888888886,4.166666666666667,4.166666666666667,7.99860974921307,8.738998537497642
IDN,Indonesia,2018,0.01308756,6.944444444444445,3.240740740740741,4.166666666666667,4.166666666666667,8.44632702628773,8.44493833970006
IDN,Indonesia,2019,0.01506623,6.944444444444445,5.092592592592593,4.166666666666667,4.166666666666667,8.21299200751234,8.219309594337714
IDN,Indonesia,2020,0.008080573,6.944444444444445,6.9444444444444455,4.166666666666667,4.166666666666667,8.09206094724751,8.250459993682528
IDN,Indonesia,2021,0.01360676,6.944444444444445,6.9444444444444455,4.833333333333334,4.388888888888889,8.4247469855579,8.243266646772584
IDN,Indonesia,2022,0.0166027,7.716049382716049,7.201646090534979,4.833333333333334,4.611111111111112,7.20127970144306,7.906029211416157
IDN,Indonesia,2023,0.02235016,49.19753086419753,21.286008230452676,55.03703703703703,21.5679012345679,8.30819306709832,7.978073251366427
IND,India,2013,1.151951,41.07407407407408,38.17283950617284,11.292592592592596,10.42592592592593,7.70439427946636,7.768575743855877
IND,India,2014,1.078369,41.07407407407408,39.62345679012346,12.292592592592593,11.422222222222224,8.87350364988968,8.149690184633798
IND,India,2015,1.291615,41.07407407407408,41.07407407407408,12.45925925925926,12.014814814814818,9.22122174793918,8.599706559098406
IND,India,2016,1.198433,46.25925925925926,42.802469135802475,12.45925925925926,12.403703703703705,8.02476917234515,8.706498190058005
IND,India,2017,1.185934,47.18518518518518,44.83950617283951,15.659259259259258,13.525925925925927,7.66325704378624,8.303082654690192
IND,India,2018,1.135592,49.96296296296296,47.802469135802475,15.903703703703709,14.674074074074076,7.36208114076572,7.683369118965703
IND,India,2019,1.19991,50.888888888888886,49.34567901234568,16.4962962962963,16.019753086419755,9.04145168835151,8.022263290967823
IND,India,2020,1.547903,73.94444444444446,58.26543209876544,33.142857142857146,21.84761904761905,10.2237396907979,8.875757506638378
IND,India,2021,1.139217,73.94444444444446,66.25925925925927,39.1910052910053,29.61005291005291,11.0325638466576,10.099251741935669
IND,India,2022,1.054487,75.42592592592595,74.4382716049383,43.19100529100529,38.50828924162258,10.2125596625118,10.489621066655767
IND,India,2023,0.9509992,75.57407407407409,74.98148148148151,46.771428571428565,43.051146384479715,12.6822794807287,11.309134329966035
IRL,Ireland,2013,0.1124244,57.888888888888886,52.91975308641975,45.61111111111111,45.388888888888886,25.5863586944318,24.469238322938267
IRL,Ireland,2014,0.1093627,67.70370370370371,59.16460905349794,45.61111111111111,45.61111111111111,24.9839328156584,25.159021199522268
IRL,Ireland,2015,0.1355415,75.14197530864197,66.91152263374485,45.61111111111111,45.61111111111111,24.9189231516136,25.163071553901272
IRL,Ireland,2016,0.09934764,75.14197530864197,72.66255144032921,50.05555555555556,47.09259259259259,28.3389494347801,26.080601800684036
IRL,Ireland,2017,0.09262102,75.14197530864197,75.14197530864197,50.05555555555556,48.574074074074076,32.8418171476767,28.699896578023466
IRL,Ireland,2018,0.1151558,78.10493827160494,76.12962962962963,50.05555555555556,50.055555555555564,29.3340262522775,30.171597611578104
IRL,Ireland,2019,0.1699734,78.32716049382717,77.19135802469135,61.72222222222221,53.944444444444436,25.0152782298751,29.0637072099431
IRL,Ireland,2020,0.1358183,78.32716049382717,78.25308641975309,65.05555555555556,58.944444444444436,25.9769791902199,26.775427890790834
IRL,Ireland,2021,0.1236538,78.32716049382717,78.32716049382717,65.05555555555556,63.944444444444436,25.8991544690003,25.630470629698436
IRL,Ireland,2022,0.07543088,78.32716049382717,78.32716049382717,66.0925925925926,65.40123456790123,28.4781475271992,26.784760395473132
IRL,Ireland,2023,0.113639,78.32716049382717,78.32716049382717,66.0925925925926,65.74691358024693,46.7867801497714,33.721360715323634
IRN,"Iran, Islamic Rep.",2013,0.02497038,51.66666666666667,39.83539094650206,47.11111111111112,38.84126984126985,,
IRN,"Iran, Islamic Rep.",2014,0.02652219,52.351851851851855,48.29423868312758,49.61111111111112,47.50000000000001,1.54772069724821,
IRN,"Iran, Islamic Rep.",2015,0.05244093,52.351851851851855,52.12345679012346,49.61111111111112,48.77777777777779,1.54536499147799,
IRN,"Iran, Islamic Rep.",2016,0.04152254,57.51234567901236,54.07201646090536,57.31481481481482,52.17901234567902,1.43263391911846,1.5085732026148868
IRN,"Iran, Islamic Rep.",2017,0.05265873,61.808641975308646,57.22427983539095,57.31481481481482,54.74691358024692,1.39878294404259,1.45892728487968
IRN,"Iran, Islamic Rep.",2018,0.05166143,62.03086419753087,60.45061728395063,60.64814814814815,58.425925925925924,1.36325563923218,1.39822416746441
IRN,"Iran, Islamic Rep.",2019,0.0461752,64.06790123456791,62.63580246913582,63.98148148148149,60.64814814814815,0.72469081853253,1.1622431339357668
IRN,"Iran, Islamic Rep.",2020,0.06180022,64.06790123456791,63.38888888888889,63.98148148148149,62.87037037037038,0.926086511463464,1.0046776564093913
IRN,"Iran, Islamic Rep.",2021,0.03633843,72.40123456790124,66.84567901234568,63.98148148148149,63.98148148148149,0.746714844738681,0.7991640582448917
IRN,"Iran, Islamic Rep.",2022,0.03047422,72.40123456790124,69.62345679012346,63.98148148148149,63.98148148148149,0.380525397860673,0.6844422513542726
IRN,"Iran, Islamic Rep.",2023,0.02181067,72.40123456790124,72.40123456790124,63.98148148148149,63.98148148148149,0.814007923197325,0.6470827219322263
ISR,Israel,2013,0.4893586,46.20370370370371,42.67489711934157,31.190476190476197,25.85714285714286,19.8939600431067,19.222631153776533
ISR,Israel,2014,0.5051192,46.20370370370371,45.586419753086425,32.02380952380953,28.801587301587308,19.0362582405147,19.109596845925967
ISR,Israel,2015,0.5624872,47.12962962962963,46.512345679012356,36.30952380952381,33.174603174603185,19.4130528417277,19.447757041783035
ISR,Israel,2016,0.661428,56.75925925925926,50.03086419753087,36.86507936507937,35.06613756613757,23.6539775366063,20.701096206282898
ISR,Israel,2017,0.608999,58.518518518518526,54.135802469135804,36.86507936507937,36.679894179894184,21.8196172712291,21.628882549854367
ISR,Israel,2018,0.476835,59.62962962962964,58.302469135802475,40.56878306878307,38.09964726631393,21.0679788533896,22.180524553741662
ISR,Israel,2019,0.4403036,59.62962962962964,59.25925925925927,47.23544973544973,41.55643738977072,22.5362840096475,21.8079600447554
ISR,Israel,2020,0.4784669,59.62962962962964,59.62962962962964,47.23544973544973,45.01322751322751,23.0916656017552,22.231976154930766
ISR,Israel,2021,0.4227123,59.62962962962964,59.62962962962964,47.23544973544973,47.23544973544973,28.197643074759,24.608530895387233
ISR,Israel,2022,0.3257651,59.62962962962964,59.62962962962964,47.23544973544973,47.23544973544973,29.5956758722761,26.961661516263433
ISR,Israel,2023,0.2640401,59.62962962962964,59.62962962962964,47.23544973544973,47.23544973544973,29.1090540410523,28.967457662695796
ITA,Italy,2013,1.419893,51.85185185185185,48.395061728395056,35.648148148148145,30.925925925925924,7.59501140176072,7.860913806663253
ITA,Italy,2014,1.419779,54.47530864197531,52.72633744855967,40.64814814814815,36.2037037037037,7.77207145281516,7.779537037192711
ITA,Italy,2015,1.54462,60.33950617283952,55.555555555555564,40.64814814814815,38.98148148148149,7.73691381710463,7.7013322238935045
ITA,Italy,2016,1.4648,69.25925925925927,61.35802469135803,43.98148148148148,41.75925925925926,8.15204658018138,7.8870106167003895
ITA,Italy,2017,1.441261,75.77160493827161,68.4567901234568,50.64814814814815,45.09259259259259,8.29074616964551,8.059902188977174
ITA,Italy,2018,1.347543,76.88271604938272,73.97119341563787,50.64814814814815,48.425925925925924,7.8052686500986,8.082687133308497
ITA,Italy,2019,1.455553,76.88271604938272,76.51234567901236,50.64814814814815,50.64814814814815,7.47655885813922,7.857524559294443
ITA,Italy,2020,1.487068,85.08641975308643,79.6172839506173,59.35185185185185,53.54938271604939,7.75802459594121,7.67995070139301
ITA,Italy,2021,1.366383,85.08641975308643,82.35185185185186,59.35185185185185,56.45061728395061,8.587243012964,7.9406088223481435
ITA,Italy,2022,0.9751271,85.08641975308643,85.08641975308643,59.35185185185185,59.35185185185185,7.77024565516253,8.038504421355912
ITA,Italy,2023,0.9510773,85.08641975308643,85.08641975308643,59.35185185185185,59.35185185185185,9.15916231271025,8.505550326945594
JAM,Jamaica,2013,0.002308509,14.512345679012348,13.895061728395063,15.322751322751325,15.07583774250441,2.07942728921957,4.12725914000574
JAM,Jamaica,2014,,24.23456790123457,17.75308641975309,16.433862433862437,15.569664902998236,3.56695237646044,4.32610664090575
JAM,Jamaica,2015,0.005918841,26.08641975308642,21.611111111111114,16.433862433862437,16.063492063492067,4.5720563430337,3.4061453362379033
JAM,Jamaica,2016,,27.93827160493828,26.08641975308642,18.65608465608465,17.174603174603174,1.03608493889257,3.05836455279557
JAM,Jamaica,2017,0.003224004,38.12345679012346,30.716049382716054,19.21164021164021,18.100529100529098,4.12770569220042,3.245282324708897
JAM,Jamaica,2018,0.001033229,38.12345679012346,34.7283950617284,27.544973544973544,21.8042328042328,5.73932610490372,3.6343722453322367
JAM,Jamaica,2019,,44.29629629629631,40.18106995884775,33.25925925925925,26.67195767195767,7.9785246172073,5.94851880477048
JAM,Jamaica,2020,,48.55555555555557,43.658436213991784,34.592592592592595,31.798941798941797,4.17241427918592,5.96342166709898
JAM,Jamaica,2021,,48.92592592592593,47.25925925925927,36.25925925925925,34.7037037037037,2.35064138351541,4.833860093302877
JAM,Jamaica,2022,,49.23456790123457,48.905349794238695,39.5925925925926,36.81481481481482,2.47195001164729,2.9983352247828727
JAM,Jamaica,2023,,49.23456790123457,49.13168724279836,39.5925925925926,38.48148148148149,1.47098475516758,2.0978587167767597
JOR,Jordan,2013,0.01065762,24.90740740740741,18.75514403292181,15.65873015873016,8.473544973544975,2.36779292773915,2.593476679231203
JOR,Jordan,2014,0.006268168,41.327160493827165,27.304526748971195,15.65873015873016,12.066137566137568,1.68597466970924,2.2014504877034167
JOR,Jordan,2015,0.003551305,52.43827160493827,39.55761316872428,24.82539682539683,18.714285714285715,1.8067119697774,1.9534931890752631
JOR,Jordan,2016,0.0050867,57.67901234567901,50.48148148148149,31.992063492063487,24.15873015873016,2.57704311274313,2.0232432507432567
JOR,Jordan,2017,0.005015117,57.67901234567901,55.9320987654321,37.7063492063492,31.507936507936506,3.37782667964516,2.5871939207218966
JOR,Jordan,2018,0.002066457,63.23456790123456,59.53086419753086,46.26190476190476,38.653439153439145,1.81281942554955,2.5892297393126134
JOR,Jordan,2019,0.0005231329,63.23456790123456,61.382716049382715,46.26190476190476,43.41005291005291,1.50858480712756,2.2330769707740896
JOR,Jordan,2020,0.005333178,63.23456790123456,63.23456790123456,49.595238095238095,47.37301587301587,1.36854381035936,1.5633160143454898
JOR,Jordan,2021,0.009565572,70.64197530864197,65.7037037037037,49.595238095238095,48.48412698412699,1.54387858863055,1.4736690687058234
JOR,Jordan,2022,0.005031121,71.10493827160494,68.32716049382715,52.92857142857142,50.70634920634921,1.71367970298807,1.5420340339926597
JOR,Jordan,2023,0.003986596,71.10493827160494,70.95061728395062,52.92857142857142,51.81746031746031,1.44968826668558,1.5690821861014
JPN,Japan,2013,22.56206,48.70370370370371,48.70370370370372,5.746031746031746,5.116402116402116,18.2382479591573,18.584396333614198
JPN,Japan,2014,22.95693,51.2962962962963,49.5679012345679,5.746031746031746,5.523809523809525,17.7587589107099,18.12975354443873
JPN,Japan,2015,22.58677,53.14814814814815,51.04938271604939,6.301587301587302,5.931216931216931,17.7805347199635,17.92584719661023
JPN,Japan,2016,21.60257,57.96296296296296,54.135802469135804,6.857142857142857,6.301587301587301,18.0454889300336,17.861594186902334
JPN,Japan,2017,22.01572,63.05555555555556,58.055555555555564,6.857142857142857,6.671957671957672,17.620423854837,17.815482501611367
JPN,Japan,2018,22.19602,63.05555555555556,61.358024691358025,7.412698412698414,7.042328042328042,17.5942774665502,17.7533967504736
JPN,Japan,2019,20.25395,64.53703703703702,63.54938271604939,17.412698412698415,10.560846560846562,17.2970528139362,17.5039180451078
JPN,Japan,2020,17.60094,66.23456790123457,64.60905349794238,23.603174603174605,16.142857142857142,17.0303844450023,17.307238241829566
JPN,Japan,2021,18.32637,66.23456790123457,65.66872427983539,28.047619047619047,23.021164021164022,18.6333487896777,17.653595349538733
JPN,Japan,2022,15.63018,68.45679012345678,66.9753086419753,47.82539682539683,33.15873015873016,18.0039913482614,17.889241527647133
JPN,Japan,2023,12.35528,73.11728395061729,69.26954732510289,66.77777777777779,47.55026455026455,18.2592615351902,18.298867224376433
KAZ,Kazakhstan,2013,0.05194145,8.24074074074074,3.487654320987654,11.055555555555555,11.055555555555555,31.0076871379505,30.682427547064396
KAZ,Kazakhstan,2014,0.01175281,8.549382716049383,5.967078189300412,12.722222222222223,11.611111111111112,38.5352075588581,31.741428628339335
KAZ,Kazakhstan,2015,0.02624019,11.049382716049385,9.279835390946502,16.055555555555554,13.277777777777779,39.2634412451113,36.26877864730663
KAZ,Kazakhstan,2016,0.02072359,25.4320987654321,15.010288065843625,16.055555555555554,14.944444444444443,43.4296221763068,40.40942366009207
KAZ,Kazakhstan,2017,0.0189858,27.283950617283956,21.255144032921816,16.055555555555554,16.055555555555554,32.0985345639872,38.2638659951351
KAZ,Kazakhstan,2018,0.007060396,28.82716049382716,27.18106995884774,16.055555555555554,16.055555555555554,24.2104171386819,33.246191292991966
KAZ,Kazakhstan,2019,0.01412459,28.82716049382716,28.312757201646093,16.72222222222222,16.277777777777775,23.5707068133801,26.626552838683068
KAZ,Kazakhstan,2020,0.008727019,28.82716049382716,28.82716049382716,16.72222222222222,16.5,29.2897210078218,25.6902816532946
KAZ,Kazakhstan,2021,0.006771136,31.60493827160494,29.75308641975309,16.72222222222222,16.72222222222222,34.0989696117001,28.98646581096733
KAZ,Kazakhstan,2022,0.001617146,31.60493827160494,30.679012345679013,17.833333333333336,17.09259259259259,27.3435440636149,30.244078227712265
KAZ,Kazakhstan,2023,0.001156043,32.71604938271605,31.975308641975307,28.071428571428573,20.875661375661377,32.2666497110269,31.2363877954473
KEN,Kenya,2013,0.003078012,0.0,0.0,0.5555555555555556,0.5555555555555556,,
KEN,Kenya,2014,0.007051689,0.0,0.0,0.5555555555555556,0.5555555555555556,4.0691011885942,
KEN,Kenya,2015,0.002367536,0.0,0.0,0.5555555555555556,0.5555555555555556,,
KEN,Kenya,2016,0.005651889,0.0,0.0,0.5555555555555556,0.5555555555555556,4.3660951885799,
KEN,Kenya,2017,0.01217957,16.203703703703702,5.401234567901234,0.5555555555555556,0.5555555555555556,7.58623435569943,
KEN,Kenya,2018,0.003099686,16.203703703703702,10.802469135802468,0.5555555555555556,0.5555555555555556,3.34859041785183,5.100306654043719
KEN,Kenya,2019,0.007323861,16.203703703703702,16.203703703703702,1.1111111111111112,0.7407407407407408,3.61296275113367,4.84926250822831
KEN,Kenya,2020,0.0009696687,16.203703703703702,16.203703703703702,5.03968253968254,2.235449735449736,4.59327769222193,3.851610287069144
KEN,Kenya,2021,0.001450958,68.39506172839508,33.6008230452675,10.595238095238097,5.582010582010582,5.11178261072947,4.439341018028357
KEN,Kenya,2022,,68.39506172839508,50.997942386831284,20.500000000000004,12.044973544973546,3.12736061396888,4.277473638973427
KEN,Kenya,2023,0.002312085,68.39506172839508,68.39506172839508,27.814814814814817,19.63668430335097,2.26073811025712,3.4999604449851565
KGZ,Kyrgyz Republic,2013,,1.6666666666666667,1.4197530864197532,1.388888888888889,1.388888888888889,4.78258891603824,3.3221709942547033
KGZ,Kyrgyz Republic,2014,0.003917605,7.839506172839506,3.7242798353909463,1.388888888888889,1.388888888888889,5.43346578761496,4.72307444401635
KGZ,Kyrgyz Republic,2015,,7.839506172839506,5.7818930041152266,1.388888888888889,1.388888888888889,2.04825761793663,4.08810410719661
KGZ,Kyrgyz Republic,2016,,7.839506172839506,7.839506172839506,2.2222222222222223,1.666666666666667,12.2460206170046,6.5759146741853955
KGZ,Kyrgyz Republic,2017,,8.148148148148149,7.94238683127572,2.2222222222222223,1.9444444444444446,19.631318350849,11.30853219526341
KGZ,Kyrgyz Republic,2018,,11.851851851851851,9.279835390946502,2.2222222222222223,2.2222222222222223,17.6123403863741,16.49655978474257
KGZ,Kyrgyz Republic,2019,0.004185063,15.092592592592592,11.697530864197532,5.555555555555555,3.3333333333333335,8.05189045843038,15.09851639855116
KGZ,Kyrgyz Republic,2020,,15.092592592592592,14.012345679012347,5.555555555555555,4.444444444444444,6.7384784764513,10.800903107085261
KGZ,Kyrgyz Republic,2021,0.00064487,15.092592592592592,15.09259259259259,5.555555555555555,5.5555555555555545,8.74655092791846,7.845639954266713
KGZ,Kyrgyz Republic,2022,,15.092592592592592,15.09259259259259,12.412698412698417,7.841269841269842,16.298726070934,10.594585158434585
KGZ,Kyrgyz Republic,2023,,18.05555555555556,16.08024691358025,12.412698412698417,10.126984126984128,10.5540520111457,11.86644300333272
KHM,Cambodia,2013,,1.1111111111111112,1.1111111111111112,2.650793650793651,2.650793650793651,0.259104011781428,0.175765331747657
KHM,Cambodia,2014,0.001175281,1.851851851851852,1.3580246913580247,2.650793650793651,2.650793650793651,1.21285515161475,0.5289139168740237
KHM,Cambodia,2015,,1.851851851851852,1.6049382716049383,5.984126984126984,3.7619047619047628,0.50562837571876,0.6591958463716461
KHM,Cambodia,2016,,1.851851851851852,1.851851851851852,12.841269841269844,7.158730158730161,1.53516035451456,1.0845479606160235
KHM,Cambodia,2017,,1.851851851851852,1.851851851851852,16.174603174603174,11.666666666666666,1.8586809100055,1.29982321341294
KHM,Cambodia,2018,,6.944444444444445,3.549382716049383,16.174603174603174,15.063492063492063,1.74238685693004,1.7120760404833666
KHM,Cambodia,2019,,8.796296296296298,5.864197530864199,18.67460317460317,17.007936507936506,1.40927888070578,1.6701155492137734
KHM,Cambodia,2020,,8.796296296296298,8.179012345679013,22.00793650793651,18.952380952380953,1.19402155927369,1.44856243230317
KHM,Cambodia,2021,0.00128974,8.796296296296298,8.796296296296298,22.00793650793651,20.896825396825395,2.28307484240574,1.62879176079507
KHM,Cambodia,2022,,12.314814814814817,9.969135802469138,22.00793650793651,22.00793650793651,2.98063279368018,2.152576398453203
KHM,Cambodia,2023,,47.22222222222222,22.777777777777782,25.15608465608465,23.05731922398589,6.56222598236463,3.9419778728168495
KOR,"Korea, Rep.",2013,11.49092,47.40740740740741,47.40740740740741,13.444444444444446,10.66666666666667,28.2220757644767,29.523264764178503
KOR,"Korea, Rep.",2014,12.04732,47.40740740740741,47.40740740740741,13.444444444444446,12.611111111111114,29.8181999078998,28.75119890536513
KOR,"Korea, Rep.",2015,11.49919,48.51851851851851,47.77777777777778,13.814814814814817,13.567901234567904,30.0608682657817,29.36704797938607
KOR,"Korea, Rep.",2016,12.33437,48.51851851851851,48.148148148148145,25.14814814814815,17.469135802469136,31.2119270912605,30.363665088313997
KOR,"Korea, Rep.",2017,11.03141,51.29629629629629,49.444444444444436,25.14814814814815,21.37037037037037,30.5250266717443,30.5992740095955
KOR,"Korea, Rep.",2018,11.02991,54.07407407407407,51.29629629629628,35.18518518518518,28.493827160493826,32.546316460744,31.4277567412496
KOR,"Korea, Rep.",2019,11.32337,65.92592592592592,57.098765432098766,38.04232804232804,32.791887125220455,36.3912233579129,33.154188830133734
KOR,"Korea, Rep.",2020,12.25406,80.64814814814814,66.88271604938272,41.37566137566138,38.2010582010582,32.4050621736765,33.7808673307778
KOR,"Korea, Rep.",2021,13.81879,84.9074074074074,77.1604938271605,48.35714285714286,42.591710758377424,35.6022265413283,34.7995040243059
KOR,"Korea, Rep.",2022,13.91118,84.9074074074074,83.48765432098764,61.80952380952382,50.514109347442684,36.014503674486,34.67393079649693
KOR,"Korea, Rep.",2023,17.64583,93.7037037037037,87.83950617283949,62.365079365079374,57.51058201058202,36.118278931217,35.9116697156771
KWT,Kuwait,2013,0.002308509,15.271604938271606,14.506172839506172,10.0,7.777777777777779,,
KWT,Kuwait,2014,0.0005876407,15.271604938271606,15.271604938271606,10.555555555555555,9.074074074074074,1.66006682599946,
KWT,Kuwait,2015,0.003551305,24.685185185185183,18.409465020576132,11.38888888888889,10.648148148148147,0.133875563433098,
KWT,Kuwait,2016,0.002260756,24.685185185185183,21.54732510288066,11.38888888888889,11.111111111111112,0.127480427408837,0.6404742722804649
KWT,Kuwait,2017,0.00537334,24.685185185185183,24.68518518518518,16.388888888888893,13.055555555555557,0.147979853189137,0.1364452813436907
KWT,Kuwait,2018,0.003099686,27.46296296296296,25.611111111111104,16.388888888888893,14.722222222222223,0.203527625358479,0.15966263531881766
KWT,Kuwait,2019,0.01464772,29.623456790123456,27.257201646090532,20.388888888888893,17.722222222222225,4.11848740218315,1.489998293576922
KWT,Kuwait,2020,0.004363509,32.8641975308642,29.983539094650208,20.388888888888893,19.05555555555556,0.902769586911871,1.7415948714845
KWT,Kuwait,2021,0.00764171,32.8641975308642,31.783950617283953,20.388888888888893,20.388888888888893,1.34985090816492,2.1237026324199806
KWT,Kuwait,2022,0.002156195,34.25308641975309,33.327160493827165,20.388888888888893,20.388888888888893,1.1917798374399,1.1481334441722304
KWT,Kuwait,2023,0.0007706951,34.25308641975309,33.79012345679013,20.388888888888893,20.388888888888893,0.716354808280746,1.085995184628522
LAO,Lao PDR,2013,,1.4567901234567904,1.3827160493827162,10.0,6.666666666666667,8.77232288985581,7.753373083804839
LAO,Lao PDR,2014,0.001175281,1.4567901234567904,1.4567901234567904,10.0,10.0,9.813602077611,8.915965927211976
LAO,Lao PDR,2015,,9.08641975308642,4.0,13.333333333333334,11.111111111111112,24.994342418799,14.526755795421936
LAO,Lao PDR,2016,,10.197530864197532,6.91358024691358,13.333333333333334,12.222222222222223,35.1801655460758,23.329370014161935
LAO,Lao PDR,2017,0.006448008,11.308641975308642,10.197530864197532,13.333333333333334,13.333333333333334,33.5741001661276,31.24953604366746
LAO,Lao PDR,2018,,12.419753086419751,11.30864197530864,13.333333333333334,13.333333333333334,37.9504484411561,35.56823805111983
LAO,Lao PDR,2019,,13.530864197530866,12.419753086419753,13.333333333333334,13.333333333333334,38.0167390499275,36.51376255240373
LAO,Lao PDR,2020,0.0006464458,14.641975308641976,13.530864197530866,13.333333333333334,13.333333333333334,20.6094637307639,32.192217073949166
LAO,Lao PDR,2021,,14.641975308641976,14.271604938271606,13.333333333333334,13.333333333333334,23.1554473691925,27.2605500499613
LAO,Lao PDR,2022,,15.382716049382717,14.888888888888891,16.666666666666668,14.444444444444445,7.28644637663924,17.017119158865214
LAO,Lao PDR,2023,0.001156043,15.382716049382717,15.135802469135804,19.52380952380953,16.50793650793651,9.51767783297326,13.319857192934998
LBN,Lebanon,2013,0.009541837,20.55555555555556,16.60493827160494,13.69047619047619,9.246031746031745,2.29114806395946,9.78614547601329
LBN,Lebanon,2014,0.01253634,20.55555555555556,19.074074074074076,14.060846560846562,12.702821869488536,2.67625075891044,2.6393212466941365
LBN,Lebanon,2015,0.005524252,21.635802469135808,20.91563786008231,14.060846560846562,13.937389770723106,2.52131896754884,2.4962392634729134
LBN,Lebanon,2016,0.003391133,25.64814814814815,22.61316872427984,14.060846560846562,14.060846560846562,2.18872453488477,2.462098087114683
LBN,Lebanon,2017,0.001432891,32.0,26.427983539094654,20.283068783068785,16.134920634920636,2.82254509400518,2.510862865479597
LBN,Lebanon,2018,0.004132914,32.0,29.88271604938272,23.87830687830688,19.40740740740741,3.29137382070708,2.767547816532343
LBN,Lebanon,2019,0.004185063,32.0,32.0,27.21164021164021,23.79100529100529,2.35831810809947,2.82407900760391
LBN,Lebanon,2020,0.01389859,32.0,32.0,31.97354497354497,27.687830687830683,3.89127352822828,3.18032181901161
LBN,Lebanon,2021,0.007158058,32.0,32.0,49.30687830687831,36.164021164021165,5.13651259232765,3.7953680762184665
LBN,Lebanon,2022,0.007366999,34.592592592592595,32.864197530864196,49.30687830687831,43.52910052910053,2.15425314478037,3.727346421778767
LBN,Lebanon,2023,0.01123113,34.592592592592595,33.7283950617284,49.30687830687831,49.30687830687831,15.13321994397,7.474661893692674
LBR,Liberia,2013,,0.0,0.0,0.0,0.0,,
LBR,Liberia,2014,,0.0,0.0,0.0,0.0,,
LBR,Liberia,2015,,0.0,0.0,0.0,0.0,,
LBR,Liberia,2016,,0.0,0.0,0.0,0.0,,
LBR,Liberia,2017,,0.0,0.0,17.166666666666668,5.722222222222222,,
LBR,Liberia,2018,,0.0,0.0,17.166666666666668,11.444444444444445,56.8580874479744,
LBR,Liberia,2019,,2.5308641975308643,0.8436213991769548,17.166666666666668,17.166666666666668,16.8436031156564,
LBR,Liberia,2020,,2.5308641975308643,1.6872427983539096,17.166666666666668,17.166666666666668,5.50358385939843,26.40175814100974
LBR,Liberia,2021,,2.5308641975308643,2.5308641975308643,18.5952380952381,17.642857142857142,0.0150390753332307,7.4540753501293535
LBR,Liberia,2022,0.001078097,3.641975308641976,2.9012345679012346,22.24603174603175,19.33597883597884,7.93496540512927,4.48452944662031
LBR,Liberia,2023,,3.641975308641976,3.2716049382716057,22.24603174603175,21.029100529100532,10.2679978403201,6.072667440260868
LKA,Sri Lanka,2013,0.0304595,26.38888888888889,22.685185185185187,4.206349206349207,4.206349206349207,0.950920293567033,1.0388307310941511
LKA,Sri Lanka,2014,0.002415856,26.38888888888889,25.0,4.206349206349207,4.206349206349207,1.03921263563127,1.0085441442127177
LKA,Sri Lanka,2015,0.00659528,26.38888888888889,26.38888888888889,4.206349206349207,4.206349206349207,0.954466727549862,0.9815332189160549
LKA,Sri Lanka,2016,0.001130378,26.38888888888889,26.38888888888889,5.03968253968254,4.484126984126985,0.891656259432803,0.9617785408713116
LKA,Sri Lanka,2017,0.003224004,26.85185185185185,26.543209876543212,5.03968253968254,4.761904761904763,0.94390431969077,0.9300091022244784
LKA,Sri Lanka,2018,0.00506282,26.85185185185185,26.69753086419753,5.03968253968254,5.03968253968254,1.0199370522552,0.9518325437929244
LKA,Sri Lanka,2019,0.002790042,26.85185185185185,26.85185185185185,5.595238095238096,5.2248677248677255,,
LKA,Sri Lanka,2020,0.006464459,45.64814814814815,33.117283950617285,6.150793650793651,5.595238095238096,1.10210418160865,
LKA,Sri Lanka,2021,0.01612175,49.50617283950618,40.668724279835395,6.150793650793651,5.965608465608466,1.25639280641254,
LKA,Sri Lanka,2022,0.001796829,57.22222222222222,50.79218106995885,14.761904761904765,9.021164021164022,1.04519129609506,1.1345627613720832
LKA,Sri Lanka,2023,0.007321603,57.22222222222222,54.650205761316876,14.761904761904765,11.891534391534393,1.0863745770214,1.1293195598430001
MAR,Morocco,2013,0.04286132,22.00617283950617,21.954732510288064,32.1957671957672,25.299823633156972,,
MAR,Morocco,2014,0.02252623,23.858024691358025,22.623456790123456,32.1957671957672,32.1957671957672,,
MAR,Morocco,2015,0.02624019,32.65432098765432,26.17283950617284,32.1957671957672,32.1957671957672,,
MAR,Morocco,2016,0.02486831,37.65432098765432,31.38888888888889,32.1957671957672,32.1957671957672,3.70391708770955,
MAR,Morocco,2017,0.03510582,42.74691358024691,37.68518518518519,32.1957671957672,32.1957671957672,3.74498746856588,
MAR,Morocco,2018,0.01515402,44.59876543209876,41.666666666666664,32.1957671957672,32.1957671957672,3.86313761323613,3.77068072317052
MAR,Morocco,2019,0.01987905,44.59876543209876,43.981481481481474,32.1957671957672,32.1957671957672,4.01860219205577,3.875575757952593
MAR,Morocco,2020,0.03005973,49.69135802469136,46.2962962962963,32.1957671957672,32.1957671957672,4.85375388189337,4.24516456239509
MAR,Morocco,2021,0.01747598,49.69135802469136,47.99382716049382,35.52910052910053,33.30687830687831,4.38907114524744,4.420475739732193
MAR,Morocco,2022,0.02048385,54.43827160493827,51.27366255144033,35.52910052910053,34.417989417989425,4.30127636011555,4.514700462418786
MAR,Morocco,2023,0.02011614,54.43827160493827,52.8559670781893,35.52910052910053,35.52910052910053,4.49838208408388,4.39624319648229
MDA,Moldova,2013,0.005771273,0.0,0.0,11.666666666666668,8.333333333333334,5.13254701281781,7.418632502537396
MDA,Moldova,2014,0.002350563,0.0,0.0,11.666666666666668,10.555555555555557,2.76672880955816,5.105936872569994
MDA,Moldova,2015,0.002367536,0.0,0.0,24.37037037037037,15.901234567901236,5.33908399973561,4.412786607370527
MDA,Moldova,2016,0.006405474,1.851851851851852,0.617283950617284,31.11111111111111,22.38271604938272,4.60975269861678,4.238521835970183
MDA,Moldova,2017,,41.57407407407408,14.475308641975312,40.11111111111111,31.864197530864192,3.48388749123713,4.477574729863173
MDA,Moldova,2018,0.0006888191,42.68518518518519,28.703703703703706,42.33333333333333,37.85185185185185,5.3934747176002,4.49570496915137
MDA,Moldova,2019,0.003686842,43.7962962962963,42.68518518518519,50.98412698412699,44.476190476190474,2.51881364001274,3.7987252829500235
MDA,Moldova,2020,0.003296874,51.20370370370371,45.89506172839506,58.841269841269856,50.71957671957673,2.96130489390172,3.6245310838382196
MDA,Moldova,2021,0.001128523,51.20370370370371,48.73456790123458,67.55555555555557,59.126984126984134,2.23908642857928,2.5730683208312466
MDA,Moldova,2022,,53.05555555555556,51.820987654320994,67.55555555555557,64.65079365079366,2.23694740673712,2.4791129097393734
MDA,Moldova,2023,,53.05555555555556,52.43827160493828,67.55555555555557,67.55555555555557,2.1401803935369,2.2054047429511
MDG,Madagascar,2013,,0.0,0.0,19.166666666666668,13.055555555555557,1.49588449015976,4.637053516004367
MDG,Madagascar,2014,,0.0,0.0,19.166666666666668,19.166666666666668,7.5799664741867,6.055086513286217
MDG,Madagascar,2015,0.001183768,0.0,0.0,20.27777777777778,19.537037037037038,1.54006644159584,3.5386391353141
MDG,Madagascar,2016,,0.308641975308642,0.10288065843621401,23.61111111111111,21.01851851851852,2.00561036576503,3.708547760515857
MDG,Madagascar,2017,,0.308641975308642,0.20576131687242802,23.61111111111111,22.5,1.54980929380356,1.69849536705481
MDG,Madagascar,2018,,0.308641975308642,0.308641975308642,23.981481481481485,23.73456790123457,1.28948585834724,1.6149685059719434
MDG,Madagascar,2019,,0.308641975308642,0.308641975308642,34.45767195767196,27.35008818342152,1.04433298404265,1.2945427120644835
MDG,Madagascar,2020,,0.308641975308642,0.308641975308642,38.45767195767196,32.298941798941804,0.963097896905451,1.0989722464317804
MDG,Madagascar,2021,,0.308641975308642,0.308641975308642,38.45767195767196,37.12433862433863,0.539322061058942,0.8489176473356809
MDG,Madagascar,2022,,2.160493827160494,0.925925925925926,38.45767195767196,38.45767195767196,0.405991436478599,0.6361371314809974
MDG,Madagascar,2023,,5.271604938271604,2.580246913580247,38.45767195767196,38.45767195767196,0.34862498459426,0.431312827377267
MDV,Maldives,2013,,4.444444444444445,4.444444444444445,12.050264550264547,8.033509700176365,,
MDV,Maldives,2014,,4.444444444444445,4.444444444444445,12.050264550264547,12.050264550264549,,
MDV,Maldives,2015,,4.444444444444445,4.444444444444445,12.050264550264547,12.050264550264549,,
MDV,Maldives,2016,,4.444444444444445,4.444444444444445,15.383597883597885,13.161375661375658,,
MDV,Maldives,2017,,7.777777777777778,5.5555555555555545,15.383597883597885,14.272486772486772,0.025307379209988,
MDV,Maldives,2018,,7.777777777777778,6.666666666666667,15.383597883597885,15.383597883597885,0.143975890139075,
MDV,Maldives,2019,,7.777777777777778,7.777777777777778,15.383597883597885,15.383597883597885,,
MDV,Maldives,2020,,7.777777777777778,7.777777777777778,18.71693121693122,16.494708994708997,,
MDV,Maldives,2021,,9.25925925925926,8.271604938271606,20.93915343915344,18.34656084656085,1.73293127838582,
MDV,Maldives,2022,,9.25925925925926,8.765432098765432,25.105820105820108,21.587301587301585,2.01125189381146,
MDV,Maldives,2023,,9.25925925925926,9.25925925925926,25.820105820105816,23.955026455026456,4.09641473130223,2.6135326344998364
MEX,Mexico,2013,0.08618435,32.03703703703704,26.337448559670786,7.5,7.5,21.3533236921301,21.5457458517697
MEX,Mexico,2014,0.1347656,34.81481481481482,30.483539094650208,7.5,7.5,20.5109447612712,21.004129713897033
MEX,Mexico,2015,0.09284125,42.037037037037045,36.2962962962963,7.5,7.5,20.2220997751974,20.695456076199566
MEX,Mexico,2016,0.121704,48.3641975308642,41.73868312757202,7.5,7.5,19.5727021142392,20.101915550235933
MEX,Mexico,2017,0.1253779,49.29012345679013,46.56378600823046,7.5,7.5,20.6541116351274,20.149637841521333
MEX,Mexico,2018,0.1087498,49.29012345679013,48.98148148148149,9.166666666666668,8.055555555555555,21.1680967750153,20.464970174793965
MEX,Mexico,2019,0.08576889,51.14197530864198,49.90740740740741,17.166666666666668,11.277777777777779,20.8917456407643,20.904651350302334
MEX,Mexico,2020,0.08798128,52.06790123456791,50.83333333333334,17.166666666666668,14.5,20.4068584131191,20.8222336096329
MEX,Mexico,2021,0.08141485,56.481481481481495,53.23045267489713,17.166666666666668,17.166666666666668,21.5074249745377,20.935343009473698
MEX,Mexico,2022,0.08678684,61.57407407407408,56.707818930041164,17.166666666666668,17.166666666666668,19.8113406398377,20.57520800916483
MEX,Mexico,2023,0.0551047,61.72839506172839,59.92798353909466,25.85714285714285,20.063492063492063,20.5343692257849,20.617711613386764
MKD,North Macedonia,2013,,32.77160493827161,24.862139917695476,5.507936507936508,5.507936507936509,4.0704306600746,3.9124075338216833
MKD,North Macedonia,2014,,32.77160493827161,32.15432098765432,6.063492063492063,5.693121693121693,3.78245909545858,3.987671301060493
MKD,North Macedonia,2015,0.001183768,47.70987654320988,37.751028806584365,7.492063492063492,6.354497354497354,3.29601139484136,3.7163003834581807
MKD,North Macedonia,2016,,47.70987654320988,42.73045267489712,7.492063492063492,7.015873015873016,3.36913299265342,3.4825344943177865
MKD,North Macedonia,2017,,47.70987654320988,47.70987654320988,7.492063492063492,7.492063492063491,2.83705522973465,3.16739987240981
MKD,North Macedonia,2018,0.004132914,47.70987654320988,47.70987654320988,11.03968253968254,8.674603174603176,3.98163473676236,3.395940986383476
MKD,North Macedonia,2019,,47.70987654320988,47.70987654320988,11.03968253968254,9.857142857142856,4.04907678541801,3.622588917305007
MKD,North Macedonia,2020,,49.74691358024691,48.388888888888886,11.03968253968254,11.03968253968254,4.21745567474478,4.08272239897505
MKD,North Macedonia,2021,,51.22839506172839,49.56172839506173,15.8015873015873,12.626984126984127,4.18105543036134,4.149195963508043
MKD,North Macedonia,2022,0.0005390487,51.22839506172839,50.73456790123456,17.1904761904762,14.677248677248679,4.0331959439009,4.143902349669006
MKD,North Macedonia,2023,0.002312085,51.22839506172839,51.228395061728385,36.07142857142857,23.021164021164026,4.01498490595955,4.076412093407264
MLI,Mali,2013,,3.703703703703704,3.703703703703704,0.7407407407407407,0.7407407407407408,2.25646931948216,3.710350928598577
MLI,Mali,2014,,3.703703703703704,3.703703703703704,4.074074074074074,1.8518518518518519,,
MLI,Mali,2015,,3.703703703703704,3.703703703703704,4.074074074074074,2.9629629629629632,,
MLI,Mali,2016,0.00150717,13.24074074074074,6.882716049382715,6.240740740740741,4.796296296296297,,
MLI,Mali,2017,,13.24074074074074,10.061728395061728,6.240740740740741,5.518518518518519,6.49934688425637,
MLI,Mali,2018,0.0002952082,13.24074074074074,13.24074074074074,6.796296296296296,6.4259259259259265,1.24270276298759,
MLI,Mali,2019,0.0008967993,13.24074074074074,13.24074074074074,6.796296296296296,6.611111111111111,5.5345284838785,4.425526043707486
MLI,Mali,2020,,21.14197530864197,15.874485596707816,6.796296296296296,6.796296296296295,5.479696587969,4.085642611611696
MLI,Mali,2021,,21.14197530864197,18.508230452674894,7.629629629629629,7.0740740740740735,2.20544616042826,4.406557077425253
MLI,Mali,2022,,21.14197530864197,21.14197530864197,10.962962962962962,8.462962962962962,13.8853977586833,7.190180169026853
MLI,Mali,2023,,22.99382716049383,21.759259259259256,18.462962962962965,12.351851851851853,10.2578668284987,8.782903582536754
MMR,Myanmar,2013,,1.6666666666666667,1.6666666666666667,0.0,0.0,1.01357200229777,0.40606761624008386
MMR,Myanmar,2014,,1.6666666666666667,1.6666666666666667,0.0,0.0,0.268343903272684,0.4946218263984996
MMR,Myanmar,2015,0.0004735073,3.925925925925926,2.419753086419753,0.0,0.0,0.62703149028518,0.6363157986185447
MMR,Myanmar,2016,0.0007535852,16.055555555555557,7.216049382716051,0.0,0.0,0.469787769200266,0.45505438758604333
MMR,Myanmar,2017,0.0003582226,18.75925925925926,12.91358024691358,1.6666666666666667,0.5555555555555556,7.53383676615383,2.8768853418797584
MMR,Myanmar,2018,,21.84567901234568,18.886831275720166,2.777777777777778,1.4814814814814816,6.02870411336858,4.677442882907559
MMR,Myanmar,2019,0.002092532,21.84567901234568,20.81687242798354,4.761904761904762,3.0687830687830684,4.51638176248917,6.026307547337193
MMR,Myanmar,2020,0.0009696687,24.067901234567906,22.58641975308642,4.761904761904762,4.1005291005291005,2.75051999089837,4.43186862225204
MMR,Myanmar,2021,0.00064487,24.067901234567906,23.327160493827165,5.798941798941799,5.107583774250441,3.17252493795944,3.47980889711566
MMR,Myanmar,2022,,24.067901234567906,24.06790123456791,23.560846560846564,11.37389770723104,5.06936843360325,3.66413778748702
MMR,Myanmar,2023,,24.067901234567906,24.06790123456791,41.53703703703704,23.63227513227513,2.61457839564408,3.6188239224022567
MNE,Montenegro,2013,0.002308509,11.876543209876544,11.876543209876544,4.925925925925926,4.925925925925926,10.7846783653116,9.793237831752887
MNE,Montenegro,2014,,17.06172839506173,13.604938271604942,5.75925925925926,5.203703703703704,7.90450290652619,8.980929256242183
MNE,Montenegro,2015,0.001183768,17.06172839506173,15.333333333333336,5.75925925925926,5.481481481481482,14.6195848959385,11.102922055925431
MNE,Montenegro,2016,,22.246913580246915,18.790123456790127,5.75925925925926,5.75925925925926,12.7654405105783,11.763176104347664
MNE,Montenegro,2017,0.001074668,38.91358024691358,26.074074074074076,5.75925925925926,5.75925925925926,5.56462581692143,10.98321707447941
MNE,Montenegro,2018,,38.91358024691358,33.358024691358025,5.75925925925926,5.75925925925926,4.23802961613367,7.5226986478778
MNE,Montenegro,2019,0.001046266,55.20987654320988,44.34567901234569,5.75925925925926,5.75925925925926,3.15384813400145,4.318834522352184
MNE,Montenegro,2020,,55.20987654320988,49.77777777777778,5.75925925925926,5.75925925925926,6.88996477506703,4.760614175067384
MNE,Montenegro,2021,0.0009673051,55.20987654320988,55.20987654320988,5.75925925925926,5.75925925925926,7.60795093697407,5.883921282014183
MNE,Montenegro,2022,,55.20987654320988,55.20987654320988,7.240740740740742,6.253086419753088,9.44448387506183,7.980799862367642
MNE,Montenegro,2023,0.003468128,55.20987654320988,55.20987654320988,13.074074074074076,8.69135802469136,8.2101950697073,8.420876627247734
MNG,Mongolia,2013,0.001154255,0.7407407407407408,0.7407407407407408,0.0,0.0,,
MNG,Mongolia,2014,0.002350563,0.7407407407407408,0.7407407407407408,0.0,0.0,16.2910691967733,
MNG,Mongolia,2015,0.0004735073,2.592592592592593,1.3580246913580247,0.0,0.0,19.6159698597296,
MNG,Mongolia,2016,0.001130378,7.222222222222224,3.518518518518519,0.0,0.0,4.16465439611581,13.357231150872904
MNG,Mongolia,2017,0.002149336,7.222222222222224,5.679012345679014,0.0,0.0,16.4846204108777,13.421748222241035
MNG,Mongolia,2018,,7.222222222222224,7.222222222222224,0.0,0.0,3.46794374833655,8.039072851776686
MNG,Mongolia,2019,0.001743776,13.51851851851852,9.320987654320989,30.425925925925924,10.141975308641975,4.99382130403029,8.315461821081513
MNG,Mongolia,2020,0.0006464458,15.555555555555555,12.098765432098766,37.44973544973545,22.625220458553787,18.9440212140792,9.135262088815347
MNG,Mongolia,2021,,27.685185185185187,18.919753086419753,37.44973544973545,35.10846560846561,2.96619929848136,8.968013938863617
MNG,Mongolia,2022,,29.53703703703704,24.259259259259263,37.44973544973545,37.44973544973545,22.0206999866538,14.643640166404786
MNG,Mongolia,2023,,32.12962962962963,29.783950617283953,37.44973544973545,37.44973544973545,30.8141690897359,18.600356124957017
MOZ,Mozambique,2013,,0.0,0.0,33.404761904761905,27.15079365079365,24.740888093136,
MOZ,Mozambique,2014,,0.0,0.0,35.7063492063492,31.156084656084655,13.6254699105884,
MOZ,Mozambique,2015,,0.0,0.0,44.37301587301587,37.82804232804233,5.71655076302865,14.694302922251017
MOZ,Mozambique,2016,,1.1111111111111112,0.3703703703703704,45.03968253968255,41.70634920634921,11.6693867155464,10.337135796387818
MOZ,Mozambique,2017,,1.1111111111111112,0.7407407407407408,45.03968253968255,44.81746031746032,1.62085804316688,6.335598507247309
MOZ,Mozambique,2018,,1.1111111111111112,1.1111111111111112,51.46825396825396,47.18253968253969,10.7105159389031,8.000253565872127
MOZ,Mozambique,2019,,1.1111111111111112,1.1111111111111112,51.46825396825396,49.32539682539683,4.2932104646686,5.54152814891286
MOZ,Mozambique,2020,,1.1111111111111112,1.1111111111111112,58.13492063492063,53.69047619047618,1.08270235723456,5.362142920268753
MOZ,Mozambique,2021,,1.1111111111111112,1.1111111111111112,58.13492063492063,55.91269841269841,0.844313381295891,2.0734087343996834
MOZ,Mozambique,2022,,8.703703703703704,3.641975308641975,58.13492063492063,58.13492063492063,1.59903962784626,1.1753517887922371
MOZ,Mozambique,2023,,8.703703703703704,6.172839506172839,58.13492063492063,58.13492063492063,3.17962418116621,1.8743257301027871
MRT,Mauritania,2013,,7.5925925925925934,7.407407407407408,2.037037037037037,2.037037037037037,,
MRT,Mauritania,2014,,7.5925925925925934,7.592592592592593,2.037037037037037,2.037037037037037,,
MRT,Mauritania,2015,,7.5925925925925934,7.592592592592593,16.037037037037038,6.703703703703705,,
MRT,Mauritania,2016,0.0005651889,7.5925925925925934,7.592592592592593,33.77513227513227,17.28306878306878,,
MRT,Mauritania,2017,0.001432891,8.333333333333334,7.839506172839506,34.886243386243386,28.23280423280423,0.0020465249541159,
MRT,Mauritania,2018,,8.333333333333334,8.08641975308642,34.886243386243386,34.51587301587301,,
MRT,Mauritania,2019,,8.333333333333334,8.333333333333334,34.886243386243386,34.886243386243386,,
MRT,Mauritania,2020,0.0009696687,8.333333333333334,8.333333333333334,43.05291005291006,37.608465608465615,0.0131448005159537,
MRT,Mauritania,2021,0.0009673051,8.333333333333334,8.333333333333334,43.05291005291006,40.33068783068783,2.04844860504343,
MRT,Mauritania,2022,,8.641975308641975,8.436213991769549,44.71957671957672,43.608465608465615,5.07698180804383,2.3795250712010714
MRT,Mauritania,2023,,11.882716049382717,9.619341563786008,46.50529100529101,44.75925925925926,3.97949338201203,3.7016412650330963
MWI,Malawi,2013,,0.0,0.0,1.5,1.5,2.12768909410415,6.588484689554064
MWI,Malawi,2014,,0.0,0.0,1.5,1.5,11.4580180393559,9.748807303030418
MWI,Malawi,2015,,0.0,0.0,1.5,1.5,4.13166608127182,5.90579107157729
MWI,Malawi,2016,,0.0,0.0,2.055555555555556,1.6851851851851851,1.2871623503437,5.625615490323807
MWI,Malawi,2017,,0.0,0.0,2.055555555555556,1.8703703703703705,2.37156083791477,2.5967964231767633
MWI,Malawi,2018,,1.1111111111111112,0.3703703703703704,2.055555555555556,2.055555555555556,2.01243154383311,1.8903849106971935
MWI,Malawi,2019,,13.27777777777778,4.796296296296297,2.055555555555556,2.055555555555556,2.14917014000118,2.17772084058302
MWI,Malawi,2020,,15.129629629629632,9.839506172839508,6.023809523809524,3.378306878306878,6.84439153559323,3.66866440647584
MWI,Malawi,2021,,15.129629629629632,14.512345679012348,6.023809523809524,4.701058201058201,2.79814154290263,3.9305677394990135
MWI,Malawi,2022,,16.685185185185187,15.64814814814815,6.023809523809524,6.023809523809523,6.07356230862874,5.238698462374867
MWI,Malawi,2023,,16.90740740740741,16.240740740740744,6.023809523809524,6.023809523809523,2.30769539307614,3.7264664148691704
MYS,Malaysia,2013,0.1327297,14.69135802469136,13.30246913580247,7.452380952380952,2.9285714285714284,47.5749674208281,48.19765574720646
MYS,Malaysia,2014,0.1041131,26.728395061728392,18.24074074074074,7.452380952380952,5.19047619047619,48.4707442408569,47.8182051960407
MYS,Malaysia,2015,0.07846692,28.91975308641976,23.44650205761317,8.119047619047619,7.674603174603174,49.2192547300414,48.4216554639088
MYS,Malaysia,2016,0.08767964,59.75308641975308,38.46707818930041,8.119047619047619,7.896825396825396,48.4853806485296,48.7251265398093
MYS,Malaysia,2017,0.06705928,61.60493827160493,50.09259259259259,13.515873015873016,9.917989417989418,49.058669616671,48.92110166508066
MYS,Malaysia,2018,0.06137378,62.34567901234568,61.23456790123456,20.73809523809524,14.124338624338625,51.124071112731,49.55604045931053
MYS,Malaysia,2019,0.08976961,62.34567901234568,62.09876543209876,27.404761904761905,20.552910052910054,53.1812872322082,51.121342653870066
MYS,Malaysia,2020,0.06823236,63.08641975308641,62.59259259259259,38.07142857142857,28.73809523809524,51.5927774360365,51.96604526032524
MYS,Malaysia,2021,0.08705746,63.08641975308641,62.8395061728395,38.07142857142857,34.51587301587301,53.8128736631656,52.862312777136765
MYS,Malaysia,2022,0.04416605,63.08641975308641,63.08641975308641,38.07142857142857,38.07142857142857,51.6786836379514,52.36144491238449
MYS,Malaysia,2023,0.05518177,63.08641975308641,63.08641975308641,40.88888888888889,39.01058201058201,58.2818244031486,54.5911272347552
NER,Niger,2013,0.0007695031,0.0,0.0,8.603174603174605,8.325396825396828,13.1785472255285,9.015502377631073
NER,Niger,2014,,0.0,0.0,13.15873015873016,10.121693121693124,57.6881581187528,25.562710627740596
NER,Niger,2015,,0.0,0.0,13.15873015873016,11.640211640211641,60.2998175217565,43.72217428867927
NER,Niger,2016,0.0007535852,7.493827160493827,2.4979423868312756,16.492063492063494,14.26984126984127,15.8616238445724,44.6165331616939
NER,Niger,2017,0.003940449,14.80864197530864,7.4341563786008225,18.873015873015877,16.174603174603174,6.84597615137191,27.66913917256694
NER,Niger,2018,0.001033229,14.80864197530864,12.370370370370368,18.873015873015877,18.079365079365083,18.3242722479887,13.67729074797767
NER,Niger,2019,,14.80864197530864,14.80864197530864,21.253968253968257,19.66666666666667,8.5620541870854,11.244100862148668
NER,Niger,2020,,15.919753086419751,15.179012345679011,21.253968253968257,20.460317460317466,5.6497007048141,10.845342379962732
NER,Niger,2021,0.00064487,25.24074074074074,18.656378600823043,30.611111111111107,24.373015873015873,12.240926752223,8.817560548040833
NER,Niger,2022,0.001078097,25.24074074074074,22.133744855967077,34.301587301587304,28.722222222222218,32.369958747641,16.7535287348927
NER,Niger,2023,,32.18518518518518,27.555555555555554,34.301587301587304,33.07142857142858,13.8708147800163,19.493900093293433
NGA,Nigeria,2013,0.006874227,0.0,0.0,0.5555555555555556,0.5555555555555556,1.89161536639165,1.4159757227311298
NGA,Nigeria,2014,0.004648891,0.0,0.0,0.5555555555555556,0.5555555555555556,2.99169141904529,2.0498556686594465
NGA,Nigeria,2015,0.003551305,0.0,0.0,0.5555555555555556,0.5555555555555556,2.10796896763846,2.3304252510251335
NGA,Nigeria,2016,0.003391133,1.5432098765432098,0.51440329218107,2.777777777777778,1.2962962962962965,11.9058756250214,5.668512003901717
NGA,Nigeria,2017,0.0007164453,2.6234567901234573,1.388888888888889,2.777777777777778,2.037037037037037,2.35102616010413,5.454956917587997
NGA,Nigeria,2018,0.001033229,2.6234567901234573,2.263374485596708,4.722222222222223,3.425925925925927,2.3303518190456,5.529084534723711
NGA,Nigeria,2019,0.0006975106,2.6234567901234573,2.6234567901234573,4.722222222222223,4.074074074074075,1.9287782652252,2.203385414791643
NGA,Nigeria,2020,,7.870370370370371,4.372427983539096,6.111111111111111,5.185185185185186,1.48240117353044,1.9138437526004133
NGA,Nigeria,2021,,11.425925925925926,7.306584362139918,8.206349206349206,6.346560846560846,6.94412309573588,3.4517675114971733
NGA,Nigeria,2022,0.003306165,14.092592592592592,11.129629629629632,9.03968253968254,7.785714285714286,6.4879650491258,4.97149643946404
NGA,Nigeria,2023,,21.90740740740741,15.80864197530864,16.18253968253968,11.142857142857144,2.38488302901383,5.27232372462517
NIC,Nicaragua,2013,,19.47530864197531,19.372427983539097,44.07142857142857,42.00793650793651,0.245001979336069,4.11045785685097
NIC,Nicaragua,2014,,19.47530864197531,19.47530864197531,45.5,44.07142857142858,0.367682069502376,2.4414456796412085
NIC,Nicaragua,2015,,19.47530864197531,19.47530864197531,45.5,45.02380952380952,0.468464498033893,0.36038284895744593
NIC,Nicaragua,2016,,20.58641975308642,19.84567901234568,45.5,45.5,0.583114233618528,0.47308693371826566
NIC,Nicaragua,2017,,20.58641975308642,20.21604938271605,50.22222222222223,47.074074074074076,0.798662569451357,0.616747100367926
NIC,Nicaragua,2018,,30.83333333333333,24.00205761316872,50.777777777777786,48.833333333333336,0.599501195254011,0.6604259994412988
NIC,Nicaragua,2019,,30.83333333333333,27.417695473251026,57.44444444444444,52.81481481481482,0.676886131607261,0.6916832987708763
NIC,Nicaragua,2020,,31.944444444444443,31.2037037037037,57.44444444444444,55.22222222222223,1.06257046280076,0.7796525965540106
NIC,Nicaragua,2021,,31.944444444444443,31.574074074074073,57.44444444444444,57.444444444444436,0.537956804975234,0.7591377997944182
NIC,Nicaragua,2022,,31.944444444444443,31.944444444444443,57.44444444444444,57.444444444444436,1.21798820225134,0.939505156675778
NIC,Nicaragua,2023,,34.72222222222222,32.87037037037037,57.44444444444444,57.444444444444436,1.25539321315719,1.003779406794588
NLD,Netherlands,2013,1.175608,55.98765432098766,43.467078189300416,1.3333333333333337,1.3333333333333337,25.4832942720764,26.19579093438517
NLD,Netherlands,2014,1.159986,67.93209876543209,54.197530864197525,1.3333333333333337,1.3333333333333337,24.6659051147577,25.129427162692867
NLD,Netherlands,2015,1.249586,70.24691358024693,64.72222222222223,4.666666666666667,2.444444444444445,24.5559687632591,24.90172271669773
NLD,Netherlands,2016,1.220695,74.69135802469137,70.9567901234568,4.666666666666667,3.555555555555556,24.074012919385,24.431962265800603
NLD,Netherlands,2017,1.080668,75.00000000000001,73.31275720164611,8.0,5.777777777777779,24.0087404866077,24.2129073897506
NLD,Netherlands,2018,1.07995,75.00000000000001,74.8971193415638,8.0,6.888888888888889,22.9219025245367,23.6682186435098
NLD,Netherlands,2019,1.051283,76.11111111111111,75.37037037037038,8.0,8.0,22.5132061163246,23.147949709156336
NLD,Netherlands,2020,1.049749,77.96296296296296,76.35802469135803,14.190476190476192,10.063492063492063,23.0482346929973,22.8277811112862
NLD,Netherlands,2021,0.8459405,78.88888888888889,77.65432098765432,15.857142857142858,12.682539682539684,23.1639760853804,22.908472298234102
NLD,Netherlands,2022,0.6497334,78.88888888888889,78.58024691358024,17.523809523809526,15.857142857142856,22.0023211908273,22.73817732306833
NLD,Netherlands,2023,0.5949941,78.88888888888889,78.88888888888889,22.060846560846564,18.480599647266317,21.9578380124342,22.374711762880633
NOR,Norway,2013,0.2345061,65.98148148148148,61.351851851851855,47.48148148148148,37.148148148148145,21.1240532638067,21.0122116236045
NOR,Norway,2014,0.1655188,67.83333333333333,64.5925925925926,49.98148148148148,45.64814814814815,21.0205001240338,21.229550766279534
NOR,Norway,2015,0.2164717,67.83333333333333,67.21604938271605,49.98148148148148,49.14814814814815,22.3154505616718,21.486667983170765
NOR,Norway,2016,0.2122096,70.5246913580247,68.73045267489711,53.31481481481482,51.09259259259259,22.2637499039318,21.866566863212466
NOR,Norway,2017,0.2555919,73.76543209876543,70.70781893004114,53.31481481481482,52.2037037037037,20.9563395259628,21.845179997188797
NOR,Norway,2018,0.2867209,75.61728395061729,73.30246913580248,53.31481481481482,53.31481481481482,21.5970984465797,21.6057292921581
NOR,Norway,2019,0.298674,75.61728395061729,75.0,61.31481481481482,55.98148148148149,21.1178200437435,21.223752672095333
NOR,Norway,2020,0.3286207,75.61728395061729,75.61728395061729,61.31481481481482,58.64814814814815,22.4920145628444,21.735644351055868
NOR,Norway,2021,0.2947056,77.09876543209877,76.11111111111111,61.31481481481482,61.31481481481482,22.0688842926826,21.892906299756834
NOR,Norway,2022,0.2596418,77.09876543209877,76.60493827160495,61.31481481481482,61.31481481481482,20.5863715899543,21.715756815160432
NOR,Norway,2023,0.2159873,77.09876543209877,77.09876543209877,61.31481481481482,61.31481481481482,23.8849460450338,22.180067309223563
NPL,Nepal,2013,0.00512773,4.660493827160494,4.660493827160494,0.8333333333333334,0.8333333333333334,0.136727857781523,0.41274015180289664
NPL,Nepal,2014,0.0005876407,4.660493827160494,4.660493827160494,0.8333333333333334,0.8333333333333334,0.322301825518341,0.29144590535733467
NPL,Nepal,2015,0.003748599,4.660493827160494,4.660493827160494,2.166666666666667,1.277777777777778,0.719873715823001,0.3929677997076217
NPL,Nepal,2016,0.0007535852,6.049382716049383,5.1234567901234565,13.277777777777777,5.425925925925925,0.635275666598571,0.5591504026466377
NPL,Nepal,2017,0.004298672,6.049382716049383,5.58641975308642,16.61111111111111,10.685185185185183,0.822614406932481,0.7259212631180176
NPL,Nepal,2018,0.004132914,6.049382716049383,6.049382716049383,18.833333333333336,16.24074074074074,1.1842599479754,0.8807166738354839
NPL,Nepal,2019,,7.314814814814816,6.4711934156378605,18.833333333333336,18.092592592592595,0.63057636781078,0.8791502409062204
NPL,Nepal,2020,0.0009696687,20.524691358024693,11.296296296296298,19.666666666666668,19.11111111111111,1.07452984569387,0.9631220538266833
NPL,Nepal,2021,0.00128974,21.26543209876543,16.368312757201647,19.666666666666668,19.38888888888889,2.44880014385554,1.3846354524533966
NPL,Nepal,2022,0.002156195,23.11728395061728,21.6358024691358,19.666666666666668,19.666666666666668,1.24783157075866,1.5903871867693564
NPL,Nepal,2023,,24.04320987654321,22.808641975308642,19.666666666666668,19.666666666666668,0.617520704475872,1.4380508063633572
NZL,New Zealand,2013,0.1258138,54.14814814814815,52.76543209876544,29.576719576719576,29.021164021164022,10.0832140526896,9.92411152163654
NZL,New Zealand,2014,0.2041464,54.14814814814815,53.53086419753087,42.63227513227513,33.92857142857142,10.7264399315762,10.261144863127747
NZL,New Zealand,2015,0.1193633,54.14814814814815,54.14814814814815,54.81481481481482,42.34126984126984,9.91429177740434,10.241315253890045
NZL,New Zealand,2016,0.08044522,57.85185185185185,55.382716049382715,58.51851851851852,51.98853615520283,10.1125452318052,10.251092313595246
NZL,New Zealand,2017,0.107825,60.35185185185185,57.45061728395061,69.07407407407408,60.802469135802475,10.8777020288641,10.301513012691213
NZL,New Zealand,2018,0.0565176,61.01851851851851,59.74074074074073,69.07407407407408,65.55555555555556,9.2522910740142,10.080846111561167
NZL,New Zealand,2019,0.09786074,61.01851851851851,60.79629629629628,69.74074074074073,69.29629629629629,9.81175442917481,9.98058251068437
NZL,New Zealand,2020,0.1008456,62.87037037037037,61.6358024691358,73.07407407407408,70.62962962962963,9.86594609152879,9.643330531572602
NZL,New Zealand,2021,0.08180176,63.61111111111112,62.5,73.07407407407408,71.96296296296296,9.60874974217951,9.762150087627704
NZL,New Zealand,2022,0.07187316,63.61111111111112,63.3641975308642,73.07407407407408,73.07407407407408,9.76110781430146,9.74526788266992
NZL,New Zealand,2023,0.06288872,63.61111111111112,63.61111111111112,73.07407407407408,73.07407407407408,12.0543415422888,10.474733032923256
OMN,Oman,2013,,3.5185185185185186,3.5185185185185186,2.53968253968254,2.53968253968254,3.3932296645033,
OMN,Oman,2014,,3.5185185185185186,3.5185185185185186,2.53968253968254,2.53968253968254,3.4439119744056,
OMN,Oman,2015,0.001183768,3.5185185185185186,3.5185185185185186,4.761904761904762,3.2804232804232805,4.36109423322214,3.7327452907103464
OMN,Oman,2016,,5.3395061728395055,4.125514403292181,15.11904761904762,7.473544973544975,3.24323565764943,3.6827472884257233
OMN,Oman,2017,0.002149336,9.41358024691358,6.090534979423868,20.23015873015873,13.370370370370372,1.52100556342923,3.041778484766933
OMN,Oman,2018,0.005166143,13.672839506172842,9.47530864197531,24.007936507936503,19.785714285714285,1.1167386982334,1.9603266397706864
OMN,Oman,2019,0.003138798,18.14814814814815,13.74485596707819,30.1984126984127,24.812169312169313,1.25804048128518,1.2985949143159365
OMN,Oman,2020,0.0113128,18.919753086419757,16.913580246913583,34.36507936507937,29.523809523809522,1.50268168879634,1.2924869561049732
OMN,Oman,2021,0.002418263,19.074074074074076,18.71399176954733,39.72222222222222,34.761904761904766,8.4956048791117,3.7521090163977395
OMN,Oman,2022,0.00431239,20.925925925925924,19.639917695473255,54.72222222222223,42.936507936507944,6.61068684650433,5.536324471470789
OMN,Oman,2023,,20.925925925925924,20.308641975308642,54.72222222222223,49.72222222222223,7.61986953322478,7.57538708628027
PAK,Pakistan,2013,0.01545419,10.000000000000002,10.000000000000002,12.96031746031746,11.76984126984127,1.72526018933107,1.7559746871733133
PAK,Pakistan,2014,0.01561818,10.000000000000002,10.000000000000002,12.96031746031746,12.96031746031746,1.92488889432761,1.8215849047412267
PAK,Pakistan,2015,0.0115502,10.000000000000002,10.000000000000002,12.96031746031746,12.96031746031746,1.44811284723987,1.69942064363285
PAK,Pakistan,2016,0.01285939,19.25925925925926,13.08641975308642,15.743386243386244,13.888007054673722,1.60383333392069,1.6589450251627234
PAK,Pakistan,2017,0.007576409,19.25925925925926,16.17283950617284,16.2989417989418,15.00088183421517,1.95739155772638,1.669779246295647
PAK,Pakistan,2018,0.01291536,19.25925925925926,19.25925925925926,16.2989417989418,16.113756613756617,2.1763687688896,1.91253122017889
PAK,Pakistan,2019,0.005405707,19.25925925925926,19.25925925925926,16.2989417989418,16.2989417989418,2.16975284245381,2.1011710563565966
PAK,Pakistan,2020,0.008533085,19.25925925925926,19.25925925925926,20.465608465608465,17.687830687830687,2.30269691786268,2.2162728430686967
PAK,Pakistan,2021,0.00838331,19.25925925925926,19.25925925925926,20.465608465608465,19.07671957671958,1.88781249603383,2.12008741878344
PAK,Pakistan,2022,0.009882559,19.25925925925926,19.25925925925926,20.465608465608465,20.465608465608465,1.48848823606751,1.8929992166546734
PAK,Pakistan,2023,0.002830553,29.44444444444445,22.65432098765432,25.108465608465607,22.013227513227516,1.4322563541998,1.60285236210038
PAN,Panama,2013,0.004617018,29.135802469135804,18.559670781893004,11.38095238095238,10.269841269841269,0.41967918324194,0.8985414909843397
PAN,Panama,2014,0.003525845,32.68518518518519,25.21604938271605,11.38095238095238,11.38095238095238,0.0461195017892019,0.6385682418429041
PAN,Panama,2015,0.001183768,36.388888888888886,32.73662551440329,11.936507936507937,11.566137566137565,0.195655792189705,0.22048482574028228
PAN,Panama,2016,0.0154485,36.388888888888886,35.15432098765432,11.936507936507937,11.751322751322752,0.0004672958739144,0.08074752995094044
PAN,Panama,2017,0.007522676,39.72222222222222,37.5,23.97354497354497,15.948853615520283,1.15654400726274,0.4508890317754532
PAN,Panama,2018,0.01963134,43.88888888888889,40.0,23.97354497354497,19.961199294532626,0.294864160259367,0.48395848779867384
PAN,Panama,2019,0.003836308,51.018518518518526,44.87654320987655,25.402116402116405,24.449735449735453,0.1253387935194,0.525582320347169
PAN,Panama,2020,0.00226256,56.51234567901235,50.473251028806594,31.84391534391535,27.07319223985891,0.295190561101589,0.23846450496011865
PAN,Panama,2021,0.001450958,56.51234567901235,54.681069958847736,32.867724867724874,30.037918871252213,0.743662485653838,0.3880639467582756
PAN,Panama,2022,0.0009702877,57.25308641975309,56.75925925925927,39.2962962962963,34.66931216931217,0.260062226704829,0.43297175782008535
PAN,Panama,2023,0.005086588,57.25308641975309,57.00617283950618,39.2962962962963,37.15343915343916,0.233624548388428,0.412449753582365
PER,Peru,2013,0.01038829,10.648148148148149,10.648148148148149,21.23015873015873,12.817460317460316,4.69465769063035,6.619282193558156
PER,Peru,2014,0.01567042,10.648148148148149,10.648148148148149,21.23015873015873,17.023809523809522,5.00038314811373,5.412443563831894
PER,Peru,2015,0.01538899,10.648148148148149,10.648148148148149,22.8968253968254,21.78571428571429,4.25218632647416,4.649075721739414
PER,Peru,2016,0.01657887,14.660493827160495,11.985596707818933,26.8968253968254,23.674603174603178,5.24340385328889,4.83199110929226
PER,Peru,2017,0.01289602,14.814814814814817,13.37448559670782,31.896825396825392,27.23015873015873,4.79971259913924,4.7651009263007635
PER,Peru,2018,0.009299058,23.76543209876543,17.746913580246915,31.896825396825392,30.230158730158724,5.12232328639173,5.05514657960662
PER,Peru,2019,0.008370127,23.76543209876543,20.781893004115226,32.73015873015873,32.17460317460317,4.68019992138913,4.867411935640033
PER,Peru,2020,0.01470664,23.76543209876543,23.76543209876543,32.73015873015873,32.45238095238095,4.07500438789898,4.62584253189328
PER,Peru,2021,0.009028181,23.76543209876543,23.76543209876543,32.73015873015873,32.73015873015873,4.79483390340119,4.516679404229767
PER,Peru,2022,0.002156195,23.76543209876543,23.76543209876543,32.73015873015873,32.73015873015873,4.46164505002167,4.443827780440613
PER,Peru,2023,0.008477646,23.76543209876543,23.76543209876543,32.73015873015873,32.73015873015873,4.58946616439539,4.61531503927275
PHL,Philippines,2013,0.02327747,19.290123456790123,19.290123456790123,13.981481481481485,12.870370370370372,,
PHL,Philippines,2014,0.03858841,19.290123456790123,19.290123456790123,13.981481481481485,13.981481481481486,,
PHL,Philippines,2015,0.02217592,19.290123456790123,19.290123456790123,13.981481481481485,13.981481481481486,,
PHL,Philippines,2016,0.01733246,19.290123456790123,19.290123456790123,13.981481481481485,13.981481481481486,,
PHL,Philippines,2017,0.0252547,19.753086419753085,19.444444444444443,13.981481481481485,13.981481481481486,,
PHL,Philippines,2018,0.03478536,19.753086419753085,19.598765432098762,13.981481481481485,13.981481481481486,60.3176340363727,
PHL,Philippines,2019,0.02371536,19.753086419753085,19.753086419753085,14.814814814814817,14.259259259259261,61.3459931361948,
PHL,Philippines,2020,0.01839138,21.60493827160494,20.37037037037037,14.814814814814817,14.537037037037038,62.2466747019023,61.3034339581566
PHL,Philippines,2021,0.01666989,22.71604938271605,21.358024691358025,15.555555555555555,15.06172839506173,67.0450915850689,63.54591980772201
PHL,Philippines,2022,0.01516524,23.64197530864197,22.65432098765432,18.41269841269841,16.261022927689595,64.2254083346106,64.5057248738606
PHL,Philippines,2023,0.002312085,26.08641975308642,24.14814814814815,61.25925925925926,31.742504409171076,66.6110921963778,65.96053070535244
PNG,Papua New Guinea,2013,,3.333333333333333,3.3333333333333335,1.388888888888889,1.388888888888889,3.95904789882784,
PNG,Papua New Guinea,2014,,4.444444444444445,3.7037037037037037,2.777777777777778,1.851851851851852,,
PNG,Papua New Guinea,2015,,4.444444444444445,4.0740740740740735,2.777777777777778,2.3148148148148153,,
PNG,Papua New Guinea,2016,,24.38271604938272,11.09053497942387,7.53968253968254,4.365079365079366,,
PNG,Papua New Guinea,2017,,24.38271604938272,17.736625514403293,10.396825396825395,6.904761904761905,,
PNG,Papua New Guinea,2018,,25.49382716049383,24.75308641975309,10.396825396825395,9.444444444444445,,
PNG,Papua New Guinea,2019,,25.49382716049383,25.12345679012346,10.396825396825395,10.396825396825395,,
PNG,Papua New Guinea,2020,,25.49382716049383,25.493827160493833,10.396825396825395,10.396825396825395,29.8156573322952,
PNG,Papua New Guinea,2021,,25.49382716049383,25.493827160493833,17.730158730158728,12.84126984126984,44.7984045910059,
PNG,Papua New Guinea,2022,,25.49382716049383,25.493827160493833,17.730158730158728,15.285714285714283,40.0540621623383,38.22270802854647
PNG,Papua New Guinea,2023,,25.49382716049383,25.493827160493833,17.730158730158728,17.730158730158728,11.9718029373386,32.274756563560935
POL,Poland,2013,0.2262339,25.771604938271608,19.351851851851855,35.38095238095239,33.47619047619048,7.81151383868806,7.383174607086943
POL,Poland,2014,0.2692178,27.160493827160497,24.722222222222225,35.38095238095239,35.38095238095239,8.74501767247922,7.725150641819923
POL,Poland,2015,0.3043693,29.38271604938272,27.438271604938276,37.04761904761905,35.936507936507944,10.0686277870269,8.87505309939806
POL,Poland,2016,0.1852375,34.93827160493827,30.493827160493826,37.04761904761905,36.492063492063494,10.7755213322015,9.863055597235872
POL,Poland,2017,0.2349071,34.93827160493827,33.086419753086425,41.88095238095239,38.658730158730165,10.7154228014203,10.5198573068829
POL,Poland,2018,0.1477861,37.71604938271605,35.8641975308642,41.88095238095239,40.26984126984127,10.6673187252222,10.719420952948
POL,Poland,2019,0.1634616,37.71604938271605,36.79012345679013,44.38095238095239,42.71428571428572,10.3950333891095,10.592591638584
POL,Poland,2020,0.1535309,46.23456790123456,40.55555555555555,51.6031746031746,45.955026455026456,9.8529348361967,10.305095650176135
POL,Poland,2021,0.1891726,46.23456790123456,43.395061728395056,55.6031746031746,50.52910052910053,9.86616548997166,10.038044571759286
POL,Poland,2022,0.1628286,46.23456790123456,46.23456790123456,55.6031746031746,54.269841269841265,9.44556514280936,9.721555156325907
POL,Poland,2023,0.1666243,46.23456790123456,46.23456790123456,55.6031746031746,55.6031746031746,11.6325877772755,10.314772803352174
PRT,Portugal,2013,0.05721255,62.74691358024692,56.32716049382716,51.05555555555556,49.94444444444445,4.49299865197501,4.230031541779783
PRT,Portugal,2014,0.03592444,70.3395061728395,63.302469135802475,51.05555555555556,51.055555555555564,4.70027794789762,4.439088797302369
PRT,Portugal,2015,0.09130798,72.19135802469135,68.42592592592592,52.16666666666667,51.425925925925924,4.88070967963708,4.69132875983657
PRT,Portugal,2016,0.09589371,74.04320987654322,72.19135802469135,52.16666666666667,51.796296296296305,5.07995277461314,4.8869801340492804
PRT,Portugal,2017,0.07858211,74.04320987654322,73.42592592592592,52.16666666666667,52.166666666666664,5.80540001054449,5.25535415493157
PRT,Portugal,2018,0.07643022,74.04320987654322,74.04320987654322,52.72222222222221,52.35185185185185,5.98812595371655,5.62449291295806
PRT,Portugal,2019,0.07951621,76.26543209876543,74.78395061728396,52.72222222222221,52.53703703703703,5.28353269409281,5.692352886117949
PRT,Portugal,2020,0.1029465,77.74691358024693,76.01851851851852,57.72222222222223,54.38888888888888,6.94181475443009,6.071157800746484
PRT,Portugal,2021,0.05997292,79.59876543209877,77.87037037037038,61.05555555555557,57.166666666666664,7.1147115711238,6.446686339882233
PRT,Portugal,2022,0.06576394,79.59876543209877,78.98148148148148,61.05555555555557,59.94444444444446,6.250331404512,6.76895257668863
PRT,Portugal,2023,0.08377456,79.59876543209877,79.59876543209877,61.05555555555557,61.05555555555557,6.99049160072585,6.78517819212055
PRY,Paraguay,2013,,10.555555555555555,8.765432098765432,9.603174603174605,8.531746031746033,8.83816397312963,9.158438898133433
PRY,Paraguay,2014,,11.48148148148148,10.864197530864196,9.603174603174605,9.603174603174605,8.6267090841696,9.157416547404942
PRY,Paraguay,2015,,12.407407407407408,11.481481481481481,15.793650793650793,11.666666666666666,6.80318285922243,8.089351972173887
PRY,Paraguay,2016,,20.740740740740744,14.876543209876544,15.793650793650793,13.73015873015873,6.03842102427882,7.156104322556949
PRY,Paraguay,2017,,22.592592592592595,18.58024691358025,15.793650793650793,15.793650793650793,7.63626798600085,6.825957289834034
PRY,Paraguay,2018,0.003099686,23.98148148148148,22.438271604938276,16.460317460317462,16.015873015873016,6.43135601964578,6.70201500997515
PRY,Paraguay,2019,0.002092532,23.98148148148148,23.51851851851852,16.460317460317462,16.238095238095237,9.73585990716157,7.934494637602733
PRY,Paraguay,2020,,25.09259259259259,24.35185185185185,16.460317460317462,16.460317460317462,7.18301132925583,7.783409085354394
PRY,Paraguay,2021,0.00064487,25.09259259259259,24.722222222222218,16.460317460317462,16.460317460317462,5.14832153749358,7.355730924636994
PRY,Paraguay,2022,,25.09259259259259,25.09259259259259,16.460317460317462,16.460317460317462,7.42054598468191,6.5839596171437735
PRY,Paraguay,2023,,25.09259259259259,25.09259259259259,16.460317460317462,16.460317460317462,10.5619939338891,7.71028715202153
PSE,West Bank and Gaza,2013,,18.60493827160494,16.11934156378601,8.240740740740742,2.7469135802469142,0.316657818013802,1.1795413334369431
PSE,West Bank and Gaza,2014,0.003525845,18.60493827160494,17.362139917695476,8.240740740740742,5.4938271604938285,0.0947994440558846,0.2066839300964912
PSE,West Bank and Gaza,2015,0.003551305,19.99382716049383,19.067901234567902,8.240740740740742,8.240740740740742,0.234222701172162,0.21522665441394953
PSE,West Bank and Gaza,2016,,22.000000000000004,20.19958847736626,9.62962962962963,8.703703703703704,0.961927850642306,0.43031666529011753
PSE,West Bank and Gaza,2017,,26.07407407407408,22.689300411522638,9.62962962962963,9.166666666666666,0.717403672954043,0.6378514082561703
PSE,West Bank and Gaza,2018,,26.07407407407408,24.716049382716054,16.296296296296298,11.851851851851853,0.615204104781565,0.7648452094593047
PSE,West Bank and Gaza,2019,0.001046266,26.07407407407408,26.07407407407408,16.296296296296298,14.074074074074076,0.850022002024037,0.7275432599198816
PSE,West Bank and Gaza,2020,0.0009696687,29.77777777777778,27.308641975308646,16.666666666666668,16.419753086419753,0.903315434063868,0.7895138469564901
PSE,West Bank and Gaza,2021,0.00193461,35.98148148148149,30.611111111111114,17.037037037037038,16.666666666666668,1.69747322599568,1.1502702206945283
PSE,West Bank and Gaza,2022,,35.98148148148149,33.91358024691359,17.037037037037038,16.913580246913583,1.60088574523558,1.400558135098376
PSE,West Bank and Gaza,2023,,35.98148148148149,35.98148148148149,17.037037037037038,17.037037037037038,1.25502447705891,1.5177944827633898
QAT,Qatar,2013,0.005386522,22.55555555555556,10.687242798353912,9.626984126984128,7.923280423280424,0.602919142811633,
QAT,Qatar,2014,0.01527866,23.790123456790123,17.279835390946506,11.293650793650794,9.997354497354499,0.545850322010568,0.38475903124972266
QAT,Qatar,2015,0.02308348,30.734567901234566,25.693415637860085,11.293650793650794,10.738095238095239,0.0491247091487031,0.3992980579903014
QAT,Qatar,2016,0.0256219,35.7037037037037,30.076131687242796,15.96031746031746,12.84920634920635,1.10477339089951,0.5665828073529271
QAT,Qatar,2017,0.01844847,44.9320987654321,37.123456790123456,26.07936507936508,17.777777777777775,0.0011329077873185,0.38501033594517725
QAT,Qatar,2018,0.01498182,48.17283950617284,42.93621399176954,30.079365079365083,24.03968253968254,0.0055062022179248,0.3704708336349178
QAT,Qatar,2019,0.005231329,49.28395061728395,47.46296296296296,34.24603174603175,30.134920634920636,1.80193719050782,0.6028587668376878
QAT,Qatar,2020,0.01422181,50.67283950617284,49.37654320987654,34.24603174603175,32.85714285714286,0.0025038557443289,0.6033157494900246
QAT,Qatar,2021,0.01160766,54.59876543209876,51.51851851851851,37.57936507936508,35.35714285714286,7.11180465191852,2.9720818993902234
QAT,Qatar,2022,0.00431239,59.22839506172839,54.833333333333336,37.57936507936508,36.46825396825397,1.71940426411282,2.944570923925223
QAT,Qatar,2023,0.002312085,59.22839506172839,57.68518518518518,37.57936507936508,37.57936507936508,2.85969941273396,3.8969694429217667
ROU,Romania,2013,0.04882497,39.25925925925927,36.635802469135804,55.58465608465608,54.61904761904762,8.17987951236471,10.78137823985057
ROU,Romania,2014,0.02989133,48.61111111111112,42.37654320987655,55.58465608465608,55.399470899470906,7.3981832313214,9.071300861340237
ROU,Romania,2015,0.02624019,65.83333333333333,51.23456790123458,56.41798941798942,55.86243386243385,8.41047672645864,7.996179823381584
ROU,Romania,2016,0.0357953,74.51851851851852,62.98765432098765,60.70370370370371,57.56878306878307,9.41414780224134,8.407602586673793
ROU,Romania,2017,0.06161429,76.37037037037038,72.24074074074075,60.70370370370371,59.27513227513228,10.3924513925489,9.405691973749626
ROU,Romania,2018,0.04146691,76.37037037037038,75.7530864197531,60.70370370370371,60.70370370370372,9.77959738479042,9.862065526526886
ROU,Romania,2019,0.03250399,76.37037037037038,76.37037037037038,60.70370370370371,60.70370370370372,10.0771915943775,10.083080123905606
ROU,Romania,2020,0.02973651,76.37037037037038,76.37037037037038,60.70370370370371,60.70370370370372,11.0725693077429,10.30978609563694
ROU,Romania,2021,0.03520991,77.77777777777779,76.8395061728395,62.37037037037037,61.25925925925926,11.9370424850698,11.028934462396734
ROU,Romania,2022,0.02371814,77.77777777777779,77.30864197530865,62.37037037037037,61.81481481481482,11.4879408346099,11.499184209140864
ROU,Romania,2023,0.03121315,77.77777777777779,77.77777777777779,62.37037037037037,62.37037037037036,11.85733755602,11.760773625233233
RUS,Russian Federation,2013,0.3351786,37.38888888888889,31.87037037037037,22.22222222222222,22.222222222222218,9.08148979631111,8.975504412732734
RUS,Russian Federation,2014,0.3733869,37.61111111111112,35.48765432098766,22.88888888888889,22.444444444444446,10.6336135964435,9.378961486149723
RUS,Russian Federation,2015,0.2690141,43.79629629629629,39.598765432098766,25.22222222222222,23.444444444444446,12.1254086015011,10.613503998085237
RUS,Russian Federation,2016,0.3005298,43.79629629629629,41.73456790123456,25.22222222222222,24.444444444444443,15.992066533226,12.917029577056866
RUS,Russian Federation,2017,0.3275767,43.79629629629629,43.79629629629628,25.22222222222222,25.222222222222218,15.7901190501232,14.635864728283432
RUS,Russian Federation,2018,0.3158777,46.2037037037037,44.598765432098766,33.55555555555556,28.0,12.3246991949294,14.702294926092867
RUS,Russian Federation,2019,0.2723978,46.2037037037037,45.401234567901234,33.55555555555556,30.777777777777782,11.3552822642706,13.156700169774401
RUS,Russian Federation,2020,0.3158581,46.2037037037037,46.2037037037037,33.55555555555556,33.55555555555556,12.9053155381414,12.195098999113801
RUS,Russian Federation,2021,0.2115711,46.2037037037037,46.2037037037037,33.55555555555556,33.55555555555556,9.19363897787208,11.151412260094693
RUS,Russian Federation,2022,0.1397933,46.94444444444444,46.45061728395061,41.55555555555556,36.22222222222222,9.72984772707015,10.609600747694543
RUS,Russian Federation,2023,0.1051999,46.94444444444444,46.697530864197525,41.55555555555556,38.88888888888889,,
RWA,Rwanda,2013,,6.141975308641976,5.936213991769548,0.3703703703703703,0.12345679012345677,5.08510868802662,8.644739710375184
RWA,Rwanda,2014,,13.271604938271608,8.415637860082304,0.3703703703703703,0.24691358024691354,4.99734663070137,7.935980262210429
RWA,Rwanda,2015,,13.641975308641978,11.01851851851852,1.4814814814814816,0.7407407407407408,11.85599169714,7.312815671955996
RWA,Rwanda,2016,0.001130378,18.2283950617284,15.047325102880663,5.132275132275133,2.3280423280423284,15.3250917465076,10.726143358116325
RWA,Rwanda,2017,,19.462962962962965,17.111111111111114,5.132275132275133,3.915343915343916,13.5312841197923,13.570789187813299
RWA,Rwanda,2018,,19.462962962962965,19.05144032921811,10.132275132275131,6.7989417989418,2.66118423802865,10.505853368109516
RWA,Rwanda,2019,,21.623456790123456,20.18312757201646,11.05820105820106,8.774250440917108,2.58732381679454,6.25993072487183
RWA,Rwanda,2020,,40.63580246913581,27.240740740740744,16.70634920634921,12.632275132275133,10.7603832689793,5.336297107934164
RWA,Rwanda,2021,,42.858024691358025,35.03909465020576,19.03968253968254,15.60141093474427,7.55938643936416,6.969031175046001
RWA,Rwanda,2022,,49.80246913580247,44.4320987654321,26.8968253968254,20.880952380952383,5.10240802707913,7.807392578474197
RWA,Rwanda,2023,,53.50617283950617,48.72222222222222,31.730158730158728,25.88888888888889,4.78472979585672,5.8155080874333365
SAU,Saudi Arabia,2013,0.1545547,15.648148148148149,11.69753086419753,0.0,0.0,0.661180453006294,0.6675504018695824
SAU,Saudi Arabia,2014,0.2046949,20.246913580246915,15.205761316872428,0.0,0.0,0.712767946904906,0.6548704590763874
SAU,Saudi Arabia,2015,0.2695045,21.790123456790123,19.228395061728396,0.0,0.0,0.590932385012284,0.6549602616411613
SAU,Saudi Arabia,2016,0.2297681,26.23456790123457,22.757201646090536,3.333333333333333,1.111111111111111,0.787374421693095,0.697024917870095
SAU,Saudi Arabia,2017,0.389997,29.32098765432099,25.78189300411523,3.333333333333333,2.222222222222222,1.30537351092227,0.894560105875883
SAU,Saudi Arabia,2018,0.2594093,35.03086419753087,30.19547325102881,9.166666666666668,5.277777777777778,0.734713774616693,0.9424872357440193
SAU,Saudi Arabia,2019,0.2927801,40.75308641975309,35.034979423868315,9.166666666666668,7.222222222222222,0.544773695868422,0.8616203271357948
SAU,Saudi Arabia,2020,0.2942945,46.308641975308646,40.69753086419754,9.166666666666668,9.166666666666668,0.644531120548462,0.6413395303445256
SAU,Saudi Arabia,2021,0.1900755,57.06790123456791,48.043209876543216,21.865079365079364,13.399470899470899,0.605067588286761,0.598124134901215
SAU,Saudi Arabia,2022,0.132606,69.75308641975309,57.70987654320988,38.0925925925926,23.041446208112877,0.305715240109385,0.518437982981536
SAU,Saudi Arabia,2023,0.1056623,69.75308641975309,65.5246913580247,38.0925925925926,32.683421516754855,0.29527343068195,0.402018753026032
SDN,Sudan,2013,0.002308509,1.1111111111111112,1.1111111111111112,0.8333333333333334,0.8333333333333334,0.0164086407902401,
SDN,Sudan,2014,,1.1111111111111112,1.1111111111111112,0.8333333333333334,0.8333333333333334,0.847953710103873,
SDN,Sudan,2015,,1.1111111111111112,1.1111111111111112,0.8333333333333334,0.8333333333333334,1.09861262459948,0.6543249918311977
SDN,Sudan,2016,,1.1111111111111112,1.1111111111111112,0.8333333333333334,0.8333333333333334,0.691804670187664,0.879457001630339
SDN,Sudan,2017,,1.1111111111111112,1.1111111111111112,0.8333333333333334,0.8333333333333334,1.15970094833133,0.9833727477061581
SDN,Sudan,2018,0.003099686,1.1111111111111112,1.1111111111111112,0.8333333333333334,0.8333333333333334,0.600626152786153,0.8173772571017156
SDN,Sudan,2019,0.003138798,1.1111111111111112,1.1111111111111112,0.8333333333333334,0.8333333333333334,2.20240348221045,1.3209101944426445
SDN,Sudan,2020,,1.1111111111111112,1.1111111111111112,8.134920634920636,3.267195767195768,,
SDN,Sudan,2021,0.0004836525,1.1111111111111112,1.1111111111111112,9.801587301587302,6.256613756613756,,
SDN,Sudan,2022,,24.62345679012346,8.948559670781894,11.46825396825397,9.801587301587302,,
SDN,Sudan,2023,,24.62345679012346,16.786008230452676,11.46825396825397,10.912698412698413,,
SEN,Senegal,2013,,2.6234567901234573,1.8004115226337454,2.537037037037037,2.537037037037037,0.866652258345526,1.2086712542178266
SEN,Senegal,2014,,2.6234567901234573,2.6234567901234573,5.870370370370371,3.648148148148149,1.48006700980188,1.0811704998309966
SEN,Senegal,2015,0.001183768,7.253086419753087,4.166666666666667,5.870370370370371,4.7592592592592595,1.83106566694929,1.3925949783655653
SEN,Senegal,2016,,9.47530864197531,6.450617283950618,5.870370370370371,5.870370370370371,3.74965295934514,2.3535952120321033
SEN,Senegal,2017,,9.47530864197531,8.73456790123457,5.870370370370371,5.870370370370371,2.71866597279454,2.766461533029657
SEN,Senegal,2018,0.002066457,18.3641975308642,12.438271604938274,5.870370370370371,5.870370370370371,2.16301090357622,2.877109945238633
SEN,Senegal,2019,0.002092532,18.3641975308642,15.401234567901236,5.870370370370371,5.870370370370371,2.80905964473892,2.563578840369893
SEN,Senegal,2020,,18.3641975308642,18.3641975308642,5.870370370370371,5.870370370370371,0.93592502420732,1.9693318575074867
SEN,Senegal,2021,,32.827160493827165,23.18518518518519,12.537037037037036,8.092592592592593,0.744159035096107,1.496381234680782
SEN,Senegal,2022,,35.141975308641975,28.777777777777782,13.37037037037037,10.592592592592592,1.87918674699481,1.1864236020994123
SEN,Senegal,2023,,36.99382716049383,34.98765432098765,23.37037037037037,16.425925925925927,2.30068688755071,1.6413442232138757
SGP,Singapore,2013,0.2655651,44.50617283950617,35.23662551440329,26.029100529100525,24.609347442680775,48.4626199153623,49.51300440461453
SGP,Singapore,2014,0.2688484,48.61111111111111,42.08847736625514,27.6957671957672,26.584656084656086,50.3271857168025,48.842320442515394
SGP,Singapore,2015,0.2326104,55.432098765432094,49.51646090534979,30.79100529100529,28.17195767195767,50.6403255755208,49.8100437358952
SGP,Singapore,2016,0.2522627,60.5246913580247,54.8559670781893,30.79100529100529,29.759259259259263,52.2174549984101,51.061655430244464
SGP,Singapore,2017,0.2708521,62.376543209876544,59.44444444444445,30.79100529100529,30.79100529100529,52.2327295013631,51.696836691764666
SGP,Singapore,2018,0.2237629,68.70370370370372,63.86831275720166,30.79100529100529,30.79100529100529,53.0720442885638,52.50740959611233
SGP,Singapore,2019,0.1956368,71.94444444444446,67.67489711934157,30.79100529100529,30.79100529100529,51.57228009959,52.292351296505636
SGP,Singapore,2020,0.2607485,71.94444444444446,70.86419753086422,47.12433862433863,36.23544973544974,51.8165690079601,52.153631132037965
SGP,Singapore,2021,0.2456955,76.75925925925928,73.54938271604941,47.494708994709,41.80335097001764,55.2615580095711,52.88346903904039
SGP,Singapore,2022,0.1973278,78.98148148148148,75.89506172839508,47.494708994709,47.371252204585545,54.9722752514087,54.016800756313295
SGP,Singapore,2023,0.2277789,78.98148148148148,78.24074074074075,47.494708994709,47.49470899470899,56.8269189876243,55.68691741620137
SLB,Solomon Islands,2013,,1.1111111111111112,1.1111111111111112,0.0,0.0,,
SLB,Solomon Islands,2014,,1.1111111111111112,1.1111111111111112,0.0,0.0,,
SLB,Solomon Islands,2015,0.001183768,12.62345679012346,4.9485596707818935,9.166666666666668,3.055555555555556,,
SLB,Solomon Islands,2016,0.001130378,12.62345679012346,8.786008230452676,9.166666666666668,6.111111111111112,2.79939518069534,
SLB,Solomon Islands,2017,,12.62345679012346,12.623456790123461,9.166666666666668,9.166666666666668,1.74290501170671,
SLB,Solomon Islands,2018,,15.401234567901238,13.549382716049385,9.166666666666668,9.166666666666668,1.02247016917326,1.8549234538584367
SLB,Solomon Islands,2019,,16.51234567901235,14.845679012345682,9.166666666666668,9.166666666666668,1.35922325473902,1.3748661452063298
SLB,Solomon Islands,2020,,17.623456790123456,16.512345679012345,9.166666666666668,9.166666666666668,,
SLB,Solomon Islands,2021,,17.623456790123456,17.253086419753085,9.166666666666668,9.166666666666668,,
SLB,Solomon Islands,2022,,17.623456790123456,17.623456790123456,10.833333333333334,9.722222222222223,,
SLB,Solomon Islands,2023,,17.623456790123456,17.623456790123456,20.47619047619047,13.492063492063489,,
SLE,Sierra Leone,2013,,0.617283950617284,0.41152263374485604,3.333333333333333,2.222222222222222,,
SLE,Sierra Leone,2014,,0.617283950617284,0.617283950617284,3.333333333333333,3.3333333333333335,,
SLE,Sierra Leone,2015,,0.617283950617284,0.617283950617284,3.888888888888889,3.5185185185185177,0.0084808937256984,
SLE,Sierra Leone,2016,,7.65432098765432,2.9629629629629632,3.888888888888889,3.7037037037037037,0.0065370456029266,
SLE,Sierra Leone,2017,,7.65432098765432,5.308641975308642,10.555555555555555,6.111111111111111,0.0012603767364703,0.0054261053550317675
SLE,Sierra Leone,2018,0.001377638,19.69135802469136,11.666666666666666,11.88888888888889,8.777777777777777,0.0648798184326979,0.024225746924031597
SLE,Sierra Leone,2019,0.002092532,19.69135802469136,15.679012345679014,11.88888888888889,11.444444444444445,0.736114020377876,0.2674180718490147
SLE,Sierra Leone,2020,,19.69135802469136,19.69135802469136,16.555555555555554,13.444444444444443,,
SLE,Sierra Leone,2021,,19.69135802469136,19.69135802469136,16.555555555555554,15.0,,
SLE,Sierra Leone,2022,,19.69135802469136,19.69135802469136,21.55555555555556,18.222222222222225,,
SLE,Sierra Leone,2023,,19.69135802469136,19.69135802469136,21.55555555555556,19.88888888888889,,
SLV,El Salvador,2013,0.0005771273,16.913580246913583,8.395061728395062,19.775132275132275,11.256613756613758,6.00783784534244,6.6555443656721875
SLV,El Salvador,2014,,16.913580246913583,12.839506172839508,24.14550264550265,17.15784832451499,5.65538655234915,6.0996693905020765
SLV,El Salvador,2015,0.002367536,16.913580246913583,16.913580246913583,24.14550264550265,22.688712522045858,5.65258610761317,5.771936835101587
SLV,El Salvador,2016,,28.333333333333336,20.7201646090535,29.5026455026455,25.931216931216934,4.97701394933062,5.4283288697643135
SLV,El Salvador,2017,0.002149336,30.55555555555556,25.26748971193416,29.5026455026455,27.716931216931215,5.37320139679434,5.334267151246043
SLV,El Salvador,2018,0.004132914,31.666666666666668,30.18518518518519,29.5026455026455,29.502645502645503,5.73736147193314,5.362525606019367
SLV,El Salvador,2019,,31.666666666666668,31.2962962962963,33.5026455026455,30.835978835978835,6.12699337415169,5.745852080959723
SLV,El Salvador,2020,,38.27160493827161,33.86831275720165,34.05820105820106,32.35449735449735,5.14076264668843,5.668372497591086
SLV,El Salvador,2021,,38.27160493827161,36.06995884773663,34.05820105820106,33.87301587301587,6.37122274852995,5.879659589790023
SLV,El Salvador,2022,,38.27160493827161,38.27160493827161,34.05820105820106,34.05820105820106,7.17516150721425,6.229048967477543
SLV,El Salvador,2023,0.002312085,38.27160493827161,38.27160493827161,34.05820105820106,34.05820105820106,7.8500188873406,7.1321343810282665
SOM,"Somalia, Fed. Rep.",2013,0.001154255,0.0,0.0,0.0,0.0,,
SOM,"Somalia, Fed. Rep.",2014,,0.0,0.0,0.0,0.0,,
SOM,"Somalia, Fed. Rep.",2015,,0.617283950617284,0.20576131687242802,3.333333333333333,1.111111111111111,,
SOM,"Somalia, Fed. Rep.",2016,,0.617283950617284,0.41152263374485604,3.333333333333333,2.222222222222222,,
SOM,"Somalia, Fed. Rep.",2017,,0.617283950617284,0.617283950617284,3.333333333333333,3.3333333333333335,,
SOM,"Somalia, Fed. Rep.",2018,,0.617283950617284,0.617283950617284,3.333333333333333,3.3333333333333335,,
SOM,"Somalia, Fed. Rep.",2019,,0.617283950617284,0.617283950617284,5.0,3.888888888888888,,
SOM,"Somalia, Fed. Rep.",2020,,2.8395061728395063,1.3580246913580247,5.0,4.444444444444444,,
SOM,"Somalia, Fed. Rep.",2021,,5.283950617283951,2.9135802469135803,5.0,5.0,,
SOM,"Somalia, Fed. Rep.",2022,,5.283950617283951,4.469135802469136,6.666666666666667,5.555555555555556,,
SOM,"Somalia, Fed. Rep.",2023,,5.283950617283951,5.283950617283951,6.666666666666667,6.111111111111112,,
SRB,Serbia,2013,0.01058067,11.48148148148148,9.62962962962963,5.277777777777779,5.277777777777779,,
SRB,Serbia,2014,0.01371162,35.8641975308642,19.053497942386834,39.351851851851855,16.635802469135804,,
SRB,Serbia,2015,0.01262686,35.8641975308642,27.736625514403297,40.55555555555556,28.395061728395063,,
SRB,Serbia,2016,0.01770925,39.56790123456791,37.09876543209877,40.55555555555556,40.15432098765432,,
SRB,Serbia,2017,0.02049034,54.72222222222223,43.384773662551446,40.55555555555556,40.55555555555556,,
SRB,Serbia,2018,0.02307544,60.123456790123456,51.47119341563786,40.55555555555556,40.55555555555556,,
SRB,Serbia,2019,0.01185768,60.123456790123456,58.32304526748971,44.84126984126984,41.98412698412698,,
SRB,Serbia,2020,0.008403796,60.123456790123456,60.12345679012346,44.84126984126984,43.41269841269841,,
SRB,Serbia,2021,0.009673051,60.123456790123456,60.12345679012346,44.84126984126984,44.84126984126984,,
SRB,Serbia,2022,0.00934351,60.123456790123456,60.12345679012346,44.84126984126984,44.84126984126984,,
SRB,Serbia,2023,0.02003807,60.123456790123456,60.12345679012346,44.84126984126984,44.84126984126984,,
SSD,South Sudan,2013,,2.9629629629629632,2.9629629629629632,0.0,0.0,,
SSD,South Sudan,2014,,2.9629629629629632,2.9629629629629632,0.0,0.0,,
SSD,South Sudan,2015,,2.9629629629629632,2.9629629629629632,0.0,0.0,,
SSD,South Sudan,2016,,2.9629629629629632,2.9629629629629632,0.0,0.0,,
SSD,South Sudan,2017,,2.9629629629629632,2.9629629629629632,0.0,0.0,,
SSD,South Sudan,2018,,2.9629629629629632,2.9629629629629632,0.0,0.0,,
SSD,South Sudan,2019,,2.9629629629629632,2.9629629629629632,0.0,0.0,,
SSD,South Sudan,2020,,2.9629629629629632,2.9629629629629632,0.0,0.0,,
SSD,South Sudan,2021,,2.9629629629629632,2.9629629629629632,0.0,0.0,,
SSD,South Sudan,2022,,2.9629629629629632,2.9629629629629632,0.0,0.0,,
SSD,South Sudan,2023,,2.9629629629629632,2.9629629629629632,0.0,0.0,,
SVK,Slovak Republic,2013,0.03231913,48.7037037037037,44.93827160493827,57.494708994709,56.38359788359789,9.56862397042366,8.152525483777413
SVK,Slovak Republic,2014,0.03878429,51.75925925925927,48.61111111111111,58.050264550264544,57.67989417989418,11.0149736185922,9.369420288414807
SVK,Slovak Republic,2015,0.05405875,72.80864197530863,57.75720164609053,58.050264550264544,57.86507936507936,11.14773596298,10.57711118399862
SVK,Slovak Republic,2016,0.05423929,75.27777777777777,66.61522633744856,58.050264550264544,58.05026455026454,11.1586996928016,11.107136424791266
SVK,Slovak Republic,2017,0.04329718,77.12962962962962,75.07201646090535,60.90740740740741,59.0026455026455,10.7371880441488,11.014541233310133
SVK,Slovak Republic,2018,0.03630077,82.12962962962962,78.179012345679,64.24074074074073,61.06613756613757,11.7654202302728,11.220435989074401
SVK,Slovak Republic,2019,0.03180648,82.12962962962962,80.46296296296295,64.24074074074073,63.129629629629626,10.6364834767426,11.046363917054734
SVK,Slovak Republic,2020,0.03086779,82.87037037037037,82.37654320987654,64.24074074074073,64.24074074074073,9.91238882702626,10.771430844680554
SVK,Slovak Republic,2021,0.03756368,82.87037037037037,82.62345679012346,64.24074074074073,64.24074074074073,9.99741446798114,10.182095590583332
SVK,Slovak Republic,2022,0.02120258,82.87037037037037,82.87037037037037,64.24074074074073,64.24074074074073,9.00138940151075,9.637064232172717
SVK,Slovak Republic,2023,0.01965272,82.87037037037037,82.87037037037037,64.24074074074073,64.24074074074073,8.49041601420597,9.163073294565953
SWE,Sweden,2013,0.9400662,13.932098765432098,10.718106995884773,10.428571428571429,9.317460317460318,17.9838317924104,18.697826032489868
SWE,Sweden,2014,1.041299,18.19135802469136,14.055555555555555,12.412698412698411,11.08994708994709,18.0253832958642,18.235792385106034
SWE,Sweden,2015,1.014952,19.117283950617285,17.08024691358025,13.523809523809524,12.121693121693122,17.8774672401497,17.9622274428081
SWE,Sweden,2016,1.018896,20.96913580246914,19.425925925925927,14.19047619047619,13.375661375661375,18.1290954128906,18.01064864963483
SWE,Sweden,2017,1.056775,20.96913580246914,20.351851851851855,15.764550264550266,14.49294532627866,17.8376016375053,17.9480547635152
SWE,Sweden,2018,0.9708068,48.56172839506173,30.166666666666668,37.8015873015873,22.58553791887125,15.1103424459526,17.025679832116165
SWE,Sweden,2019,0.9732913,72.48148148148148,47.33744855967078,59.88095238095239,37.81569664902998,14.1643140590828,15.704086047513568
SWE,Sweden,2020,0.9918742,73.5925925925926,64.87860082304526,59.88095238095239,52.521164021164026,14.5057835745267,14.5934800265207
SWE,Sweden,2021,0.9232927,75.14814814814815,73.74074074074075,59.88095238095239,59.88095238095239,15.1359508380239,14.602016157211132
SWE,Sweden,2022,0.8673653,75.14814814814815,74.62962962962963,59.88095238095239,59.88095238095239,13.9348317468926,14.525522053147734
SWE,Sweden,2023,0.812775,75.14814814814815,75.14814814814815,59.88095238095239,59.88095238095239,17.2566541363702,15.442478907095568
TCD,Chad,2013,,11.944444444444446,9.228395061728396,0.0,0.0,,
TCD,Chad,2014,,11.944444444444446,10.586419753086421,0.0,0.0,,
TCD,Chad,2015,,11.944444444444446,11.944444444444448,0.0,0.0,,
TCD,Chad,2016,,11.944444444444446,11.944444444444448,0.0,0.0,,
TCD,Chad,2017,,11.944444444444446,11.944444444444448,3.333333333333333,1.111111111111111,,
TCD,Chad,2018,,11.944444444444446,11.944444444444448,3.333333333333333,2.222222222222222,,
TCD,Chad,2019,,14.90740740740741,12.932098765432102,14.722222222222223,7.12962962962963,,
TCD,Chad,2020,,39.90740740740742,22.253086419753092,38.48148148148148,18.84567901234568,,
TCD,Chad,2021,,39.90740740740742,31.57407407407408,38.48148148148148,30.56172839506173,,
TCD,Chad,2022,,39.90740740740742,39.90740740740742,51.81481481481482,42.925925925925924,,
TCD,Chad,2023,,39.90740740740742,39.90740740740742,51.81481481481482,47.370370370370374,,
TGO,Togo,2013,0.001154255,0.0,0.0,4.444444444444445,3.5185185185185186,0.171441832195438,0.13848414366067346
TGO,Togo,2014,,0.0,0.0,4.444444444444445,3.9814814814814814,0.220281403444823,0.195767093569463
TGO,Togo,2015,0.007891788,0.0,0.0,4.444444444444445,4.444444444444445,0.154374793406122,0.1820326763487943
TGO,Togo,2016,,10.771604938271604,3.590534979423868,11.11111111111111,6.666666666666667,0.804645068568947,0.3931004218066307
TGO,Togo,2017,,10.771604938271604,7.181069958847736,15.0,10.185185185185185,0.0998030691143818,0.3529409770298169
TGO,Togo,2018,,10.771604938271604,10.771604938271603,16.42857142857143,14.179894179894182,0.740557470665412,0.5483352027829136
TGO,Togo,2019,,16.32716049382716,12.623456790123456,20.984126984126984,17.47089947089947,0.0906626481003325,0.31034106262670874
TGO,Togo,2020,,27.80864197530864,18.30246913580247,20.984126984126984,19.465608465608465,0.0535470312830166,0.29492238334958704
TGO,Togo,2021,,29.19753086419753,24.444444444444443,28.84126984126984,23.603174603174605,0.237930203742775,0.12737996104204138
TGO,Togo,2022,,29.19753086419753,28.734567901234566,38.84126984126985,29.555555555555557,0.32609213809593,0.20585645770724056
TGO,Togo,2023,,30.123456790123456,29.506172839506174,38.84126984126985,35.50793650793651,0.301071945203147,0.288364762347284
THA,Thailand,2013,0.03443526,30.55555555555556,24.279835390946502,5.714285714285714,5.714285714285714,22.97873426814,23.99162482797047
THA,Thailand,2014,0.04622774,30.55555555555556,29.83539094650206,5.714285714285714,5.714285714285714,22.1460745135469,22.607340227228264
THA,Thailand,2015,0.06905314,33.48765432098765,31.53292181069959,6.455026455026456,5.961199294532629,22.6439946046819,22.5896011287896
THA,Thailand,2016,0.05708408,55.52469135802468,39.855967078189295,32.56613756613757,14.911816578483247,23.9081912453329,22.899420121187234
THA,Thailand,2017,0.03761338,55.52469135802468,48.179012345679006,32.56613756613757,23.862433862433864,24.1533912741093,23.568525708041363
THA,Thailand,2018,0.04597867,59.22839506172839,56.75925925925926,33.232804232804234,32.78835978835979,25.0947352815091,24.385439266983767
THA,Thailand,2019,0.03208549,59.22839506172839,57.99382716049382,33.232804232804234,33.01058201058201,23.7010461775138,24.316390911044067
THA,Thailand,2020,0.04719055,59.22839506172839,59.228395061728385,34.8994708994709,33.78835978835979,24.1456146250576,24.3137986946935
THA,Thailand,2021,0.03433933,59.22839506172839,59.228395061728385,34.8994708994709,34.34391534391534,27.6476472642596,25.164769355610332
THA,Thailand,2022,0.01689019,61.3888888888889,59.94855967078189,35.64021164021164,35.14638447971781,24.6642800019366,25.4858472970846
THA,Thailand,2023,0.0242769,63.24074074074075,61.28600823045267,35.64021164021164,35.39329805996473,25.8377488104933,26.049892025563167
TJK,Tajikistan,2013,,18.88888888888889,11.91358024691358,3.047619047619047,3.047619047619047,,
TJK,Tajikistan,2014,,22.40740740740741,18.950617283950617,7.047619047619048,4.3809523809523805,,
TJK,Tajikistan,2015,,28.88888888888889,23.395061728395063,7.047619047619048,5.714285714285714,,
TJK,Tajikistan,2016,,29.81481481481482,27.037037037037038,7.047619047619048,7.047619047619048,,
TJK,Tajikistan,2017,,29.81481481481482,29.506172839506178,15.38095238095238,9.825396825396824,33.786721545945,
TJK,Tajikistan,2018,0.002066457,29.81481481481482,29.81481481481482,15.38095238095238,12.603174603174603,14.7094943066209,
TJK,Tajikistan,2019,,31.20370370370371,30.277777777777786,16.80952380952381,15.857142857142856,4.28796650943169,17.594727453999198
TJK,Tajikistan,2020,,32.12962962962963,31.04938271604939,16.80952380952381,16.333333333333332,4.52885647845312,7.842105764835236
TJK,Tajikistan,2021,,32.12962962962963,31.82098765432099,16.80952380952381,16.80952380952381,2.60766316096919,3.808162049618
TJK,Tajikistan,2022,,32.12962962962963,32.12962962962963,16.80952380952381,16.80952380952381,0.408284648961987,2.514934762794766
TJK,Tajikistan,2023,,32.12962962962963,32.12962962962963,16.80952380952381,16.80952380952381,1.62712759033372,1.5476918000882989
TKM,Turkmenistan,2013,,0.0,0.0,0.5555555555555556,0.5555555555555556,,
TKM,Turkmenistan,2014,,7.407407407407408,2.469135802469136,0.5555555555555556,0.5555555555555556,,
TKM,Turkmenistan,2015,0.002367536,7.407407407407408,4.938271604938272,0.5555555555555556,0.5555555555555556,,
TKM,Turkmenistan,2016,,7.407407407407408,7.407407407407408,1.1111111111111112,0.7407407407407408,,
TKM,Turkmenistan,2017,0.002149336,10.469135802469136,8.427983539094651,1.1111111111111112,0.9259259259259259,,
TKM,Turkmenistan,2018,0.002066457,13.06172839506173,10.312757201646091,1.1111111111111112,1.1111111111111112,,
TKM,Turkmenistan,2019,,13.06172839506173,12.197530864197532,1.1111111111111112,1.1111111111111112,,
TKM,Turkmenistan,2020,,13.06172839506173,13.06172839506173,1.1111111111111112,1.1111111111111112,,
TKM,Turkmenistan,2021,,13.06172839506173,13.06172839506173,1.1111111111111112,1.1111111111111112,,
TKM,Turkmenistan,2022,0.00431239,13.80246913580247,13.308641975308644,1.1111111111111112,1.1111111111111112,,
TKM,Turkmenistan,2023,,13.80246913580247,13.555555555555557,1.1111111111111112,1.1111111111111112,,
TUN,Tunisia,2013,0.004232267,57.53086419753086,57.37654320987654,31.29365079365079,31.293650793650794,7.04236030847263,7.782182546622877
TUN,Tunisia,2014,0.001371162,57.53086419753086,57.53086419753086,31.29365079365079,31.293650793650794,6.42173605170587,7.255414811356004
TUN,Tunisia,2015,0.00631343,58.197530864197525,57.75308641975308,34.62698412698413,32.4047619047619,6.76541303361882,6.743169797932441
TUN,Tunisia,2016,0.00995809,58.197530864197525,57.97530864197531,43.238095238095234,36.386243386243386,7.78542972606668,6.990859603797124
TUN,Tunisia,2017,0.006089785,58.93827160493827,58.444444444444436,47.23809523809524,41.7010582010582,7.85596751497277,7.4689367582194235
TUN,Tunisia,2018,0.008265829,60.327160493827165,59.15432098765432,56.71957671957672,49.0652557319224,7.38975259439514,7.677049945144863
TUN,Tunisia,2019,0.004882574,60.54938271604939,59.93827160493828,57.38624338624338,53.78130511463845,6.76449990449832,7.336740004622077
TUN,Tunisia,2020,0.003232229,62.40123456790124,61.0925925925926,58.77513227513227,57.62698412698412,6.88585735055521,7.013369949816223
TUN,Tunisia,2021,0.003546785,62.40123456790124,61.783950617283956,58.77513227513227,58.31216931216931,7.64832224466298,7.099559833238836
TUN,Tunisia,2022,0.001078097,62.40123456790124,62.40123456790124,58.77513227513227,58.77513227513227,7.16831118373217,7.234163592983453
TUN,Tunisia,2023,0.002697433,62.40123456790124,62.40123456790124,58.77513227513227,58.77513227513227,7.1898860861443,7.3355065048464825
TUR,Turkiye,2013,0.1535264,33.055555555555564,28.76543209876544,16.88888888888889,10.61111111111111,2.15485262575385,2.1534408618988667
TUR,Turkiye,2014,0.214959,39.07407407407408,33.97119341563787,18.666666666666668,15.037037037037038,3.13055257636753,2.4653502700126366
TUR,Turkiye,2015,0.247013,39.2283950617284,37.119341563786016,45.49206349206349,27.015873015873012,3.37973172045524,2.888378974192207
TUR,Turkiye,2016,0.2535545,39.2283950617284,39.176954732510296,45.49206349206349,36.55026455026455,3.43610443571744,3.315462910846737
TUR,Turkiye,2017,0.3255169,39.53703703703704,39.33127572016462,46.04761904761905,45.67724867724868,3.03814599740941,3.2846607178606964
TUR,Turkiye,2018,0.2402257,40.46296296296296,39.74279835390947,47.158730158730165,46.232804232804234,3.23291293505096,3.2357211227259364
TUR,Turkiye,2019,0.2242845,40.46296296296296,40.15432098765432,47.158730158730165,46.7883597883598,2.67353129854845,2.9815300770029403
TUR,Turkiye,2020,0.2532775,40.46296296296296,40.46296296296296,52.158730158730165,48.82539682539683,3.02817669225913,2.9782069752861804
TUR,Turkiye,2021,0.2938995,42.31481481481482,41.08024691358025,52.158730158730165,50.492063492063494,3.15277011329118,2.9514927013662535
TUR,Turkiye,2022,0.2866661,42.31481481481482,41.69753086419753,52.158730158730165,52.15873015873016,3.28362739970141,3.1548580684172403
TUR,Turkiye,2023,0.2342913,42.31481481481482,42.31481481481482,52.158730158730165,52.15873015873016,3.66403554879462,3.3668110205957364
TZA,Tanzania,2013,,1.1111111111111112,1.1111111111111112,0.0,0.0,10.6907625514457,6.78903671948223
TZA,Tanzania,2014,0.000783521,3.734567901234568,1.9855967078189298,0.0,0.0,6.14343389108833,7.509238585269377
TZA,Tanzania,2015,,3.734567901234568,2.860082304526749,0.0,0.0,3.38430206253493,6.739499501689653
TZA,Tanzania,2016,,3.734567901234568,3.734567901234568,2.5,0.8333333333333334,0.816770095267228,3.448168682963496
TZA,Tanzania,2017,,3.734567901234568,3.734567901234568,2.5,1.6666666666666667,2.31952756480127,2.1735332408678096
TZA,Tanzania,2018,0.001033229,3.734567901234568,3.734567901234568,5.833333333333334,3.611111111111111,2.55837018191353,1.8982226139940093
TZA,Tanzania,2019,,7.438271604938273,4.969135802469137,6.203703703703704,4.84567901234568,6.89164359708857,3.9231804479344565
TZA,Tanzania,2020,,7.438271604938273,6.203703703703705,12.833333333333334,8.290123456790125,1.28442528941505,3.5781463561390496
TZA,Tanzania,2021,,8.549382716049385,7.808641975308643,13.666666666666668,10.901234567901234,2.68761929554671,3.6212293940167766
TZA,Tanzania,2022,,9.660493827160495,8.549382716049385,15.333333333333334,13.944444444444445,1.68293471092468,1.8849930986288133
TZA,Tanzania,2023,,9.660493827160495,9.290123456790125,22.47619047619047,17.158730158730155,1.70363565960126,2.0247298886908833
UGA,Uganda,2013,,5.0,2.407407407407407,18.03968253968254,17.484126984126984,21.8946155610075,15.673885675175546
UGA,Uganda,2014,,5.0,3.7037037037037037,18.03968253968254,17.761904761904763,2.10858762499599,15.51974617793753
UGA,Uganda,2015,,5.0,5.0,18.03968253968254,18.03968253968254,2.67852875134755,8.89391064578368
UGA,Uganda,2016,,5.0,5.0,21.373015873015877,19.150793650793656,2.30542251177894,2.3641796293741604
UGA,Uganda,2017,0.001074668,5.0,5.0,21.373015873015877,20.261904761904763,2.05103990718418,2.3449970567702234
UGA,Uganda,2018,0.001033229,5.0,5.0,21.373015873015877,21.373015873015877,2.05387568901074,2.13677936932462
UGA,Uganda,2019,,5.0,5.0,22.8015873015873,21.84920634920635,3.47828668335427,2.527734093183063
UGA,Uganda,2020,,5.0,5.0,28.230158730158728,24.134920634920633,3.1241230157024,2.8854284626891364
UGA,Uganda,2021,,5.740740740740741,5.246913580246914,31.880952380952387,27.63756613756614,2.10287202929438,2.9017605761170167
UGA,Uganda,2022,,5.740740740740741,5.493827160493827,31.880952380952387,30.664021164021165,2.34793469732292,2.524976580773233
UGA,Uganda,2023,0.003468128,5.740740740740741,5.740740740740741,33.679894179894184,32.480599647266324,2.39571486308791,2.28217386323507
UKR,Ukraine,2013,0.07891254,17.5,16.059670781893008,16.43915343915344,13.8994708994709,6.47193610653839,
UKR,Ukraine,2014,0.05621763,17.962962962962965,17.602880658436217,21.63756613756614,17.45767195767196,6.14613032578564,5.710764369382627
UKR,Ukraine,2015,0.06155594,20.740740740740744,18.73456790123457,44.97089947089948,27.682539682539687,6.88754342926587,6.5018699538633
UKR,Ukraine,2016,0.04502672,29.31481481481482,22.672839506172846,48.3042328042328,38.304232804232804,8.03896421995305,7.024212658334854
UKR,Ukraine,2017,0.07415209,32.092592592592595,27.382716049382722,48.66137566137567,47.31216931216932,6.67894123051556,7.2018162932448275
UKR,Ukraine,2018,0.05958285,36.41358024691358,32.60699588477367,49.21693121693122,48.727513227513235,6.16592909585636,6.961278182108323
UKR,Ukraine,2019,0.07166921,39.19135802469136,35.89917695473251,49.21693121693122,49.031746031746046,5.42495174066934,6.089940689013754
UKR,Ukraine,2020,0.0492915,39.34567901234568,38.31687242798354,49.21693121693122,49.21693121693122,5.48014872729842,5.690343187941373
UKR,Ukraine,2021,0.03353324,41.19753086419753,39.91152263374486,49.21693121693122,49.21693121693122,5.85239384495226,5.585831437640007
UKR,Ukraine,2022,0.01958544,42.67901234567901,41.074074074074076,49.21693121693122,49.21693121693122,4.51050792257841,5.281016831609697
UKR,Ukraine,2023,0.04046149,42.67901234567901,42.18518518518518,49.21693121693122,49.21693121693122,5.73613565623019,5.366345807920287
URY,Uruguay,2013,0.0134663,31.450617283950617,30.524691358024693,25.22751322751323,22.560846560846567,9.90398875283763,7.953934381948538
URY,Uruguay,2014,0.009989892,34.41358024691358,32.12962962962963,25.22751322751323,23.8941798941799,9.20466594994821,8.602047313010056
URY,Uruguay,2015,0.002367536,37.376543209876544,34.41358024691358,25.22751322751323,25.22751322751323,8.55345463207328,9.220703111619708
URY,Uruguay,2016,0.007535852,49.32098765432099,40.370370370370374,28.560846560846564,26.338624338624342,14.742597869668,10.833572817229829
URY,Uruguay,2017,,59.96913580246913,48.88888888888889,29.11640211640212,27.634920634920636,10.5960535494658,11.297368683735693
URY,Uruguay,2018,0.001033229,59.96913580246913,56.419753086419746,33.00529100529101,30.22751322751323,8.49114263279873,11.276598017310844
URY,Uruguay,2019,0.004882574,59.96913580246913,59.96913580246913,43.48148148148148,35.2010582010582,7.63670382159395,8.907966667952827
URY,Uruguay,2020,,59.96913580246913,59.96913580246913,46.81481481481482,41.10052910052911,8.29802507186468,8.14195717541912
URY,Uruguay,2021,0.0009673051,59.96913580246913,59.96913580246913,46.81481481481482,45.7037037037037,9.8025032036597,8.57907736570611
URY,Uruguay,2022,0.005390487,61.82098765432099,60.586419753086425,46.81481481481482,46.81481481481482,8.60373400525292,8.9014207602591
URY,Uruguay,2023,,61.82098765432099,61.2037037037037,46.81481481481482,46.81481481481482,9.55160023287408,9.319279147262232
USA,United States,2013,25.1095,73.37037037037038,70.86008230452676,34.5,34.129629629629626,20.174250704896,21.139548127879635
USA,United States,2014,23.18358,75.22222222222223,73.5761316872428,34.5,34.31481481481482,20.188635370966,20.329267412691
USA,United States,2015,23.03311,77.07407407407408,75.22222222222223,34.5,34.5,20.4843982208576,20.282428098906532
USA,United States,2016,22.35768,77.81481481481482,76.70370370370371,37.833333333333336,35.611111111111114,21.3904480368657,20.6878272095631
USA,United States,2017,20.80066,78.12345679012347,77.67078189300412,42.833333333333336,38.38888888888889,22.4192942002286,21.431380152650632
USA,United States,2018,19.24624,80.90123456790124,78.94650205761319,52.833333333333336,44.5,19.2659699620243,21.0252373997062
USA,United States,2019,17.85233,80.90123456790124,79.97530864197532,59.5,51.72222222222223,18.4842699258676,20.056511362706832
USA,United States,2020,16.7884,80.90123456790124,80.90123456790124,66.16666666666667,59.5,18.6853939276571,18.811877938516332
USA,United States,2021,14.33043,80.90123456790124,80.90123456790124,66.72222222222223,64.12962962962963,19.4939761609452,18.887880004823298
USA,United States,2022,12.35069,81.64197530864199,81.14814814814817,67.27777777777779,66.72222222222223,19.9014614131792,19.360277167260502
USA,United States,2023,10.59949,81.64197530864199,81.39506172839508,67.27777777777779,67.0925925925926,20.5789833007379,19.991473624954097
UZB,Uzbekistan,2013,0.004232267,1.9444444444444444,1.9444444444444444,2.857142857142857,2.857142857142857,,
UZB,Uzbekistan,2014,0.002350563,2.8703703703703707,2.2530864197530867,2.857142857142857,2.857142857142857,,
UZB,Uzbekistan,2015,,2.8703703703703707,2.5617283950617287,2.857142857142857,2.857142857142857,,
UZB,Uzbekistan,2016,0.003391133,13.98148148148148,6.5740740740740735,2.857142857142857,2.857142857142857,,
UZB,Uzbekistan,2017,0.007522676,26.01851851851852,14.290123456790125,2.857142857142857,2.857142857142857,,
UZB,Uzbekistan,2018,0.001033229,41.57407407407408,27.191358024691365,6.746031746031747,4.153439153439154,1.5432836613328,
UZB,Uzbekistan,2019,,41.57407407407408,36.38888888888889,6.746031746031747,5.44973544973545,0.453823633941083,
UZB,Uzbekistan,2020,0.001939337,43.42592592592593,42.19135802469137,8.412698412698415,7.301587301587303,0.72493510820114,0.9073474678250077
UZB,Uzbekistan,2021,,44.53703703703704,43.17901234567901,8.412698412698415,7.8571428571428585,1.30490782664246,0.8278888562615611
UZB,Uzbekistan,2022,0.001078097,51.57407407407408,46.51234567901235,14.07936507936508,10.301587301587302,0.308087494427371,0.7793101430903238
UZB,Uzbekistan,2023,0.00154139,51.57407407407408,49.228395061728406,18.246031746031747,13.57936507936508,1.41210240735451,1.0083659094747803
VEN,"Venezuela, RB",2013,0.007387229,12.407407407407408,12.037037037037038,0.8333333333333334,0.5555555555555556,,
VEN,"Venezuela, RB",2014,0.01010742,12.407407407407408,12.40740740740741,2.857142857142857,1.507936507936508,,
VEN,"Venezuela, RB",2015,0.003551305,12.407407407407408,12.40740740740741,2.857142857142857,2.1825396825396823,,
VEN,"Venezuela, RB",2016,0.009043022,13.51851851851852,12.77777777777778,2.857142857142857,2.857142857142857,,
VEN,"Venezuela, RB",2017,0.001074668,13.51851851851852,13.14814814814815,2.857142857142857,2.857142857142857,,
VEN,"Venezuela, RB",2018,0.002755276,15.833333333333334,14.290123456790125,2.857142857142857,2.857142857142857,,
VEN,"Venezuela, RB",2019,0.001046266,15.833333333333334,15.06172839506173,6.190476190476191,3.9682539682539684,,
VEN,"Venezuela, RB",2020,,18.61111111111111,16.75925925925926,13.96825396825397,7.671957671957673,,
VEN,"Venezuela, RB",2021,0.0009673051,18.61111111111111,17.685185185185187,13.96825396825397,11.375661375661378,,
VEN,"Venezuela, RB",2022,0.003593658,18.61111111111111,18.61111111111111,13.96825396825397,13.96825396825397,,
VEN,"Venezuela, RB",2023,0.001156043,18.61111111111111,18.61111111111111,13.96825396825397,13.96825396825397,,
VNM,Viet Nam,2013,0.01135017,31.728395061728392,25.555555555555557,20.243386243386247,18.616402116402117,27.1630278606772,19.70271518013387
VNM,Viet Nam,2014,0.03815747,43.14814814814815,33.42592592592593,20.243386243386247,20.124338624338623,33.5956426471693,26.52448953024577
VNM,Viet Nam,2015,0.0333428,45.92592592592593,40.267489711934154,20.243386243386247,20.243386243386247,32.0548869012837,30.937852469710066
VNM,Viet Nam,2016,0.03353454,49.62962962962964,46.23456790123458,26.91005291005291,22.46560846560847,36.3691117529912,34.0065471004814
VNM,Viet Nam,2017,0.03268782,54.07407407407408,49.87654320987655,26.91005291005291,24.687830687830694,38.0569617054575,35.49365345324414
VNM,Viet Nam,2018,0.04646085,54.07407407407408,52.5925925925926,30.7989417989418,28.206349206349206,41.7381332957129,38.721402251387204
VNM,Viet Nam,2019,0.0195303,54.07407407407408,54.07407407407408,30.7989417989418,29.502645502645503,40.7501595675465,40.181751522905635
VNM,Viet Nam,2020,0.0324839,61.901234567901234,56.68312757201647,30.7989417989418,30.7989417989418,40.4334300320093,40.973907631756234
VNM,Viet Nam,2021,0.03956278,62.64197530864197,59.53909465020576,30.7989417989418,30.7989417989418,41.7401040421189,40.9745645472249
VNM,Viet Nam,2022,0.02414938,64.49382716049382,63.01234567901235,30.7989417989418,30.7989417989418,41.5396346544198,41.237722909516
VNM,Viet Nam,2023,0.006550908,64.49382716049382,63.87654320987654,42.70370370370371,34.767195767195766,42.689178907016,41.9896392011849
VUT,Vanuatu,2013,,4.62962962962963,4.62962962962963,0.0,0.0,,
VUT,Vanuatu,2014,,4.62962962962963,4.62962962962963,0.0,0.0,,
VUT,Vanuatu,2015,,4.62962962962963,4.62962962962963,3.333333333333333,1.111111111111111,,
VUT,Vanuatu,2016,,4.62962962962963,4.62962962962963,3.333333333333333,2.222222222222222,,
VUT,Vanuatu,2017,,19.419753086419757,9.559670781893006,5.0,3.888888888888888,,
VUT,Vanuatu,2018,,19.419753086419757,14.48971193415638,5.0,4.444444444444444,,
VUT,Vanuatu,2019,,19.419753086419757,19.419753086419757,5.0,5.0,,
VUT,Vanuatu,2020,,19.419753086419757,19.419753086419757,5.0,5.0,,
VUT,Vanuatu,2021,,19.419753086419757,19.419753086419757,9.523809523809524,6.507936507936509,,
VUT,Vanuatu,2022,,19.419753086419757,19.419753086419757,9.523809523809524,8.015873015873016,,
VUT,Vanuatu,2023,,21.271604938271608,20.03703703703704,9.523809523809524,9.523809523809524,,
XKX,Kosovo,2013,,14.78395061728395,7.1913580246913575,14.907407407407408,6.018518518518518,,
XKX,Kosovo,2014,,14.78395061728395,11.543209876543209,14.907407407407408,10.462962962962964,,
XKX,Kosovo,2015,,14.78395061728395,14.78395061728395,14.907407407407408,14.90740740740741,,
XKX,Kosovo,2016,,17.00617283950617,15.52469135802469,14.907407407407408,14.90740740740741,,
XKX,Kosovo,2017,,31.728395061728392,21.17283950617284,34.39153439153439,21.402116402116402,,
XKX,Kosovo,2018,,36.82098765432099,28.518518518518515,34.39153439153439,27.896825396825395,,
XKX,Kosovo,2019,,47.50000000000001,38.68312757201646,37.24867724867725,35.34391534391535,,
XKX,Kosovo,2020,,47.50000000000001,43.940329218107,37.24867724867725,36.2962962962963,,
XKX,Kosovo,2021,,50.0925925925926,48.3641975308642,37.24867724867725,37.24867724867725,,
XKX,Kosovo,2022,,50.0925925925926,49.228395061728406,37.24867724867725,37.24867724867725,,
XKX,Kosovo,2023,,50.0925925925926,50.0925925925926,37.24867724867725,37.24867724867725,,
YEM,"Yemen, Rep.",2013,0.001154255,3.555555555555556,3.555555555555556,22.5,22.5,0.673180049359238,0.637301208272982
YEM,"Yemen, Rep.",2014,,3.555555555555556,3.555555555555556,22.5,22.5,3.30195509334737,1.5469670867482048
YEM,"Yemen, Rep.",2015,0.001183768,3.555555555555556,3.555555555555556,22.5,22.5,1.45096412341169,1.808699755372766
YEM,"Yemen, Rep.",2016,,3.555555555555556,3.555555555555556,22.5,22.5,4.82928415383478,3.1940677901979466
YEM,"Yemen, Rep.",2017,,3.555555555555556,3.555555555555556,22.5,22.5,,
YEM,"Yemen, Rep.",2018,,3.555555555555556,3.555555555555556,22.5,22.5,,
YEM,"Yemen, Rep.",2019,0.001046266,3.555555555555556,3.555555555555556,22.5,22.5,,
YEM,"Yemen, Rep.",2020,,4.481481481481482,3.864197530864198,23.928571428571427,22.976190476190478,,
YEM,"Yemen, Rep.",2021,,4.481481481481482,4.172839506172839,23.928571428571427,23.452380952380953,,
YEM,"Yemen, Rep.",2022,,4.481481481481482,4.481481481481482,23.928571428571427,23.928571428571427,,
YEM,"Yemen, Rep.",2023,,4.481481481481482,4.481481481481482,23.928571428571427,23.928571428571427,,
ZAF,South Africa,2013,0.120812,8.703703703703702,7.65432098765432,10.51851851851852,9.851851851851853,6.68713620452474,6.37780548170194
ZAF,South Africa,2014,0.1264211,8.703703703703702,8.703703703703702,12.185185185185189,11.074074074074076,6.52269958623918,6.472514338934197
ZAF,South Africa,2015,0.1471818,13.333333333333332,10.246913580246913,13.970899470899472,12.224867724867726,6.66015445560224,6.623330082122053
ZAF,South Africa,2016,0.06356491,27.500000000000004,16.512345679012345,13.970899470899472,13.375661375661378,7.40645815320547,6.86310406501563
ZAF,South Africa,2017,0.0579246,39.351851851851855,26.728395061728396,14.63756613756614,14.193121693121695,6.65712319984824,6.90791193621865
ZAF,South Africa,2018,0.08989089,50.46296296296297,39.104938271604944,19.193121693121693,15.933862433862435,5.67982442723305,6.581135260095587
ZAF,South Africa,2019,0.07487776,52.31481481481482,47.37654320987655,21.41534391534392,18.415343915343918,5.27331266850248,5.87008676519459
ZAF,South Africa,2020,0.08604194,53.05555555555557,51.94444444444445,30.507936507936517,23.70546737213404,4.89552263425361,5.282886576663047
ZAF,South Africa,2021,0.05207326,53.05555555555557,52.80864197530865,30.507936507936517,27.47707231040565,5.62171975958479,5.263518354113628
ZAF,South Africa,2022,0.04779565,54.84567901234568,53.65226337448561,44.43650793650794,35.15079365079366,5.54756049045268,5.3549342947636935
ZAF,South Africa,2023,0.06049956,62.901234567901234,56.934156378600825,52.44444444444446,42.46296296296297,5.52196923336353,5.563749827800334
ZMB,Zambia,2013,,0.2222222222222222,0.2222222222222222,4.833333333333334,4.833333333333334,4.08749617202127,2.068137308531035
ZMB,Zambia,2014,,0.2222222222222222,0.2222222222222222,4.833333333333334,4.833333333333334,1.26239347130831,2.3151514806254068
ZMB,Zambia,2015,0.002367536,0.2222222222222222,0.2222222222222222,4.833333333333334,4.833333333333334,1.63736199657177,2.3290838799671167
ZMB,Zambia,2016,,0.2222222222222222,0.2222222222222222,5.870370370370371,5.179012345679014,4.2533845527155,2.3843800068651935
ZMB,Zambia,2017,0.002149336,0.2222222222222222,0.2222222222222222,6.425925925925927,5.7098765432098775,22.5255637247844,9.472103424690557
ZMB,Zambia,2018,0.002066457,0.2222222222222222,0.2222222222222222,10.796296296296296,7.697530864197531,4.48475826872894,10.421235515409613
ZMB,Zambia,2019,,0.2222222222222222,0.2222222222222222,11.462962962962962,9.56172839506173,2.14275391250791,9.71769196867375
ZMB,Zambia,2020,,5.777777777777778,2.074074074074074,23.12962962962963,15.129629629629632,2.1996059285433,2.94237270326005
ZMB,Zambia,2021,,12.77777777777778,6.2592592592592595,36.77248677248677,23.788359788359788,1.3612623275557,1.9012073895356367
ZMB,Zambia,2022,,19.876543209876544,12.810699588477368,41.77248677248677,33.89153439153439,0.953120510576897,1.5046629222252992
ZMB,Zambia,2023,,26.450617283950617,19.701646090534982,45.10582010582011,41.21693121693122,0.716710301849432,1.0103643799940096
ZWE,Zimbabwe,2013,,4.62962962962963,4.320987654320988,11.322751322751325,9.100529100529101,6.22081440528409,3.6483553236357866
ZWE,Zimbabwe,2014,0.000783521,4.62962962962963,4.62962962962963,11.322751322751325,10.211640211640214,2.93957400665262,3.9785296314723833
ZWE,Zimbabwe,2015,,6.481481481481482,5.246913580246914,12.433862433862434,11.693121693121695,1.46177058636279,3.5407196660998337
ZWE,Zimbabwe,2016,0.0007535852,7.870370370370371,6.327160493827161,13.862433862433864,12.53968253968254,3.27682760139305,2.559390731469487
ZWE,Zimbabwe,2017,0.001074668,7.870370370370371,7.407407407407408,13.862433862433864,13.386243386243388,5.16438263725404,3.300993608336627
ZWE,Zimbabwe,2018,0.001377638,10.956790123456791,8.89917695473251,13.862433862433864,13.862433862433866,2.58586852030626,3.6756929196511163
ZWE,Zimbabwe,2019,0.0006975106,10.956790123456791,9.927983539094651,13.862433862433864,13.862433862433866,2.06369292021293,3.2713146925910763
ZWE,Zimbabwe,2020,,12.037037037037038,11.31687242798354,13.862433862433864,13.862433862433866,4.94971446176859,3.1997586340959265
ZWE,Zimbabwe,2021,0.00064487,12.962962962962964,11.98559670781893,14.232804232804233,13.985890652557321,2.38386758382921,3.132424988603576
ZWE,Zimbabwe,2022,0.0007187316,14.629629629629632,13.209876543209878,15.343915343915343,14.479717813051147,1.05374010425564,2.7957740499511465
ZWE,Zimbabwe,2023,0.0007706951,16.327160493827158,14.639917695473251,34.66666666666667,21.414462081128747,1.47693113776014,1.6381796086149965
