country_code,country_name,year,env_patent_share_inventions,gdp_constant_2015_usd_lag1,gdp_constant_2015_usd_lag1_3_mean,renewable_energy_share_lag1,renewable_energy_share_lag1_3_mean,wgi_regulatory_quality_lag1,wgi_regulatory_quality_lag1_3_mean,co2_per_capita_ar5_lag1,co2_per_capita_ar5_lag1_3_mean,fdi_net_inflows_lag1,fdi_net_inflows_lag1_3_mean,tertiary_enrollment_lag1,tertiary_enrollment_lag1_3_mean,env_technology_rta_lag1,env_technology_rta_lag1_3_mean,scientific_journal_articles_lag1,scientific_journal_articles_lag1_3_mean,trade_openness_lag1,trade_openness_lag1_3_mean,inflation_lag1,inflation_lag1_3_mean,fossil_energy_share_lag1,fossil_energy_share_lag1_3_mean
AGO,Angola,2013,0.001154255,92712034533.3955,86880191852.76399,49.0,51.26666666666667,-1.0374151,-1.0771710666666634,0.981682218580684,0.9781322367000392,-1464627990.88283,-2571870046.3899035,7.831719292281456,6.6452492675955455,NaN,NaN,21.3,17.919999999999998,81.9394785486361,87.32349534224385,10.2779049218839,12.743343112330868,47.4299488564142,45.29869791956566
ALB,Albania,2001,0.003583651,6153077235.62289,5659908261.310853,41.4,44.63333333333333,-0.736177,-0.8330473,1.04657550743325,0.8838715379352919,143000000.0,76403333.33333333,15.3867101669312,14.596076647440599,NaN,NaN,22.34,26.02333333333333,61.6092610436407,52.8784353841608,0.0500181363468103,7.027438218989347,58.6262252214381,54.021863323720105
ALB,Albania,2002,0.001743831,6698469429.12028,6192439232.558614,39.0,41.0,-0.58436625,-0.7178635166666667,1.12398874181296,1.054508919114749,207300000.0,130500000.0,15.4820499420166,15.212939898173033,5.668667,NaN,18.38,21.52,64.2474462587009,58.584041903953704,3.10758827031435,1.1823480200742627,60.8576974284697,59.214303658165335
ALB,Albania,2007,0.001669672,8661509309.89701,8200778300.764287,31.6,34.733333333333334,-0.1313664,-0.2582933999999997,1.3817995172674,1.40595399487062,325138316.803696,309634147.32624066,26.2101001739502,22.576229731241867,2.4217383999999997,3.0850037999999995,26.35,23.343333333333334,72.2019089483674,68.78537997578978,2.37072831904284,2.339109815073923,64.3620955340319,65.39292674552397
ALB,Albania,2009,0.003449664,9861658465.33864,9249227737.278923,35.8,33.13333333333333,0.0382242,-0.0333510333333333,1.42332985219763,1.41158360535876,1247181714.30558,741531878.2773594,31.6839599609375,29.375329971313466,2.8505935,2.3436016333333334,52.48,40.24333333333333,75.2485472798728,75.78745237341188,3.32087090389274,2.8747605681862503,63.7091916036169,64.36326059238387
ALB,Albania,2012,0.005044715,10685000942.5337,10413371668.5178,35.8,36.63333333333333,0.053824,0.09627780000000001,1.72129581663193,1.5841008491470268,1048706682.05458,1161340041.0950267,49.3997040639925,41.883874285572396,2.847562,3.3951379999999998,140.71,111.42,80.6989985298954,76.51762968775004,3.42807130141501,3.10736477036602,61.3483054812868,62.5647770283949
ALB,Albania,2013,0.004078366,10790155229.5092,10634419681.437834,39.9,37.56666666666666,-0.0835796999999999,0.0258632666666667,1.58649537107597,1.6251931349399866,917994575.801856,1018866488.4769154,58.6214186004979,50.44968437164331,2.299986,2.847562,150.63,138.72333333333333,76.9683583166821,77.7332966051051,2.03159268395296,3.028921633514253,57.5886158712717,60.67055065598703
ALB,Albania,2014,0.001175281,10974367815.094,10816507995.712301,41.1,38.93333333333333,-0.0639441999999999,-0.031233299999999933,1.69345614437421,1.6670824440273702,1254150555.51293,1073617271.1231219,63.8440585382953,57.28839373426191,1.394167,2.180571666666667,148.81,146.71666666666667,75.7506185619748,77.80599180285077,1.93762080205223,2.465761595806733,56.2283728759268,58.388431409495105
ALB,Albania,2015,0.008957179,11220218560.8998,10994913868.501,38.6,39.86666666666667,0.056535,-0.030329633333333262,1.83944794209463,1.7064664858482699,1149927985.77736,1107357705.697382,65.5507096860696,62.672062274954264,0.3763182,1.3568237333333333,154.14,151.19333333333333,75.0212023084129,75.9133930623566,1.62586504402613,1.8650261766771068,61.2387157089831,58.351901485393874
ALB,Albania,2016,0.01484563,11470171826.9575,11221586067.650434,38.5,39.4,0.0444083,0.012333033333333368,1.78508860089342,1.7726642291207533,989578334.828615,1131218958.7063017,61.9608485481051,63.78520559082333,2.461797,1.4107607333333334,159.48,154.14333333333335,71.2794476606014,74.0170895103297,1.89617402592356,1.81988662400064,47.3533869848479,54.9401585232526
ALB,Albania,2017,0.01099744,11918533446.9749,11536307944.944067,39.4,38.833333333333336,0.0642829999999999,0.05507543333333329,1.68739628528903,1.7706442760923597,1044389554.85795,1061298625.1546416,58.4884791901189,62.00001247476453,3.043041,1.9603853999999998,165.44,159.68666666666664,74.0144504546815,73.4383668078986,1.27543168367423,1.5991569178746399,NaN,NaN
ALB,Albania,2018,0.006027167,12309839868.7084,11899515047.546934,36.9,38.266666666666666,0.1105237,0.07307166666666663,2.0244422333699,1.8323090398507833,1022757857.07376,1018908582.2534417,58.0177836674929,59.489037135238966,2.390938,2.6319253333333332,133.42,152.78,76.7873817898989,74.02709330172728,1.98666133171194,1.719422347103243,NaN,NaN
ALB,Albania,2021,0.0009673051,12593390460.142,12793394546.046202,44.4,40.766666666666666,-0.0195592999999999,0.062045966666666695,1.80646079858255,1.9309714437138534,1069744879.65452,1158383465.90857,61.5853024328899,59.69137099886597,1.2782095333333332,1.7857527666666666,167.16,180.2733333333333,59.5206994391875,70.19896891453966,1.6208866171702,1.6866790124746533,NaN,NaN
ALB,Albania,2022,0.0005390487,13722964212.462,13113787382.497833,41.9,42.13333333333333,-0.0049463,0.02241060000000003,2.0532886275877,1.9335699347768,1218586452.37157,1163117828.83084,59.9698690125562,60.98789519938676,0.7706663,1.2782095333333332,241.09,203.78333333333333,75.5904040905009,70.16441082079247,2.04147163139544,1.6911496793693537,NaN,NaN
ALB,Albania,2023,0.0007706951,14385344334.623,13567233002.408998,NaN,NaN,0.0155769,-0.0029762333333333,1.84525761573088,1.9016690139670434,1441381891.41694,1243237741.1476767,62.647921513098,61.40103098618136,0.4150357,0.8213038444444445,238.59,215.61333333333334,84.6980435944865,73.2697157080583,6.72520271530059,3.462520321288743,NaN,NaN
ARE,United Arab Emirates,2000,0.002845112,179446782313.38,175903513246.69833,0.1,0.10000000000000002,0.52703625,0.49638445000000003,27.2970466401042,28.553838916751232,-985340000.0,-165083333.33333334,NaN,NaN,4.2040714999999995,5.663939500000001,247.78,283.6266666666667,NaN,NaN,NaN,NaN,95.31355406447256,96.86335936642485
ARE,United Arab Emirates,2001,0.005375477,198921610821.864,184251376280.462,0.1,0.10000000000000002,0.5704525,0.52703625,25.3198800655489,27.01991039084483,-506330000.0,-411336666.6666667,NaN,NaN,0.600697,4.2040715,324.89,297.77666666666664,NaN,NaN,NaN,NaN,93.76374876252028,95.31355406447256
ARE,United Arab Emirates,2002,0.001743831,201704693314.365,193357695483.203,0.1,0.10000000000000002,0.8763736,0.6579541166666667,27.1939982651151,26.603641656922733,1183840000.0,-102610000.0,NaN,NaN,1.50053,2.1017661666666663,376.47,316.38,89.8645799289427,NaN,NaN,NaN,92.213943460568,93.76374876252028
ARE,United Arab Emirates,2003,0.004843084,206613089911.721,202413131349.31665,0.1,0.10000000000000002,1.1822947,0.8763736,26.1619793238318,26.225285884831933,95300000.0,257603333.33333334,NaN,NaN,0.3704233,0.8238834333333335,393.49,364.95,93.0716588147781,NaN,NaN,NaN,92.7030407469135,92.89357765666726
ARE,United Arab Emirates,2004,0.01160177,224796159215.545,211037980813.87698,0.1,0.10000000000000002,1.1073628,1.0553436999999999,25.956044391153,26.4373406600333,4255956430.0,1845032143.3333333,NaN,NaN,0.6089056,0.8266196333333333,546.62,438.85999999999996,102.300169490783,95.0788027448346,NaN,NaN,92.5878836516192,92.50162261970024
ARE,United Arab Emirates,2005,0.01167942,246301141350.818,225903463492.69467,0.1,0.10000000000000002,0.6760348,0.9885641,25.9698706267172,26.029298113900666,10003500000.0,4784918810.0,NaN,NaN,1.624168,0.8678323,563.1,501.07,116.622612523831,103.99814694313069,NaN,NaN,96.2836528771595,93.85819242523071
ARE,United Arab Emirates,2006,0.007524749,258259409529.61,243118903365.32434,0.1,0.10000000000000002,0.5730068,0.7854681333333332,26.2522643034306,26.059393107100266,10899931930.0,8386462786.666667,NaN,NaN,1.483903,1.2389922,718.77,609.4966666666666,119.552871642254,112.82521788562268,NaN,NaN,99.9794221026998,96.28365287715951
ARE,United Arab Emirates,2007,0.008626639,283665213479.189,262741921453.20566,0.1,0.10000000000000002,0.7108516,0.6532977333333334,25.3932243317163,25.871786420621365,12805990470.0,11236474133.333334,NaN,NaN,0.7595094,1.2891934666666667,835.69,705.8533333333334,119.470669577786,118.54871791462365,NaN,NaN,99.7541026983072,98.67239255938883
ARE,United Arab Emirates,2008,0.01763329,292698220662.137,278207614556.9787,0.1,0.10000000000000002,0.7403079,0.6747221,24.382755503246,25.342748046130964,14186521440.0,12630814613.333334,NaN,NaN,0.7936499,1.0123540999999998,788.38,780.9466666666667,136.798152865771,125.27389802860365,NaN,NaN,99.7598254378556,99.83111674628753
ARE,United Arab Emirates,2009,0.0143736,302040668640.587,292801367593.971,0.1,0.10000000000000002,0.8400373,0.7637322666666666,26.0607102012736,25.278896678745298,5062972000.0,10685161303.333334,NaN,NaN,1.17104,0.9080664333333335,906.71,843.5933333333334,148.513544025723,134.92745548975998,12.2504202448139,NaN,99.7852835635948,99.76640389991918
ARE,United Arab Emirates,2010,0.0162435,286204912265.895,293647933856.2063,0.1,0.10000000000000002,0.8210812,0.8004754666666667,24.6511808903397,25.0315488649531,1134288140.0,6794593860.0,NaN,NaN,1.216278,1.0603226333333333,1044.34,913.1433333333333,153.461944358373,146.25788041662233,1.5618131744907,NaN,95.5502867459815,98.36513191581064
ARE,United Arab Emirates,2011,0.02560855,290792347835.845,293012642914.10895,0.1,0.10000000000000002,0.740264,0.8004608333333333,25.0301244367043,25.247338509439203,8796769640.0,4998009926.666667,NaN,NaN,1.102165,1.1631610000000001,1264.69,1071.9133333333332,135.485709128426,145.8203991708407,0.877983288285867,4.8967389025301555,96.61957707152689,97.31838246036773
ARE,United Arab Emirates,2012,0.01509593,310381480913.923,295792913671.88763,0.1,0.10000000000000002,0.8903942,0.8172464666666667,24.9498559934509,24.8770537734983,7152095830.0,5694384536.666667,NaN,NaN,1.563394,1.2939456666666667,1423.22,1244.0833333333333,144.176786868982,144.374813451927,0.87734659568512,1.1057143528205622,97.6888673970723,96.6195770715269
ARE,United Arab Emirates,2013,0.02500885,324917470354.939,308697099701.56903,0.1,0.10000000000000002,0.8455589,0.8254057000000001,25.0303188225095,25.003433084221566,9566651350.0,8505172273.333333,NaN,NaN,0.9442858,1.2032816000000002,1607.36,1431.756666666667,156.637694501481,145.433396832963,0.662268900269008,0.8058662614133317,98.4722939131806,97.59357946059326
ARE,United Arab Emirates,2014,0.02397574,340898464870.844,325399138713.2353,0.1,0.10000000000000002,0.9903687,0.9087739333333333,25.3545579109196,25.111577575626665,9764914530.0,8827887236.666666,NaN,NaN,1.185761,1.2311469333333334,1763.04,1597.8733333333332,157.398083989641,152.73752178670134,1.1011183637571,0.8802446199037427,98.3524948196941,98.17121870998233
ARE,United Arab Emirates,2015,0.03866976,356691886612.605,340835940612.79596,0.1,0.10000000000000002,1.0740464,0.9699913333333333,24.5815838321273,24.9888201885188,11071537020.0,10134367633.333334,NaN,NaN,0.9761494,1.0353987333333332,1814.55,1728.3166666666666,159.515615057764,157.85046451629532,2.34626865671642,1.369885306914176,80.1335449305592,92.31944455447797
ARE,United Arab Emirates,2016,0.01205736,381973042886.317,359854464789.922,0.1,0.10000000000000002,1.1787876,1.0810675666666667,24.3205333372838,24.752225026776898,8550901850.0,9795784466.666666,NaN,NaN,1.395931,1.1859471333333333,2314.25,1963.9466666666667,164.286182737903,160.39996059510267,4.06996608361593,2.5057843680298166,22.5348482610616,67.0069626704383
ARE,United Arab Emirates,2017,0.04538681,403584822847.176,380749917448.6994,0.1,0.10000000000000002,1.0781755,1.1103365,23.7748451471417,24.225654105517595,9604773000.0,9742403956.666666,NaN,NaN,0.5127059,0.9615954333333333,2562.72,2230.5066666666667,165.39501917458,163.065605656749,1.61748808904197,2.67790760979144,NaN,NaN
ARE,United Arab Emirates,2018,0.02428087,399301267917.2,394953044550.23096,0.2,0.13333333333333333,1.1113817,1.1227816,22.1639068763908,23.419761786938768,10354223000.0,9503299283.333334,NaN,NaN,1.523737,1.1441246333333333,2866.45,2581.14,165.476542469815,165.052581460766,1.96682557818842,2.55142658361544,NaN,NaN
ARE,United Arab Emirates,2019,0.03208549,405439194566.321,402775095110.23236,0.3,0.19999999999999998,1.079234,1.0895970666666666,20.0375833141554,21.9921117792293,10385286000.0,10114760666.666666,53.2113281680102,NaN,0.9078497,0.9814308666666666,3080.82,2836.6633333333334,154.747005019293,161.87285555456268,3.06863379251996,2.217649153250117,NaN,NaN
ARE,United Arab Emirates,2020,0.04046751,410593714983.921,405111392489.1473,0.7,0.39999999999999997,1.1457173,1.1121109999999998,20.945786930361,21.04909237363573,17874660000.0,12871389666.666666,53.8814655213653,NaN,1.048103,1.1598965666666665,4137.79,3361.686666666667,163.822152944853,161.34856681132035,-1.93108114782172,1.03479274096222,NaN,NaN
ARE,United Arab Emirates,2021,0.03864921,374899053476.789,396977321009.0103,0.9,0.6333333333333334,1.0663206,1.0970906333333335,20.8141058466097,20.599158697042032,19884470000.0,16048138666.666666,54.9746998074699,54.0224978322818,1.229981,1.0619778999999998,4467.88,3895.4966666666664,181.29188817064,166.62034871159534,-2.07940317940943,-0.3139501782370635,NaN,NaN
ARE,United Arab Emirates,2022,0.02228068,391967404019.489,392486724160.0664,1.0,0.8666666666666666,1.0613347,1.0911242,20.8269278649571,20.862273547309268,20667120000.0,19475416666.666668,56.4520334436146,55.10273292414993,1.664648,1.3142440000000002,5266.62,4624.096666666667,182.909355066597,176.00779872736334,0.179935336174431,-1.276849663685573,NaN,NaN
ARE,United Arab Emirates,2023,0.03206092,421421732891.067,396096063462.4483,NaN,NaN,1.0576162,1.0617571666666665,19.3731459635094,20.338059891692065,22736555480.0,21096048493.333332,60.4188226013954,57.28185195082663,0.7605093,1.2183794333333333,6401.84,5378.78,185.741660982819,183.31430140668533,5.29122604376849,1.130586066844497,NaN,NaN
ARG,Argentina,1999,0.06517205,412766570325.764,392624613853.8107,9.6,9.299999999999999,0.3453943,0.29028365,3.79486518244647,3.66741444577533,7290657132.08156,7799821957.057803,47.9862289428711,NaN,0.4214816,0.6187664,3724.97,3626.093333333333,23.3500279730689,22.730891740844765,NaN,NaN,86.5889688939095,88.66104751699278
ARG,Argentina,2000,0.02845112,398792535409.293,403007539965.3077,8.8,9.366666666666665,0.12122725000000001,0.25230173333333333,3.80302240416156,3.7468929593372398,23987696389.6427,13479541858.056284,49.5107002258301,NaN,1.234227,0.7981727,4017.86,3837.0066666666667,21.3827449624898,22.68965059310087,NaN,NaN,87.567289185349,87.7824162389728
ARG,Argentina,2001,0.01881417,395646066535.875,402401724090.3106,9.8,9.4,-0.1029398,0.12122725000000001,3.67485781688948,3.7575818011658364,10418314339.1428,13898889286.955687,54.0843505859375,50.52709325154623,0.5051192,0.7202759333333333,4231.85,3991.56,22.6224447777343,22.451739237764333,NaN,NaN,88.9688614537143,87.7083731776576
ARG,Argentina,2002,0.009155114,378202665751.853,390880422565.67365,11.5,10.033333333333333,-0.52895545,-0.17022266666666666,3.49042420795313,3.656101476334723,2166136829.76399,12190715852.84983,58.4697608947754,54.021603902181,0.4637198,0.7343553333333332,4356.17,4201.96,21.8522554515453,21.9524817305898,NaN,NaN,88.1323497632881,88.22283346745047
ARG,Argentina,2003,0.03793749,336999433710.193,370282721999.30695,11.6,10.966666666666669,-0.9549711,-0.52895545,3.26103662726385,3.4754395507021534,2148910000.0,4911120389.635596,61.7228813171387,58.092330932617195,0.1841746,0.38433786666666664,4681.53,4423.183333333333,41.7527243585642,28.7424748626146,NaN,NaN,86.5116522119285,87.8709544763103
ARG,Argentina,2004,0.01305199,366780211148.674,360660770203.5733,10.8,11.299999999999999,-0.846393899999999,-0.776773483333333,3.51848864736106,3.42331649419268,1652010000.0,1989018943.2546635,64.0304870605469,61.407709757487,0.7540807,0.46732503333333336,4484.81,4507.503333333333,40.6447480311085,34.749909280406,NaN,NaN,85.6996942186908,86.7812320646358
ARG,Argentina,2005,0.04779165,399898899166.738,367892848008.535,9.3,10.566666666666668,-0.6710565,-0.8241404999999996,3.85579719412006,3.545107489581657,4124710000.0,2641876666.6666665,64.5891418457031,63.44750340779623,0.2948953,0.41105020000000003,4604.3,4590.213333333333,40.692646108947,41.030039499539896,NaN,NaN,87.9335613804311,86.71496927035014
ARG,Argentina,2006,0.04049446,435296589745.339,400658566686.917,9.6,9.9,-0.5984456,-0.7052986666666663,3.91742679391727,3.7639042117994634,5265250000.0,3680656666.6666665,63.4893112182617,64.03631337483723,1.016272,0.6884160000000001,4883.23,4657.446666666667,40.5512709706238,40.629555036893095,NaN,NaN,88.7429296926283,87.45872843058339
ARG,Argentina,2007,0.04591598,470325565798.353,435173684903.4766,9.2,9.366666666666665,-0.6421161,-0.6372060666666667,4.1027920897206,3.95867202591931,5537347786.19331,4975769262.064437,66.9444732666016,65.0076421101888,0.7276531,0.6796068000000001,5574.16,5020.563333333333,40.4334798719151,40.55913231716196,NaN,NaN,91.3111577484447,89.32921627383469
ARG,Argentina,2008,0.05503725,512690850741.56,472771002095.084,7.7,8.833333333333334,-0.6471966,-0.6292527666666666,4.32534235715168,4.115187080263183,6473157762.12915,5758585182.774154,66.6672210693359,65.70033518473306,0.799586,0.8478370333333333,5682.94,5380.11,40.945170618571,40.6433071537033,NaN,NaN,89.0822082089819,89.7120985500183
ARG,Argentina,2009,0.0215604,533491913656.279,505502776732.06396,7.7,8.200000000000001,-0.6633654,-0.6508927,4.43359004127929,4.287241496050523,9725553129.52469,7245352892.615718,68.5610733032227,67.39092254638673,1.072098,0.8664457,6229.5,5828.866666666666,40.4026733790382,40.59377462317477,NaN,NaN,92.1748284131746,90.85606479020039
ARG,Argentina,2010,0.0220745,501917060966.235,516033275121.358,8.6,8.0,-0.779930999999999,-0.6968309999999996,4.03429401041948,4.26440880295015,4017158924.88408,6738623272.179307,70.6931915283203,68.64049530029297,0.4605351,0.7774063666666667,6819.11,6243.849999999999,34.0571269054879,38.468323634365696,NaN,NaN,96.1456734325114,92.46757001822264
ARG,Argentina,2011,0.02169884,552738161802.463,529382378808.3257,8.8,8.366666666666665,-0.7577834,-0.7336932666666663,4.2945461050427,4.25414338558049,11332718626.4344,8358476893.61439,73.803669361107,71.01931139755,0.482332,0.6716550333333333,7153.65,6734.086666666666,34.9710132635696,36.476937849365235,NaN,NaN,93.3868831109177,93.90246165220124
ARG,Argentina,2012,0.04070167,585924294024.785,546859838931.16095,8.8,8.733333333333334,-0.7069559,-0.7482234333333331,4.42921822947444,4.252686114978874,10839930944.6815,8729936165.333326,77.0101185060955,73.8356597985076,0.5818254,0.5082308333333333,7625.07,7199.276666666666,35.2061549999644,34.74476505634063,NaN,NaN,91.9428841304471,93.82514689129205
ARG,Argentina,2013,0.01572351,579910247223.428,572857567683.5586,8.6,8.733333333333333,-0.841032599999999,-0.768590633333333,4.47886128746974,4.40087520732896,15323933916.8241,12498861162.646667,78.1465174294761,76.32010176555953,1.053694,0.7059504666666667,7803.52,7527.413333333333,30.5265423717108,33.5679035450816,NaN,NaN,89.9402874146777,91.7566848853475
ARG,Argentina,2014,0.01941826,593858966307.156,586564502518.4564,8.9,8.766666666666667,-0.835456,-0.7944814999999997,4.53658672333476,4.481555413426313,9821661858.15874,11995175573.221445,78.5681646081939,77.90826684792184,0.4770361,0.7041851666666666,7945.07,7791.22,29.3339290021037,31.6888754579263,NaN,NaN,89.9321041467291,90.60509189728464
ARG,Argentina,2015,0.02012406,578937574935.696,584235596155.4266,9.8,9.100000000000001,-1.012746,-0.896411533333333,4.41674615124171,4.477398054015403,5065335541.96486,10070310438.982567,81.072589697739,79.262423911803,0.6120849,0.7142716666666665,8330.4,8026.329999999999,28.4067936452275,29.422421673014,NaN,NaN,92.3836622192159,90.75201792687425
ARG,Argentina,2016,0.03296935,594749285413.212,589181942218.6881,9.4,9.366666666666667,-0.7973254,-0.8818424666666665,4.51258701954955,4.488639964708674,11758994011.286,8881997137.136534,83.75569332589,81.13214921060764,0.485301,0.5248073333333333,8393.72,8223.063333333334,22.4862260889792,26.7423162454368,NaN,NaN,56.2877376502912,79.5345013387454
ARG,Argentina,2017,0.0246099,582376550428.09,585354470258.9994,9.4,9.533333333333333,-0.2527044,-0.6875919333333332,4.4223010437306,4.450544738173953,3260164341.77393,6694831298.341596,86.6743832906399,83.83422210475631,0.9848045,0.6940634666666666,8601.99,8442.036666666667,26.0938878488799,25.66230252769553,NaN,NaN,NaN,NaN
ARG,Argentina,2018,0.02383314,598790850843.677,591972228894.993,10.4,9.733333333333334,-0.1203619,-0.3901305666666666,4.32102910494897,4.418639056076373,11516861462.2844,8845339938.44811,89.3297346952415,86.58660377059046,0.7868243,0.7523099333333333,8793.98,8596.563333333334,25.2896011376779,24.623238358512328,NaN,NaN,NaN,NaN
ARG,Argentina,2019,0.01691463,583118120294.002,588095173855.2563,10.5,10.1,-0.190133499999999,-0.18773326666666632,4.25075806940885,4.331362739362806,11716769818.7543,8831265207.60421,91.0846512732766,89.02958975305266,0.7172946,0.8296411333333333,9234.47,8876.813333333332,30.7625359549926,27.382008313850132,34.2772237131003,NaN,NaN,NaN
ARG,Argentina,2020,0.02010447,571450737224.442,584453236120.7069,10.7,10.533333333333333,-0.449108299999999,-0.25320123333333266,4.07504069344001,4.2156092892659425,6649187837.98606,9960939706.341587,95.1928240640628,91.8690700108603,0.5438004,0.6826397666666667,9223.65,9084.033333333333,32.6306150458499,29.5609173795068,53.5483043492339,NaN,NaN,NaN
ARG,Argentina,2021,0.00838331,514874343768.066,556481067095.5033,9.8,10.333333333333334,-0.5471843,-0.395475366666666,3.72002854932287,4.0152757707239095,4884127675.95707,7750028444.232476,99.3697348717996,95.21573673637967,0.617334,0.626143,9999.61,9485.910000000002,30.203698807416,31.198949936086166,42.0150947376509,43.28020759999504,NaN,NaN
ARG,Argentina,2022,0.01132002,568636554720.066,551653878570.858,9.2,9.9,-0.584024299999999,-0.5267722999999993,4.09769704597303,3.9642554295786367,6658049679.27727,6063788397.740134,107.219557633976,100.59403885661278,0.3228132,0.4946492,9980.73,9734.663333333332,33.078689567466,31.97100114024397,48.4093786255199,47.990925904134905,NaN,NaN
ARG,Argentina,2023,0.01329449,602872713790.916,562127870759.6826,NaN,NaN,-0.5792423,-0.5701502999999998,4.2953116708492,4.037679088715033,15206087397.3003,8916088250.844881,107.103901423423,104.56439797639952,0.4704085,0.4701852333333334,9122.18,9700.84,31.5801792606256,31.620855878502535,72.430757531824,54.28507696499827,NaN,NaN
ARM,Armenia,1999,0.006517205,3619393601.80914,3419092050.7799964,9.4,10.666666666666666,-0.7898368,-0.7787197999999996,1.08237717168147,0.9673135672499757,232375000.0,100628333.33333333,31.5830402374268,23.378803888956735,NaN,NaN,277.22,290.83666666666664,71.8424518815414,76.53991901865676,8.67248632385157,13.771478695226188,72.1167916276246,66.79704772794366
ARM,Armenia,2002,0.005231494,4339529550.80371,4012595971.3836265,5.4,7.0,-0.39140415,-0.6253494166666668,1.13126595678436,1.0732011430097976,69868500.0,98697000.0,31.3409194946289,32.05227406819663,2.2189673333333335,3.001670666666667,323.2,312.57,69.8642663925336,70.88602525463689,3.1459046468502,1.0010888794619428,71.1695679371304,68.8191103876992
ARM,Armenia,2003,0.0009686168,4912347451.42022,4403767258.293736,8.9,7.166666666666667,-0.0563245,-0.39140415,0.969248078004875,1.069579311152465,110725325.614408,94927441.87146933,33.9618911743164,32.61111068725587,1.436264,2.2189673333333335,319.06,330.09999999999997,73.9845018432309,72.02736615436707,1.06004929341666,1.1383567237773677,61.8023159014819,67.6712097171111
ARM,Armenia,2004,0.008701327,5600076094.6952,4950651032.306377,9.8,8.033333333333333,0.1777389,-0.08999658333333334,1.09058915946583,1.0637010647516882,122852992.703234,101148939.43921399,35.0657081604004,33.456172943115234,0.400848,1.3520264444444443,323.45,321.90333333333336,80.0513676022426,74.63337861266903,4.7215533660534,2.97583576877342,65.7055465065806,66.22581011506429
ARM,Armenia,2005,0.002013693,6188084084.57212,5566835876.895846,8.7,9.133333333333333,0.1844339,0.10194943333333334,1.18777844481658,1.0825385607624283,247140608.495888,160239642.27117667,35.8360900878906,34.95456314086913,2.406189,1.4144336666666666,344.62,329.0433333333333,73.0706339919371,75.70216781247021,6.96126135875795,4.247621339409338,66.8954799603233,64.80111412279527
ARM,Armenia,2006,0.007307271,7048227772.27278,6278795983.8467,6.5,8.333333333333334,0.1206063,0.16092636666666668,1.41835113145182,1.2322395785780766,292073220.164721,220688940.4546143,37.7094497680664,36.2037493387858,0.3620447,1.0563605666666664,394.95,354.34,70.1397385835334,74.42058005923771,0.638928002410097,4.107247575740483,68.0921458776545,66.8977241148528
ARM,Armenia,2007,0.005009016,7978593838.17516,7071635231.673354,7.7,7.633333333333333,0.2208144,0.17528486666666668,1.42166863867481,1.3425994049810699,466531991.901723,335248606.85411066,41.5903587341309,38.37863286336263,1.580672,1.449635233333333,358.51,366.02666666666664,61.0301379818566,68.08017018577569,2.89235662459003,3.497515328586026,67.4895371062125,67.49238764806343
ARM,Armenia,2009,0.005749439,9697605816.5624,8915953616.288706,6.4,7.033333333333334,0.3914686,0.2853438,1.82971073175472,1.6366990898792901,943733059.483284,692645537.8398341,46.5244903564453,44.19023005167643,1.5783814999999999,1.5211664999999999,384.85,383.09,54.5423279613666,57.5158376761793,8.94995335353387,5.416556958189687,73.2776039939887,70.43733376882284
ARM,Armenia,2010,0.002499,8330243396.35924,9033170135.6834,7.8,7.066666666666666,0.4085992,0.3479387333333333,1.46836268754077,1.6522637728346101,760040745.872329,790481789.1633693,49.0897102355957,46.690013885498026,1.752317,1.5783814999999999,438.63,409.7966666666667,57.2742357441995,56.26387026362693,3.40676682683801,5.58802702560568,68.1993569561864,70.6739403854808
ARM,Armenia,2011,0.004691642,8513508751.09706,8847119321.339567,9.4,7.866666666666667,0.3844424,0.39483673333333336,1.41194823962165,1.5700072196390469,529321391.641958,744365065.665857,50.5839875932926,48.7327293951112,0.4028072,1.2445019,493.99,439.1566666666667,64.642975973633,58.81984655973304,8.17636138473951,6.844360521703796,67.395053608524,69.6240048528997
ARM,Armenia,2012,0.008598945,8913643662.28574,8585798603.247348,8.0,8.4,0.3710118,0.3880178,1.61963737243634,1.49998276653292,653219756.472249,647527297.995512,51.2949290708131,50.3228756332338,0.6741637,0.9430959666666666,588.71,507.10999999999996,69.4355736620453,63.78426179329261,7.65000807859294,6.41104543005682,71.5420020719725,69.0454708788943
ARM,Armenia,2013,0.01846807,9555426006.05632,8994192806.479708,6.6,8.0,0.4081354,0.38786319999999996,1.87480572732383,1.6354637797939402,496636701.129686,559725949.7479643,44.4855719494927,48.78816287119946,1.599578,0.8921829666666666,548.98,543.8933333333333,75.9616759606704,70.01340853211623,2.55802007757907,6.1281298469705066,77.3222424600036,72.08643271350003
ARM,Armenia,2014,0.01136105,9870755064.25618,9446608244.199413,6.8,7.133333333333333,0.3441588,0.3744353333333333,1.81763732627399,1.7706934753447203,346092394.393255,498649617.33173007,44.8347790892711,46.871760036525636,3.130942,1.8015612333333335,532.37,556.6866666666666,77.5550481598824,74.31743259419936,5.7896677854465,5.332565313872837,75.4886876703517,74.78431073410927
ARM,Armenia,2015,0.008878261,10226102246.6276,9884094438.980034,7.1,6.833333333333333,0.1234003,0.2918981666666667,1.91144070608534,1.8679612532277199,406578406.693112,416435834.07201767,47.7150849538629,45.6784786642089,2.073191,2.2679036666666668,540.71,540.6866666666666,75.778866962639,76.43186369439728,2.98130868933672,3.776332184120763,69.982208305614,74.26437947865642
ARM,Armenia,2016,0.004898304,10553337518.414,10216731609.765926,10.7,8.2,0.2129025,0.22682053333333332,1.86953338214737,1.8662038048355667,184127986.314895,312266262.4670873,48.7313687040259,47.093744249053294,1.699754,2.301295666666667,534.03,535.7033333333334,71.6820743427575,75.00532982175963,3.73169119261693,4.167555889133383,63.48193418408,69.65094338668189
ARM,Armenia,2017,0.003224004,10574444193.4325,10451294652.8247,13.2,10.333333333333334,0.2424884,0.19293039999999997,1.79624369214317,1.8590725934586267,333823945.510433,308176779.50614667,54.3432877365993,50.26324713149603,0.8481858,1.5403769333333333,536.98,537.24,76.0779674593548,74.51296958825044,-1.40360755900899,1.7697974409815533,NaN,NaN
ARM,Armenia,2018,0.003099686,11367527508.1135,10831769739.986666,12.6,12.166666666666666,0.2658499,0.24041359999999998,1.90951198227831,1.8584296855229498,252747990.684352,256899974.16989335,55.5065519523494,52.860402797658196,0.6704796,1.0728064666666668,539.3,536.77,87.202376539837,78.32080611398311,0.969553268816137,1.0992123008080257,NaN,NaN
ARM,Armenia,2019,0.002092532,11958638938.496,11300203546.680666,11.1,12.299999999999999,0.2852478,0.2645287,2.00458066689121,1.90344544710423,266855048.832037,284475661.6756074,57.4585357681354,55.769458485694706,0.9033773,0.8073475666666666,524.57,533.6166666666667,92.473107021212,85.2511503401346,2.52023382001637,0.6953931766078391,NaN,NaN
ARM,Armenia,2020,0.001939337,12867495497.6469,12064553981.4188,10.3,11.333333333333334,0.2583707,0.2698228,2.16867510548523,2.0275892515515834,100285081.566817,206629373.694402,53.5944174785534,55.51983506634607,0.537901,0.7039192999999999,627.03,563.6333333333333,97.847004865327,92.50749614212533,1.44344660770698,1.644411232179829,NaN,NaN
ARM,Armenia,2021,0.0009673051,11941035821.9185,12255723419.3538,8.4,9.933333333333335,0.2080999,0.2505728,2.33479655579943,2.1693507760586233,58582750.1214803,141907626.84011143,52.3331534448642,54.462035563851,0.5765015,0.6725932666666666,622.39,591.33,70.1213571368789,86.81382300780596,1.21143577838464,1.7250387353693302,NaN,NaN
ARM,Armenia,2022,0.00431239,12633615899.6682,12480715739.744532,9.1,9.266666666666667,0.1972098,0.22122680000000003,2.51946122945009,2.340977630244917,366423010.763878,175096947.4840584,56.6235144830279,54.183695135481834,0.2253835,0.4465953333333333,576.14,608.52,79.2489057647112,82.40575592230569,7.1848362944337,3.279906226841773,NaN,NaN
ARM,Armenia,2023,0.005780213,14225451502.9981,12933367741.528267,NaN,NaN,0.0783259999999999,0.16121189999999996,2.61828101845615,2.4908462679018903,975658909.266107,466888223.3838217,57.1818422625098,55.37950339680063,1.070512,0.6241323333333333,655.3,617.9433333333333,103.878629213508,84.41629737169937,8.64091108973854,5.679061054185627,NaN,NaN
AUS,Australia,1999,1.15159,801646726961.596,768144539433.3379,8.6,8.866666666666667,1.2531655,1.09055595,18.3860838677391,17.680461237956465,7597610928.17343,6749877452.356239,NaN,NaN,1.272019,1.185921,21981.46,21503.143333333333,39.9240664596368,38.673262945140834,0.860129922016289,1.2334679911217121,93.8734619003881,93.61492620865177
AUS,Australia,2000,1.182144,841955290889.975,803144096494.744,8.5,8.733333333333334,1.4409646,1.2615620166666666,18.5055078963383,18.130043019119537,2210917991.82997,5965532634.168647,NaN,NaN,1.096056,1.1512096666666667,22207.0,21972.059999999998,38.9602467102359,38.9353382218563,1.48313946657267,0.8560548052071654,93.9226553403593,93.76873999611655
AUS,Australia,2001,1.153846,874926744105.928,839509587319.1664,8.4,8.5,1.6287637,1.4409646,18.5978917642845,18.496494509453967,14892978180.1828,8233835700.062066,NaN,NaN,1.06961,1.145895,23495.94,22561.466666666664,40.8631257691954,39.91581297968937,4.45743705920869,2.2669021492658827,89.3230426234841,92.37305328807717
AUS,Australia,2002,1.151452,892700520464.398,869860851820.1002,8.4,8.433333333333334,1.5976344,1.5557875666666667,18.6995326153179,18.60097742531357,10717133150.6924,9273676440.901724,NaN,NaN,1.058744,1.0748033333333333,23969.95,23224.296666666665,44.1337313971929,41.319034625541406,4.40712998561533,3.449235503798897,98.047039481528,93.7642458151238
AUS,Australia,2003,1.138332,927960453450.18,898529239340.1686,8.7,8.5,1.5665051,1.5976343999999998,18.9093269577501,18.7355837791175,14656321800.5385,13422144377.1379,NaN,NaN,1.105603,1.0779856666666665,24502.31,23989.399999999998,41.3813128146921,42.12605666036013,2.98157117047457,3.9487127384328637,98.2353774183339,95.20181984111532
AUS,Australia,2004,1.334058,956646310281.468,925769094732.0153,7.2,8.1,1.7471457,1.6370950666666666,18.6676694689453,18.758843014004434,8985246029.5004,11452900326.910433,NaN,NaN,1.100108,1.0881516666666666,25877.1,24783.12,40.1348011794482,41.883281797111074,2.73259754838937,3.373766234826423,93.9279842959948,96.73680039861888
AUS,Australia,2005,1.062223,997006658239.536,960537807323.728,6.7,7.533333333333334,1.8799852,1.731212,19.1634087908315,18.9134684058423,42907672820.3755,22183080216.8048,NaN,NaN,1.308895,1.1715353333333334,28033.19,26137.53333333333,36.9505159618289,39.488876651989735,2.34325687131265,2.6858085300588637,94.078746859524,95.41403619128424
AUS,Australia,2006,1.022835,1028467016034.95,994039994851.9847,6.7,6.866666666666667,1.8022988,1.8098099,19.0378039300894,18.956294063288734,-25093141435.1895,8933259138.228802,NaN,NaN,1.061436,1.156813,31994.97,28635.08666666667,39.0978822564811,38.72773313258607,2.69182949622197,2.589227971974663,94.2107666945866,94.07249928336847
AUS,Australia,2007,0.9699681,1056965077770.63,1027479584015.0387,6.8,6.733333333333333,1.8169421,1.8330753666666666,19.0793285754815,19.093513765467467,30551100656.5983,16121877347.261435,NaN,NaN,1.020957,1.130429333333333,34320.11,31449.423333333336,41.4878923489153,39.17876352240844,3.55528696972984,2.863457779088153,94.3348375489683,94.20811703435963
AUS,Australia,2008,0.9654495,1097018464974.4,1060816852926.66,7.0,6.833333333333333,1.8241496,1.8144634999999998,19.2389222350972,19.118684913556034,44440876036.5147,16632945085.974503,NaN,NaN,0.9961103,1.0261677666666666,36315.46,34210.18,41.9297451276561,40.838506577684164,2.32761442623159,2.8582436307278,94.5279081721256,94.3578374718935
AUS,Australia,2009,0.9164881,1136774249983.46,1096919264242.83,6.8,6.866666666666667,1.8514548,1.8308488333333333,19.02811960112,19.115456803899566,45170097261.1183,40054024651.41043,NaN,NaN,1.051232,1.0227664333333333,37767.96,36134.51,42.7522207880308,42.056619421534066,4.35029726664093,3.4110662208674536,94.5650942930512,94.47594667138169
AUS,Australia,2010,0.8050808,1158996461663.32,1130929725540.3933,7.1,6.966666666666666,1.7676719,1.8144254333333334,18.9151698120932,19.060737216103465,28932973452.6035,39514648916.74551,NaN,NaN,1.008205,1.0185157666666667,39537.36,37873.59333333333,45.5936120867789,43.4251926674886,1.77112025681656,2.816343983229693,95.8145618949755,94.96918812005077
AUS,Australia,2011,0.7267223,1184610839239.74,1160127183628.84,8.2,7.366666666666666,1.6844562,1.7678609666666667,18.8509537372201,18.93141438347777,35554698682.4247,36552589798.7155,NaN,NaN,1.029262,1.0295663333333334,42096.62,39800.64666666667,40.3905070860606,42.912113320290096,2.9183370211222,3.013251514859897,94.9191122643155,95.09958948411406
AUS,Australia,2012,0.6337487,1212979128949.21,1185528809950.7568,8.3,7.866666666666667,1.8396635,1.7639305333333333,18.480821685778,18.748981745030434,65578266555.523,43355312896.850395,NaN,NaN,0.9280334,0.9885001333333333,45374.3,42336.09333333334,41.7219860149689,42.56870172926946,3.30384784681081,2.66443504158319,95.193382300112,95.309018819801
AUS,Australia,2013,0.63257,1260921781880.75,1219503916689.9001,8.3,8.266666666666667,1.9300031,1.8180409333333334,18.1834489375025,18.505074786833532,57571285654.7447,52901416964.2308,NaN,NaN,0.8256569,0.9276507666666666,46728.07,44732.996666666666,43.0198495527558,41.7107808845951,1.76278299052228,2.66165595281843,95.0858882901384,95.06612761818864
AUS,Australia,2014,0.6667764,1294392358274.42,1256097756368.1267,9.2,8.6,1.8805423,1.8834029666666663,17.5432435542019,18.06917139249413,54472699003.596,59207417071.2879,NaN,NaN,0.823448,0.8590461,50921.2,47674.52333333334,41.100511881056,41.947449149593574,2.44988248109259,2.5055044394752266,92.6074388252159,94.29556980515542
AUS,Australia,2015,0.6725438,1328061960035.21,1294458700063.46,9.3,8.933333333333334,1.7469317,1.8524923666666666,16.8873574131124,17.538016634938938,63204516347.8725,58416167002.07107,NaN,NaN,0.8705181,0.8398743333333334,52854.67,50167.98,42.2993095385282,42.13989032411333,2.48792932080492,2.2335315974732635,92.1303249972753,93.27455070420986
AUS,Australia,2016,0.6752877,1356805839935.9,1326420052748.51,9.4,9.3,1.7397648,1.7890796,16.8219551608068,17.08418537604037,46892808567.8515,54856674639.77334,119.679389953613,NaN,0.8882206,0.8607288999999999,54235.21,52670.36000000001,41.4947506939901,41.6315240378581,1.50836803138463,2.1487266110940464,92.4085902645688,92.38211802901999
AUS,Australia,2017,0.6232597,1394194533274.64,1359687444415.25,9.6,9.433333333333334,1.8140649,1.7669204666666667,16.8911897350521,16.866834102990435,42970225977.7087,51022516964.47757,119.682777404785,NaN,0.8866558,0.8817981666666667,55173.81,54087.89666666667,40.813402217321,41.535820816613096,1.27699365720306,1.7577636697975365,NaN,NaN
AUS,Australia,2018,0.5392765,1426167740135.16,1392389371115.2332,9.9,9.633333333333333,1.8256736,1.7931677666666666,16.7209445382487,16.811363144702533,48199372039.9014,46020802195.15387,109.993309020996,116.45182545979799,0.9027613,0.8925459,55219.84,54876.28666666666,42.0354135251854,41.44785547883216,1.94864309065653,1.5780015930814066,NaN,NaN
AUS,Australia,2019,0.6184876,1467158231105.1,1429173501504.9666,9.8,9.766666666666667,1.828177,1.8226385,16.3939979308791,16.668710734726634,60686639529.9229,50618745849.177666,103.322090148926,110.99939219156899,0.8049845,0.8648005333333334,56691.37,55695.00666666666,43.5732253645218,42.140680369009395,1.91140002818579,1.7123455920151267,NaN,NaN
AUS,Australia,2020,0.655256,1499347932643.95,1464224634628.07,10.3,10.0,1.8466041,1.8334849,16.1007065925773,16.405216353901697,38745129661.1195,49210380410.3146,109.759559631348,107.69165293375666,0.9478819,0.8852092333333333,58770.26,56893.823333333334,46.0016827052171,43.8701071983081,1.610770929127,1.82360468265644,NaN,NaN
AUS,Australia,2021,0.6052428,1497345824797.34,1487950662848.7969,11.2,10.433333333333334,1.7684279,1.8144030000000002,15.3043785143331,15.933027679263168,17976843681.3117,39136204290.7847,110.139221191406,107.74029032389332,1.0422,0.9316888,58870.89,58110.84,44.499564103879,44.6914907245393,0.846900734607273,1.4563572306400212,NaN,NaN
AUS,Australia,2022,0.4013757,1527396783519.68,1508030180320.3232,12.3,11.266666666666666,1.7860103,1.8003474333333334,14.9787241100123,15.461269738974233,31453060427.453,29391677923.294727,112.688293457031,110.86235809326166,0.9611942,0.9837587,61975.95,59872.36666666667,40.2022359390595,43.567827582718536,2.86391284709318,1.773861503609151,NaN,NaN
AUS,Australia,2023,0.4618776,1592357665099.43,1539033424472.1501,NaN,NaN,1.8002733,1.7849038333333331,14.530502863688,14.937868496011134,68709419796.6458,39379774635.13683,106.240760803223,109.68942515055333,0.8029162,0.9354368000000001,62305.03,61050.62333333333,45.6946418805752,43.46548064117123,6.59409658717841,3.434970056292954,NaN,NaN
AUT,Austria,1999,1.253585,288606201090.647,280159806955.26465,24.5,24.5,1.3091262,1.3323296999999998,8.53656778435533,8.517492743914593,4571855710.0,3854781206.6666665,NaN,NaN,1.381209,1.6064893333333332,6222.3,6158.686666666667,77.3495216604118,74.35443799641614,0.922467196680849,1.3631389755207064,78.5069348160432,78.36728492329074
AUT,Austria,2000,1.224252,299463348050.583,288978434657.3123,26.5,25.3,1.45153495,1.3643302833333333,8.28616307346899,8.432616800336467,2974499990.0,3405110173.3333335,NaN,NaN,1.448692,1.5277253333333334,6264.67,6263.700000000001,78.5629329772961,77.05231022275443,0.56899376588553,0.932479844947763,76.59959765495,77.83713270143038
AUT,Austria,2001,1.114068,309014800203.266,299028116448.16534,26.4,25.8,1.5939437,1.45153495,8.32478943567338,8.382506764499233,8501013450.0,5349123050.0,NaN,NaN,1.456408,1.4287696666666667,6614.6,6367.19,85.8426077336549,80.58502079045427,2.3448628535728,1.2787746053797264,76.525653806111,77.21072875903474
AUT,Austria,2002,0.9819514,313084486481.847,307187544911.8987,25.5,26.133333333333336,1.66595,1.5704762166666668,8.87460827403329,8.49518692772522,5689434550.0,5721649330.0,NaN,NaN,1.268954,1.3913513333333334,7073.06,6650.776666666668,87.9962567186047,84.13393247651857,2.65000077279529,1.8546191307512068,76.8895235407183,76.67159166725976
AUT,Austria,2003,1.002438,317731814841.85,313277033842.321,24.7,25.53333333333333,1.7379563,1.6659499999999998,9.05961266559572,8.75300345843413,138346430.0,4776264810.0,NaN,NaN,1.151885,1.2924156666666666,7505.6,7064.420000000001,87.5844937054619,87.14111938590717,1.81035787764128,2.2684071680031233,77.3504802089222,76.92188585191717
AUT,Austria,2004,0.96679,321358930178.288,317391743833.99493,22.6,24.266666666666666,1.7125603,1.705488866666667,9.625074325029,9.186431754886003,6195021860.0,4007600946.6666665,NaN,NaN,1.175862,1.1989003333333332,7972.47,7517.043333333334,86.8822263228608,87.48765891564246,1.35555370896445,1.9386374531336734,78.4739439969246,77.57131591552171
AUT,Austria,2005,0.938381,329602607297.434,322897784105.85736,23.2,23.5,1.6393033,1.6966066333333334,9.7416827235943,9.47545657140634,3183649650.0,3172339313.3333335,NaN,NaN,1.183542,1.1704296666666667,8157.43,7878.5,91.4742201880009,88.64698007210787,2.06120618032869,1.7423725889781403,78.3456666080805,78.05669693797576
AUT,Austria,2006,0.9925709,337250591306.488,329404042927.4033,24.4,23.399999999999995,1.7536506,1.7018380666666666,9.77338007389313,9.713379040838811,81096089418.1159,30158253642.705303,NaN,NaN,1.188332,1.1825786666666667,9013.02,8380.973333333333,94.6747547827805,91.01040043121407,2.29913785639285,1.9052992485619968,77.0533447951607,77.95765180005527
AUT,Austria,2007,0.9418064,348276446349.075,338376548317.6657,26.6,24.733333333333334,1.8071966,1.7333834999999997,9.4660900140664,9.660384270517945,10500457158.3386,31593398742.1515,NaN,NaN,1.201995,1.1912896666666668,9235.59,8802.013333333334,98.7857253161241,94.97823342896851,1.44154851119016,1.9339641826372336,74.2204369851838,76.539816129475
AUT,Austria,2008,1.004082,361424664731.668,348983900795.74365,29.0,26.666666666666668,1.8293257,1.7967243000000002,9.09435455688135,9.44460821494696,68865787583.4395,53487444719.96467,63.8021202087402,NaN,1.145663,1.1786633333333334,9930.95,9393.186666666666,101.36495843546,98.27514617812153,2.16855528800756,1.96974721853019,72.8017498397423,74.69184387336226
AUT,Austria,2009,0.9144483,366677269701.416,358792793594.053,29.7,28.433333333333337,1.68265,1.7730574333333333,9.04182372977167,9.200756100239808,6301143681.98323,28555796141.253773,66.1983871459961,NaN,1.239453,1.1957036666666667,10426.33,9864.289999999999,102.7437043613,100.96479603762803,3.21595033239879,2.2753513771988367,71.6302365847181,72.88414113654807
AUT,Austria,2010,1.000171,353527252121.64,360543062184.908,31.3,30.0,1.5818903,1.6979553333333335,8.15744518101481,8.764541155889276,14300064389.0077,29822331884.81014,67.9915771484375,65.99736150105794,1.060902,1.1486726666666665,10977.59,10444.956666666667,87.6004931021953,97.23638529965177,0.506308827696504,1.9636048160342847,69.4461637596758,71.29271672804539
AUT,Austria,2011,0.964758,359922497999.326,360042339940.794,31.1,30.700000000000003,1.6301795,1.6315732666666667,8.82413428790478,8.674467732897087,-22007325156.2772,-468705695.09542304,75.0402526855469,69.7434056599935,1.185957,1.162104,11211.53,10871.816666666668,99.6448825546716,96.6630266727223,1.81353438995061,1.845264516681968,70.0277214977251,70.36804061403967
AUT,Austria,2012,0.9432524,370459113959.145,361302954693.3703,31.6,31.333333333333332,1.5512902,1.587786666666667,8.6022725227944,8.527950663904663,22983942931.9265,5092227388.219,77.2625122070312,73.4314473470052,1.214488,1.1537823333333332,11806.83,11331.983333333332,105.775098372378,97.67349134308164,3.2865791487538,1.8688074554669714,69.0541377521327,69.50934100317788
AUT,Austria,2013,0.7802981,372786509411.403,367722707123.2913,34.4,32.36666666666667,1.5292054,1.5702250333333332,8.18751763791919,8.537974816206123,5218620112.78236,2065079296.1438866,79.5471267700195,77.28329722086586,1.20966,1.2033683333333334,12181.72,11733.36,105.840791389706,103.75359077225187,2.48567562177014,2.52859638682485,67.0885233807915,68.72346087688311
AUT,Austria,2014,0.8790154,371851835129.742,371699152833.43,34.6,33.53333333333333,1.4173873,1.4992943,8.2087562440867,8.332848801600097,-1290975416.81939,8970529209.29649,80.9616012573242,79.25708007812496,1.000138,1.1414286666666669,12414.79,12134.446666666669,104.985374015367,105.53375459248366,2.00015616900597,2.59080364650997,66.1562846912885,67.43298194140424
AUT,Austria,2015,0.8665578,374662287024.534,373100210521.893,35.7,34.900000000000006,1.3187394,1.4217773666666667,7.71395434498633,8.03674274233074,1708425859.86856,1878690185.2771766,81.0195693969727,80.50943247477214,1.082998,1.0975986666666666,12632.76,12409.756666666668,104.49673998926,105.10763513144434,1.60581182954473,2.03054787344028,65.0375293839374,66.09411248533912
AUT,Austria,2016,0.7772101,379546097300.633,375353406484.96967,34.8,35.03333333333333,1.2822536,1.3394601,7.79423187131705,7.905647486796693,-6847372583.72227,-2143307380.224367,82.2563095092773,81.41249338785808,1.102322,1.0618193333333332,13137.08,12728.210000000001,103.11758174626,104.19989858362901,0.896563335260319,1.5008437779370063,65.7446718554832,65.64616197690303
AUT,Austria,2017,0.8002395,387581921834.297,380596768719.8213,34.6,35.03333333333334,1.3915836,1.3308588666666665,7.75747687791272,7.755221031405367,-28502567388.3665,-11213838037.406736,82.8496932983398,82.04185740152992,1.034102,1.0731406666666665,12976.33,12915.39,101.573494597172,103.06260544423067,0.891591752655362,1.131322305820137,NaN,NaN
AUT,Austria,2018,0.8008407,396388751744.592,387838923626.5073,34.0,34.46666666666666,1.4202869,1.3647080333333335,7.96641934826064,7.839376032496804,14031983575.0406,-7105985465.682724,83.8392562866211,82.98175303141272,1.10036,1.078928,13072.27,13061.893333333333,105.556066755438,103.41571436628999,2.08126911385586,1.2898080672571803,NaN,NaN
AUT,Austria,2019,0.9076207,406235924915.185,396735532831.358,34.1,34.23333333333333,1.530712,1.4475274999999999,7.60710822359904,7.777001483257467,-27839206246.3826,-14103263353.236166,85.8698883056641,84.186279296875,1.177741,1.1040676666666667,13121.29,13056.63,108.377969971828,105.169177108146,1.99837981429548,1.6570802269355676,NaN,NaN
AUT,Austria,2020,0.8130857,413365268699.049,405329981786.2753,34.0,34.03333333333333,1.5588698,1.5032895666666668,7.74519365039325,7.772907074084309,-12636357247.4569,-8814526639.599634,86.3234329223633,85.34419250488283,1.318125,1.198742,13708.07,13300.543333333335,108.207284904426,107.38044054389734,1.53089564152643,1.8701815232259236,NaN,NaN
AUT,Austria,2021,0.600331,387247796560.501,402282996724.9117,35.8,34.63333333333333,1.4737069,1.5210962333333333,7.05586627765098,7.46938938388109,-12003798872.8906,-17493120788.910034,88.7071990966797,86.9668401082357,1.267808,1.254558,14005.41,13611.590000000002,99.9482141095975,105.51115632861718,1.38191063351853,1.6370620297801466,NaN,NaN
AUT,Austria,2022,0.5074065,406312360757.929,402308475339.15967,36.0,35.266666666666666,1.4481822,1.4935862999999998,7.39223990896623,7.39776661233682,18998114634.0552,-1880680495.430767,93.940071105957,89.65690104166667,0.9516613,1.1791981,14969.64,14227.706666666665,111.032932124165,106.3961437127295,2.7666666666667,1.89315764723722,NaN,NaN
AUT,Austria,2023,0.4801606,427972725600.496,407177627639.642,NaN,NaN,1.4011869,1.4410253333333332,6.92858132698714,7.125562504534784,14301504457.0346,7098606739.399732,94.5116882324219,92.38631947835286,0.8211685,1.0135459333333332,14537.08,14504.043333333335,123.579578652902,111.52024162888817,8.54686993188457,4.231815744023266,NaN,NaN
AZE,Azerbaijan,1999,0.003258603,10149879579.9982,9366123071.09213,2.5,2.066666666666667,-1.1202729,-1.1975942499999999,3.45974977884494,3.5388892566442034,1022967000.0,921694000.0,NaN,NaN,1.311199,1.4169813333333332,172.07,201.29999999999998,77.2278091030634,80.05217193662826,-0.772697886033166,7.5654843390013085,98.227678861171,98.16555973965956
AZE,Azerbaijan,2000,0.001896741,10900970800.8244,10092671222.65065,2.1,2.1999999999999997,-0.9917171499999999,-1.1031947666666666,3.4314991700855,3.4631766050650765,510317000.0,882707333.3333334,NaN,NaN,1.241748,1.311199,165.6,182.86666666666665,69.8259648751026,76.37758017026476,-8.52517000536063,-1.874506598182169,98.0404242730137,98.05154470846132
AZE,Azerbaijan,2001,0.005375477,12110978466.342,11053942949.054865,2.1,2.2333333333333334,-0.8631614,-0.99171715,3.57759113386179,3.4896133609307434,129937000.0,554407000.0,NaN,NaN,0.947528,1.166825,158.76,165.47666666666666,78.5485682796041,75.20078075259003,1.80500303704356,-2.4976216181167454,98.2763141677378,98.18147243397418
AZE,Azerbaijan,2002,0.005231494,13309965318.2008,12107304861.789068,1.8,2.0,-0.8224560499999995,-0.8924448666666666,3.41713926422724,3.4754098560581768,819579000.0,486611000.0,NaN,NaN,1.822072,1.337116,168.62,164.32666666666668,78.8151854917601,75.72990621548894,1.54719590152279,-1.7243236889314268,98.3747650227007,98.23050115448406
AZE,Azerbaijan,2004,0.004350664,16053251457.6915,14643166191.973234,2.9,2.3666666666666667,-0.635559499999999,-0.7465887499999991,3.61612076608251,3.4655885602453,4007330000.0,2283828666.6666665,NaN,NaN,1.8634249999999999,1.997408,287.37,237.29333333333332,107.551948506262,93.06175944263968,2.23386492967049,2.184075183725327,96.932815243922,97.5350672186273
AZE,Azerbaijan,2005,0.006376695,17538787529.6067,16052773595.7752,3.1,2.8000000000000003,-0.621781199999999,-0.6796971333333324,3.55156804911816,3.51039815520894,4719107000.0,3583671333.3333335,NaN,NaN,1.420123,1.863425,369.87,304.37666666666667,121.507115894117,107.29240291009195,6.70893042797784,3.9046533592103434,97.1179684565971,97.11613502992611
AZE,Azerbaijan,2006,0.001826818,22442902288.4162,18678313758.57147,3.4,3.1333333333333333,-0.542242,-0.5998608999999994,3.72019280611546,3.6292938737720433,4476396000.0,4400944333.333333,NaN,NaN,1.414953,1.566167,359.53,338.92333333333335,115.841884607706,114.96698300269502,9.67950731917056,6.207434225606296,97.1003320240447,97.05037190818793
AZE,Azerbaijan,2007,0.002782787,30178120036.5547,23386603284.859203,2.9,3.1333333333333333,-0.488286,-0.550769733333333,3.76443064157793,3.6787304989371834,4485966000.0,4560489666.666667,19.7894592285156,NaN,0.3468134,1.0606298,285.61,338.33666666666664,105.262399846369,114.20380011606402,8.32892482863209,8.239120858593497,97.5880730638652,97.26879118150232
AZE,Azerbaijan,2008,0.008549475,37862439845.1581,30161154056.709667,3.8,3.3666666666666667,-0.4496343,-0.4933874333333333,3.37022362579096,3.6182823578281167,4594234000.0,4518865333.333333,19.3645992279053,NaN,0.9335105,0.8984256333333333,416.03,353.72333333333336,96.6418081486575,105.91536420091084,16.6997549618244,11.569395703209016,94.5604492916688,96.4162847931929
AZE,Azerbaijan,2009,0.007665919,41872616483.1256,36637725454.94613,3.1,3.266666666666667,-0.3763567,-0.4380923333333333,3.67789898897688,3.604184418781923,3986807000.0,4355669000.0,19.0478897094727,19.400649388631198,2.631796,1.3040399666666667,482.58,394.73999999999995,89.2428968637573,97.04903495292793,20.8490871772712,15.292588989242562,94.1570500261843,95.43519079390609
AZE,Azerbaijan,2010,0.004581501,45795872374.3607,41843642900.88146,3.3,3.4,-0.3326616,-0.3862175333333333,3.12751089916749,3.391877837978443,2900030000.0,3827023666.6666665,19.057710647583,19.156733194986998,2.026117,1.8638078333333334,630.91,509.84,74.7440416836369,86.8762488986839,1.45704835970321,13.001963499599604,93.8934907154094,94.20366334442083
AZE,Azerbaijan,2011,0.007428433,47988959988.6111,45219149615.36581,4.4,3.6,-0.4634625,-0.39082693333333335,2.94181834728393,3.2490760784760995,3352997000.0,3413278000.0,19.2600431394615,19.121881165505734,2.623911,2.427274666666667,603.88,572.4566666666666,74.9859884610856,79.65764233615992,5.72687224669605,9.344335927890155,94.9759342908033,94.34215834413233
AZE,Azerbaijan,2012,0.001146526,47234094919.1645,47006309094.04543,3.5,3.733333333333333,-0.4419223,-0.4126821333333333,3.21257348402642,3.0939675768259467,4485120000.0,3579382333.3333335,19.6473062365442,19.321686674529566,3.109458,2.586495333333333,640.75,625.18,80.5080450059522,76.7460250502249,7.8583333333334,5.014084646577554,95.9913406639385,94.95358855671707
AZE,Azerbaijan,2013,0.002308509,48274633178.2711,47832562695.3489,2.8,3.5666666666666664,-0.489390799999999,-0.4649251999999997,3.47266029417207,3.209017375160807,5293250000.0,4377122333.333333,20.4384614704139,19.781936948806532,0.5433486,2.0922392,679.97,641.5333333333333,78.263069540422,77.91903433581992,1.06621339720302,4.883806325744157,96.8720858082734,95.94645358767173
AZE,Azerbaijan,2015,0.001657275,52524961505.7785,50631705151.82086,2.1,2.4666666666666663,-0.2770165,-0.3854589333333327,3.64178419497101,3.547103663611703,4430466000.0,4114384333.3333335,23.1597349800287,21.6795406024229,0.6047994,0.5911066333333332,391.27,515.9033333333333,69.4832251953347,74.14071316624727,1.37344181533176,1.6184575551096565,96.8139149092741,96.77675541581725
AZE,Azerbaijan,2016,0.003391133,53076235354.746,52232239210.645836,2.3,2.3000000000000003,-0.261817099999999,-0.3096010333333327,3.57774691556657,3.5821325374098705,4047630000.0,3699177666.6666665,25.4831961094662,23.36111881544033,0.5844269,0.6047994,449.94,439.2266666666667,72.6015079073189,72.25352595521291,4.02768573742725,2.6056150018510666,50.9097565121081,81.45597898376214
AZE,Azerbaijan,2017,0.00537334,51450192645.6866,52350463168.73704,1.9,2.0999999999999996,-0.216678799999999,-0.251837466666666,3.52696895574541,3.582166688760996,4499666000.0,4325920666.666667,27.2368629930846,25.293264694193166,1.763739,0.9843217666666666,592.94,478.05,90.0773187345677,77.38735061240709,12.4433748584372,5.948167470398737,NaN,NaN
AZE,Azerbaijan,2018,0.001033229,51529227685.0867,52018551895.173096,1.9,2.033333333333333,-0.185369999999999,-0.22128863333333235,3.47329869912147,3.52600485681115,2867487000.0,3804927666.6666665,28.4670565431322,27.062371881894336,2.370781,1.5729823000000003,732.12,591.6666666666666,90.4023156823216,84.36038077473607,12.9359184187334,9.802326338199284,NaN,NaN
AZE,Azerbaijan,2019,0.007323861,52302373078.674,51760597803.14911,1.9,1.8999999999999997,-0.2005079,-0.20085223333333269,3.49731397232391,3.4991938757302634,1402998000.0,2923383666.6666665,28.9724903670069,28.225469967741233,0.3944254,1.5096484666666665,810.68,711.9133333333333,91.6725765369825,90.71740365129061,2.26854690373999,9.215946726970197,NaN,NaN
AZE,Azerbaijan,2021,0.00451409,51348755387.0791,52416833463.460396,1.3,1.6333333333333335,-0.1055885,-0.1368705,3.50800312410799,3.5648495119092867,507151800.0,1138022600.0,36.3854742250215,32.76004861327103,4.879148000000001,4.3528668,1033.88,922.9,72.0178676487811,83.1695298647399,2.75980947008127,2.54630940060447,NaN,NaN
AZE,Azerbaijan,2023,0.006936256,56789627303.7604,54123703418.1318,NaN,NaN,-0.0606320999999999,-0.07523399999999997,3.91289240245969,3.7041547228415737,-4474481000.0,-1891665066.6666667,41.0017793895325,38.7989504456776,NaN,NaN,1174.57,1074.2433333333333,86.9822732541779,78.429002196658,13.8522590144267,7.754122537198583,NaN,NaN
BEL,Belgium,1999,0.5844847,342484242936.573,333998788155.481,1.3,1.2000000000000002,1.0779163,1.0730851000000001,12.4775458374628,12.408282674149433,22690500000.0,16250900000.0,NaN,NaN,0.9586142,0.8306305333333333,9409.54,9081.726666666667,124.709122626318,123.20361281329366,0.94925028835061,1.5514772856623,76.8088293036503,76.77829412579312
BEL,Belgium,2000,0.6377386,354617493817.972,344332097157.1803,1.4,1.2666666666666668,1.1617332,1.1042448666666667,12.0249522340127,12.238465137866067,119692913000.0,51460571000.0,NaN,NaN,0.8036504,0.863378,9244.92,9221.163333333332,125.169990540949,125.18935107448233,1.12084823417847,1.2327530058862068,75.8160220811721,76.12739085708655
BEL,Belgium,2001,0.6024118,367797580320.048,354966439024.8643,1.4,1.3666666666666665,1.2455501,1.1617332,12.1836556517498,12.228717907741768,88738714000.0,77040709000.0,NaN,NaN,0.9818584,0.9147076666666667,9593.02,9415.826666666668,142.230135067034,130.703082744767,2.544517761909,1.5382054281460267,75.9394969081857,76.18811609766936
BEL,Belgium,2002,0.5697969,371841895842.954,364752323326.9913,1.6,1.4666666666666668,1.37006755,1.25911695,12.225212096938,12.144606660900166,88203254000.0,98878293666.66667,56.7148895263672,NaN,0.9888875,0.9247987666666667,9951.02,9596.32,139.576839834619,135.65898848086735,2.46925823086082,2.0448747423160967,76.0065911052415,75.92070336486643
BEL,Belgium,2003,0.5583269,378188843981.109,372609440048.0369,1.7,1.5666666666666664,1.494585,1.37006755,11.4676730426502,11.958846930446,18118954671.3727,65020307557.12423,58.1100807189941,NaN,0.9190668,0.9632709,10242.87,9928.97,136.085149488081,139.297374796578,1.6452143617536,2.2196634515078064,74.3745912273288,75.44022641358534
BEL,Belgium,2004,0.5584801,382114274683.528,377381671502.5303,1.9,1.7333333333333332,1.5002632,1.4549719166666666,11.8899015654483,11.860928901678832,34559267489.7082,46960492053.693634,59.6124610900879,58.14581044514974,0.8840804,0.9306782333333333,10883.66,10359.183333333332,132.715552833888,136.12584738552934,1.58896399970371,1.90114553077271,74.9718974308498,75.11769325447337
BEL,Belgium,2005,0.5935472,395760365336.901,385354494667.1794,2.0,1.8666666666666665,1.384593,1.4598137333333332,11.7049703885478,11.687514998882099,44498165771.1404,32392129310.740433,62.0411491394043,59.92123031616209,0.864826,0.8893244,11535.55,10887.36,136.918405348432,135.23970255680035,2.09728311239315,1.7771538246168197,74.7199718385176,74.68882016556539
BEL,Belgium,2006,0.5256407,404948883847.345,394274507955.9246,2.5,2.1333333333333333,1.412689,1.4325150666666666,11.3572144110239,11.650695455006668,33662010793.5663,37573148018.1383,62.8203315734863,61.491313934326165,0.8899084,0.8796049333333333,12766.14,11728.449999999999,144.529050669983,138.054336284101,2.78143263670029,2.1558932495990497,74.844486135217,74.84545180152813
BEL,Belgium,2007,0.5841626,415284559725.448,405331269636.56464,2.9,2.466666666666667,1.453742,1.417008,11.0047176903814,11.355634163317701,58821552824.3717,45660576463.02613,63.3717384338379,62.74440638224283,0.8272088,0.8606477333333333,13014.6,12438.76333333333,149.567509299511,143.67165510597533,1.79120770070453,2.2233078165993234,74.2809735196032,74.6151438311126
BEL,Belgium,2008,0.5461512,430554259966.472,416929234513.0883,3.4,2.9333333333333336,1.4648803,1.4437704333333334,10.6264716677489,10.996134589718068,96551634531.2489,63011732716.39563,62.461841583252,62.88463719685873,0.9142561,0.8771244333333333,13622.59,13134.443333333335,152.468446875303,148.85500228159898,1.82305630026809,2.131898879224303,73.1451128003423,74.0901908183875
BEL,Belgium,2009,0.6133693,432478429044.827,426105749578.9157,4.0,3.4333333333333336,1.2424396,1.3870206333333333,10.6675992553856,10.766262871171966,190391844688.586,115255010681.4022,62.7642097473145,62.86592992146814,0.8352119,0.8588922666666666,14332.71,13656.633333333333,161.088447790447,154.37480132175367,4.48944420508404,2.701236068685553,73.7948996252147,73.74032864838672
BEL,Belgium,2010,0.5677313,424233482718.834,429088723910.0444,4.9,4.1000000000000005,1.1712766,1.2928654999999998,9.93765290266015,10.410574608598218,77354509260.1055,121432662826.6468,64.9798431396484,63.40196482340497,0.9445732,0.8980137333333333,14799.65,14251.65,135.13840572229,149.56510012934666,-0.0531456741254176,2.086451610408904,73.1359819581834,73.35866479458014
BEL,Belgium,2011,0.4549329,435731531598.616,430814481120.759,6.2,5.033333333333334,1.1312828,1.1816663333333333,10.5458393885377,10.383697182194483,125491894873.015,131079416273.90216,66.8578872680664,64.86731338500977,0.9236943,0.9011598,15080.34,14737.566666666666,150.162563621427,148.7964723780547,2.18929920422458,2.2085325783944008,73.1780869616887,73.3696561816956
BEL,Belgium,2012,0.4609799,444146182962.729,434703732426.7263,6.7,5.933333333333334,1.0640569,1.1222054333333331,9.46659728377578,9.983363191657878,163624381384.583,122156928505.90117,67.7034072875977,66.51371256510417,0.7306697,0.8663124,15583.08,15154.356666666667,160.765516888126,148.68882874394765,3.5320821072274,1.889411879108854,70.6589523980701,72.32434043931407
BEL,Belgium,2013,0.5057462,445104666468.521,441660793676.622,7.7,6.866666666666667,1.1007296,1.0986897666666666,9.27476642514783,9.762401032487103,11810272330.6796,100308849529.42586,69.7490615844727,68.10345204671226,0.7656749,0.8066796333333333,16327.84,15663.753333333332,160.383301425059,157.10379397820398,2.83966343445899,2.853681581970323,71.4519170647845,71.76298547484777
BEL,Belgium,2014,0.5565741,446464436962.24,445238428797.83,8.3,7.566666666666666,1.1209955,1.0952606666666667,9.35170659157785,9.36435676683382,-29640924980.1455,48597909578.37237,71.7841110229492,69.7455266316732,0.8687752,0.7883732666666666,16589.95,16166.956666666667,157.573622782434,159.574147031873,1.11309594027539,2.494947160653927,70.779475550962,70.96344833793887
BEL,Belgium,2015,0.5465852,454346946885.841,448638683438.8674,9.1,8.366666666666665,0.9346005,1.0521085333333333,8.72331187181937,9.116594962848351,-15205871357.966,-11012174669.143965,74.0397262573242,71.85763295491536,0.9641507,0.8662002666666666,16888.19,16601.993333333332,158.571610953523,158.842845053672,0.340002833356921,1.4309207360304335,72.7601177085285,71.66383677475834
BEL,Belgium,2016,0.564115,461044767544.531,453952050464.20404,9.4,8.933333333333334,1.1764063,1.0773341,9.08415110044211,9.053056521279776,-19514245854.7287,-21453680730.946735,76.423942565918,74.0825932820638,0.9262936,0.9197398333333333,16730.49,16736.210000000003,155.068682045926,157.07130526062767,0.561429152790157,0.6715093088074893,76.2959532196333,73.27851549304127
BEL,Belgium,2017,0.5253514,466547349432.055,460646354620.809,9.2,9.233333333333334,1.3239138,1.1449735333333333,8.94429666461985,8.917253212293778,57538351507.0684,7606078098.124566,77.2435073852539,75.9023920694987,0.9363973,0.9422805333333333,16792.56,16803.74666666667,159.057696611945,157.56599653713133,1.97385264653162,0.9584282108928993,NaN,NaN
BEL,Belgium,2018,0.5747162,473426439010.72,467006185329.102,9.7,9.433333333333332,1.2707575,1.2570258666666667,8.77081443615992,8.933087400407294,-37288840312.453,245088446.62889862,80.7738189697266,78.14708964029951,0.9576595,0.9401168000000001,16305.94,16609.663333333334,166.904078237791,160.34348563188735,2.12597086002616,1.5537508864493124,NaN,NaN
BEL,Belgium,2019,0.4828069,482317238282.145,474097008908.30664,10.7,9.866666666666665,1.2683788,1.2876833666666665,8.79128601300038,8.835465704593384,-41601387266.7493,-7117292024.044635,79.1237487792969,79.04702504475914,1.03238,0.9754789333333332,16529.95,16542.816666666666,168.277692877218,164.746489242318,2.05316499865177,2.0509961684031834,NaN,NaN
BEL,Belgium,2020,0.4943048,494099718080.569,483281131791.1447,10.2,10.2,1.2890183,1.2760515333333335,8.73127988733552,8.764460112165272,-10587088044.237,-29825771874.479767,79.3044815063477,79.73401641845707,0.8756089,0.9552161333333333,16644.86,16493.583333333332,165.46547893199,166.882416682333,1.43681956996438,1.8719851428807701,NaN,NaN
BEL,Belgium,2021,0.5078351,470417598101.755,482278184821.4897,12.3,11.066666666666668,1.3238216,1.2937395666666667,7.96694296814415,8.496502956160016,-30140703656.7745,-27443059655.92027,79.4996032714844,79.30927785237633,0.8927743,0.9335877333333334,16947.47,16707.426666666666,156.950121282783,163.56443103066366,0.740791812220343,1.4102587936121642,NaN,NaN
BEL,Belgium,2022,0.4569935,499839663858.827,488118993347.0503,11.7,11.4,1.3954035,1.3360811333333331,8.2875698190821,8.328597558187257,33980656225.5414,-2249045158.4900336,82.6882019042969,80.49742889404301,0.9357119,0.9013650333333333,18319.58,17303.97,177.381892440073,166.599164218282,2.44024851144084,1.5392866312085207,NaN,NaN
BEL,Belgium,2023,0.4136321,519614510458.488,496623924139.68994,NaN,NaN,1.4079657,1.3757302666666666,7.6776616173853,7.977391468203849,13136474102.1507,5658808890.305866,83.5736465454102,81.92048390706383,0.876632,0.9017060666666668,17612.3,17626.45,191.179031303786,175.170348342214,9.597511728725,4.259517350795394,NaN,NaN
BEN,Benin,2012,0.002293052,9364019722.08608,9121566806.345568,48.7,49.56666666666666,-0.4622483,-0.43160703333333333,0.491508351362043,0.5009261850651706,161302390.821902,65334023.726595335,11.8088598251343,11.2544329961141,NaN,NaN,128.9,117.37333333333333,47.2170288118403,47.7835059413711,2.7042390774728,1.936048919529033,41.5532937721268,41.31656904602077
BGD,Bangladesh,2000,0.002845112,79295530763.5123,75693887269.65419,60.5,60.23333333333333,-1.170568749999995,-1.1588119499999983,0.197803215117866,0.19167074465628198,179603006.318604,169679510.80288967,5.28646993637085,NaN,3.18163,NaN,407.26,397.76666666666665,28.3879405571158,27.531172450012832,6.10669589841958,6.604844970413289,56.7420240633871,57.372128881161395
BGD,Bangladesh,2002,0.006975325,87732050538.1162,83506819402.4632,55.9,58.86666666666667,-1.156270649999995,-1.17240056666666,0.238535190866528,0.21228236002132503,78527040.0772573,179504892.02461442,6.17244005203247,5.570189952850343,1.6618915,2.2174795,434.28,428.57666666666665,32.0980170730117,29.935890664010433,2.0071737421384,3.440708616644443,59.7897868989475,58.12259128709013
BGD,Bangladesh,2004,0.005438329,95412434316.9993,91413137875.1339,52.6,54.300000000000004,-1.0667105,-1.1150533833333318,0.255292689169796,0.247010252418056,268285231.831688,133039067.6493041,5.99128007888794,6.026439984639487,1.14432555,1.4403610166666667,493.64,449.5666666666666,27.657884900158,29.574427564778194,5.66870773441476,3.6694821364240933,62.2645603419434,60.92308627132627
BGD,Bangladesh,2005,0.00302054,100411600213.555,95639654433.61348,52.0,53.0,-1.11731469999999,-1.1020680666666633,0.265286510438952,0.25592735894219737,448905400.707684,256498521.19277966,5.55667018890381,5.8211833635966,0.7737851,1.14432555,531.3,481.9066666666667,26.8582341492431,27.82783325685533,7.58753638504689,5.52960301739359,62.2143764009463,61.73128277199254
BGD,Bangladesh,2006,0.001217878,106974447115.636,100932827215.39677,50.6,51.73333333333333,-0.9816339,-1.0552196999999965,0.279053178068632,0.26654412589245996,813321971.875195,510170868.138189,6.13484001159668,5.89426342646281,0.4465043,0.7882049833333333,593.35,539.43,34.396934864465,29.637684637955363,7.04661816222038,6.7676207605606775,62.408242730492,62.29572649112723
BGD,Bangladesh,2007,0.00417418,114111680586.242,107165909305.14433,48.6,50.4,-0.8740542,-0.99100093333333,0.297067114877888,0.280468934461824,456523167.703824,572916846.7622343,7.07040023803711,6.253970146179199,0.2478172,0.4893688666666667,740.2,621.6166666666667,38.1119244325921,33.12236448210007,6.76526117054757,7.133138572604946,64.7299433554836,63.117520828973966
BGD,Bangladesh,2008,0.004167869,122166366935.51,114417498212.46266,47.2,48.800000000000004,-0.8672299,-0.9076393333333334,0.312314517812567,0.29614493691969573,651029738.054822,640291625.877947,7.66305017471313,6.95609680811564,0.5020874,0.39880296666666665,871.17,734.9066666666666,39.9423826531735,37.48374731674354,9.10698496905382,7.63962143394059,65.7933628960992,64.31051632735826
BGD,Bangladesh,2009,0.01255294,129513195397.247,121930414306.33301,45.2,47.0,-0.8632719,-0.8681853333333333,0.343404266569929,0.3175952997534614,1328422986.5175,811991964.0920486,8.62265968322754,7.785370031992593,0.9889797,0.5796281,1056.49,889.2866666666665,42.6209140325589,40.22507370610817,8.90194489465153,8.258063678084305,67.044597278158,65.85596784324694
BGD,Bangladesh,2010,0.0139349,136047297736.462,129242286689.73967,43.1,45.166666666666664,-0.805300999999999,-0.8452675999999997,0.365403611658953,0.34037413201381633,901286583.13086,960246435.9010606,10.4939298629761,8.926546573638925,2.010767,1.1672780333333332,1159.19,1028.95,40.092796223023,40.88536430291847,5.42347236174679,7.81080074181738,68.6557927266306,67.16458430029593
BGD,Bangladesh,2011,0.01055619,143627564998.204,136396019377.30434,40.3,42.866666666666674,-0.8368896,-0.8351541666666664,0.399267470769648,0.36935844966617665,1232258246.59254,1153989272.0803,11.8801271989064,10.332238915036681,2.509574,1.8364402333333334,1426.96,1214.2133333333334,37.8028426708321,40.17218430880467,8.12667639169917,7.484031216032496,72.7300354006568,69.47680846848179
BGD,Bangladesh,2012,0.007987465,152912195327.661,144195686020.77567,38.4,40.599999999999994,-0.8270946,-0.8230950666666663,0.425203089273234,0.3966247239006117,1264725163.33408,1132756664.3524933,13.2663245348367,11.8801271989064,1.267604,1.9293150000000001,1391.46,1325.8700000000001,47.4208498356898,41.7721629098483,11.3951651552399,8.31510463622862,73.710461835035,71.69876332077412
BGD,Bangladesh,2013,0.009811164,162884301114.117,153141353813.32736,37.3,38.666666666666664,-0.978781999999999,-0.8809220666666664,0.450583313929743,0.425017957990875,1584403459.98465,1360462289.9704235,13.4211598649529,12.855870532898669,1.311026,1.6960680000000001,1921.35,1579.9233333333334,48.1109227490467,44.4448717518562,6.21750422069283,8.579781922543967,74.8241218031999,73.7548730129639
BGD,Bangladesh,2014,0.003525845,172679520662.469,162825339034.749,37.0,37.56666666666666,-0.9494963,-0.918457633333333,0.460477953853579,0.44542145235218533,2602962095.36816,1817363572.89563,13.4900578063704,13.392514068719999,1.338923,1.305851,1787.42,1700.0766666666666,46.2964027228174,47.2760584358513,7.53040640913172,8.38102526168815,72.8530865761153,73.79589007145007
BGD,Bangladesh,2015,0.001183768,183145728910.398,172903183562.328,35.4,36.56666666666667,-0.8964974,-0.9415918999999997,0.485260877115325,0.46544071496621564,2539190939.6837,2242185498.3455033,13.5777392703559,13.496318980559733,0.863476,1.1711416666666667,2408.26,2039.0100000000002,44.5140801968096,46.307135222891226,6.99163889220848,6.91318317401101,74.1808965552018,73.952701644839
BGD,Bangladesh,2016,0.002072359,195146608978.131,183657286183.66602,33.1,35.166666666666664,-0.776809499999999,-0.874267733333333,0.536099232905876,0.4939460212915934,2831152765.15514,2657768600.0690002,15.5739926180902,14.213929898272168,0.2378018,0.8134002666666668,2182.74,2126.14,42.0859963070382,44.2988264088884,6.19428022984983,6.90544184373001,71.2853529477754,72.77311202636416
BGD,Bangladesh,2017,0.001594091,209028320490.615,195773552793.048,30.2,32.9,-0.7592301,-0.8108456666666664,0.584484613989962,0.5352815746703877,2332724780.71107,2567689495.1833034,17.3985207411042,15.516750876516767,0.3231964,0.47482473333333336,2590.98,2393.9933333333333,31.3341501346142,39.31140887948734,5.51352572692995,6.233148282996086,NaN,NaN
BGD,Bangladesh,2018,0.00396071,222803809377.443,208992912948.72964,28.1,30.46666666666667,-0.7430899,-0.759709833333333,0.622997104678737,0.5811936505248584,1810395803.56746,2324757783.1445565,18.5175604399834,17.163357933059267,0.1669496,0.24264926666666664,3126.85,2633.523333333333,29.9997306724343,34.473292371362234,5.70207015717238,5.803292037984053,NaN,NaN
BGD,Bangladesh,2019,0.005056952,239111739541.452,223647956469.83667,27.0,28.433333333333334,-0.7854912,-0.7626037333333332,0.643225929977613,0.6169025495487707,2421626238.43716,2188248940.90523,19.5710492453779,18.495710142155165,0.3979793,0.29604176666666665,3182.44,2966.7566666666667,32.5146317240884,31.282837510378968,5.54362139486476,5.586405759655697,NaN,NaN
BGD,Bangladesh,2020,0.0009696687,257958323968.613,239957957629.16934,26.1,27.066666666666666,-0.8895369,-0.8060393333333332,0.662908100271382,0.6430437116425773,1908045387.02684,2046689143.0104866,22.7094642473405,20.266024644233934,0.6694718,0.41146689999999997,5204.89,3838.06,31.5780544912404,31.3641389625877,5.59199639930629,5.61256265044781,NaN,NaN
BGD,Bangladesh,2021,0.002321532,266852772253.895,254640945254.65332,27.2,26.766666666666666,-0.8942304,-0.8564195,0.626122292349066,0.6440854408660203,1525312160.40492,1951661261.9563065,22.6923019564501,21.657605149722837,0.1388794,0.40211016666666666,5121.48,4502.9366666666665,26.271447376215,30.121377863847936,5.69107474746211,5.608897513877721,NaN,NaN
BGD,Bangladesh,2022,0.006684204,285368829855.224,270059975359.24402,25.0,26.100000000000005,-0.871176499999999,-0.8849812666666663,0.702428158073895,0.6638195168981144,1723856464.12345,1719071337.18507,23.9006822335243,23.10081614577163,0.2833584,0.3639032,7551.78,5959.383333333332,27.7240047036631,28.524502190372832,5.54565430773473,5.609575151501043,NaN,NaN
BGD,Bangladesh,2023,0.001156043,305629528154.311,285950376754.4766,NaN,NaN,-0.9240476,-0.8964848333333331,0.713556533909868,0.680702328110943,1601074338.25183,1616747654.260067,23.5005059888653,23.3644967262799,0.6696115,0.3639497666666667,7056.17,6576.4766666666665,33.7799672705735,29.2584731168172,7.69695437176898,6.311227808988607,NaN,NaN
BGR,Bulgaria,1999,0.03312913,31705866815.773,32607760271.76273,5.8,4.366666666666666,0.1029515,-0.20771635,6.88582700338848,7.1320850072788735,537317256.150851,383705752.0502837,NaN,NaN,0.9413505,1.9713935000000002,1764.7,1809.243333333333,77.0452030341,83.10991031848788,18.672204442064,399.5511020370147,75.7915804194596,76.68427520703592
BGR,Bulgaria,2000,0.01043208,29043813399.5103,30432677664.532898,6.6,5.3999999999999995,0.1205995,0.0052782166666666686,6.10426199031888,6.7091929085015165,818788154.863275,620301803.6713754,NaN,NaN,1.615928,1.7020571666666668,1800.04,1772.6866666666665,90.0749616578503,84.52796705309093,2.57304281890212,359.87293549356536,74.7339631495545,75.7665651451387
BGR,Bulgaria,2001,0.02764531,30376118589.1044,30375266268.12923,8.0,6.8,0.1382475,0.12059950000000001,5.89680364134317,6.295630878350177,1001503841.99968,785869751.0046021,NaN,NaN,0.8843595,1.1472126666666667,1676.87,1747.2033333333331,77.7457041594489,81.62195628379972,10.3162621289989,10.52050312998834,72.4014393908878,74.30899431996731
BGR,Bulgaria,2002,0.04010812,31537611343.1357,30319181110.583466,7.2,7.266666666666666,0.2619823,0.17360976666666664,6.2958054683011,6.098957033321049,812942201.973002,877744732.945319,41.0407791137695,NaN,1.607335,1.3692075,1657.78,1711.5633333333333,79.0813687477668,82.30067818835533,7.3609392723184,6.750081406739807,73.1870043247948,73.44080228841237
BGR,Bulgaria,2003,0.006457445,33389478145.9504,31767736026.063503,8.7,7.966666666666666,0.3857171,0.2619823,6.07329618467708,6.088635098107116,904659791.087721,906368611.686801,41.4290084838867,NaN,2.142969,1.5448878333333333,1680.94,1671.8633333333335,75.2696110143524,77.36556130718937,5.81014365721825,7.82911501951185,70.492873864292,72.02710585999154
BGR,Bulgaria,2004,0.01522732,35138136419.3122,33355075302.799435,9.2,8.366666666666665,0.5244916,0.39073033333333324,6.87596804610276,6.41502323302698,2096788700.05598,1271463564.3722343,42.8536109924316,41.77446619669593,0.3896915,1.3799985,1714.23,1684.3166666666666,79.0138853713575,77.78828837782557,2.34864169582757,5.173241541788073,74.1176397918123,72.59917266029969
BGR,Bulgaria,2005,0.02584239,37425778712.9317,35317797759.3981,9.6,9.166666666666666,0.5420783,0.48409566666666665,6.66896898479433,6.539411071858058,3072550961.81564,2024666484.3197803,43.6935691833496,42.65872955322263,0.9940863,1.1755822666666667,1850.12,1748.43,93.063897964183,82.4491314499643,6.14713074246266,4.768638698502826,74.0091148386035,72.87320949823594
BGR,Bulgaria,2006,0.01461454,40066672175.5903,37543529102.6114,9.8,9.533333333333333,0.6353859,0.5673186,6.8534654520215,6.799467494306197,4098122930.77933,3089154197.5503163,46.225269317627,44.2574831644694,1.316502,0.9000932666666667,2032.9,1865.75,99.7142112127381,90.59733151609286,5.0388380711191,4.5115368364697765,72.9248872278839,73.68388061943322
BGR,Bulgaria,2007,0.0266591,42792243384.3764,40094898090.96613,10.0,9.799999999999999,0.5521691,0.5765444333333333,7.10899139615699,6.877141944324273,7874476255.43262,5015050049.34253,47.7948303222656,45.90455627441407,0.6772565,0.9959482666666668,1932.09,1938.37,111.04746275381,101.27519064357703,7.26159462769946,6.149187813760407,72.3362033247756,73.09006846375432
BGR,Bulgaria,2008,0.03804516,45639805260.6518,42832906940.20617,8.8,9.533333333333333,0.5972288,0.5949279333333333,7.63903485834564,7.200497235508043,13875270456.9117,8615956547.707884,51.2403411865234,48.42014694213867,1.295049,1.0962691666666666,2469.59,2144.86,123.532557660753,111.4314105424337,8.40253419005893,6.900988962959164,77.7529226245004,74.33800439238662
BGR,Bulgaria,2009,0.02917841,48437323784.9572,45623124143.32847,9.9,9.566666666666668,0.62931,0.5929026333333334,7.28226303396129,7.343429762821306,10296720633.7242,10682155782.02284,52.6504096984863,50.561860402425104,1.801733,1.2580128333333334,2345.31,2248.9966666666664,124.688747515359,119.75625597664066,12.348719599402,9.337616139053463,76.1825440627075,75.4238900039945
BGR,Bulgaria,2010,0.02486505,46816058020.3321,46964395688.64703,11.6,10.1,0.5008737,0.5758041666666666,6.25111912335147,7.0574723385528,3896664559.17164,9356218549.935846,55.0083694458008,52.96637344360351,1.34367,1.4801506666666666,2682.99,2499.2966666666666,92.6926456036375,113.63798359324983,2.75320223914819,7.83481867620304,73.474213431802,75.80322670633664
BGR,Bulgaria,2011,0.02990922,47544216166.3084,47599199323.865906,14.3,11.933333333333332,0.4826727,0.5376188000000001,6.69444084245238,6.74260766658838,1842900000.0,5345428397.631947,58.354850769043,55.3378766377767,1.260354,1.4685856666666666,2606.28,2544.86,103.380522321192,106.92063848006283,2.43899060504117,5.8469708145304535,73.8617612563767,74.50617291696206
BGR,Bulgaria,2012,0.04146602,48537973523.4502,47632749236.6969,13.2,13.033333333333333,0.3293894,0.43764526666666664,7.4553286135295,6.800296193111116,2103810000.0,2614458186.390547,59.8246803283691,57.72930018107096,1.345571,1.3165316666666667,2459.0,2582.7566666666667,117.41810388629,104.49709060370651,4.21990346601872,3.1373654367360273,75.7563706188327,74.36411510233712
BGR,Bulgaria,2013,0.02970282,48901433349.8318,48327874346.53014,15.6,14.366666666666665,0.3314826,0.3811815666666667,6.83236589446759,6.99404511681649,1788110000.0,1911606666.6666667,62.1616516113281,60.11372756958006,1.423712,1.3432123333333335,2648.91,2571.396666666667,123.971322714174,114.92331630721867,2.95456829831012,3.20448745645667,72.7741429586005,74.13075827793664
BGR,Bulgaria,2014,0.04082144,48636020141.1525,48691809004.8115,18.2,15.666666666666666,0.2963471,0.3190730333333333,6.20837555281037,6.832023353602486,1989040000.0,1960320000.0,68.2013397216797,63.3958905537923,1.469114,1.4127990000000004,2680.44,2596.116666666667,129.688682986482,123.69270319564866,0.890093540913096,2.688188435080645,70.5070300061083,73.01251452784716
BGR,Bulgaria,2015,0.04084,49097794392.256,48878415961.0801,17.1,16.966666666666665,0.3082609,0.3120302,6.68898259606321,6.576574681113723,1093600000.0,1623583333.3333333,72.981559753418,67.78151702880861,1.613492,1.5021060000000002,2661.88,2663.7433333333333,130.248377115245,127.96946093863367,-1.41818380264839,0.8088260121916085,71.9161104454373,71.73242780338204
BGR,Bulgaria,2016,0.03127379,50765918159.1476,49499910897.5187,17.9,17.733333333333334,0.4178283,0.34081209999999995,7.138544362474,6.678634170449193,2221390000.0,1768010000.0,78.2999572753906,73.16095225016277,2.085366,1.7226573333333333,2554.77,2632.3633333333332,126.73664221295,128.89123410489233,-0.104633261008479,-0.210907840914591,36.0044540423489,59.47586483129817
BGR,Bulgaria,2017,0.02292625,52302413861.9149,50722042137.77283,17.7,17.566666666666666,0.5564144,0.4275012,6.83625613002581,6.887927696187673,1488430000.0,1601140000.0,80.6399612426758,77.30715942382814,1.517074,1.738644,2544.29,2586.98,122.805514356513,126.59684456156934,-0.798649886453617,-0.7738223167034953,NaN,NaN
BGR,Bulgaria,2018,0.02651954,53738599840.5621,52268977287.2082,17.1,17.566666666666666,0.5379574,0.5040667,7.2438350558862,7.072878516128671,2007290000.0,1905703333.3333333,81.2245864868164,80.0548350016276,1.041239,1.5478930000000002,2963.85,2687.6366666666668,129.634429048004,126.39219520582235,2.06159619443141,0.3861043489897713,NaN,NaN
BGR,Bulgaria,2019,0.02197158,54990790971.5665,53677268224.681175,19.6,18.133333333333336,0.4816346,0.5253354666666666,6.90134019828938,6.9938104614004635,1809860000.0,1768526666.6666667,83.134880065918,81.6664759318034,1.273538,1.2772836666666667,3375.36,2961.1666666666665,129.166502930632,127.20214877838299,2.81454473824838,1.3591636820753907,NaN,NaN
BGR,Bulgaria,2020,0.02941329,57076766353.313,55268719055.147194,19.3,18.666666666666668,0.4580563,0.49254943333333334,6.74590424327681,6.963693165817464,2221250000.0,2012800000.0,84.7503128051758,83.0365931193034,1.071688,1.1288216666666668,4302.46,3547.2233333333334,125.260418346411,128.020450108349,3.10372944796771,2.6599567935491666,NaN,NaN
BGR,Bulgaria,2021,0.0156381,55288418257.0389,55785325193.9728,21.1,20.000000000000004,0.3077122,0.41580103333333335,6.01693316252197,6.5547258680293865,2801390000.0,2277500000.0,85.5331115722656,84.47276814778647,1.247119,1.1974483333333332,4559.2,4079.0066666666667,110.423899846249,121.61694037443067,1.67244096855756,2.5302383849245498,NaN,NaN
BGR,Bulgaria,2022,0.01936982,59616490915.7479,57327225175.3666,20.4,20.266666666666666,0.3229289,0.36289913333333335,7.04917445804336,6.604003954614046,2133700000.0,2385446666.6666665,85.3017501831055,85.19505818684895,0.8344653,1.0510907666666667,4858.99,4573.549999999999,121.214088263823,118.96613548549435,3.29774435299506,2.6913049231734436,NaN,NaN
BGR,Bulgaria,2023,0.01202284,62051147380.8758,58985352184.5542,NaN,NaN,0.2475956,0.2927455666666667,7.64769654654833,6.904601389037887,4748510000.0,3227866666.6666665,84.1293563842773,84.98807271321614,0.9458903,1.0091582000000001,4784.13,4734.106666666667,138.844877241238,123.49428845043667,15.3252589264367,6.7651480826631065,NaN,NaN
BHR,Bahrain,2004,0.001087666,18239571633.5594,17333972130.945736,0.0,0.0,0.8143363,0.767457,26.0244049510998,26.970186813502533,516700276.442675,271348672.1539154,25.1201400756836,23.653377532959,NaN,NaN,132.81,95.85666666666667,128.091582155216,128.75049421638167,1.59362549800786,-0.03649548076996134,98.1119706100949,97.95425775616654
BHR,Bahrain,2005,0.004027386,19512869154.2447,18303865423.470467,0.0,0.0,0.8293334,0.8151769,24.1830866740881,25.75551896281353,865308118.622994,532998425.571659,22.0668897628784,23.613469123840332,2.414209,NaN,142.48,115.42999999999999,140.737310039923,133.320842137177,2.35294117647061,1.1503421785757721,97.3884925608253,97.80178908493257
BHR,Bahrain,2011,0.0004691642,27303230073.1892,26331002333.1154,0.0,0.0,0.8816129,0.8396125333333333,23.4711361344292,24.0045184727784,155771009.169721,735639641.711496,40.553172156688056,34.798841748741616,1.752760249999999,3.1671761999999988,213.0,187.64666666666668,115.561486449616,126.469241001642,1.96188468334623,2.761133560829183,99.01280715753515,99.34463799068766
BHR,Bahrain,2012,0.002904533,27829679463.9972,27100632478.661102,0.0,0.0,0.9001858,0.8704074666666667,24.2703050994962,23.73663790534353,780851063.829786,397923878.1399346,46.3075025646345,40.553172156688056,0.3383443,1.7527602499999995,180.98,194.56333333333336,167.529641035854,133.68495096498634,-0.40004069748808,1.4524522737874197,98.5804334502805,99.01280715753514
BHR,Bahrain,2013,0.005271096,28888050241.9569,28006986593.04777,0.0,0.0,0.8032498,0.8616828333333334,24.9936309104324,24.245024048119266,1544680851.06382,827100974.6877756,47.6811679519633,44.84728089109529,1.685489,1.2588645166666665,159.51,184.49666666666667,178.824020821684,153.97171610238465,2.75739669962979,1.4397468951626466,98.71007610903669,98.76777223895078
BHR,Bahrain,2014,0.005876407,30416985616.3829,29044905107.445667,0.0,0.0,0.819964,0.8411332000000001,25.6391882801584,24.967708096695663,3727712765.95744,2017748226.9503486,44.1274788546413,46.038716457079694,2.185201,1.4030114333333332,241.91,194.13333333333333,184.58950884485,176.981056900796,3.30001156888442,1.8857891903420434,98.8397187677929,98.7100761090367
BHR,Bahrain,2016,0.003391133,32523297872.3404,31555964498.897266,0.0,0.0,0.7369814,0.7278492666666666,24.4242594076429,25.129131964200866,64893617.0212766,1770407801.4184353,45.6439860607554,44.8527083860576,4.33319,3.435031,180.86,212.44000000000003,147.916060172904,167.027142386538,1.84862742374976,2.59873073503202,1.88319353432749,50.361456151060196
BHR,Bahrain,2020,0.0009696687,36906448210.9064,36169056069.958336,0.0,0.0,0.5202512,0.5042795999999999,24.8338675631303,23.2733902017813,941755319.148936,1340691489.3616986,52.9045782700327,50.63183686600593,1.8606223750000002,2.86697425,465.67,353.07,135.417543398211,138.64071859438,1.00582004702136,1.4934025777517335,NaN,NaN
BHR,Bahrain,2022,0.002156195,36235315986.0804,35955512767.100464,0.0,0.0,0.7964885,0.6240407000000001,24.8329361557867,24.896881841149835,1779255319.14893,1247429078.014182,47.5015525503536,51.604641019097265,1.6156467499999998,1.4435132083333333,650.35,541.6733333333333,153.799316485108,141.55928163208333,-0.60631938514085,-0.6394018771444233,NaN,NaN
BIH,Bosnia and Herzegovina,2002,0.005231494,10938351172.2094,10582976583.060234,20.3,22.7,-0.812756199999999,-0.9182157833333325,3.3728936761354,3.1477350812997096,118495219.813023,147117141.816725,16.782470703125,NaN,NaN,NaN,68.64,84.08333333333333,86.0357340130948,97.73800623715552,NaN,NaN,87.295795445006,86.66461718830442
BIH,Bosnia and Herzegovina,2003,0.004843084,11488270722.7089,11035391357.505867,21.2,20.3,-0.725529299999999,-0.812756199999999,3.54063823274201,3.4489005558337134,267769568.956599,177446799.88208866,17.0357398986816,16.404250144958464,1.049959,NaN,113.91,86.38,78.7274783626,83.37365183662453,NaN,NaN,87.7493637163905,87.6461848451108
BIH,Bosnia and Herzegovina,2004,0.004350664,11932537720.474,11453053205.130766,20.1,20.53333333333333,-0.489429199999999,-0.675904899999999,3.63494469217951,3.5161588670189734,381784637.391406,256016475.38700935,18.8590297698975,17.559080123901367,1.433802,NaN,155.74,112.76333333333332,80.5694572639365,81.77755654654375,NaN,NaN,88.8765587594594,87.97390597361863
BIH,Bosnia and Herzegovina,2005,0.004027386,12687302704.3598,12036037049.1809,20.1,20.46666666666667,-0.3930802,-0.5360128999999993,3.87204789582773,3.6825436069164166,889597294.548592,513050500.2988656,21.1273002624512,19.00735664367677,0.837298,1.1070196666666667,208.97,159.54,81.8126861817184,80.36987393608496,NaN,NaN,89.0004667789069,88.5421297515856
BIH,Bosnia and Herzegovina,2006,0.01278772,13181750134.5787,12600530186.470833,19.7,19.966666666666665,-0.384305199999999,-0.42227153333333267,4.11237124047325,3.873121276160164,623812851.5592,631731594.4997326,24.1594295501709,21.38191986083987,1.069677,1.1135923333333333,256.37,207.02666666666667,84.3554628217984,82.24586875581777,NaN,NaN,88.5091881107963,88.79540454972086
BIH,Bosnia and Herzegovina,2007,0.002782787,13895410481.7996,13254821106.912699,18.1,19.3,-0.302689999999999,-0.36002513333333264,4.59986434577848,4.194761160693154,845962876.359591,786457674.1557943,27.0378398895264,24.108189900716166,2.462932,1.4566356666666664,298.29,254.54333333333338,79.8299477752016,81.99936559290613,6.12556615620284,NaN,90.4918222158115,89.33382570183824
BIH,Bosnia and Herzegovina,2008,0.005076251,14709558824.8469,13928906480.4084,14.8,17.533333333333335,-0.2740336,-0.3203429333333327,4.91480591136147,4.542347165871067,1841972230.25245,1103915986.0570803,30.7171401977539,27.304803212483733,0.5112532,1.3479540666666665,324.95,293.2033333333333,83.551858889163,82.579089828721,1.50077710611541,NaN,91.070412990263,90.02380777229025
BIH,Bosnia and Herzegovina,2009,0.00503076,15510030554.8428,14704999953.829767,14.3,15.733333333333334,-0.207967799999999,-0.26156379999999935,5.48500536029491,4.999891872478286,1004852659.85344,1230929255.4884937,34.473949432373,30.7429765065511,0.8885852,1.2875901333333333,398.8,340.68,86.1628798430504,83.18156216913833,7.42704310332952,5.017795455215924,92.3180836887657,91.2934396316134
BIH,Bosnia and Herzegovina,2010,0.004581501,15044038582.7515,15087875987.4804,17.4,15.5,-0.208602999999999,-0.230201466666666,5.58279640620095,5.32753589261911,138511019.727863,995111969.9445844,36.9575691223145,34.04955291748047,0.753737,0.7178584666666666,458.34,394.03,73.7474942255023,81.1540776525719,-0.381464282453056,2.8487853089972917,92.6039471530521,91.99748127736025
BIH,Bosnia and Herzegovina,2011,0.01329299,15174269895.7758,15242779677.790033,19.6,17.099999999999998,-0.2413666,-0.219312466666666,5.82913897832648,5.632313581607446,443840207.09283,529067962.224711,38.5334587097168,36.6549924214681,0.833815,0.8253790666666667,491.73,449.6233333333333,80.9682159626823,80.292863343745,1.99621236745886,3.0139303961117747,91.6523647377464,92.19146519318805
BIH,Bosnia and Herzegovina,2012,0.006305893,15319868792.2914,15179392423.606232,14.2,17.066666666666666,-0.2715825,-0.24051736666666632,6.75293000851462,6.054955131014016,471610992.220787,351320739.68049335,41.9769592285156,39.15599568684897,2.14088,1.2428106666666667,551.18,500.4166666666666,87.8363477136556,80.85068596728006,3.67125,1.7619993616686014,93.9960054991762,92.75077246332489
BIH,Bosnia and Herzegovina,2013,0.004617018,15193964403.4513,15229367697.172834,15.3,16.366666666666667,-0.205219999999999,-0.23938969999999968,6.35152105670861,6.311196681183237,391976946.375189,435809381.89626867,44.7015495300293,41.73732248942056,1.42629,1.466995,550.32,531.0766666666667,88.1451088628529,85.64989084639693,2.05267452001717,2.57337896249201,91.9474229896214,92.53193107551466
BIH,Bosnia and Herzegovina,2014,0.000783521,15551001102.6808,15354944766.141167,19.5,16.333333333333332,-0.2013766,-0.22605969999999967,6.42871959276172,6.511056885994983,313295008.331528,392294315.64250135,51.3600883483887,46.012865702311196,2.750756,2.1059753333333333,490.13,530.5433333333334,87.9312380280562,87.97089820152156,-0.0930456838317588,1.876959612061804,92.5037418134298,92.81572343407579
BIH,Bosnia and Herzegovina,2015,0.0005918841,15730436007.5757,15491800504.569267,23.6,19.46666666666667,-0.1859247,-0.19750709999999963,5.83357574795313,6.20460546580782,544866345.457419,416712766.72137874,54.1655807495117,50.07573954264323,0.3757347,1.5175935666666664,491.61,510.68666666666667,90.5522780395662,88.87620831015845,-0.897194054194333,0.3541449273303594,88.91459904400665,91.12192128235262
BIH,Bosnia and Herzegovina,2016,0.001130378,16404348361.0926,15895261823.783033,25.2,22.766666666666666,-0.2509226,-0.2127413,5.92032322488213,6.060872855198993,383089615.729343,413750323.17276335,55.5336608886719,53.68644332885743,0.7120467,1.2795124666666666,584.17,521.9699999999999,88.291992587588,88.9251695517368,-1.03602303425474,-0.6754209240936105,85.3254562745835,88.91459904400665
BIH,Bosnia and Herzegovina,2017,0.004298672,16936219694.6475,16357001354.438599,23.0,23.933333333333337,-0.2439076,-0.2269183,6.7682636611601,6.174054211331787,313198153.358835,413718038.1818657,56.9546089172363,55.5512835184733,0.6176808,0.5684874000000001,584.92,553.5666666666666,88.2440340022738,89.029434876476,-1.58410000000001,-1.1724390294830276,NaN,NaN
BIH,Bosnia and Herzegovina,2018,0.005166143,17485647420.4505,16942071825.396866,18.5,22.233333333333334,-0.1684447,-0.22109163333333334,6.99679935322086,6.5617954130876965,509429047.915132,401905605.66776997,54.528678894043,55.67231623331707,1.656299,0.9953421666666667,748.93,639.34,96.6458803566861,91.0606356488493,0.810133321953038,-0.6033299041005707,NaN,NaN
BIH,Bosnia and Herzegovina,2019,0.007742368,18155173558.4672,17525680224.521732,35.4,25.633333333333336,-0.3157976,-0.24271663333333335,7.10487156775908,6.956644860713347,601783317.146818,474803506.14026165,49.7987518310547,53.76067988077799,2.559569,1.6111829333333336,761.17,698.34,98.4320694182631,94.44066125907433,1.41710814018033,0.21438048737778606,NaN,NaN
BIH,Bosnia and Herzegovina,2020,0.00775735,18679105074.1119,18106642017.676533,36.8,30.23333333333333,-0.3767077,-0.2869833333333333,6.75452909895075,6.95206667331023,447875544.610652,519695969.8908674,46.6677894592285,50.33174006144207,3.086207,2.4340249999999997,829.49,779.8633333333332,94.516125154246,96.53135830973173,0.56278215406123,0.930007872064866,NaN,NaN
BIH,Bosnia and Herzegovina,2022,0.0005390487,19454976126.4078,18749997939.614166,36.6,37.03333333333334,-0.3797619,-0.3768757333333333,7.09101986590062,6.892036189728479,767542282.660214,566232273.380536,45.0589485168457,45.176886240641274,1.2902654500000001,2.15878515,1122.99,985.7333333333332,96.7391144408744,91.25896213150702,1.98163900587622,0.49770838410085333,NaN,NaN
BLR,Belarus,1999,0.01629301,23858297841.0347,21874993752.893402,4.1,3.7999999999999994,-1.66736439999999,-1.432991749999995,5.98767092373155,6.045379926420291,203200000.0,219766666.66666666,48.6389083862305,45.965535481770836,2.036219,1.4571571666666667,1312.38,1316.89,122.957697735989,115.08292555943497,72.8697170535354,63.1730533808262,91.0188329853036,91.71492600170977
BLR,Belarus,2000,0.0227609,24669479777.7189,23512426408.126667,4.5,4.133333333333333,-1.69563169999999,-1.5986626166666582,5.80063027477132,5.965757241640001,444000000.0,332933333.3333333,51.9174118041992,48.44897333780923,0.9528998,1.4745202666666666,1133.6,1266.2433333333333,120.835117829629,123.10299824072534,293.678750889772,143.4952780930184,91.9323570730309,91.70172487558874
BLR,Belarus,2001,0.04031608,26100310412.7168,24876029343.823467,5.7,4.766666666666667,-1.72389899999999,-1.69563169999999,5.63748483157157,5.808595343358147,118800000.0,255333333.33333334,54.5108413696289,51.68905385335287,0.9765933,1.3219040333333334,1203.02,1216.3333333333333,141.609165955024,128.46732717354735,168.620235850933,178.38956793141347,91.2801804701754,91.41045684283664
BLR,Belarus,2002,0.05144302,27333629960.0077,26034473383.481136,6.3,5.5,-1.618472699999995,-1.6793344666666583,5.53944992364947,5.659188343330787,95800000.0,219533333.33333334,56.5885696411133,54.338940938313804,1.83079,1.2534276999999998,1330.16,1222.26,137.044930473063,133.16307141923866,61.1349331618476,174.47797330085086,90.8482730636878,91.35360353563136
BLR,Belarus,2003,0.0460093,28712684731.6691,27382208368.1312,6.5,6.166666666666667,-1.5130464,-1.6184726999999952,5.59425588928258,5.590396881501206,247100000.0,153900000.0,58.9719886779785,56.6904665629069,2.173441,1.6602747666666666,1325.49,1286.2233333333334,131.002058282291,136.552051570126,42.5375481348794,90.76423904922001,91.6545026303456,91.26098538806961
BLR,Belarus,2004,0.01522732,30734974379.4373,28927096357.038036,6.2,6.333333333333333,-1.44712589999999,-1.5262149999999952,5.69894155704101,5.610882456657687,171800000.0,171566666.66666666,61.6584510803223,59.07300313313804,1.825041,1.9430906666666665,1279.07,1311.5733333333335,134.141852273225,134.0629470095263,28.3978399133473,44.0234404033581,91.8866469119945,91.46314086867596
BLR,Belarus,2005,0.01141093,34254050021.1784,31233903044.094936,6.3,6.333333333333333,-1.2155677,-1.3919133333333302,6.08289947550633,5.7920323072766395,163800000.0,194233333.33333334,62.9585113525391,61.19631703694663,0.7317898,1.576757266666667,1285.37,1296.6433333333332,142.136510387704,135.76014031440667,18.1082424937646,29.68121018066377,93.3361970390079,92.29244886044933
BLR,Belarus,2006,0.02435757,37473931242.4089,34154318547.674866,6.8,6.433333333333334,-1.2547914,-1.30582833333333,6.21065065245296,5.997497228333433,306600000.0,214066666.66666666,65.4601211547852,63.359027862548864,0.4214701,0.9927669666666666,1339.42,1301.2866666666666,118.88435169233,131.72090478441967,10.3388794457932,18.948320617635034,92.3997663253211,92.54087009210782
BLR,Belarus,2007,0.03116721,41221322391.8597,37649767885.148994,7.2,6.766666666666667,-1.6115017,-1.3606202666666667,6.50329976582844,6.265616631262577,357100000.0,275833333.3333333,68.3140869140625,65.57757314046226,1.107109,0.7534563,1210.16,1278.3166666666666,124.295103889386,128.43865532314,6.99712903535584,11.814750324971214,92.3078994441734,92.68128760283413
BLR,Belarus,2008,0.0304575,44766358837.3896,41153870823.88607,7.3,7.1000000000000005,-1.5355625,-1.4672852,6.38627760224321,6.366742673508203,1807300000.0,823666666.6666666,71.1050872802734,68.29309844970703,1.254081,0.9275533666666665,1310.09,1286.5566666666666,128.153877979073,123.77777785359633,8.42675273505309,8.587587072067377,92.0910255709237,92.26623044680606
BLR,Belarus,2009,0.02822017,49332527208.7462,45106736145.998505,7.1,7.199999999999999,-1.219009,-1.4553577333333332,6.79739735106636,6.562324906379337,2187900000.0,1450766666.6666667,71.3163528442383,70.24517567952473,1.075781,1.1456570000000001,1070.73,1196.993333333333,129.599478545475,127.34948680464466,14.8378764828254,10.087252751078111,92.9552573251639,92.45139411342033
BLR,Belarus,2010,0.01353625,49431189910.8575,47843358652.33109,7.4,7.266666666666667,-1.19544119999999,-1.3166708999999968,6.48177831683936,6.555151090049644,1876500000.0,1957233333.3333333,75.3678512573242,72.59643046061196,1.283552,1.2044713333333334,1205.3,1195.3733333333332,108.63564482836,122.129667117636,12.9456563410401,12.070095186306197,91.8374740327055,92.29458564293104
BLR,Belarus,2011,0.01016522,53262115569.3291,50675277562.9776,7.3,7.266666666666666,-1.1710193,-1.1951564999999966,6.97190461749866,6.750360095134792,1393400000.0,1819266666.6666667,80.1169697729485,75.60039129150367,0.7723503,1.0438944333333333,1054.44,1110.1566666666665,115.917972989303,118.05103212104599,7.735748043125,11.839760288996834,92.2018746456196,92.33153533449634
BLR,Belarus,2012,0.006879156,56218149516.8364,52970484999.00767,7.5,7.400000000000001,-1.3322808,-1.2329137666666632,6.65434111179211,6.7026746820433765,4002400000.0,2424100000.0,87.3373753061346,80.94073211213578,0.8262228,0.9607083666666667,1114.89,1124.8766666666668,157.974255073313,127.50929096365867,53.2286983118174,24.636700898660834,91.9782181551572,92.00585561116077
BLR,Belarus,2013,0.0119273,57178272607.7523,55552845897.972595,7.2,7.333333333333333,-1.0299101,-1.1777367333333333,6.80323020321301,6.809825310834594,1463600000.0,2286466666.6666665,93.4729592664074,86.97576811516349,0.4305781,0.6763837333333335,1043.1,1070.81,153.085269313372,142.32583245866266,59.2197360232518,40.061394126064734,91.303109951088,91.82773425062162
BLR,Belarus,2014,0.00822697,57749323051.4988,57048581725.362495,7.0,7.233333333333333,-1.0356233,-1.1326047333333331,6.82283812148219,6.760136478829104,2246100000.0,2570700000.0,95.4975003100193,92.10261162752045,1.071121,0.7759739666666666,1107.04,1088.3433333333332,119.815965235724,143.62516320746965,18.3122610377873,43.58689845761884,91.2448990120141,91.5087423727531
BLR,Belarus,2015,0.006708019,58702836389.8022,57876810683.01776,6.7,6.966666666666666,-0.8946824,-0.9867385999999999,6.77047133861776,6.798846554437652,1862000000.0,1857233333.3333333,94.316359554493,94.42893971030658,0.7018794,0.7345261666666666,1059.93,1070.0233333333333,110.651424367582,127.85088630555934,18.1195543526734,31.883850471237498,92.8514440851526,91.79981768275157
BLR,Belarus,2016,0.003956322,56454769844.7632,57635643095.35474,6.8,6.833333333333333,-1.0025727,-0.9776261333333333,6.25386583936119,6.61572509982038,1652300000.0,1920133333.3333333,93.7888271999214,94.53422902147791,0.6760296,0.8163433333333333,988.28,1051.75,115.914826201946,115.46073860175066,13.5344897649734,16.655435051811367,NaN,NaN
BLR,Belarus,2017,0.01540357,55028470318.3987,56728692184.32137,6.7,6.733333333333333,-0.914265099999999,-0.9371733999999997,6.23725167194174,6.420529616640231,1246900000.0,1587066666.6666667,91.5206757734477,93.20862084262069,0.3298353,0.5692480999999999,1008.15,1018.7866666666665,125.209322899662,117.25852448973001,11.8365807653496,14.4968749609988,NaN,NaN
BLR,Belarus,2018,0.02583072,56421892161.1976,55968377441.45316,7.3,6.933333333333334,-0.8816836,-0.9328404666666663,6.3666212107869,6.285912907363277,1276300000.0,1391833333.3333333,89.4706479354735,91.59338363628086,1.325461,0.7771086333333334,1080.38,1025.6033333333335,133.367754723012,124.83063460820665,6.03183725177785,10.46763592736695,NaN,NaN
BLR,Belarus,2019,0.00889326,58198729025.2815,56549697168.2926,7.2,7.066666666666666,-0.7883245,-0.8614243999999998,6.722115187495,6.441996023407879,1426500000.0,1316566666.6666667,84.7097808751504,88.56703486135719,1.886421,1.1805724333333334,1228.81,1105.78,139.393736250171,132.656937957615,4.87230220550689,7.580240074211446,NaN,NaN
BLR,Belarus,2020,0.008403796,59040547731.7471,57887056306.0754,7.8,7.433333333333334,-0.5076275,-0.7258785333333333,6.50202478662403,6.530253728301976,1273300000.0,1325366666.6666667,81.2921953254514,85.15754137869176,0.7748073,1.3288964333333333,1502.43,1270.54,130.850406102184,134.53729902512234,5.59815595039853,5.500765135894423,NaN,NaN
BLR,Belarus,2021,0.01176888,58643356627.7874,58627544461.60534,8.4,7.8,-0.6830906,-0.6596808666666667,6.20046882969124,6.47486960127009,1393200000.0,1364333333.3333333,79.900160036935,81.96737874584561,0.8593354,1.1735212333333334,1521.33,1417.5233333333333,118.934176146534,129.72610616629632,5.5481435745651,5.339533910156841,NaN,NaN
BLR,Belarus,2022,0.002156195,60073587228.1282,59252497195.887566,8.2,8.133333333333335,-0.7942597,-0.6616592666666666,6.30387145078492,6.33545502236673,1230721861.86,1299073953.9533331,78.6027133367864,79.93168956639094,1.023485,0.8858758999999999,1597.03,1540.2633333333333,136.014167877476,128.599583375398,9.46028389623105,6.868861140398226,NaN,NaN
BOL,Bolivia,2006,0.001826818,20183533307.223,19355677349.799168,24.6,25.8,-0.3222565,-0.19871573333333334,1.06158115040733,1.0283414073585784,-238620000.0,8070000.0,NaN,NaN,NaN,NaN,63.68,53.69333333333333,67.6419413613743,59.024681298497626,5.39323106890663,4.389295622213067,81.4267203604109,81.45268575086145
BOL,Bolivia,2008,0.001068684,22117185836.643,21150819441.5809,22.1,23.46666666666667,-0.7718798,-0.5856193333333333,1.23849365473324,1.1441316406253867,366294241.538303,136145899.51276767,NaN,NaN,0.8893171,NaN,85.95,73.11666666666667,76.0619114476148,72.74723374684537,8.70560923578869,6.12707878424031,78.6688192777947,80.04776981910281
BOL,Bolivia,2009,0.00143736,23477060537.7352,22248661851.751637,21.3,22.36666666666667,-0.808172799999999,-0.747591433333333,1.30378490888814,1.2248662267856567,512335605.237139,386464434.59181404,NaN,NaN,0.9129044,0.8893171,93.85,83.17333333333333,82.8670208961798,77.8222602584472,14.0068107702519,8.998272018022066,82.5467326695576,80.42110725548504
BOL,Bolivia,2012,0.001146526,26581436461.7176,25371054689.275066,18.1,19.533333333333335,-0.799982699999999,-0.8399618999999996,1.55521407094396,1.4572379705618903,858941070.400943,634659686.6497637,NaN,NaN,2.027441666666667,2.3644653333333334,82.48,82.43,82.4803954243518,75.53969852946624,9.88446419823883,5.244731486033786,81.9773268672141,81.83165590409892
BOL,Bolivia,2013,0.0007695031,27943010890.6533,26596996532.8107,17.4,18.466666666666665,-0.8690743,-0.8361440666666664,1.62055085263547,1.5428480731692733,1059965390.7848,846968150.244697,NaN,NaN,1.690418,2.027441666666667,86.1,82.67,84.9487611684942,80.98026094804457,4.51560291399375,5.634447723558327,87.5929014280859,84.0633181660113
BOL,Bolivia,2022,0.0007187316,35949969735.497,35352594406.80624,12.8,14.4,-1.117001,-1.0478647333333333,1.83202986254917,1.7627223472585036,583576424.725665,-254182563.24751163,NaN,NaN,1.0426857777777778,1.1630700555555555,176.29,162.92,47.6670843158984,43.66816394514981,0.737383721452274,1.1725569748414577,NaN,NaN
BOL,Bolivia,2023,0.004238823,37297165304.9227,35306765785.25284,NaN,NaN,-1.13735149999999,-1.1017882666666632,1.93607699297368,1.7797726476174367,6236980.0828294,-179891288.8430685,NaN,NaN,0.9223015,1.0426857777777778,188.02,180.91666666666666,57.5249335789631,47.56948404650336,1.74632872945968,1.1414848680979344,NaN,NaN
BRA,Brazil,1999,0.1216545,1131254256718.86,1116373610200.61,43.8,44.0,0.0692395,-0.018891400000000003,1.94230001237588,1.8962409069135664,28855609916.42,20133514742.355602,NaN,NaN,0.794477,0.5542723333333334,10498.24,9149.19,16.438584928207,16.216795223309,3.19507629280051,8.62648480311755,57.1792957717185,56.616843456604634
BRA,Brazil,2000,0.0777664,1136547820360.71,1131748158235.4434,44.0,43.833333333333336,0.077481,0.04260969999999999,1.95707166300643,1.9383063433060401,28385675614.9902,25411406614.019,NaN,NaN,0.8787315,0.6965298666666667,11423.81,10408.51,20.982166473881,17.998986888475034,4.85844749902666,4.993412102706237,57.0988007223836,56.94051189789641
BRA,Brazil,2001,0.1048218,1186418964121.03,1151407013733.5334,42.7,43.5,0.0857225,0.07748100000000001,2.00787868943563,1.9690834549393135,32994718699.75,30078668077.053402,NaN,NaN,0.6338202,0.7690095666666666,12800.36,11574.136666666665,22.6397613589755,20.0201709203545,7.04414105947265,5.032554950433274,58.0045650386403,57.42755384424746
BRA,Brazil,2002,0.07803644,1202908958645.15,1175291914375.63,41.3,42.666666666666664,0.08888289999999999,0.08402879999999997,1.9928207750233,1.98592370915512,23225846372.251,28202080228.997066,NaN,NaN,0.7179215,0.7434910666666665,13914.7,12712.956666666667,26.936285024943,23.519404285933167,6.84035902487523,6.24764919445818,58.6647188400275,57.92269486701713
BRA,Brazil,2003,0.1520382,1239639324869.85,1209655749212.01,42.9,42.3,0.0920433,0.08888289999999999,1.96879630651915,1.98983192365936,16586600193.114,24269055088.371662,NaN,NaN,0.5535891,0.6351102666666667,16156.58,14290.546666666667,27.6183574077173,25.731467930545268,8.45016437708331,7.444888153810396,56.8051261801499,57.82480335293923
BRA,Brazil,2004,0.1796099,1253781489768.13,1232109924427.71,45.1,43.1,0.188343,0.12308973333333333,1.91839410561756,1.9600037290533365,10123013670.99,16645153412.118332,NaN,NaN,0.9558348,0.7424484666666666,17730.62,15933.966666666665,28.1403847215489,27.565009051403067,14.7149197228147,10.001814374924413,54.3276915570315,56.59917885906963
BRA,Brazil,2005,0.1813666,1325998860202.27,1273139891613.4167,45.2,44.400000000000006,0.0364364,0.10560756666666667,1.99978275095698,1.9623243876978966,18161380459.7533,14956998107.952433,NaN,NaN,1.013848,0.8410906333333333,19960.57,17949.256666666668,29.6782524803495,28.478998203205233,6.59718509985963,9.920756399919213,54.3503830157804,55.16106691765393
BRA,Brazil,2006,0.3183882,1368459094848.72,1316079814939.7068,46.1,45.46666666666667,0.0948275,0.10653563333333334,1.99935674253319,1.9725111997025768,15459981604.1196,14581458578.287634,NaN,NaN,1.045971,1.0052179333333333,22460.22,20050.47,27.0867952052479,28.301810802382096,6.86953720898964,9.393880677221324,53.8920514535431,54.19004200878501
BRA,Brazil,2007,0.336582,1422677289673.84,1372378414908.2766,46.7,46.0,0.0008242,0.04402936666666666,2.00204169117872,2.000393728222963,19418085598.0793,17679815887.317398,NaN,NaN,1.620342,1.2267203333333334,28610.05,23676.946666666667,26.0416998879446,27.602249191180665,4.18356812896909,5.883430145939453,53.0536747729249,53.76536974741614
BRA,Brazil,2008,0.2526675,1509031960316.93,1433389448279.83,47.2,46.666666666666664,-0.0432525999999999,0.017466366666666698,2.08496718576573,2.02878853982588,44579492463.6336,26485853221.944168,NaN,NaN,1.569334,1.4118823333333335,31153.54,27407.936666666665,25.2926113757805,26.140368822990997,3.64127299102652,4.898126109661749,52.1952459992416,53.046990741903194
BRA,Brazil,2009,0.2035302,1585904997750.07,1505871415913.6133,47.0,46.96666666666667,0.1558475,0.0378063666666667,2.16839391882541,2.0851342652566203,50716402711.4787,38237993591.063866,NaN,NaN,1.035985,1.4085536666666665,35574.01,31779.2,27.2575694165953,26.1972935601068,5.67859390284168,4.50114500761243,52.1126515141109,52.453857428759136
BRA,Brazil,2010,0.2253265,1583909738906.86,1559615565657.9534,48.9,47.70000000000001,0.1497206,0.08743850000000003,2.00746250710986,2.086941203900334,31480931700.0,42258942291.7041,NaN,NaN,0.8443409,1.1498866333333333,38510.99,35079.513333333336,22.1059756060711,24.885385466148964,4.88803479876798,4.735967230878726,50.9013650168232,51.7364208433919
BRA,Brazil,2011,0.2312253,1703150040806.99,1624321592487.9734,46.8,47.56666666666666,0.1900322,0.1652001,2.27112813109879,2.148994852344687,82389932468.07,54862422293.1829,NaN,NaN,0.9770036,0.9524431666666665,41760.03,38615.01,22.7721781132208,24.045241045295736,5.03872690108074,5.2017852008968,53.0336194267599,52.01587865256466
BRA,Brazil,2012,0.2107697,1770840429106.43,1685966736273.4268,45.2,46.96666666666667,0.1885087,0.17608716666666668,2.37418967936326,2.2175934391906367,102427228231.42,72099364133.16333,NaN,NaN,0.9305373,0.9172939333333332,44155.52,41475.51333333333,23.9344051765103,22.937519631934066,6.6364496221309,5.521070440659873,54.2857030621842,52.7402291685891
BRA,Brazil,2013,0.2240793,1804861390164.77,1759617286692.7302,43.5,45.166666666666664,0.1894102,0.18931703333333336,2.52901988702936,2.3914458991638035,92568388321.34,92461849673.61,43.8344116210938,NaN,0.7769453,0.8948287333333335,48166.15,44693.9,25.1142736103322,23.940285633354435,5.40349914036997,5.692891887860537,56.4658179040788,54.59504679767431
BRA,Brazil,2014,0.220757,1859094274383.73,1811598697884.9766,42.3,43.666666666666664,0.1300154,0.16931143333333332,2.63744450973958,2.513551358710733,75211029129.4,90068881894.05333,44.9966697692871,NaN,0.9287283,0.8787369666666667,50197.15,47506.27333333334,25.7859573281452,24.9448787049959,6.204310666401,6.081419809633957,57.7234726683883,56.15833121155043
BRA,Brazil,2015,0.2637097,1868463286696.58,1844139650415.0266,41.7,42.5,-0.0364999,0.09430856666666666,2.7310345760982,2.6324996576223803,87713983217.24,85164466889.32668,47.8131904602051,45.548090616862,0.9486436,0.8847724,52367.03,50243.44333333333,24.685405813292,25.1952122505898,6.32904015516138,5.978949987310783,58.8412201603963,57.67683691095446
BRA,Brazil,2016,0.2428159,1802211999456.42,1843256520178.9102,43.7,42.56666666666667,-0.0963301999999999,-0.0009382333333332974,2.56818858918394,2.6455558916739066,64738153494.44,75887721947.02666,49.0805015563965,47.2967872619629,1.133945,1.0037723,53504.24,52022.806666666664,26.9536259372369,25.808329692891366,9.02990102416136,7.187750615241247,20.8080468349331,45.79091322123924
BRA,Brazil,2017,0.2207368,1743173031878.48,1804616106010.4934,45.4,43.6,-0.0962291,-0.07635306666666662,2.37533549789759,2.5581862210599096,74294627801.19,75582254837.62334,48.9665794372559,48.62009048461917,1.013192,1.0319268666666666,55719.12,53863.46333333334,24.5336820770756,25.3909046092015,8.73914352329393,8.032694900872222,NaN,NaN
BRA,Brazil,2018,0.2271725,1766232928473.27,1770539319936.0566,45.3,44.79999999999999,-0.106341399999999,-0.0996335666666663,2.41694955353585,2.453491213539127,68885491315.23,69306090870.28667,50.7326316833496,49.59323755900067,0.9784541,1.0418637000000002,59143.03,56122.13,24.3197343741684,25.269014129493637,3.44637335032669,7.071805965927326,NaN,NaN
BRA,Brazil,2019,0.2444426,1797736638146.82,1769047532832.8567,46.9,45.86666666666667,-0.244291999999999,-0.148954166666666,2.28562350357953,2.3593028516709897,78183840044.98,73787986387.13333,52.05712890625,50.585446675618506,1.074806,1.0221507,63130.11,59330.753333333334,28.876203376153,25.909873275799,3.66485028376728,5.283455719129299,NaN,NaN
BRA,Brazil,2020,0.2774222,1819683008336.22,1794550858318.7703,47.5,46.56666666666666,-0.099421,-0.15001813333333266,2.25869881785082,2.3204239583220665,69174411753.45,72081247704.55333,53.6215400695801,52.13710021972657,1.131342,1.0615340333333332,66506.17,62926.43666666667,28.8902578697354,27.3620652066856,3.73297621216893,3.614733282087633,NaN,NaN
BRA,Brazil,2021,0.2022635,1760056385298.89,1792492010593.9766,50.0,48.13333333333333,-0.1518853,-0.165199433333333,2.1466461829,2.2303228347767834,38270116307.45,61876122701.96,55.529109954834,53.735926310221366,1.296675,1.1676076666666668,70490.47,66708.91666666667,32.3020785443492,30.022846596745865,3.21176803803376,3.5365315113233233,NaN,NaN
BRA,Brazil,2022,0.1441057,1843880907790.44,1807873433808.5166,46.5,48.0,-0.1510718,-0.1341260333333333,2.41580858865319,2.27371786313467,46440503520.19,51295010527.03,57.6311988830566,55.59394963582357,0.9310873,1.1197014333333335,73727.34,70241.32666666666,37.6563307592575,32.94955572444737,8.30165975585673,5.082134668686474,NaN,NaN
BRA,Brazil,2023,0.1532527,1899505159031.73,1834480817373.6865,NaN,NaN,-0.1989311,-0.16729606666666666,2.27889577215227,2.280450181235153,75501038733.31,53403886186.98334,61.0000915527344,58.053466796875,0.6879626,0.9719083,67030.59,70416.13333333333,38.8160659764321,36.2581584266796,9.28010608956872,6.931177961153071,NaN,NaN
BRN,Brunei Darussalam,2009,0.0007186799,12892826165.4277,13416603161.128233,0.0,0.0,0.949121,1.09751,23.5785205125558,23.09079174504677,222184549.489168,189219798.43028724,15.7385101318359,15.476696650187167,NaN,NaN,50.67,45.379999999999995,89.7454253523344,84.10926491073302,2.08498023715415,1.0708808116747903,99.9775092438545,99.97747625848098
BRN,Brunei Darussalam,2012,0.002293052,13481121714.8966,13041168114.093699,0.0,0.0,1.0180884,1.0149556,19.6830658831365,19.7761649600895,691170270.0,499159882.59554267,17.4244594573975,16.4411563873291,3.242871333333333,2.336535666666667,79.69,62.953333333333326,99.5379309038179,95.06552172840684,0.13791156316954,0.5101661459677432,99.972176417489,99.97540477587005
BRN,Brunei Darussalam,2013,0.003462764,13604222581.2368,13359965720.2422,0.0,0.0,0.9898506,1.0038178666666666,18.7948919633985,19.095760867366398,864905530.0,678932783.3333334,22.0733509063721,18.276990254720065,4.149207,3.242871333333333,116.39,84.74666666666666,105.640902140819,100.18345968908336,0.111766261400306,0.20218231886246865,99.9726961276348,99.97385881252974
BRN,Brunei Darussalam,2014,0.004701126,13315162382.5279,13466835559.553766,0.0,0.0,1.0783592,1.0287660666666667,18.9425148710366,19.140157572523865,775642000.0,777239266.6666666,23.4649200439453,20.987576802571635,3.438445,3.6101744444444446,123.02,106.36666666666667,110.939599584216,105.37281087628429,0.389205053123632,0.21296095923115935,99.9716728017693,99.9721817822977
BRN,Brunei Darussalam,2015,0.002367536,12981233119.3701,13300206027.711601,0.0,0.0,1.0142248,1.0274782,19.4524295140972,19.063278782844097,573906207.836338,738151245.945446,30.0799102783203,25.2060604095459,2.203172,3.263608,186.05,141.82,102.421000963035,106.33383422935667,-0.207108731719822,0.09795419426803868,99.9718900881513,99.97208633918513
BRN,Brunei Darussalam,2016,0.002260756,12930296870.1247,13075564124.007568,0.0,0.0,0.9482167,1.0136002333333334,17.4445539207791,18.613166101970968,171289167.823994,506945791.8867774,28.6641292572021,27.40298652648923,2.167099,2.6029053333333336,174.11,161.06,89.8961882533585,101.08559626686984,-0.488347420743522,-0.102083699779904,83.9758649172129,94.6398092690445
BWA,Botswana,2001,0.002687739,8491986059.02571,8136987692.217803,38.5,39.766666666666666,0.8571913,0.85579675,2.44404673473305,2.4273929335151503,57171341.3548619,63054847.35293273,6.98083019256592,6.39825677871704,NaN,NaN,111.88,96.16333333333334,91.924729689918,97.56495007078394,8.6014851485149,7.670726665733635,64.7510801116585,64.25282729865019
BWA,Botswana,2012,0.001528701,12130342700.3127,11264925795.391768,28.9,29.23333333333333,0.7899782,0.7916942666666666,1.93548698237551,1.89088875352783,293208060.474684,240095732.08309767,17.5134506225586,19.680147171020504,5.111125454545455,5.87546290909091,167.78,166.47,98.9614677801469,94.02708616709243,8.45987233408583,7.812015317537557,57.1721629125587,58.69961543345297
BWA,Botswana,2019,0.0003487553,15734967212.8207,15114301284.358398,25.6,26.333333333333332,0.5568633,0.5745121000000001,3.57037693642974,3.291492453559987,285955061.932014,229684263.193681,21.486418268845398,21.874430771508063,1.796668,2.221688,285.21,253.80666666666664,87.4551039946493,89.9479150456749,3.23801558947715,3.1204180902595904,NaN,NaN
CAN,Canada,1999,2.307308,1052253104641.38,1012110593570.2731,22.0,21.96666666666667,1.4848653,1.33477805,17.0401244257494,16.830593908232302,24979208298.1648,16326428789.0497,NaN,NaN,1.050876,1.1113143333333333,33117.69,34080.84666666667,78.0811853628611,74.22595630018417,0.995942456658019,1.395896654191563,75.7416299295718,74.47775438153427
CAN,Canada,2000,2.092295,1106349473970.81,1057142518666.7133,22.2,22.0,1.5549827500000002,1.4582087000000001,17.2178440083094,17.0552462515105,27456044687.0987,22539217802.318,NaN,NaN,1.211915,1.1516503333333334,32493.5,33302.073333333334,80.1150293129295,77.51094158581427,1.73484295105918,1.4506672628541664,75.5435194159437,75.29949585735903
CAN,Canada,2001,2.115033,1163199675162.51,1107267417924.9001,20.3,21.5,1.6251002,1.55498275,17.6990281801997,17.3189988714195,68303350856.0835,40246201280.449,58.5191192626953,NaN,1.08478,1.115857,34252.57,33287.920000000006,82.7653578503214,80.32052417537066,2.71943995691976,1.8167417882123198,76.4757593649725,75.92030290349601
CAN,Canada,2002,2.408804,1185010810251.65,1151519986461.6567,19.8,20.766666666666666,1.69099445,1.623692466666667,17.2263337035681,17.3810686306924,28391098831.3381,41383498124.840096,58.4661350250244,NaN,1.00892,1.1018716666666668,33653.44,33466.503333333334,78.3442183943698,80.40820185254023,2.52512013979905,2.3264676825926633,76.5272658627825,76.18218154789957
CAN,Canada,2003,2.548442,1220552310378.31,1189587598597.49,20.1,20.066666666666666,1.7568887,1.69099445,17.6683722055528,17.5312446964402,24486425376.8819,40393625021.4345,58.4131507873535,58.46613502502439,1.152193,1.0819643333333335,36459.85,34788.62,75.7070320779233,78.9388694408715,2.25839440940855,2.5009848353757866,75.6427069926961,76.2152440734837
CAN,Canada,2004,2.29164,1242600185731.73,1216054435453.8967,19.7,19.866666666666664,1.6789119,1.7089316833333335,18.1301542885681,17.674953399229665,7011792709.04631,19963105639.08877,59.49648284912108,58.79192288716632,1.262939,1.1413506666666666,38722.16,36278.48333333334,69.8400946170607,74.63044836311794,2.75856321360112,2.51402592093624,76.9003402916653,76.35677104904796
CAN,Canada,2005,2.279808,1281025904587.38,1248059466899.14,20.4,20.066666666666666,1.6899655,1.7085887,17.5256514747091,17.77472598961,1452416545.21798,10983544877.04873,60.57981491088866,59.49648284912107,1.206624,1.207252,42633.37,39271.793333333335,70.1924199909562,71.91318222864673,1.85725871857256,2.2914054471940766,75.9608183161309,76.1679552001641
CAN,Canada,2006,2.244402,1322152656986.39,1281926249101.8333,21.6,20.566666666666666,1.7709616,1.7132796666666668,18.0601166179094,17.905307460395534,25552226940.9281,11338812065.06413,61.66314697265624,60.57981491088865,1.177007,1.2155233333333333,47844.97,43066.833333333336,69.7591330167357,69.93054920825087,2.21355203439767,2.2764579888571164,76.2188115924218,76.35999006673933
CAN,Canada,2007,2.134234,1357030300367.79,1320069620647.1865,21.5,21.166666666666668,1.7177452,1.7262241000000003,17.6443460330114,17.743371375209968,64302303096.8667,30435648861.00426,62.74647903442382,61.66314697265624,1.128292,1.1706409999999998,50605.96,47028.1,68.0521644769988,69.3345724948969,2.00202539534161,2.0242787161039466,72.904135590506,75.02792183301956
CAN,Canada,2008,1.922557,1384848127424.16,1354677028259.4465,21.6,21.566666666666666,1.6474877,1.7120648333333335,18.0804998989628,17.9283208499612,120451484862.004,70102004966.5996,63.8298110961914,62.74647903442382,1.08557,1.1302896666666664,51979.5,50143.47666666666,66.2834197482347,68.03157241398974,2.13838399266837,2.11798714080255,73.4577012847781,74.1935494892353
CAN,Canada,2009,1.890474,1398632992945.77,1380170473579.24,21.6,21.566666666666666,1.6723661,1.6791996666666666,17.3072079421311,17.677351291368435,70119614332.5094,84957800763.79337,64.3074111938477,63.62790044148764,1.021667,1.0785096666666667,53779.61,52121.69,67.0236083618983,67.11973086237727,2.37027067444298,2.1702266874843197,75.9704557180976,74.1107641977939
CAN,Canada,2010,1.959972,1357861635362.94,1380447585244.29,22.2,21.8,1.6450966,1.6549834666666667,16.140062037934,17.1759232930093,20951090410.3131,70507396534.94215,63.6236991882324,63.920307159423835,0.9594753,1.0222374333333333,55876.68,53878.59666666667,58.4743918224897,63.9271399775409,0.299466803009299,1.6027071567068827,76.0463697861155,75.1581755963304
CAN,Canada,2011,1.931381,1399830508940.89,1385441712416.5334,21.4,21.73333333333333,1.6328448,1.6501025,16.5297747432196,16.65901490776157,29714744325.4741,40261816356.09887,61.8845901489258,63.271900177001974,0.9752336,0.9854586333333334,56793.27,55483.18666666667,60.2081215044483,61.90204056294542,1.77687154092627,1.482203006126183,76.6407827531288,76.2192027524473
CAN,Canada,2012,1.825111,1443745913580.69,1400479352628.1733,21.5,21.7,1.5988621,1.6256011666666665,16.7674945217889,16.47911043431417,38338330427.428,29668055054.405064,63.1586990356445,62.88899612426757,1.023164,0.9859576333333333,57715.63,56795.19333333333,62.4987387708328,60.393750699256934,2.91213508872351,1.6628244775530263,76.5825123037239,76.42322161432274
CAN,Canada,2013,1.778726,1469093201732.39,1437556541417.99,21.8,21.566666666666663,1.7284567,1.6533878666666666,16.3390529794046,16.545440748137704,49368985104.199,39140686619.0337,63.603271484375,62.88218688964844,1.011301,1.0032328666666668,59761.57,58090.15666666667,62.5955489395005,61.76746973826054,1.51567823124516,2.0682282869649797,75.3732737696945,76.19885627551574
CAN,Canada,2014,1.769474,1503261570451.97,1472033561921.6833,22.2,21.833333333333332,1.7532264,1.6935150666666665,16.396768369606,16.501105290266498,67027866778.2682,51578394103.2984,65.7477188110352,64.1698964436849,0.9756333,1.0033661,60074.83,59184.01,62.2310749013405,62.4417875372246,0.938291897815316,1.7887017392613285,73.892619748229,75.28280194054913
CAN,Canada,2015,1.765089,1546457292263.22,1506270688149.1934,22.2,22.066666666666666,1.6824307,1.7213712666666667,16.3774543965685,16.371091915193034,64174605785.6346,60190485889.36727,67.1677017211914,65.50623067220054,1.055851,1.0142617666666667,60858.96,60231.786666666674,64.3786621564923,63.068428665777766,1.90663590717861,1.4535353454130286,74.3072940366545,74.524395851526
CAN,Canada,2016,1.710517,1556508816217.14,1535409226310.7766,22.3,22.233333333333334,1.6588804,1.6981791666666666,16.0870291468599,16.287083971011466,59986208237.0733,63729560266.992035,67.2690963745117,66.72817230224611,1.080349,1.0372777666666668,61391.62,60775.136666666665,66.1649020669781,64.25821304160364,1.12524136094277,1.3233897219788986,73.5167429679308,73.9055522509381
CAN,Canada,2017,1.778581,1572673952924.25,1558546687134.8699,22.1,22.200000000000003,1.7705123,1.7039411333333334,15.8982424179268,16.120908653785065,34201872160.6085,52787562061.10547,69.2459411621094,67.89424641927083,1.05178,1.06266,61324.12,61191.56666666667,65.3636845215556,65.302416248342,1.42875954701085,1.4868789383774101,NaN,NaN
CAN,Canada,2018,1.663917,1620386284360.03,1583189684500.4734,22.8,22.400000000000002,1.8439556,1.7577827666666668,16.196245321702,16.06050562882957,25357801000.4969,39848627132.726234,70.2687072753906,68.92791493733723,1.077208,1.0697789999999998,61601.66,61439.13333333333,65.1010608504649,65.54321581299953,1.59688412852976,1.3836283454944598,NaN,NaN
CAN,Canada,2019,1.803488,1664832887873.71,1619297708385.9968,22.3,22.400000000000002,1.642282,1.7522499666666667,16.5238820455635,16.20612326173077,42603762048.597,34054478403.234135,69.3507232666016,69.62179056803386,0.9984592,1.0424824,63648.46,62191.41333333333,66.5998858508762,65.68821040763224,2.26822567248103,1.7646231160072132,NaN,NaN
CAN,Canada,2020,1.595525,1696605090551.84,1660608087595.1934,22.4,22.5,1.6826483,1.7229619666666667,16.190860373335,16.303662580200164,48942300762.2452,38967954603.7797,73.1128768920898,70.910769144694,1.096341,1.0573360666666665,64546.67,63265.59666666667,66.1714852804959,65.95747732727901,1.94926902411592,1.9381262750422366,NaN,NaN
CAN,Canada,2021,1.406397,1611126165625.03,1657521381350.1934,23.9,22.866666666666664,1.5928788,1.6392697,14.4219048812634,15.712215766720632,29123011879.2997,40223024896.71397,75.2389068603516,72.56750233968101,0.9930866,1.0292956,65331.55,64508.89333333333,61.1567709632763,64.64271403154947,0.716999632307827,1.6448314429682591,NaN,NaN
CAN,Canada,2022,1.151103,1706996679677.69,1671575978618.1865,23.8,23.366666666666664,1.6316738,1.6357336333333334,14.6897593568847,15.100841537161033,60189690111.8854,46085000917.8101,79.7657318115234,76.03917185465492,0.8730467,0.9874914333333334,69684.17,66520.79666666668,62.2468367159421,63.1916976532381,3.39519318527527,2.020487280566339,NaN,NaN
CAN,Canada,2023,0.8605196,1778503389905.0,1698875411735.9065,NaN,NaN,1.6322148,1.6189224666666666,14.7892997763968,14.633654671514968,50764048301.0469,46692250097.41067,78.8488311767578,77.95115661621094,0.7880871,0.8847401333333332,69051.87,68022.52999999998,67.3176215563989,63.5737430785391,6.80280115341612,3.638331323666406,NaN,NaN
CHE,Switzerland,1999,1.176899,501326352837.153,487910838819.6547,17.1,17.066666666666666,1.487359,1.3724884499999999,6.370871115208,6.31177975590484,11345529735.0727,8205890085.556247,NaN,NaN,0.8606654,0.9211658333333332,11985.86,11787.61,88.2156167655547,85.14602672606156,0.0179384378439321,0.449932641736253,57.1073050234759,56.96132891604747
CHE,Switzerland,2000,0.9609434,509661911366.651,499190433464.8653,18.4,17.633333333333333,1.69258585,1.5174777666666668,6.37807354460553,6.310817225893533,14541329307.925,11426260049.631073,NaN,NaN,0.8081747,0.8507164,11964.4,11942.74,89.8170140994489,88.83420310698233,0.806444380959459,0.44820274718001035,56.0270201324645,56.849885450915906
CHE,Switzerland,2001,1.013009,529837998914.444,513608754372.7493,18.2,17.9,1.8978127,1.6925858499999997,6.23089396944705,6.326612876420193,23080879762.6769,16322579601.891533,38.1127586364746,NaN,0.692947,0.7872623666666666,12621.43,12190.563333333334,97.9368562124093,91.98982902580428,1.55852919679008,0.7943040051978237,54.5800488351764,55.90479133037227
CHE,Switzerland,2002,1.002317,538186454855.434,525895455045.5096,18.7,18.433333333333334,1.97001215,1.8534702333333335,6.38860757077529,6.332525028275956,9765012889.09899,15795740653.233627,39.2238006591797,NaN,0.7343732,0.7451649666666667,12297.66,12294.496666666666,96.0398378851633,94.5979027323405,0.989020329832545,1.117997969194028,56.252231704468,55.61976689070297
CHE,Switzerland,2003,0.786194,537792409495.674,535272287755.184,18.2,18.366666666666664,2.0422116,1.9700121500000003,6.11934268739105,6.246281409204463,8258050580.17819,13701314410.65136,39.9602890014648,39.09894943237304,0.7401263,0.7224821666666665,12478.85,12465.980000000001,91.7818508640225,95.2528483205317,0.642711506543277,1.063420344388634,54.7012551136197,55.1778452177547
CHE,Switzerland,2004,0.7830469,537618173222.303,537865679191.137,18.0,18.3,1.9033237,1.97184915,6.24858887469834,6.252179710954894,19721053893.3921,12581372454.223093,43.0505409240723,40.74487686157227,0.6201009,0.6982001333333333,13301.5,12692.669999999998,90.3354961093127,92.7190616194995,0.638272930887189,0.756668255754337,54.0425080041321,54.998664940739936
CHE,Switzerland,2005,0.8828031,552143052490.049,542517878402.6753,18.1,18.099999999999998,1.8725949,1.9393767333333332,6.27946614341052,6.215799235166638,7102294152.72321,11693799542.097834,44.8805198669434,42.630449930826835,0.6513574,0.6705282,14278.45,13352.933333333334,95.5170944588529,92.54481381072937,0.802908730955226,0.6946310561285639,54.2349451682581,54.32623609533664
CHE,Switzerland,2006,0.7860187,567325325069.244,552362183593.8654,18.7,18.266666666666666,1.7444381,1.8401189000000002,6.32417274709346,6.284075921734107,2664910821.00243,9829419622.37258,45.2465286254883,44.39252980550133,0.7342446,0.6685676333333334,15614.51,14398.153333333334,102.261172141836,96.03792090333387,1.17195420333702,0.871045288393145,55.7613392850291,54.67959748580643
CHE,Switzerland,2007,0.8126016,590436050732.85,569968142764.0477,18.1,18.3,1.7904301,1.8024877000000001,6.22760703127526,6.277081973926413,53760772986.3034,21175992653.343014,46.2847785949707,45.47060902913413,0.6816845,0.6890955,16657.93,15516.963333333333,106.245154784945,101.34114046187797,1.05950928324804,1.011457405846762,54.1213672329676,54.70588389541826
CHE,Switzerland,2008,0.8038771,613559745174.533,590440373658.8756,19.3,18.700000000000003,1.9041815,1.8130165666666667,5.90856955335217,6.153449777240297,48688296542.6701,35037993449.991974,47.8155517578125,46.44895299275717,0.7251428,0.7136906333333334,17063.84,16445.42666666667,113.331857768509,107.27939489843,0.732350603122236,0.987938029902432,51.786682130215,53.88979621607057
CHE,Switzerland,2009,0.9433461,630788402145.885,611594732684.4227,19.6,19.000000000000004,1.7778554,1.8241556666666667,6.01237631044729,6.049517631691573,2990936685.10851,35146668738.027336,49.6888809204102,47.929737091064474,0.687754,0.6981937666666665,17517.85,17079.873333333333,116.778000147488,112.11833756698066,2.42604117060157,1.405967018990615,52.8067559228087,52.90493509533044
CHE,Switzerland,2010,0.9102609,616296830083.857,620214992468.0917,20.0,19.633333333333336,1.7374651,1.8065006666666665,5.76174764144517,5.894231168414876,47658570354.7325,33112601194.17037,50.3034515380859,49.26929473876953,0.7962021,0.7363662999999999,18057.17,17546.286666666667,109.775984598968,113.29528083832167,-0.480481936423304,0.8926366124335007,53.5648555913341,52.719431214785935
CHE,Switzerland,2011,0.8720384,636285783946.788,627790338725.51,20.6,20.066666666666666,1.7404159,1.7519121333333334,5.92014552501505,5.898089825635837,17670735602.9225,22773414214.254505,52.8040618896484,50.9321314493815,0.8127454,0.7655671666666667,18894.59,18156.536666666663,120.065123269341,115.53970267193233,0.688238707219974,0.8779326471327465,51.9290419741467,52.7668844960965
CHE,Switzerland,2012,0.8146322,647822334336.491,633468316122.3785,20.6,20.400000000000002,1.7457395,1.7412068333333333,5.34446068056738,5.675451282342533,20764483834.5029,28697929930.7193,53.1352806091309,52.080931345621735,0.7854568,0.7981347666666666,19935.07,18962.27666666667,125.556273159907,118.465793676072,0.2313492076509,0.14636865948252337,50.7730847270662,52.088994097515666
CHE,Switzerland,2013,0.7442249,655461804171.543,646523307484.9406,21.9,21.033333333333335,1.8492676,1.7784743333333335,5.45216429296445,5.57225683284896,39943494321.6384,26126237919.68793,54.835620880127,53.591654459635436,0.7430324,0.7804115333333334,20963.19,19930.949999999997,126.453860464505,124.025085631251,-0.692552018105163,0.07567863225523702,51.3472982253331,51.34980830884867
CHE,Switzerland,2014,0.7592542,667208623614.234,656830920707.4226,21.8,21.433333333333337,1.7970843,1.7973638,5.51425294455201,5.436959306027947,-24926465856.5785,11927170766.520933,56.1812400817871,54.71738052368167,0.7127532,0.7470808,21599.81,20832.69,133.693708414477,128.56794734629634,-0.217323155115672,-0.226175321856645,52.5768232691288,51.56573540717603
CHE,Switzerland,2015,0.6771605,682887235059.834,668519220948.537,22.2,21.96666666666667,1.9141282,1.8534933666666669,4.9941693678652,5.32019553512722,21003091521.7733,12006706662.277733,58.0650596618652,56.36064020792643,0.7465383,0.7341079666666667,22166.96,21576.653333333335,120.213423375239,126.78699741807367,-0.0132025387515945,-0.3076925706574765,49.2043626679746,51.0428280541455
CHE,Switzerland,2016,0.6852539,694118186379.628,681404681684.5653,23.9,22.63333333333333,1.7962762,1.8358295666666666,4.85628796304837,5.12157009182186,120722433557.54,38933019740.9116,60.8185615539551,58.35495376586913,0.6434072,0.7008995666666666,22207.15,21991.306666666667,117.138482218872,123.68187133619601,-1.14390867228178,-0.45814478871634884,50.718459770259,50.83321523578746
CHE,Switzerland,2017,0.6575415,708477337740.424,695160919726.6287,24.1,23.400000000000002,1.9192622,1.8765555333333335,4.87123534246438,4.907230891125984,170848654800.932,104191393293.4151,61.1939888000488,60.025870005289704,0.6645768,0.6848407666666666,22401.11,22258.406666666666,123.565924513577,120.30594336922934,-0.434618664285814,-0.5305766251063962,NaN,NaN
CHE,Switzerland,2018,0.7060626,718132464454.115,706909329524.7223,25.0,24.333333333333332,1.9074995,1.8743459666666666,4.71119898152355,4.8129074290121,146779212954.995,146116767104.48898,62.4597206115723,61.4907569885254,0.6463441,0.6514426999999999,23044.72,22550.993333333336,123.621807602301,121.44207144491668,0.533787839825876,-0.348246498913906,NaN,NaN
CHE,Switzerland,2019,0.7714143,738674254331.744,721761352175.4276,24.2,24.433333333333337,1.8048587,1.8772067999999997,4.52389143055195,4.702108584846627,-161796242279.339,51943875158.86267,64.3533935546875,62.66903432210287,0.7008251,0.670582,22749.87,22731.899999999998,124.428504325808,123.87207881389533,0.936335464113572,0.34516821321787794,NaN,NaN
CHE,Switzerland,2020,0.6582596,747109782755.794,734638833847.2178,24.8,24.666666666666668,1.767121,1.8264930666666668,4.47745146514166,4.570847292405721,22355117767.168,2446029480.941335,66.3093414306641,64.37415186564131,0.7790887,0.7087526333333333,23076.47,22957.02,124.127612180467,124.05930803619201,0.362886179940674,0.6110031612933741,NaN,NaN
CHE,Switzerland,2021,0.5670665,731108655210.761,738964230766.0996,26.4,25.133333333333336,1.6431817,1.7383871333333332,4.16061648264036,4.38731979277799,-238563810399.583,-126001644970.58467,68.0676422119141,66.24345906575523,0.6493553,0.7097563666666665,23656.76,23161.03333333333,121.785977998371,123.44736483488198,-0.725874933313402,0.19111557024694803,NaN,NaN
CHE,Switzerland,2022,0.4045081,771755519734.1,749991319233.5516,27.7,26.299999999999997,1.7598954,1.7233993666666667,4.32303993798183,4.320369295254616,-120778435587.715,-112329042740.04333,71.893928527832,68.75697072347008,0.5766861,0.6683766999999999,25078.21,23937.146666666667,130.016261288489,125.309950489109,0.581814168489855,0.07294180503904234,NaN,NaN
CHE,Switzerland,2023,0.4411294,795248228754.84,766037467899.9004,NaN,NaN,1.7620014,1.7216928333333332,3.92846693573085,4.13737445211768,-12414047154.6242,-123918764380.64075,74.1526794433594,71.37141672770184,0.4194736,0.548505,24247.97,24327.646666666667,138.500698753519,130.100979346793,2.83502798644451,0.8969890738736543,NaN,NaN
CHL,Chile,1999,0.01303441,125370887065.113,119255732223.53734,29.8,30.666666666666668,1.2496037,1.2695109,3.62656193409233,3.5057726323074268,4627817978.0,4904611326.0,NaN,NaN,3.966686,2.122575633333333,1366.28,1360.9266666666667,53.8361785153282,53.95207552964769,5.11024954517559,6.2010773355475095,75.5226823447811,74.1877706818632
CHL,Chile,2000,0.01991578,125027832953.909,123579447948.20667,29.1,29.633333333333336,1.32852425,1.2825462833333334,3.74659751387024,3.67114110640363,8761016217.84,6220078065.28,NaN,NaN,1.621874,2.0462066333333335,1498.84,1429.323333333333,54.6956098321562,54.2103621755912,3.33687917526023,4.860331121338363,77.1587484772998,75.77782299002372
CHL,Chile,2001,0.03198409,131243743563.397,127214154527.473,31.4,30.099999999999998,1.4074448,1.32852425,3.47382404191017,3.615661163290913,4860015667.52,6082949954.453334,35.4313201904297,NaN,1.547629,2.3787296666666666,1552.28,1472.4666666666665,58.7119230876973,55.747903811727234,3.84327295706565,4.096800559167156,74.5053148076826,75.72891520992117
CHL,Chile,2002,0.03531258,135383217071.739,130551597863.015,32.1,30.866666666666664,1.4515275,1.3958321833333336,3.29401921683893,3.504813590873113,4199763048.85,5940264978.07,37.84890937805175,NaN,2.833452,2.000985,1646.31,1565.8100000000002,62.1447669687645,58.517433296206,3.56910053001466,3.58308422078018,73.1003577799168,74.92147368829973
CHL,Chile,2003,0.03026928,139719269577.32,135448743404.15202,33.1,32.199999999999996,1.4956102,1.4515274999999999,3.29162863363271,3.353157297460603,2549923142.41108,3869900619.5936933,40.2664985656738,37.84890937805175,2.417993,2.266358,2060.22,1752.9366666666665,62.4838519016295,61.11351398603043,2.48939816650705,3.300590551195787,73.1942380188991,73.59997020216618
CHL,Chile,2004,0.03915597,146318553366.968,140473680005.34232,31.6,32.26666666666667,1.5852046,1.5107807666666666,3.37761857406592,3.3210888081791867,3485728421.75027,3411804871.0037837,43.5181999206543,40.54453595479328,1.933551,2.3949986666666665,2100.02,1935.5166666666664,65.693419590905,63.44067948709966,2.8101787574361,2.9562258179859366,74.5569951582889,73.6171969857016
CHL,Chile,2005,0.04094509,156084225513.955,147374016152.74765,31.4,32.03333333333333,1.4889358,1.5232501999999999,3.61395788630139,3.42773503133334,4968731407.62404,3668127657.2617965,44.3284606933594,42.704386393229164,1.758394,2.0366459999999997,2248.21,2136.1499999999996,69.8893600532458,66.02221051526008,1.05473871403516,2.1181052126594366,75.1763064312062,74.30917986946474
CHL,Chile,2006,0.07398611,165194933117.629,155865903999.51733,32.3,31.766666666666666,1.6182059,1.5641154333333331,3.6175914799259,3.5363893134310698,5990831828.9531,4815097219.442471,50.2735595703125,46.0400733947754,1.749765,1.8139033333333334,2533.92,2294.0499999999997,72.0625342380294,69.2151046273934,3.05257621387849,2.3058312284499167,74.2376962382907,74.65699927592858
CHL,Chile,2007,0.04341147,175189211415.667,165489456682.417,32.9,32.199999999999996,1.5971585,1.5681000666666665,3.65616252034094,3.6292372955227434,4755333483.36661,5238298906.647916,49.3216896057129,47.9745699564616,2.974014,2.1607243333333335,3132.37,2638.1666666666665,73.7116350448521,71.88784311204243,3.39201733699405,2.4997774216359,74.0021876923414,74.47206345394609
CHL,Chile,2008,0.04354889,184243394522.927,174875846352.07434,30.5,31.899999999999995,1.5927258,1.6026967333333335,4.06392771027535,3.779227236847396,10545224588.4776,7097129966.932437,54.7230491638184,51.439432779947936,1.506905,2.0768946666666666,3293.8,2986.6966666666667,76.9770247140928,74.25039799899143,4.40779938398044,3.61746431161766,76.0197656669821,74.75321653253808
CHL,Chile,2009,0.05184078,191225100461.158,183552568799.91733,30.8,31.399999999999995,1.5972845,1.5957229333333334,4.23564646521513,3.98524556527714,18811777951.3688,11370778674.404337,56.7743988037109,53.60637919108073,1.562873,2.014597333333333,3759.34,3395.17,80.6766262406468,77.12176199986389,8.71626873039607,5.505361817123521,75.1772773383737,75.06641023256573
CHL,Chile,2010,0.05167576,189087132632.604,188185209205.563,31.5,30.933333333333334,1.5580218,1.5826773666666665,4.01098641712794,4.103520197539474,12750321998.889,14035774846.245132,59.9912910461426,57.1629130045573,1.307932,1.4592366666666665,3981.25,3678.1299999999997,66.6860309631418,74.77989397262714,0.353045178360936,4.492371097579149,73.4651836977955,74.88740890105043
CHL,Chile,2011,0.1020432,200151851762.225,193488028285.32898,27.0,29.766666666666666,1.4678973,1.5410678666666666,4.2093619030369,4.151998261793324,14849443157.0249,15470514369.094233,66.3445205688477,61.03673680623373,1.155416,1.3420736666666666,4235.52,3992.036666666667,69.7176801370338,72.36011244694079,1.4107110795432,3.4933416627667353,77.5945604954581,75.41234051054244
CHL,Chile,2012,0.0603837,212609096429.355,200616026941.39468,28.8,29.099999999999998,1.4886588,1.5048593,4.55717718537356,4.2591751685128,26369463388.8272,17989742848.247036,70.8241806030273,65.71999740600587,1.982894,1.4820806666666666,4534.62,4250.463333333333,72.4816428077334,69.62845130263632,3.34121694259302,1.7016577334990517,76.6642948421161,75.90801301178989
CHL,Chile,2013,0.06656201,225695909224.96,212818952472.18002,30.3,28.7,1.5473793,1.5013117999999999,4.64341271955513,4.46998393598853,31801970676.0608,24340292407.304302,75.0770721435547,70.74859110514323,1.454189,1.530833,5059.05,4609.7300000000005,68.156142891334,70.11848861203373,3.00744840213047,2.586458808088896,70.0496946256346,74.76951665440293
CHL,Chile,2014,0.07090865,233163076995.037,223822694216.45065,30.2,29.766666666666666,1.5014762,1.5125047666666667,4.82901967693119,4.676536527286626,21120756844.018,26430730302.96867,79.8703384399414,75.25719706217446,1.604793,1.6806253333333334,5099.24,4897.636666666666,65.1432879523879,68.59369121715177,1.7895555398459,2.712740294856463,68.972325661819,71.89543837652323
CHL,Chile,2015,0.08641507,237342873662.271,232067286627.42264,27.0,29.166666666666668,1.3238528,1.4575694333333333,4.4057176939683,4.62605003015154,25527831848.9546,26150186456.344467,83.6629791259766,79.53679656982423,1.339231,1.4660710000000001,5871.42,5343.236666666667,65.6346281218887,66.31135298853685,4.71867527854671,3.171893073507693,76.0638394134275,71.69528656696038
CHL,Chile,2016,0.05915644,242450355830.884,237652102162.73068,25.1,27.433333333333334,1.2230295,1.3494528333333333,4.67539634716479,4.63671123935476,17766285629.0926,21471624774.021732,86.4181137084961,83.31714375813804,1.648346,1.5307899999999999,6161.44,5710.7,59.3491104775309,63.375675517269165,4.34877353217044,3.619001450187683,75.7299683205292,73.58871113192522
CHL,Chile,2017,0.04807348,246700604515.86,242164611336.33835,24.6,25.566666666666666,1.2761322,1.2743381666666667,4.86474105721938,4.64861836611749,11362832162.4891,18218983213.5121,88.8458862304688,86.30899302164717,1.356907,1.4481613333333334,6774.99,6269.283333333333,56.0578610877723,60.347199895730625,3.78619355893118,4.2845474565494435,NaN,NaN
CHL,Chile,2018,0.07198159,250050047209.619,246400335852.121,24.1,24.600000000000005,1.2402076,1.2464564333333332,4.83609776199712,4.7920783887937635,5237183518.21249,11455433769.931396,89.921989440918,88.39532979329431,1.08652,1.3639243333333333,6921.66,6619.363333333334,56.0261589675707,57.14437684429131,2.18271846868519,3.4392285199289367,NaN,NaN
CHL,Chile,2019,0.07812119,260027117802.785,252259256509.4213,25.5,24.733333333333334,1.1753875,1.2305757666666668,4.75406192633103,4.818300248515843,7942631935.04913,8180882538.583572,91.1974792480469,89.98845163981123,1.657611,1.3670126666666667,7572.42,7089.69,58.177050633437,56.75369022959333,2.43488981353057,2.8012672803823135,NaN,NaN
CHL,Chile,2020,0.05064903,261676645417.276,257251270143.22668,25.3,24.96666666666667,1.0772532,1.1642827666666664,4.96139546396702,4.85051838409839,13579090978.7595,8919635477.340374,92.0659713745117,91.06181335449219,1.903734,1.5492883333333334,8012.18,7502.086666666667,57.6117545680829,57.271654723030196,2.55754475703326,2.3917176797496733,NaN,NaN
CHL,Chile,2021,0.04739795,245600606668.884,255768123296.31503,26.7,25.833333333333332,0.8902664,1.0476357,4.51770681212954,4.744388067475863,11447397288.6176,10989706734.142076,89.1124877929688,90.79197947184248,1.477576,1.6796403333333334,9032.26,8205.62,58.1828635629748,57.99055625483157,3.04549084804326,2.6793084728690304,NaN,NaN
CHL,Chile,2022,0.03126482,273390120031.28,260222457372.47998,24.2,25.400000000000002,0.8736894,0.9470696666666667,4.57991726498939,4.686339847028649,15176902318.5544,13401130195.3105,96.2227935791016,92.46708424886071,1.289395,1.5569016666666666,9990.88,9011.773333333333,64.8774063237834,60.2240081516137,4.52456838259143,3.3758679958893167,NaN,NaN
CHL,Chile,2023,0.05549005,279278925615.692,266089884105.28537,NaN,NaN,0.8278003,0.8639187,4.62474983424569,4.57412463712154,18771990469.19,15132096692.120667,99.3372802734375,94.89085388183598,0.8576747,1.2082152333333334,9057.77,9360.303333333335,75.2016177425303,66.08729587642951,11.6438667110559,6.40464198056353,NaN,NaN
CHN,China,1999,0.5181178,2414864610327.86,2233318978308.0933,29.5,30.0,-0.392084799999999,-0.3615614499999995,2.83592410230809,2.7912489433596535,45644000000.0,43754333333.333336,6.25878000259399,5.776540120442707,1.183857,1.3042333333333334,43775.33,38273.746666666666,32.1717399357488,33.3713558296838,-0.773186011549318,3.4421464442361906,78.7181037732634,78.64120163059016
CHN,China,2000,0.5609612,2601702759078.63,2418064736722.12,30.3,29.933333333333334,-0.334202599999999,-0.36261628333333257,2.75219491752047,2.794172415859633,41014000000.0,44032333333.333336,6.61046981811523,6.221683343251544,0.8718021,1.1263813666666664,45192.17,42130.76666666667,33.2255380760054,33.23695144458543,-1.40147268276464,0.2039354536682841,79.2004088067724,78.80912635942705
CHN,China,2001,0.8222304,2825096197799.54,2613887855735.3433,29.6,29.8,-0.276320399999999,-0.3342025999999991,2.88907594771294,2.8257316558471666,42095300000.0,42917766666.666664,7.57777976989746,6.815676530202226,0.5541154,0.8699248333333335,53284.78,47417.426666666666,39.0109424774998,34.80274016308467,0.347811226864586,-0.6089491558164574,79.922462606017,79.2803250620176
CHN,China,2002,1.101665,3059936242478.58,2828911733118.9165,28.4,29.433333333333334,-0.4472118999999995,-0.3525782999999992,3.00747564571294,2.8829155036487832,47053000000.0,43387433333.333336,9.28069019317627,7.822979927062987,1.041979,0.8226321666666667,70675.54,56384.16333333333,38.0826469518334,36.773042501779535,0.719125609120113,-0.11151194892664702,80.8331458521972,79.98533908832887
CHN,China,2003,1.267008,3342778183071.46,3075936874449.86,27.0,28.333333333333332,-0.6181034,-0.4472118999999995,3.22795454545455,3.041502046293477,53073618897.4036,47407306299.13453,11.8050804138184,9.554516792297377,0.9317808,0.8426250666666667,75171.18,66377.16666666666,42.1944423387413,39.76267725602483,-0.731970902350243,0.11165531121148535,81.9217928499847,80.89246710273297
CHN,China,2004,1.70891,3681006926650.74,3361240450733.5938,23.9,26.433333333333334,-0.5718516,-0.5457222999999998,3.70467882645141,3.313369672539633,57900937467.3864,52675852121.59667,14.513970375061,11.86658032735189,0.7960612,0.9232736666666667,88585.08,78143.93333333333,51.0774801301803,43.784856473584995,1.12760348729637,0.3715860646887467,84.2309775025242,82.32863873490203
CHN,China,2005,2.356871,4053944733453.66,3692576614391.953,20.2,23.7,-0.3199809,-0.5033119666666667,4.24069749050016,3.72444362080204,68117272181.2194,59697276182.003136,16.9004402160644,14.406497001647933,0.877883,0.868575,121751.14,95169.13333333335,58.6403340408439,50.637418836588495,3.82463743108159,1.406756672009239,86.0923723329147,84.08171422847454
CHN,China,2006,2.617077,4518455387849.41,4084469015984.6035,17.4,20.499999999999996,-0.275588599999999,-0.38914036666666635,4.78299420120885,4.242790172720141,104108693867.085,76708967838.5636,18.6565208435059,16.69031047821043,0.8508039,0.8415827,165867.16,125401.12666666666,61.3600749408237,57.02596303728263,1.7764140766757,2.24288499835122,87.3709947582302,85.89811486455636
CHN,China,2007,2.814546,5091154930758.42,4554518350687.163,16.4,18.0,-0.1592207,-0.25159673333333304,5.28052516361306,4.768072285107357,124082035618.505,98769333888.93648,20.5667705535889,18.70791053771973,0.8154781,0.8480549999999999,192881.56,160166.62,63.5695798621627,61.18999628127676,1.64943099455859,2.41682750077196,88.2842653796328,87.24921082359258
CHN,China,2008,3.424677,5811552614974.09,5140387644527.307,14.9,16.23333333333333,-0.1438419,-0.192883733333333,5.7076324565497,5.25705060712387,156249335203.201,128146688229.597,21.4715595245361,20.231616973876967,0.7748873,0.8137230999999999,213648.18,190798.96666666667,61.2664640006176,62.06537293453467,4.81676767378834,2.74753758167421,89.3091739828854,88.32147804024947
CHN,China,2009,3.919571,6373544042638.01,5758750529456.84,14.1,15.133333333333333,-0.0727936,-0.1252854,5.85225866357655,5.61347209457977,171534650311.568,150622007044.42465,21.8667392730713,21.3016897837321,0.8283284,0.8062312666666666,248120.21,218216.65,56.7111330003209,60.51572562103373,5.92525137041091,4.130483346252613,89.5211571180054,89.03819882684121
CHN,China,2010,4.744965,6972829250985.1,6385975302865.733,13.4,14.133333333333333,-0.139326099999999,-0.11865386666666633,6.24909018523805,5.936327101788099,131057052869.5,152947012794.75632,23.2886295318604,22.2089761098226,0.7383815,0.7805323999999999,285755.68,249174.69000000003,44.4197644331119,54.13245381135014,-0.728165250932898,3.337951264422118,90.1612712655318,89.6638674554742
CHN,China,2011,4.928482,7711689202853.29,7019354165492.133,12.3,13.266666666666667,-0.1275767,-0.113232133333333,6.80718476794211,6.302844538918904,243703434558.177,182098379246.415,25.2883066277701,23.481225144233935,0.778959,0.7818896333333333,309193.41,281023.1,49.8540722338977,50.32832322244351,3.17532475269199,2.7908036240566676,90.8066275814595,90.1630186549989
CHN,China,2012,5.392156,8441318020902.42,7708612158246.9375,11.3,12.333333333333334,-0.0991737999999999,-0.12202553333333295,7.40185065816131,6.819375203780489,280072219149.934,218277568859.2037,26.7875039907406,25.121480050123704,0.7188863,0.7454089333333332,323331.81,306093.6333333333,49.9458272253643,48.07322129745797,5.55389892257493,2.667019474778007,91.4247318781345,90.79754357504193
CHN,China,2013,5.722347,9104482675356.36,8419163299704.023,11.5,11.700000000000001,-0.2489079,-0.15855279999999997,7.58441651466929,7.2644839802575705,241213868161.42,254996507289.84366,29.3081906903292,27.128000436279965,0.738584,0.7454764333333334,329067.39,320530.86999999994,47.4802130784317,49.0933708458979,2.6195243264554,3.7829160005741063,91.1492191796216,91.12685954640519
CHN,China,2014,6.199893,9812695262900.89,9119498653053.225,11.5,11.433333333333332,-0.262571999999999,-0.20355123333333294,7.89327631231478,7.626514495048461,290928431467.003,270738172926.119,32.7191603158803,29.604951665650034,0.7282477,0.7285726666666666,355650.59,336016.5966666667,45.9160413795571,47.78069389445104,2.62105001748114,3.5981577555038236,91.0001219143645,91.19135765737353
CHN,China,2015,7.472712,10544908798424.0,9820695578893.75,11.9,11.633333333333333,-0.1691285,-0.2268694666666663,7.93164331637339,7.80311204778582,268097181064.335,266746493564.2527,43.7110051016854,35.246118702631634,0.7094544,0.7254287,385100.77,356606.25,44.0684564812532,45.82157031308068,1.9216416278852,2.38740532394058,89.5548400213043,90.56806037176347
CHN,China,2016,10.10092,11280814787468.9,10546139616264.596,12.2,11.866666666666667,-0.1789518,-0.20355076666666636,7.79057049265868,7.871830040448951,242489331627.398,267171648052.91202,47.1192619330726,41.18314245021277,0.6985694,0.7120905000000001,406733.9,382495.08666666667,38.6971848362625,42.8938942323576,1.43702380935654,1.9932384849076268,71.0695588904552,83.87484027537467
CHN,China,2017,12.36607,12045152668727.3,11290292084873.4,12.6,12.233333333333333,-0.147913799999999,-0.16533136666666634,7.76322483949301,7.8284795495083594,174749584584.05,228445365758.59433,49.309077375597,46.71311480345167,0.7987885,0.7356041000000001,436613.57,409482.74666666664,36.177170692978,39.6476040034979,2.00000182191943,1.7862224197203898,NaN,NaN
CHN,China,2018,14.12646,12875216222853.4,12067061226349.867,13.1,12.633333333333333,-0.0708427,-0.13256943333333301,7.87802652170332,7.810607284618336,166083755721.648,194440890644.36533,51.0678812273407,49.16540684533677,0.8613044,0.7862207666666666,468712.74,437353.4033333333,36.95085261586,37.27506938170017,1.59313600071435,1.6767205439967734,NaN,NaN
CHN,China,2019,17.21756,13745158275136.7,12888509055572.469,13.5,13.066666666666668,-0.0905581,-0.10310486666666634,8.2177362485386,7.952995869911643,235365050036.341,192066130114.01303,53.3987984572814,51.25858568673971,0.9022948,0.8541292333333333,532295.26,479207.19,36.8943843914718,36.674135900103266,2.07479039965576,1.8893094074298464,NaN,NaN
CHN,China,2020,21.22932,14579283528148.4,13733219342046.166,14.3,13.633333333333333,-0.0619233999999999,-0.07444139999999998,8.39147587098516,8.162412880409027,187169822364.755,196206209374.24802,56.6050917923292,53.69059049231711,0.9829376,0.9155122666666666,617494.48,539500.8266666667,35.1994202738836,36.34821909373847,2.89923416358226,2.1890535213174567,NaN,NaN
CHN,China,2021,27.46088,14920466234565.3,14414969345950.135,14.9,14.233333333333334,-0.0666201,-0.07303386666666663,8.47858302033874,8.362598379954166,253095616058.58,225210162819.892,61.6124675996947,57.2054526164351,1.10851,0.9979141333333333,672734.7,607508.1466666666,34.0389507864581,35.3775851506045,2.41942189457782,2.4644821526052803,NaN,NaN
CHN,China,2022,36.75972,16199162892908.6,15232970885207.432,15.2,14.800000000000002,-0.0246937,-0.05107906666666664,8.88715660313235,8.585738498152082,344074977062.48,261446805161.93832,66.8186077597542,61.678722383926036,1.395589,1.1623455333333335,766200.41,685476.5299999999,36.5206911762676,35.253020745536425,0.981015135544881,2.0998903979016537,NaN,NaN
CHN,China,2023,38.42308,16706875253648.5,15942168127040.803,NaN,NaN,-0.0908271,-0.06071363333333333,8.86482511020235,8.743521577891146,190203789092.51,262458127404.52332,71.5799465086024,66.67034062268377,1.788429,1.4308426666666667,898949.09,779294.7333333334,37.440719876366,36.00012061303057,1.9735755573905,1.7913375291710671,NaN,NaN
CIV,Cote d'Ivoire,2010,0.0004998001,32423167866.6818,31195236017.922398,73.7,74.73333333333333,-0.8970193,-0.9322330999999996,0.291450017592556,0.3031644491662527,397624744.268005,436601413.1933597,7.18858003616333,7.536436716715493,NaN,NaN,150.0,144.94666666666666,66.6729037469185,63.348155797436995,1.01950457731137,3.0733461874443733,22.7137229390084,23.858354176433036
CIV,Cote d'Ivoire,2016,0.0007535852,45815005169.2651,42544146973.78556,64.5,69.53333333333335,-0.4458059,-0.5682048666666667,0.44620325590139,0.427343609233198,494408755.77634,447119279.6762223,8.46433224598306,7.852524624944954,1.1802231666666667,1.1986183333333333,177.4,172.17,52.7153604615931,54.91615242511696,1.25149954781467,1.427117332370054,3.19031774476553,23.702192714595842
CIV,Cote d'Ivoire,2017,0.0007164453,49101205368.91,45885367374.220436,64.0,66.8,-0.4435669,-0.47935153333333336,0.43877495464017,0.43713447944425704,577871524.156215,503879080.3611517,8.89557845705252,8.366295765300764,1.161828,1.1802231666666667,174.13,177.65333333333334,47.5663138935656,51.32069730539771,0.723178457513308,0.8077866940313729,NaN,NaN
CIV,Cote d'Ivoire,2019,0.001046266,55294253263.7438,52378479226.5731,60.5,62.333333333333336,-0.297267,-0.38201643333333335,0.449429152663727,0.44980846177931966,620330654.359791,724405725.7704992,9.925292926350155,9.448586357376294,1.467841,1.3064580000000001,248.35,209.34,46.040028237159,47.4219823898141,0.401297817263547,0.6034524466938194,NaN,NaN
CIV,Cote d'Ivoire,2020,0.0009696687,59010785540.9857,55681672617.26499,61.1,61.36666666666667,-0.3160613,-0.33951456666666663,0.467605284700189,0.459418571799326,848881139.442876,814742264.1993865,10.3256981639741,9.925292926350155,1.645977,1.467841,241.19,231.6933333333333,44.6604105830795,46.4533479529854,0.79085551205366,0.6260114648739367,NaN,NaN
CIV,Cote d'Ivoire,2022,0.001078097,63620992438.4818,60685159620.043,58.2,60.36666666666667,-0.289141,-0.3088005999999997,0.580322307864011,0.502492593244104,1392435143.38301,984744059.1025006,10.7725833415282,10.454896880029066,2.553234,1.9397929999999999,334.45,274.95666666666665,45.1140327762435,43.905691726125205,4.15919657911797,2.4541927543540503,NaN,NaN
CIV,Cote d'Ivoire,2023,0.0007706951,67692661917.0177,63579118412.05367,NaN,NaN,-0.2155259,-0.2752887999999996,0.605701555801839,0.5485246836113207,1599115748.83326,1234822262.2326286,11.1134926507622,10.717495042291766,3.4863,2.553234,297.65,293.77666666666664,52.8663910413483,46.64101854554813,5.23352856100842,3.9350837706723034,NaN,NaN
CMR,Cameroon,2004,0.001087666,19733301668.5758,18785714491.1902,85.3,85.26666666666667,-1.1127486,-1.0609470666666665,0.354943027188784,0.36154319983159633,334888535.860207,276158730.59180784,5.22031021118164,5.030736764272053,1.3849041666666668,1.7910747333333337,212.67,185.51333333333332,40.2431925894529,46.7657281688166,0.623163557374316,2.6257862058221417,16.0987189011651,15.607385894220998
CMR,Cameroon,2008,0.001603027,23387803922.5771,22466814875.3699,80.8,84.2,-0.7119493,-0.7694542333333331,0.373237607574027,0.3371420223694553,189581294.625153,164101740.82280493,7.57396984100342,6.896646658579507,0.5176189,0.6713238,301.64,300.61,53.2156908605178,48.439268796240775,0.921402245650095,2.684173302534882,28.7568003105585,20.165230774395567
CMR,Cameroon,2010,0.002499,24674221649.2686,24038612938.4993,79.2,80.26666666666667,-0.737478499999999,-0.7193692333333327,0.403568614250496,0.38579515185620766,746276648.961817,318951152.44386095,9.40400981903076,8.39557647705078,0.5369894000000001,0.4728407666666667,344.09,321.42333333333335,42.1761073594765,50.772071792089235,3.04361847939999,3.1009423337750217,30.7383092227732,28.99730595725887
CMR,Cameroon,2011,0.0007819403,25389533434.6495,24705856109.190105,78.7,79.56666666666666,-0.7502651,-0.7321411666666661,0.398005579196246,0.39405114239694733,536265313.198885,434512491.9684382,11.5745716750246,9.729110421724508,0.7100648,0.5369894000000001,355.08,339.2366666666667,47.2385853965951,48.779703304114996,1.27538046242338,3.21893507269945,30.9960625193505,29.74372669352287
CMR,Cameroon,2012,0.001146526,26247499413.6974,25437084832.5385,78.6,78.83333333333333,-0.814931499999999,-0.7675583666666661,0.367209784906356,0.38959465945103267,653266626.571785,645269529.5774957,12.5102445161105,11.16294200338862,0.3860596,0.5443712666666668,402.04,367.07,51.521987603918,46.97889345332987,2.93969946305091,2.4195661349580937,27.176574941568,29.63698222789723
CMR,Cameroon,2015,0.001183768,30482787768.4783,28926017153.641903,76.9,77.73333333333333,-0.8083541,-0.8768086999999998,0.402109837976095,0.3817378537138357,725854540.914876,600207742.0954127,16.7535896301269,15.353733380635566,0.9923263,0.9837836000000001,565.1,480.6966666666667,50.8323893087648,50.18097946070037,1.85489850366776,2.2135141529935165,33.4283076690331,32.556986474023695
CMR,Cameroon,2016,0.008289437,32210233020.4569,30508860443.241764,78.1,77.56666666666666,-0.7586864,-0.8286009999999996,0.403515922523748,0.3959280882568614,694336734.87982,655865341.8506256,17.2970758627753,16.607315260532832,1.000869,0.9923262999999999,596.57,543.3933333333333,45.5401468279393,48.682357494305826,2.67623531419899,2.1938269992947164,4.34527003810772,23.393920170641476
CMR,Cameroon,2017,0.003224004,33671222913.4548,32121414567.463333,78.8,77.93333333333332,-0.7135794,-0.7602066333333334,0.413632361438979,0.40641937397960737,663893595.165465,694694956.9867203,12.7046554004596,15.585106964453933,4.260036,2.0844104333333333,673.48,611.7166666666667,40.6386315268268,45.67038922117697,0.874190383288856,1.8017747337185355,NaN,NaN
CMR,Cameroon,2019,0.001046266,36242614248.5756,34925805841.71517,78.7,78.89999999999999,-0.774601499999999,-0.7596924666666663,0.425229264580814,0.41588068683085266,765092012.778526,747814849.6238717,14.5449548868213,13.410475489558166,2.2378340000000003,2.9720220000000004,873.26,780.8766666666667,40.587602877028,40.14175200303924,1.0688581131292,0.8611525487666687,NaN,NaN
CMR,Cameroon,2020,0.0009696687,37502066832.7403,36202753814.81033,78.9,78.93333333333334,-0.7732119,-0.7795699666666663,0.402691984014017,0.4122338943558654,1024779237.90888,868110063.8716768,15.0528614131463,14.193210827120401,2.057472,2.237834,933.48,867.5433333333334,43.3785132480415,41.0550459101108,2.45280214062732,1.3873564678794903,NaN,NaN
CMR,Cameroon,2021,0.00064487,37599547048.5841,37114742709.96667,78.9,78.83333333333333,-0.7462458,-0.7646863999999995,0.39632883817277,0.408083362255867,675186993.652869,821686081.4467583,15.5519566247682,15.049924308245267,0.7830812,1.6927957333333337,1108.11,971.6166666666667,33.7388313623871,39.23498249581886,2.43760882182236,1.98642302519296,NaN,NaN
CMR,Cameroon,2022,0.001796829,38854942334.5769,37985518738.633766,79.2,79.00000000000001,-0.816719899999999,-0.7787258666666664,0.384499667443882,0.3945068298768897,963531503.483344,887832578.3483642,17.1581831920239,15.921000409979465,0.3747554,1.0717695333333335,1338.46,1126.6833333333332,36.7308347188558,37.949393109761466,2.27185762503637,2.38742286249535,NaN,NaN
COG,"Congo, Rep.",2004,0.001450221,7094415494.39314,6953492109.625224,62.1,63.96666666666666,-1.113389,-1.0503311166666667,1.03507128920732,1.0775478185077574,220038914.195923,94884964.22211432,3.79619002342224,3.9198599656422934,NaN,NaN,34.59,24.773333333333337,156.861777335368,141.01677649650034,-0.631844987363156,1.2676348840865408,32.5059689161549,28.70641941393083
COG,"Congo, Rep.",2008,0.001603027,7977183901.13328,8143254411.0872,60.2,64.2,-1.08663819999999,-1.1324187999999966,1.07141690721857,1.1661493159028167,1424251935.63471,1238194216.9199524,5.185183445612587,4.837935090065,7.908322,9.295898,46.38,46.06333333333333,148.586625395069,131.246760210654,2.65464645060702,4.09566017272162,35.2076876518827,32.50458922645203
COG,"Congo, Rep.",2010,0.0012495,9467126891.81813,8641521967.193304,55.9,57.633333333333326,-1.1476222,-1.1255890333333298,1.14836451954455,1.0990845250973267,1189051286.3797,1520425378.4069335,5.87968015670776,5.5324318011601745,3.813503,6.080856999999999,40.4,45.15,135.552365681975,139.082492578884,4.41500374795223,4.009467039596919,40.2754146409605,36.9925221531648
COG,"Congo, Rep.",2016,0.001130378,12434793867.3568,12143277732.360199,64.2,62.866666666666674,-0.9831998,-1.0358638333333332,1.12810370252086,1.10282837799073,4279839199.11278,3016600365.19544,10.35625505447386,9.46128773689269,6.961707500000001,5.790618000000001,78.11,66.67666666666668,117.320721558581,104.84040168450717,3.16909796750829,2.9042845700843323,7.07461353922728,30.641712404389562
COG,"Congo, Rep.",2020,0.0006464458,10590275024.738,10594105213.9273,69.8,70.06666666666666,-1.2153336,-1.1912047333333333,1.28891524697681,1.1646068252269999,-1427679257.05894,2434841797.64702,NaN,NaN,5.948605,6.676669,76.77,68.57666666666667,91.5757547930374,95.5920222770312,2.20607305781525,1.2696386149520087,NaN,NaN
COL,Colombia,1999,0.02281022,159249683235.263,156897645588.49567,25.8,28.366666666666664,-0.3396647,-0.3199518,1.81889553033016,1.7977498115855768,2828826261.61251,3834239737.6822968,NaN,NaN,1.389461,0.7633730333333334,394.84,387.83666666666664,35.9089230535138,35.85003277617377,18.6769799276671,19.314859050772032,75.964752458152,72.48807485214023
COL,Colombia,2000,0.01707067,152554802278.5,156717310068.24466,29.0,26.833333333333332,-0.29084455,-0.31682035000000003,1.5665300900955,1.7423561690240998,1507907130.44589,3299649917.8920302,NaN,NaN,2.897411,1.6082625333333331,463.17,421.41,36.1492793141794,35.88509015212417,10.873687085747,16.00689624177433,71.8114330040339,73.77780152516813
COL,Colombia,2001,0.005375477,157016818928.93,156273768147.56433,27.9,27.566666666666666,-0.2420244,-0.29084455000000003,1.62232046746357,1.6692486959630768,2436459923.42856,2257731105.1623197,25.5096893310547,NaN,1.695172,1.9940146666666665,535.48,464.49666666666667,32.6670854693067,34.90842927899997,9.22534818585365,12.925338399755915,74.3889405287337,74.0550419969732
COL,Colombia,2002,0.006103409,159651401476.819,156407674228.083,27.1,28.0,-0.1422659,-0.22504495,1.58737525769177,1.5920752717502802,2541942612.20739,2162103222.0272803,26.3812599182129,NaN,0.5259588,1.7061806,533.64,510.7633333333333,33.9011117949445,34.239158859476866,7.96556090304834,9.354865391549664,74.8192277682372,73.67320043366827
COL,Colombia,2003,0.01130053,163649041384.447,160105753930.06534,28.6,27.866666666666664,-0.0425074,-0.1422659,1.50246201581761,1.5707192469909834,2133698124.14946,2370700219.92847,26.5130996704102,26.134682973225935,0.5069007,0.9093438333333332,680.85,583.3233333333334,32.9826392144234,33.1836121595582,6.35150728778872,7.84747212556357,73.1333771240288,74.11384847366656
COL,Colombia,2004,0.01196432,170061255792.911,164453899551.39233,30.6,28.76666666666667,-0.0177115999999999,-0.06749496666666664,1.46690208610805,1.5189131198724766,1720493455.49813,2132044730.618327,28.00827980041505,26.96754646301272,0.8995456,0.6441350333333332,713.03,642.5066666666667,36.51618351723,34.4666448421993,7.1297886294186,7.148952273418554,72.1809557282342,73.37785354016673
COL,Colombia,2005,0.009061619,179130660092.783,170946985756.71365,29.0,29.400000000000002,-0.0323592,-0.030859399999999967,1.44656025415104,1.4719747853589,3115635873.52058,2323275817.7227235,29.5034599304199,28.00827980041505,1.195409,0.8672851,858.09,750.6566666666666,35.8634269337995,35.1207498884843,5.90402005546502,6.461771990890781,73.4661792460212,72.92683736609473
COL,Colombia,2006,0.01717209,187780451739.376,178990789208.35666,28.9,29.5,0.0559858,0.0019716666666667014,1.46901976755809,1.4608273692723932,10235417315.1375,5023848881.385404,32.253978729248,29.921906153360982,1.017302,1.0374188666666664,988.47,853.1966666666667,37.422697494955,36.600769315328165,5.05101962689695,6.028276103926856,74.0632771777979,73.23680405068444
COL,Colombia,2007,0.01725328,200393418124.055,189101509985.40466,30.6,29.5,0.0977446,0.04045706666666666,1.38318811487663,1.4329227121952535,6750625311.15878,6700559499.938953,34.3662109375,32.04121653238929,1.148896,1.1205356666666664,1449.56,1098.7066666666667,39.6413559606293,37.642493463127934,4.29342363628926,5.082821106217077,73.2362113254665,73.58855591642853
COL,Colombia,2008,0.03259487,213896316785.023,200690062216.15134,31.0,30.166666666666668,0.1335011,0.09574383333333332,1.41654840316635,1.4229187618670236,8885764397.56293,8623935674.619738,35.4785308837891,34.032906850179025,1.526071,1.2307563333333331,1562.09,1333.3733333333332,37.0988970982903,38.05431685129153,5.54438485815155,4.962942707112586,72.4541612173026,73.25121657352234
COL,Colombia,2009,0.0371318,220919487240.849,211736407383.309,30.8,30.8,0.2356723,0.15563933333333332,1.39852072752987,1.3994190818576167,10564155795.9327,8733515168.218136,37.9448013305664,35.92984771728516,1.445267,1.3734113333333333,2357.93,1789.86,39.1676494164355,38.63596749178503,6.9968849555451,5.611564483328636,72.6526623012143,72.78101161466113
COL,Colombia,2010,0.02361555,223437193184.792,219417665736.88803,31.4,31.066666666666666,0.0558239,0.14166576666666666,1.47547382640238,1.4301809856995333,8034746177.08444,9161555456.860023,39.5088005065918,37.644044240315765,1.52949,1.5002760000000002,2705.91,2208.6433333333334,35.1561285074585,37.140891674061436,4.20251661216481,5.581262141953819,74.2864520616929,73.13109186006994
COL,Colombia,2011,0.03323246,233479933032.173,225945537819.27133,30.6,30.933333333333334,0.056311,0.11593573333333333,1.52200045741908,1.4653316704504433,6429989612.99412,8342963862.003754,41.529670715332,39.66109085083007,0.9140859,1.2962809666666668,3169.79,2744.543333333333,34.2646031687681,36.19612703088737,2.27200227892008,4.490467948876663,75.6909940399632,74.21003613429014
COL,Colombia,2012,0.01738898,249701866578.277,235539664265.08066,29.6,30.53333333333333,0.2180915,0.11007546666666666,1.61663552853102,1.538036604117493,14647048638.4495,9703928142.842688,45.2873306274414,42.10860061645507,1.190215,1.2112636333333333,3541.93,3139.2099999999996,39.4704235545367,36.297051743587765,3.4150334477625,3.2965174462824636,72.7635558460336,74.2470006492299
COL,Colombia,2013,0.02918615,259471791121.288,247551196910.57935,29.6,29.933333333333337,0.221908,0.16543683333333334,1.61000537888315,1.5828804549444166,15039979138.8914,12039005796.778337,47.4669914245605,44.761330922444635,0.6380467,0.9141158666666667,4076.94,3596.22,38.835151018669,37.523392580657934,3.16930188840055,2.952112538361044,75.5281151468942,74.66088834429699
COL,Colombia,2014,0.02840264,272793056063.57,260655571254.37833,32.0,30.400000000000002,0.2360812,0.22536023333333333,1.8121783209001,1.67960640943809,16210419015.9816,15299148931.1075,50.7474899291992,47.83393732706703,0.8439114,0.8907243666666668,4525.2,4048.023333333333,37.9866487978457,38.76407445701713,2.01699224310383,2.8671091930889596,62.823687304307,70.37178609907826
COL,Colombia,2015,0.02505643,285066097496.814,272443648227.224,32.1,31.23333333333333,0.2562707,0.23808663333333335,1.82364474726519,1.7486094823494798,16168701714.7496,15806366623.207535,53.1794395446777,50.46464029947913,0.9181116,0.8000232333333334,4993.33,4531.823333333333,37.4874656411103,38.103088485875,2.89883787761737,2.6950440030405836,62.4490230103264,66.93360848717587
COL,Colombia,2016,0.04879464,293492370193.166,283783841251.18335,31.1,31.733333333333334,0.3094832,0.26727836666666666,1.83556759919216,1.8237968891191498,11620532645.7091,14666551125.4801,54.7961311340332,52.90768686930337,0.8054962,0.8558397333333333,5383.5,4967.343333333333,38.3607641184453,37.94495951913377,4.98983115849529,3.3018870930721635,27.2897009910218,50.854137101885065
COL,Colombia,2017,0.04674805,299618678572.191,292725715420.72363,30.5,31.233333333333334,0.2729462,0.2795667,1.8654751539246,1.8415625001273168,13857937720.8026,13882390693.753769,57.1437492370605,55.039773305257135,1.245429,0.9896789333333333,6417.19,5598.006666666665,36.202652984202,37.3502942479192,7.51346024627674,5.1340430941298,NaN,NaN
COL,Colombia,2018,0.0397793,303691577641.583,298934208802.3133,32.2,31.26666666666667,0.1683573,0.25026223333333336,1.68289187289759,1.7946448753381166,13700880445.1997,13059783603.903801,58.3960418701172,56.778640747070305,1.049397,1.033440733333333,6701.16,6167.283333333333,35.2829149424588,36.615444015035365,4.3143132569501,5.605868220574043,NaN,NaN
COL,Colombia,2019,0.04174601,311479214511.795,304929823575.18964,30.4,31.03333333333333,0.108854,0.18338583333333336,1.74191600051117,1.7634276757777867,11298692773.8485,12952503646.616934,57.3205413818359,57.6201108296712,1.080927,1.1252509999999998,7531.98,6883.443333333333,36.5347527968973,36.006773574519364,3.24056932930569,5.0227809441775095,NaN,NaN
COL,Colombia,2020,0.02327205,321405606655.842,312192132936.4067,31.5,31.366666666666664,0.2323351,0.16984880000000002,1.72438739011403,1.7163984211742633,13989154028.3683,12996242415.805498,56.6663017272949,57.46096165974933,1.111817,1.0807136666666668,8752.82,7661.986666666667,37.558533980839,36.4587339067317,3.52301932741446,3.6926339712234166,NaN,NaN
COL,Colombia,2021,0.01708906,298309675728.093,310398165631.91,32.0,31.3,0.160839,0.16734269999999998,1.66507219030647,1.7104585269772234,7458624984.21929,10915490595.478697,55.7331085205078,56.57331720987954,0.913179,1.0353076666666665,9599.78,8628.193333333333,34.0555709680101,36.04961924858213,2.52663500084706,3.09674121918907,NaN,NaN
COL,Colombia,2022,0.04995184,330530695024.886,316748659136.2737,29.7,31.066666666666666,0.2365791,0.20991773333333333,1.80057803586778,1.73001253876276,9561335276.67571,10336371429.754433,58.3159217834473,56.905110677083336,0.5256797,0.8502252333333334,10300.11,9550.903333333334,40.0591463936128,37.224417114153965,3.49505757399448,3.181570634085333,NaN,NaN
COL,Colombia,2023,0.02127118,354752900899.02,327864423883.9997,NaN,NaN,0.1864213,0.19461313333333333,1.70753982802254,1.7243966847322634,17182225497.9059,11400728586.266968,59.2901382446289,57.77972284952799,1.285536,0.9081315666666666,9683.4,9861.096666666666,48.2826551123359,40.79912415798626,10.1772313546166,5.39964130981938,NaN,NaN
CRI,Costa Rica,1999,0.006517205,28107138541.4782,26401954441.3691,28.9,33.03333333333333,0.5021363,0.350531,1.36923653616676,1.3149638226765334,614500000.0,483630000.0,NaN,NaN,2.9632625,NaN,157.79,161.06333333333333,92.0380212366186,87.90279444686456,11.6592997742233,14.139598778267166,63.72839158384,59.964943163907634
CRI,Costa Rica,2001,0.001343869,30425018574.4757,29274652824.198063,33.0,30.599999999999998,0.7404728,0.6213045500000001,1.30313360027163,1.3369375353215631,723426415.264239,652465209.0880796,NaN,NaN,1.6123786,2.4386833666666665,121.83,135.55666666666664,86.5249235130705,88.7005195058088,10.9615496593622,10.888710387611633,59.0262833276527,61.25327923082323
CRI,Costa Rica,2002,0.005231494,31487207663.2952,30401342531.4704,32.1,31.666666666666668,0.5321156,0.63129765,1.379963366939,1.3405131455789767,621846413.159733,654914013.4746574,NaN,NaN,0.4843482,1.6123786000000002,169.1,139.32666666666668,80.852758718109,84.9720986663056,11.2556157091171,10.754149032576231,57.200151177563,59.07719909539757
CRI,Costa Rica,2004,0.004350664,33968893647.7095,32673062646.315533,33.3,32.63333333333333,0.3996287,0.4185009,1.46632440832863,1.4105477307686367,774386239.764205,706468425.8975908,NaN,NaN,1.5306755,1.0809325666666667,154.49,161.88666666666666,83.3277075355642,81.53147019655903,9.44758091616983,9.95690570345937,56.6389048177675,56.202263329910124
CRI,Costa Rica,2005,0.01812324,35471881178.9969,34001287151.549435,39.2,35.0,0.5795472,0.43431143333333333,1.47144886356872,1.4410428963118767,1083718486.49798,860425783.6770064,25.8056793212891,NaN,1.833577,1.5306755,219.26,178.60666666666665,85.2564771965872,82.99937635605177,12.3148150178852,10.309972139715404,47.9294568869581,53.11203189970849
CRI,Costa Rica,2006,0.003653635,36882479548.0029,35441084791.56977,41.7,38.06666666666667,0.6683094,0.5491617666666667,1.49160807652233,1.4764604494732267,1528787464.115,1128964063.4590616,28.500752040318115,NaN,3.946512,2.4369215,219.47,197.74,89.2226638923224,85.93561620815792,13.7982949108987,11.853563614984575,46.8015096867284,50.45662379715134
CRI,Costa Rica,2007,0.008348361,39584746492.4417,37313035739.813835,42.4,41.1,0.5506422,0.5994996,1.59797655356903,1.5203444978866933,1801002598.41588,1471169516.3429534,31.19582475934713,28.500752040318115,1.485225,2.4217713333333335,226.8,221.84333333333333,89.8145546136931,88.09789856753423,11.4705968149052,12.527902247896366,47.4055277438671,47.37883143918453
CRI,Costa Rica,2008,0.006412106,42836685662.1245,39767970567.52303,41.2,41.766666666666666,0.6107519,0.6099011666666666,1.76101901079574,1.6168678802957002,2241492021.19676,1857094027.9092133,33.89089747837615,31.195824759347133,2.563198,2.6649783333333334,232.82,226.36333333333334,86.4565958439349,88.49793811665013,9.35724456417157,11.542045429991823,49.7619374871037,47.98965830589973
CRI,Costa Rica,2010,0.0012495,44474474828.8682,44059174410.5103,40.7,40.86666666666667,0.7307018,0.6978709666666667,1.62647554075289,1.7020029708762532,1614614468.45233,2097406235.9722135,39.281042916434174,36.58597019740516,0.6693062,1.4541230666666667,250.87,243.48000000000002,69.7593177251535,80.8724754268046,7.84270167700653,10.208136597302133,48.6187750936153,49.55822947646783
CRI,Costa Rica,2012,0.001605136,48921712048.582,46751548779.56063,38.0,39.7,0.5711371,0.6423986666666667,1.66999542065841,1.6282544670253565,2733268839.98155,2084935700.6282203,44.6711883544922,41.97611563546319,0.27744465,0.3851660833333333,266.45,263.2633333333334,68.6391465074016,68.63685130555403,4.87799830970702,6.12781902363792,49.0890135484772,48.742362124791725
CRI,Costa Rica,2014,0.003134084,52590433317.5191,50940835071.378395,37.8,37.96666666666667,0.7356994,0.6642497666666666,1.68258114091864,1.663516665912103,3205384976.80293,2878316342.487803,47.5057106018066,46.288480122884096,0.5938156,0.40580071666666667,275.45,284.5333333333333,64.0664105879442,66.58469879681446,5.23133614174428,4.868262531665784,47.8303557069415,48.22119991399643
CRI,Costa Rica,2016,0.004521511,56441920820.5194,54495199462.93387,38.3,37.9,0.6166595,0.6257213,1.61015749564449,1.6601974845040368,2955521680.83967,3134352151.53833,51.2845802307129,49.70818964640299,0.7634187,0.7329078666666667,363.09,334.6433333333334,60.753561939521,63.33707152690067,0.801982005099623,3.5175063773378112,47.2809930395726,47.783031790435565
CRI,Costa Rica,2017,0.01038846,58814921621.3159,56570028897.5328,34.1,36.666666666666664,0.6548876,0.5987840333333333,1.69149442839303,1.6631685803288334,2620435490.61534,2939368989.4758,51.6516418457031,51.090166727701835,0.6853481,0.7634187,425.5,384.66,62.1784781768295,62.70776072319577,-0.0174788505908217,1.767901379892777,NaN,NaN
CRI,Costa Rica,2018,0.003099686,61260269007.514,58839037149.783104,33.3,35.233333333333334,0.5457847,0.6057772666666666,1.70887391193112,1.6701752786562132,2924906990.98244,2833621387.4791503,54.4492301940918,52.461817423502595,1.430156,0.9596409333333332,483.69,424.0933333333333,65.0719537438815,62.66799795341066,1.62590692991731,0.803470028142037,NaN,NaN
CRI,Costa Rica,2019,0.00592884,62862779082.5908,60979323237.140236,33.1,33.5,0.6513804,0.6173508999999999,1.70246265595066,1.7009436654249368,3014543618.02812,2853295366.541967,52.6140899658203,52.90498733520506,0.5140404,0.8765148333333334,542.38,483.8566666666666,66.945342016636,64.73192464578233,2.2211146152658,1.2765142315307627,NaN,NaN
CRI,Costa Rica,2020,0.003684741,64382494195.8,62835180761.96827,33.4,33.266666666666666,0.6689887,0.6220512666666667,1.63874650393745,1.6833610239397434,2719031329.42268,2886160646.144413,55.0202903747559,54.02787017822266,0.9671064,0.9704342666666665,631.94,552.6700000000001,65.7605300176622,65.9259419260599,2.09604635327807,1.9810226328203935,NaN,NaN
CRI,Costa Rica,2021,0.00193461,61631202097.7205,62958825125.37043,36.4,34.300000000000004,0.5391413,0.6198368,1.42529676301864,1.5888353076355832,2103003648.98359,2612192865.47813,NaN,NaN,0.4840737,0.6550735,702.29,625.5366666666667,60.1398862509533,64.28191942841717,0.724911478131375,1.680690815558415,NaN,NaN
CRI,Costa Rica,2022,0.00431239,66522107766.4296,64178601353.3167,34.2,34.666666666666664,0.5605961,0.5895753666666667,1.59152551349924,1.5518562601517767,3592802258.09676,2804945745.50101,NaN,NaN,0.3871619,0.6127806666666666,753.03,695.7533333333334,70.7816423027085,65.56068619044133,1.72647755109241,1.515811794167285,NaN,NaN
CUB,Cuba,2001,0.002687739,45683563278.5995,43144849888.936005,34.4,34.3,-1.24795409999999,-1.291370349999995,2.6101013141558,2.5740034970707364,NaN,NaN,22.9956703186035,19.209060351053868,0.56540725,0.7056644,956.5,931.4900000000001,31.0759878817225,31.816517703855567,NaN,NaN,75.5125921288388,75.45420589470827
CUB,Cuba,2003,0.004843084,47810239203.2308,46877466970.76397,34.8,34.4,-1.3912185,-1.319586299999995,2.3766937945776,2.4944907612568166,NaN,NaN,27.423469543457,25.497026443481435,0.5514738,0.5140103833333334,953.97,971.4266666666666,24.7293133475239,28.38879920361123,NaN,NaN,77.6140491762636,75.80000063242043
CUB,Cuba,2004,0.004350664,49623557376.225,48190798336.63913,33.6,34.13333333333333,-1.5224175,-1.4110740999999984,2.30143800064642,2.3916029900870233,NaN,NaN,32.568790435791,28.688066482543935,0.6777975,0.5514738,793.22,917.0,26.5871335777077,26.8925144356063,NaN,NaN,80.4410637631581,77.44282451052686
CUB,Cuba,2005,0.001342462,52487103646.4154,49973633408.623726,33.8,34.06666666666667,-1.65343519999999,-1.5223570666666635,2.25263365447208,2.3102551498987,NaN,NaN,52.4411582946777,37.477806091308565,0.8726058,0.7006257000000001,789.67,845.6199999999999,31.3114153338743,27.542620753035298,NaN,NaN,80.8208145711129,79.6253091701782
CUB,Cuba,2006,0.02192181,58366528662.6983,53492396561.77957,26.3,31.23333333333333,-1.4526301,-1.5428275999999965,2.32679017565643,2.29362061025831,NaN,NaN,60.115119934082,48.37502288818357,0.1200658,0.5568230333333334,967.02,849.9699999999999,39.3613744331974,32.4199744482598,NaN,NaN,85.5401850150998,82.26735444979026
CUB,Cuba,2007,0.003339344,65408954114.9466,58754195474.68677,22.0,27.366666666666664,-1.4641993,-1.52342153333333,2.3753319353995,2.31825192184267,NaN,NaN,84.7447280883789,65.76700210571288,2.459644,1.1507718666666666,1224.99,993.8933333333334,37.1880142882062,35.953601351759296,NaN,NaN,87.4277456078809,84.59624839803121
CUB,Cuba,2008,0.003206053,70159041951.1157,64644841576.25354,18.6,22.3,-1.4627264,-1.4598519333333335,2.44623324395833,2.3827851183380866,NaN,NaN,105.017448425293,83.2924321492513,0.6647416,1.0814838,1096.51,1096.1733333333334,37.9676096642032,38.172332795202266,NaN,NaN,87.6458116962885,86.8712474397564
CUB,Cuba,2009,0.00287472,73047369063.91,69538455043.3241,18.7,19.766666666666666,-1.42371159999999,-1.45021243333333,2.36176603793102,2.394443739096283,NaN,NaN,117.163070678711,102.30841573079431,0.6647362,1.2630406,1163.54,1161.68,44.917220748508,40.02428156697247,NaN,NaN,89.27713720671,88.11689817029314
CUB,Cuba,2010,0.0002776667,74107509498.1477,72437973504.39113,19.0,18.76666666666667,-1.452883,-1.44644033333333,2.38540684367623,2.3978020418551935,NaN,NaN,113.827087402344,112.002535502116,0.85812,0.7291992666666668,1419.43,1226.4933333333336,32.9139819587629,38.5996041238247,NaN,NaN,97.9338785666967,91.6189424898984
CUB,Cuba,2011,0.0002606468,75878940053.321,74344606205.12624,15.6,17.766666666666666,-1.6241742,-1.5002562666666632,2.49451002437816,2.413894301995137,NaN,NaN,93.544739814446,108.17829929850033,0.07140502,0.5314204066666667,1293.77,1292.2466666666667,40.2919413008332,39.3743813360347,NaN,NaN,96.40850676577,94.53984084639224
CUB,Cuba,2012,0.003057403,78005296225.1446,75997248592.20444,19.2,17.933333333333334,-1.6239119,-1.5669897,2.45522503021925,2.4450472994245467,NaN,NaN,78.4791611574931,95.28366279142772,0.06056445,0.33002982333333336,1520.7,1411.3000000000002,46.9604290476881,40.05545076909474,NaN,NaN,94.8831349648433,96.40850676577001
CUB,Cuba,2013,0.002308509,80357078126.4622,78080438134.97594,19.4,18.066666666666666,-1.38237189999999,-1.5434859999999968,2.55579516374824,2.5018434061152166,NaN,NaN,61.3519866952141,77.79196255571775,0.7654721,0.29914719,1526.64,1447.0366666666669,45.8662036340766,44.3728579941993,NaN,NaN,95.8531447659896,95.71492883220098
CUB,Cuba,2017,0.0007164453,87579654548.8907,86047452386.08122,19.2,21.166666666666668,-1.1406888,-1.0743114,2.42368545978683,2.472960707608317,NaN,NaN,35.0523986816406,37.53638259705887,0.42929945,0.5429369,1158.34,1324.12,27.2691132420785,32.71902619177576,NaN,NaN,NaN,NaN
CUB,Cuba,2019,0.002092532,91169039692.7712,89304452727.62042,24.0,21.733333333333334,-1.2250246,-1.16859683333333,2.38546526365894,2.388656660544427,NaN,NaN,42.3506387045364,39.52442634696877,0.56092745,0.4352963,1167.92,1153.6366666666665,27.0835484486147,26.858366023151664,NaN,NaN,NaN,NaN
CUB,Cuba,2023,0.002312085,83527427215.7299,82217506546.47116,NaN,NaN,-1.1673033,-1.1886291,1.78698206661591,1.7988822100195634,NaN,NaN,NaN,NaN,NaN,NaN,1237.5,1378.6566666666668,93.8607755890525,63.189177569063425,NaN,NaN,NaN,NaN
CYP,Cyprus,1999,0.009775808,13962602012.6924,13313679728.926699,3.2,3.266666666666667,0.9251782,0.9137053499999999,7.23537747608655,7.112626476280579,345398143.229372,375222270.55254936,NaN,NaN,3.839727,2.626068333333333,111.63,108.52666666666666,134.909736760687,138.507232269747,2.22770732654316,2.9373255450006965,97.2233918798929,97.1449945778852
CYP,Cyprus,2000,0.01327719,14660446535.5061,13927183314.254835,3.2,3.233333333333333,0.85129795,0.8967271666666666,7.38568394195229,7.217873503684877,813054280.084962,568323879.3058367,NaN,NaN,2.292457,2.7617483333333332,118.22,116.27,131.209333344294,135.29401556965567,1.62999999999998,2.487683923396473,97.2939971646816,97.2349706626389
CYP,Cyprus,2001,0.01881417,15534986805.8031,14719345118.000534,3.1,3.1666666666666665,0.7774177,0.8512979499999999,7.52680002574744,7.3826204812620935,854874285.662107,671108902.992147,NaN,NaN,1.673113,2.6017656666666666,158.13,129.32666666666668,137.494903248556,134.53799111784568,4.1416576470206,2.6664549911879134,97.4295125888816,97.3156338778187
CYP,Cyprus,2002,0.01307873,16149016881.4093,15448150074.239502,3.0,3.1,0.97843455,0.8690500666666666,7.25889846462136,7.390460810773697,944742873.957096,870890479.9013883,21.6125202178955,NaN,3.238749,2.4014396666666666,134.94,137.09666666666666,131.849067868114,133.51776815365466,1.97304191729914,2.581566521439907,97.4089992778306,97.3775030104646
CYP,Cyprus,2003,0.006457445,16750240728.3241,16144748138.512167,3.2,3.1,1.1794514,0.9784345499999999,7.31170524942941,7.365801246599403,1103449726.13198,967688961.917061,25.1022891998291,NaN,2.233627,2.3818296666666665,196.94,163.33666666666667,123.64133212338,130.99510108001667,2.80115505180746,2.971951538709067,97.3193910549069,97.3859676405397
CYP,Cyprus,2005,0.01443147,18053648327.3531,17331179595.301563,3.3,3.233333333333333,1.1809581,1.1799627000000001,7.65231487166892,7.603779173744127,1118841808.54651,1043479684.223176,36.0204582214355,31.02599271138507,0.9003802999999999,1.2724803,256.78,210.61666666666665,113.903613489207,117.18319286469067,2.28621706801674,3.075479168897593,96.7311462141824,97.11129193643698
CYP,Cyprus,2006,0.008829619,18929789645.9549,18057695901.1785,3.4,3.2999999999999994,1.3793496,1.2465954333333333,7.63016201306566,7.7099314282895435,1161973511.03818,1062987612.5252427,34.102180480957,34.02595647176103,1.117327,0.9003802999999998,318.12,251.01,111.917065271958,113.27510391421667,2.56016132330233,2.9951479260625504,96.5463462136465,96.85361032268351
CYP,Cyprus,2007,0.009461476,19822098963.1388,18935178978.8156,3.5,3.4,1.5065795,1.3556290666666666,7.59803038263763,7.6268357557907365,1871897927.22827,1384237748.9376533,34.3019485473633,34.8081957499186,1.275106,1.0976044333333332,353.72,309.54,109.806498040343,111.87572560050266,2.30468732978555,2.3836885737015403,96.6214399819533,96.63297746992741
CYP,Cyprus,2008,0.01763329,20832674395.6686,19861521001.587433,4.3,3.733333333333333,1.5150845,1.4670045333333332,7.74568058214957,7.657957659284286,2294635570.94299,1776169003.0698135,36.2316017150879,34.8785769144694,1.757872,1.3834349999999997,433.39,368.41,111.275122844623,110.99956205230801,2.37265183669719,2.41250016326169,95.8411345745387,96.3363069233795
CYP,Cyprus,2009,0.009582399,21592439785.3329,20749071048.046764,5.7,4.5,1.4877748,1.5031462666666666,7.78551565223927,7.709742205675489,12403669189.6016,5523400895.924287,40.8491706848145,37.12757364908857,1.446619,1.493199,508.23,431.78000000000003,112.925930874708,111.33585058655801,4.66900841902485,3.1154491951691967,94.8502704016628,95.77094831938494
CYP,Cyprus,2010,0.008746501,21157334409.9038,21194149530.30177,6.3,5.433333333333334,1.4052045,1.4693546,7.47035932974632,7.667185188045053,65815356284.5023,26837887015.01563,47.6964492797852,41.59240722656253,0.998702,1.4010643333333332,654.5,532.04,102.7910918992,108.99738187284368,0.326276652249793,2.455978969323944,94.3247258529301,95.00537694304387
CYP,Cyprus,2011,0.002345821,21640286747.1052,21463353647.4473,6.5,6.166666666666667,1.4438511,1.4456101333333333,7.01719074742689,7.4243552431374935,32320291309.0892,36846438927.731026,48.311580657959,45.61906687418624,1.101699,1.18234,712.0,624.91,108.901699269523,108.20624068114365,2.43004084102254,2.475108637432394,94.2278918195237,94.46762935803888
CYP,Cyprus,2012,0.003898188,21730464390.338,21509361849.11567,7.6,6.8,1.2151122,1.3547225999999999,6.67871500305715,7.05542169341012,41942439662.4168,46692695752.00277,46.5397300720215,47.515920003255225,0.3684255,0.8229421666666666,759.41,708.6366666666667,110.617131287039,107.43664081858732,3.28944939564211,2.0152556296381476,93.6268191903496,94.05981228760113
CYP,Cyprus,2013,0.0004617018,20981332378.0944,21450694505.179203,8.6,7.566666666666666,1.0369259,1.2319630666666666,6.11139379970946,6.602433183397834,72602027644.1302,48954919538.5454,45.8635902404785,46.90496699015299,0.7299169,0.7333471333333333,798.85,756.7533333333334,112.344273297273,110.621034617945,2.38905410042316,2.7028481123626036,92.9279828772837,93.594231295719
CYP,Cyprus,2014,0.0129281,19599191826.1408,20770329531.5244,9.7,8.633333333333333,0.8202721,1.0241034,5.440262861149,6.076790554638536,25898129367.4831,46814198891.343376,47.470890045166,46.62473678588867,0.06760988,0.38865076,964.53,840.93,120.926200639389,114.62920174123367,-0.399357676464425,1.7597152732002816,92.1116522523391,92.88881810665747
CYP,Cyprus,2015,0.001183768,19251098679.0346,19943874294.423267,9.5,9.266666666666666,0.9876497,0.9482825666666667,5.67256975156453,5.741408804140996,54154887263.6222,50885014758.411835,52.1083793640137,48.480953216552734,1.595355,0.7976272600000001,914.61,892.6633333333333,130.84436307939,121.37161233868399,-1.35498885446314,0.21156918983186493,91.9006736410977,92.31343625690683
CYP,Cyprus,2016,0.005275096,19909278416.8575,19586522974.010967,10.4,9.866666666666665,0.9934827,0.9338015,5.62213100101517,5.578321204576234,27319647777.152,35790888136.08576,59.8640594482422,53.1477762858073,0.1799396,0.6143014933333334,937.96,939.0333333333334,137.276426477193,129.682330065324,-2.0969976905311,-1.2837814071528884,90.7086388884335,91.5736549272901
CYP,Cyprus,2017,0.00268667,21218032913.0554,20126136669.649166,10.3,10.066666666666668,0.98056,0.9872308,5.83770911607033,5.71080328955001,3331071355.68026,28268535465.48482,68.3754730224609,60.115970611572266,0.9130647,0.8961197666666667,1071.31,974.6266666666667,139.022098457248,135.71429600461036,-1.42916666666665,-1.62705107055363,NaN,NaN
CYP,Cyprus,2018,0.0005166143,22438246417.1514,21188519249.021435,10.9,10.533333333333333,0.9695105,0.9811844000000001,5.87048294831676,5.776774355134087,42234145947.887,24294955026.90642,79.827522277832,69.35568491617836,0.5597677,0.550924,1223.71,1077.66,148.013355558135,141.43729349752536,0.531766496174467,-0.9981326203410944,NaN,NaN
CYP,Cyprus,2019,0.009765148,23845497750.3008,22500592360.1692,12.0,11.066666666666668,0.9434584,0.9645096333333334,5.67702050070156,5.79507085502955,79087120911.1898,41550779404.91903,86.5899276733398,78.26430765787757,0.1176443,0.5301589,1296.14,1197.0533333333335,147.623567410054,144.88634047514566,1.43549119531759,0.1793636749418023,NaN,NaN
CYP,Cyprus,2020,0.007272516,25246562822.6821,23843435663.378098,12.0,11.633333333333333,1.0395499,0.9841729333333333,5.60889302704421,5.718798825354177,113114188086.775,78145151648.61726,93.9260711669922,86.78117370605467,1.387338,0.68825,1351.09,1290.3133333333333,150.506169561162,148.71436417645035,0.250370996758493,0.7392095627501835,NaN,NaN
CYP,Cyprus,2021,0.007416006,24433464399.3925,24508508324.125134,15.0,13.0,0.8979194,0.9603092333333333,5.22358661605671,5.503166714600827,-75646450885.0054,38851619370.986465,102.390762329102,94.30225372314466,0.9500851,0.8183558,1466.69,1371.3066666666666,160.66871645997,152.93281781039533,-0.638422797978958,0.34914646469904165,NaN,NaN
CYP,Cyprus,2022,0.02443687,27218282939.641,25632770053.9052,15.6,14.200000000000001,0.8484873,0.9286522,5.25252617267475,5.361668605258557,6626435041.50001,14698057414.423203,106.362930297852,100.89325459798208,1.030735,1.1227193666666666,1733.92,1517.2333333333333,176.82773681987,162.66754094700067,2.44608867175474,0.6860122901780916,NaN,NaN
CYP,Cyprus,2023,0.03872743,29470249084.6058,27040665474.546432,NaN,NaN,0.7331313,0.8265126666666668,5.425313774533,5.300475521088153,53889706.601886,-22988708712.301167,105.384979248047,104.71289062500034,3.378968,1.7865960333333335,1866.52,1689.0433333333333,205.753543745524,181.083332341788,8.39548297993334,3.4010496179030407,NaN,NaN
CZE,Czechia,1999,0.1379475,121996963423.806,122562695770.88264,6.0,5.633333333333333,0.5138107,0.4869634,12.4309173565015,12.918945336239434,3700169387.63107,2140647129.6419766,NaN,NaN,2.141688,1.6017813333333333,4599.59,4526.1466666666665,83.9386523207327,82.89714698270534,10.6983655274888,9.351098974475184,88.3706162746064,88.73659695850786
CZE,Czechia,2000,0.07207617,123678521512.351,122717990924.06433,6.5,6.066666666666666,0.5050160499999999,0.5019300499999999,11.6412903326183,12.3593660797434,6312596675.96248,3766419645.578193,NaN,NaN,1.584695,1.659651,4929.16,4715.246666666667,85.4571236396114,84.51633554268913,2.13544844417329,7.143323546272576,87.3279647144604,88.23785691430321
CZE,Czechia,2001,0.0904872,128638858401.092,124771447779.08301,5.9,6.133333333333333,0.4962214,0.5050160499999999,12.902573099746,12.324926929621933,4987079129.26383,4999948397.619126,NaN,NaN,1.098224,1.6082023333333335,5330.3,4953.016666666666,97.4983956327874,88.96472386437718,3.77538829151729,5.536400754393127,89.2116575551985,88.30341284808844
CZE,Czechia,2002,0.09011871,132391536300.246,128236305404.563,6.3,6.233333333333333,0.7837599499999999,0.5949991333333333,12.9423815445542,12.495414992306166,5640707235.87483,5646794347.033713,32.0267791748047,NaN,1.274945,1.319288,5742.18,5333.88,98.5368737300189,93.83079766747257,4.66267556988257,3.524504101857717,88.3792352279571,88.30628583253866
CZE,Czechia,2003,0.1146197,134395228572.192,131808541091.17665,7.3,6.5,1.0712985,0.7837599499999999,12.4942776816049,12.779744108635034,8496609035.7758,6374798466.971486,36.8876609802246,NaN,1.185387,1.1861853333333334,6038.75,5703.743333333333,90.8792715456582,95.63818030282148,1.90298097019026,3.447014943863373,86.0875652333688,87.89281933884148
CZE,Czechia,2004,0.1324777,138831395778.178,135206053550.20532,6.7,6.766666666666667,1.1756611,1.0102398499999998,12.8180719674459,12.751577064535,2021275745.955,5386197339.201877,39.2078895568848,36.04077657063804,1.277536,1.2459559999999998,6396.07,6059.0,94.6468600665608,94.68766844741263,0.118739205526814,2.228131915199881,83.680480718792,86.04909372670596
CZE,Czechia,2005,0.1002819,145406922288.089,139544515546.15298,7.1,7.033333333333334,1.0252511,1.0907368999999998,12.8990092380177,12.737119629022834,6423465150.75735,5647116644.162717,45.4242782592773,40.50660959879557,1.472413,1.3117786666666666,6989.49,6474.7699999999995,113.173975970415,99.56670252754468,2.76010781671153,1.593942664142868,83.1976142719604,84.32188674137375
CZE,Czechia,2006,0.1207526,154676655549.654,146304991205.307,7.5,7.1000000000000005,1.1663188,1.1224103333333335,12.6378778002542,12.784986335239267,13730164683.4591,7391635193.390483,49.1181411743164,44.58343633015949,1.179685,1.309878,7858.01,7081.19,121.191287316105,109.67070778436027,1.85709789109228,1.5786483044435415,83.099378720968,83.32582457057346
CZE,Czechia,2007,0.1876711,164921158024.599,155001578620.78067,7.9,7.5,1.1629233,1.1181644000000002,12.7739538554172,12.770280297896365,7132002407.70598,9095210747.307478,49.8811302185059,48.14118321736654,1.237921,1.296673,8785.97,7877.823333333334,127.051015055016,120.472092780512,2.53399258343633,2.3837327637467136,82.4651733875899,82.92072212683944
CZE,Czechia,2008,0.1478525,173973393346.007,164523735640.08664,8.3,7.900000000000001,1.1204236,1.1498885666666667,12.8496660008304,12.753832552167268,13815656003.7032,11559274364.956093,54.1809005737305,51.060057322184264,1.554245,1.3239503333333333,10022.53,8888.836666666668,129.876739504889,126.03968062533666,2.8531243721117,2.4147382822134364,82.7563697608175,82.77364062312513
CZE,Czechia,2009,0.1274459,178518044754.249,172470865374.95166,9.0,8.4,1.1737593,1.1523687333333335,12.1449804099396,12.589533422062402,8815393022.10815,9921017144.505775,57.9171714782715,53.99306742350263,1.169598,1.320588,10752.64,9853.713333333333,123.904809929948,126.94418816328432,6.3586638015237,3.915260252357243,80.8758491156647,82.03246408802404
CZE,Czechia,2010,0.114478,169952170270.619,174147869456.95834,10.2,9.166666666666666,1.1533862,1.1491897,11.4624026803688,12.152349697046267,5271613701.7927,9300887575.868017,61.4115715026855,57.8365478515625,1.002521,1.2421213333333334,11107.58,10627.583333333334,113.049254784875,122.27693473990401,1.01937735329229,3.4103885089758967,78.8186096330918,80.81694283652467
CZE,Czechia,2011,0.1209662,174565802522.079,174345339182.31567,10.9,10.033333333333333,1.1026865,1.1432773333333333,11.551447766509,11.719610285605802,10167834374.8185,8084947032.906451,64.9327697753906,61.42050425211587,1.041863,1.0713273333333333,12461.34,11440.519999999999,126.756480116798,121.236848277207,1.47272727272728,2.950256142514423,79.2383606364025,79.64427312838633
CZE,Czechia,2012,0.104716,177659773382.538,174059248725.07864,12.2,11.1,1.0263037,1.0941254666666664,11.253602294493,11.4224842471236,4188736491.29369,6542728189.301631,66.7968215942383,64.3803876241048,0.9991049,1.0144963,13384.8,12317.906666666668,136.750855542438,125.51886348137033,1.9172191363555,1.4697745874583568,78.0047278876059,78.68723271903339
CZE,Czechia,2013,0.1286994,176290606021.546,176172060642.05432,12.8,11.966666666666667,0.9257526,1.0182475999999998,10.8487615339863,11.217937198329432,9433199804.77647,7929923556.962887,66.9287719726562,66.21945444742836,0.7817101,0.9408926666666666,13617.94,13154.693333333335,145.480195396935,136.32917701872364,3.28762306610411,2.225856491728963,76.1590423537245,77.80071029257762
CZE,Czechia,2014,0.1337862,176216894659.909,176722424687.99765,13.9,12.966666666666669,0.947901,0.9666524333333332,10.41753532722,10.8399663852331,7357578652.57,6993171649.54672,66.3243179321289,66.6833038330078,0.9978777,0.9262308999999999,13764.71,13589.15,145.502230624961,142.57776052144467,1.4382978723404,2.214380024933337,74.9100503458559,76.35794019572876
CZE,Czechia,2015,0.1035797,180173337874.854,177560279518.76965,14.8,13.833333333333334,0.812549,0.8954008666666667,10.1886522126064,10.484983024604233,8088661929.8803,8293146795.742256,67.3959732055664,66.88302103678383,1.011973,0.9305202666666667,15039.45,14140.699999999999,156.415122826886,149.13251628292733,0.343988589646793,1.689969842697101,73.9740382544337,75.01437698467136
CZE,Czechia,2016,0.1490215,189107698561.919,181832643698.894,14.8,14.5,0.9885827,0.9163442333333333,10.2684424579836,10.291543332603332,1699914616.60242,5715385066.350906,67.2303619384766,66.98355102539064,0.7170337,0.9089614666666667,16488.26,15097.473333333333,154.018400997633,151.97858481649334,0.309364548494975,0.697217003494056,75.349458412504,74.7445156709312
CZE,Czechia,2017,0.1423935,193988322685.058,187756453040.61035,14.8,14.800000000000002,0.9408369,0.9139895333333333,10.3928969863904,10.2833305523268,10850612308.2062,6879729618.22964,67.5056381225586,67.37732442220054,1.121599,0.9502019,16418.09,15981.933333333334,148.547004664435,152.99350949631798,0.683504209385702,0.44561911584249003,NaN,NaN
CZE,Czechia,2018,0.1424133,204024435232.921,195706818826.63266,14.5,14.700000000000001,1.1404044,1.0232746666666666,10.4187499138699,10.3600297860813,11234740946.0941,7928422623.63424,67.7142181396484,67.48340606689453,1.003197,0.9472765666666666,16387.57,16431.306666666667,147.750834854762,150.10541350561002,2.4505339846014,1.1478009141606924,NaN,NaN
CZE,Czechia,2019,0.1254647,209798950825.42,202603902914.46634,14.7,14.666666666666666,1.1466245,1.0759552666666667,10.2865042924091,10.366050397556467,8324668391.46793,10136673881.922743,66.7902221679688,67.3366928100586,1.191718,1.1055046666666666,15899.72,16235.126666666669,145.141717890789,147.14651913666202,2.14949494949492,1.7611777144940073,NaN,NaN
CZE,Czechia,2020,0.1647629,217279912681.73,210367766246.69034,15.9,15.033333333333333,1.1215213,1.1361834,9.72456561033821,10.143273272205738,10752120870.7679,10103843402.776644,66.8802185058594,67.1282196044922,1.016039,1.070318,16546.99,16278.093333333332,138.154609993871,143.68238757980734,2.84787595918041,2.4826349644255767,NaN,NaN
CZE,Czechia,2021,0.1125298,205753475017.539,210944112841.56302,17.0,15.866666666666665,1.0899444,1.1193634,8.86715826663618,9.626076056461164,8515481807.56743,9197423689.93442,67.1843719482422,66.95160420735681,1.313448,1.173735,15501.35,15982.686666666668,128.780430305965,137.358919396875,3.1612952849781,2.719555397884477,NaN,NaN
CZE,Czechia,2022,0.1217172,214043320221.167,212358902640.14536,17.2,16.7,1.2403943,1.15062,9.4724309646164,9.354718280530264,12890950336.4654,10719517671.600243,69.8369293212891,67.96717325846357,0.9227049,1.0840639666666665,15882.75,15977.029999999999,137.378116302868,134.77105220090132,3.83984491500146,3.2830053863866566,NaN,NaN
CZE,Czechia,2023,0.118687,220137498830.73,213311431356.47867,NaN,NaN,1.3279348,1.2194245,9.15364691432385,9.164412048525477,9143600294.9133,10183344146.315376,70.8145904541016,69.27863057454431,1.04251,1.0928876333333333,14425.23,15269.776666666667,144.011494109397,136.72334690607667,15.100165146837,7.3671017822721865,NaN,NaN
DEU,Germany,1999,17.90993,2746774816494.42,2692861211333.3804,3.0,2.6666666666666665,1.2215808,1.1883780499999999,11.0498012759607,11.193141193610566,29525738645.9539,21251584733.280567,NaN,NaN,1.215813,1.2051373333333333,69447.96,67317.73,50.1554657792327,47.47979098109857,0.911183535014403,1.433427514624691,84.9174917784477,85.14553791637857
DEU,Germany,2000,17.15248,2805269313430.67,2747479568813.3833,3.3,3.033333333333333,1.4126398999999998,1.2741995833333333,10.604888221829,10.905619090175334,86035665071.2096,44733277387.87566,NaN,NaN,1.252548,1.235625,67533.92,68419.02,51.519227436406,50.01833809479223,0.585433064230783,1.1453295294908254,83.9276110875222,84.49007889827129
DEU,Germany,2001,16.46433,2885963533943.47,2812669221289.52,3.7,3.3333333333333335,1.603699,1.4126399,10.5993032021746,10.7513308999881,248007397121.859,121189600279.67418,NaN,NaN,1.316319,1.26156,69738.56,68906.81333333334,59.1955992975405,53.6234308377264,1.44026838719741,0.978961662147532,83.6175092899349,84.15420405196826
DEU,Germany,2002,15.36277,2933181986968.52,2874804944780.8867,3.9,3.633333333333333,1.63194715,1.549428683333333,10.7525841705381,10.6522585315139,56948542386.909,130330534859.99254,NaN,NaN,1.278865,1.2825773333333332,71531.01,69601.16333333333,59.5592863682118,56.758037700719434,1.98385731334471,1.3365195882576344,83.6009676624179,83.71536267995833
DEU,Germany,2003,13.94898,2926486831428.63,2915210784113.5405,4.4,4.0,1.6601953,1.63194715,10.546202837135,10.6326967366159,51268214890.6254,118741384799.7978,NaN,NaN,1.255039,1.2834076666666665,71994.35,71087.97333333333,58.3325687248129,59.029151463521735,1.42080615551526,1.6149772853524598,83.2737787331121,83.49741856182163
DEU,Germany,2004,13.20974,2910982263391.97,2923550360596.373,5.4,4.566666666666667,1.4997507,1.5972977166666666,10.6369632865784,10.645250098083833,65401516009.2492,57872757762.2612,NaN,NaN,1.163785,1.2325629999999999,74319.9,72615.08666666667,58.9145442942507,58.93546646242513,1.03422218628562,1.4796285517151968,82.9391601509415,83.27130218215716
DEU,Germany,2005,12.96691,2944810405337.25,2927426500052.6167,6.3,5.366666666666667,1.4377554,1.5325671333333333,10.4632650583049,10.548810394006098,-20408419557.1428,32087103780.9106,NaN,NaN,1.142748,1.1871906666666667,77210.07,74508.10666666667,62.9064909465164,60.05120132186,1.66573696655991,1.3735884361202633,82.2218793344823,82.8116060728453
DEU,Germany,2006,13.58964,2970886268370.04,2942226312366.42,7.3,6.333333333333333,1.5056287,1.4810449333333333,10.2067903422435,10.435672895708933,59835195025.1916,34942763825.766,NaN,NaN,1.160319,1.1556173333333335,85127.72,78885.89666666667,66.9531024934321,62.9247125780664,1.54691114751328,1.4156234334529365,81.3900776296437,82.18370570502249
DEU,Germany,2007,13.3251,3085761005285.65,3000485892997.6465,8.6,7.3999999999999995,1.5062382,1.4832074333333332,10.3846207212787,10.3515587072757,87444159239.0627,42290311569.03717,NaN,NaN,1.218155,1.1737406666666668,87144.84,83160.87666666666,72.7591934646234,67.53959563485729,1.57742642840563,1.5966915141596065,80.6716583069331,81.4278717570197
DEU,Germany,2008,13.98602,3174912263837.68,3077186512497.7905,10.5,8.8,1.5280349,1.5133006,10.0478127320359,10.213074598519368,50847183837.0148,66042179367.0897,NaN,NaN,1.18172,1.1867313333333334,90199.02,87490.52666666666,74.8838416816798,71.53204587991176,2.2983440070095,1.8075605276428035,80.5058880958319,80.85587467746957
DEU,Germany,2009,13.47375,3203102383827.36,3154591884316.8965,10.2,9.766666666666666,1.3519451,1.4620727333333334,10.1072965484379,10.179910000584167,30954735498.0249,56415359524.700806,NaN,NaN,1.248411,1.2160953333333335,93343.56,90229.14000000001,76.1131665945746,74.5854005802926,2.62837981637219,2.168050083929107,79.9104868875012,80.36267776342207
DEU,Germany,2010,12.84875,3025504625850.04,3134506424505.027,10.7,10.466666666666667,1.4048295,1.4282698333333332,9.37864424258525,9.84458450768635,56701916794.9699,46167945376.66986,NaN,NaN,1.20489,1.2116736666666668,96399.98,93314.18666666666,66.1391275757126,72.37871195065567,0.312739007368446,1.7464876102500453,79.3162024847903,79.91085915604113
DEU,Germany,2011,12.27915,3150598283304.25,3126401764327.217,11.6,10.833333333333334,1.4217684,1.3928476666666665,9.96567124737992,9.817204012801023,86037502102.1644,57898051465.05307,NaN,NaN,1.190815,1.2147053333333333,98512.11,96085.21666666667,73.8852351200263,72.04584309677115,1.1038103778926,1.3483097338777454,78.9137435234329,79.38014429857479
DEU,Germany,2012,11.44645,3268996785218.57,3148366564790.953,12.5,11.6,1.472517,1.4330383,9.81776726131477,9.720694250426646,97535403952.5493,80091607616.5612,NaN,NaN,1.195125,1.1969433333333332,101238.25,98716.77999999998,78.433002901442,72.81912186572697,2.07517283735874,1.1639074075399287,79.9147448510039,79.38156361974237
DEU,Germany,2013,10.54093,3284148978797.69,3234581349106.8364,13.6,12.566666666666668,1.5033775,1.4658876333333335,9.94745307113612,9.910297193276937,65443087632.2705,83005331228.99474,NaN,NaN,1.18992,1.1919533333333332,105639.02,101796.46,79.3316495670315,77.21662919616661,2.00848884782956,1.7291573543603,79.8734282244706,79.56730553296914
DEU,Germany,2014,10.79015,3297186905208.25,3283444223074.8364,13.6,13.233333333333334,1.4776207,1.4845050666666666,10.1408601249876,9.96869348581283,67199694458.9368,76726062014.58553,60.8984489440918,NaN,1.175676,1.186907,106118.13,104331.8,77.5860288576931,78.4502271087222,1.50472330251876,1.8627949959023535,80.1391869348281,79.97578667010087
DEU,Germany,2015,10.32969,3369071713224.27,3316802532410.07,14.0,13.733333333333334,1.5568299,1.512609366666667,9.61630846170469,9.90154055260947,17356720097.6154,49999834062.940895,65.1844787597656,NaN,1.189635,1.185077,108118.23,106625.12666666666,76.8483516336234,77.92201001944933,0.906794000434245,1.4733353835941883,79.3957288542964,79.80278133786504
DEU,Germany,2016,10.00981,3425099578746.09,3363786065726.203,14.6,14.066666666666668,1.6412186,1.5585563999999998,9.60884887243027,9.788672486374187,62418993509.2489,48991802688.600365,68.23291015625,64.77194595336913,1.179843,1.181718,108479.28,107571.88,77.7565815686922,77.39698735333623,0.514426137125456,0.9753144800261536,79.6280369964341,79.72098426185288
DEU,Germany,2017,10.22192,3501212900675.89,3431794730882.0835,14.2,14.266666666666666,1.6895096,1.6291860333333334,9.58423383867929,9.603130390938084,58132711370.7803,45969474992.548195,67.9464111328125,67.1212666829427,1.153017,1.1741650000000001,110725.54,109107.68333333333,76.0059902166055,76.87030780630703,0.491747008445174,0.6376557153349584,NaN,NaN
DEU,Germany,2018,10.37376,3599173571724.7,3508495350382.2266,15.2,14.666666666666666,1.6946666,1.6751316,9.36976518940283,9.520949300170798,108786501529.106,76446068803.04506,68.4692306518555,68.216183980306,1.190114,1.1743246666666665,111426.61,110210.47666666667,77.4548394742448,77.07247041984749,1.50949485109628,0.83855599888897,NaN,NaN
DEU,Germany,2019,9.738097,3640049243667.4,3580145238689.33,16.0,15.133333333333333,1.6795515,1.6879092333333334,9.00657809367265,9.320192373918255,162250938125.842,109723383675.24275,69.1634292602539,68.52635701497397,1.270297,1.2044759999999999,111308.13,111153.42666666665,79.1252260463654,77.52868524573857,1.73216879766941,1.244470219070288,NaN,NaN
DEU,Germany,2020,8.935518,3675639268112.03,3638287361168.043,17.1,16.099999999999998,1.6651379,1.6797853333333332,8.38218043063623,8.91950790457057,75463438450.8916,115500292701.94653,72.705078125,70.11257934570314,1.248916,1.2364423333333332,113491.66,112075.46666666667,79.0732427175683,78.5511027460595,1.44565976888253,1.5624411392160733,NaN,NaN
DEU,Germany,2021,6.09054,3523764998709.97,3613151170163.1333,18.5,17.2,1.5622145,1.6356346333333331,7.72103264767393,8.369930390660938,176781024357.228,138165133644.65387,72.3894195556641,71.41930898030601,1.2222,1.2471376666666665,112179.45,112326.41333333333,72.9335327120137,77.04400049198246,0.144877925813981,1.1075688307886402,NaN,NaN
DEU,Germany,2022,5.048269,3661544208117.2,3620316158313.0664,17.6,17.733333333333334,1.6129105,1.6134209666666666,8.06128144646434,8.054831508258166,127609826748.268,126618096518.79585,75.6655426025391,73.58668009440107,0.8471615,1.1060925,119603.62,115091.57666666666,79.9195348609851,77.3087700968557,3.06666666666673,1.5524014537877469,NaN,NaN
DEU,Germany,2023,5.323825,3727790994177.62,3637700067001.597,NaN,NaN,1.5636199,1.5795816333333335,7.91182860265874,7.898047565599003,87215414562.4594,130535421889.31848,77.3656997680664,75.14022064208989,0.7126482,0.9273365666666665,113976.3,115253.12333333334,88.7857542130501,80.54627392868296,6.87257438551096,3.3613729926638904,NaN,NaN
DNK,Denmark,1999,0.6182656,246313036680.162,240115649762.05997,8.5,7.966666666666668,1.599314,1.55783225,11.3599193396804,12.5269594558048,6674661469.00366,3413258981.3397593,NaN,NaN,1.213244,1.097844,6822.62,6763.403333333333,71.345417498121,70.38735863166106,1.84565122007883,2.0513720073019335,92.6434576065112,95.15017474106081
DNK,Denmark,2000,0.6135958,253621896626.282,246882749834.46597,9.1,8.566666666666668,1.7173564,1.6248342166666665,10.7626950961508,11.4266494297933,16847919225.9808,8771417351.390266,NaN,NaN,1.018338,1.1230373333333332,6717.74,6882.55,72.7288566436859,71.78815003900166,2.49779544404529,2.1752044810651063,90.8551073917618,92.60790146959584
DNK,Denmark,2001,0.626691,263066798869.213,254333910725.219,10.7,9.433333333333332,1.8353988,1.7173564,9.95378693898587,10.692133791605691,36013297907.1949,19845292867.393124,NaN,NaN,1.014624,1.0820686666666666,7180.91,6907.09,83.0420859548864,75.70545336556444,2.90328203236461,2.41557623216291,88.2406818685338,90.57974895560227
DNK,Denmark,2002,0.6070276,265566018286.991,260751571260.82864,11.1,10.299999999999999,1.90430155,1.8190189166666666,10.2155097528674,10.31066392933469,9286404805.96887,20715873979.71486,61.3673095703125,NaN,1.002886,1.0119493333333331,7158.33,7018.993333333333,83.922664599029,79.8978690658671,2.33787000255262,2.579649159654173,88.209355004404,89.10171475489987
DNK,Denmark,2003,0.6212062,266778406880.15,265137074678.78467,11.9,11.233333333333334,1.9732043,1.9043015500000002,10.0932099016896,10.087502197847622,4430703178.95051,16576801964.038094,64.2234725952148,NaN,1.011467,1.0096589999999999,7190.23,7176.490000000001,84.4845925538271,83.81644770258085,2.42443661219694,2.5551962157047234,87.9614995013398,88.13717879142587
DNK,Denmark,2004,0.5534044,267955142440.516,266766522535.88565,12.7,11.9,2.0385773,1.9720277166666669,11.0731621530472,10.460627269201398,1184825159.91313,4967311048.277503,68.1712493896484,64.58734385172524,1.023969,1.012774,7565.75,7304.7699999999995,80.7613001763544,83.0561857764035,2.07507820646506,2.279128273738207,89.6424295575336,88.60442802109247
DNK,Denmark,2005,0.7264062,275394519880.793,270042689733.81967,14.4,13.0,1.966761,1.9928475333333333,10.0130575815849,10.393143212107233,-8804165491.10019,-1062879050.7455164,74.9665069580078,69.12040964762366,0.9825091,1.0059816999999998,7939.76,7565.246666666666,82.0077308240144,82.41787451806529,1.15435693124934,1.8846239166371135,85.4467546699108,87.68356124292806
DNK,Denmark,2006,0.7078919,281892753289.031,275080805203.44666,16.1,14.4,2.0111821,2.0055068,9.34585026622716,10.144023333619753,12847031342.3671,1742563670.3933468,80.8124618530273,74.65007273356116,1.338266,1.1149147,8466.21,7990.573333333334,89.3987952460671,84.0559420821453,1.81781458291254,1.6824165735423133,82.2589646853174,85.78271630425394
DNK,Denmark,2007,1.052227,292651155542.909,283312809570.91095,15.3,15.266666666666667,2.1622319,2.046725,10.777426621291,10.045444823034353,2385249288.38418,2142705046.5503635,78.5057678222656,78.09491221110024,1.353955,1.2249100333333334,8685.4,8363.79,97.4298607727841,89.61212894762185,1.92422138464584,1.63213096626924,86.6011716965985,84.76896368394223
DNK,Denmark,2008,1.301604,295540131122.49,290028013318.1433,17.7,16.366666666666667,2.1560402,2.1098180666666666,9.86357439194586,9.995617093154673,11809448518.2128,9013909716.32136,78.243293762207,79.18717447916663,1.691559,1.46126,9044.64,8732.083333333334,100.047674594039,95.62544353763006,1.69326586220324,1.8117672765872068,81.9475896642818,83.60257534873256
DNK,Denmark,2009,1.108252,294307201413.926,294166162693.10834,18.5,17.166666666666668,2.0346156,2.1176292333333335,9.21101037002735,9.95067046108807,2191215665.76653,5461971157.454503,74.8606262207031,77.2032292683919,1.963423,1.6696456666666666,9294.1,9008.046666666667,104.470310168489,100.64928184510403,3.41626794258374,2.3445850631442733,80.1043572366936,82.88437286585797
DNK,Denmark,2010,1.200936,279666951317.258,289838094617.89136,19.3,18.5,2.0312873,2.073981033333333,8.7648139313193,9.279799564430837,3779250819.20381,5926638334.39438,73.1106262207031,75.40484873453774,1.849895,1.8349589999999998,9790.04,9376.26,89.3948566562728,97.97094713960026,1.30470991024335,2.1380812383434433,78.863832481976,80.30525979431714
DNK,Denmark,2011,1.206221,284093791186.593,286022647972.59235,21.2,19.666666666666668,1.9388202,2.0015743666666665,8.75320381499808,8.909676038781576,-11501101751.4985,-1843545088.8427203,72.4951477050781,73.4888000488281,2.034912,1.94941,10314.12,9799.42,94.3877282319057,96.0842983522225,2.31092436974786,2.3439674075249832,78.56007908311,79.1760896005932
DNK,Denmark,2012,0.9766873,287817703286.122,283859481929.991,23.8,21.433333333333334,1.9897696,1.9866257,7.80618220175594,8.441399982691106,13558894634.346,1945681234.0171032,75.9300231933594,73.8452657063802,1.965181,1.9499959999999998,11432.71,10512.29,102.012930474308,95.2651717874955,2.7586822605125,2.1247721801679034,75.0927557993699,77.50555578815197
DNK,Denmark,2013,0.8140573,287802068160.374,286571187544.36304,26.9,23.96666666666667,1.8221563,1.916915366666667,6.9026384708987,7.820674829217573,-16349825685.2634,-4764010934.138633,77.7465515136719,75.3905741373698,1.750501,1.9168646666666664,12398.11,11381.646666666667,104.362280505171,100.25431307046158,2.3979148566464,2.48917382896892,71.3120377525016,74.98829087832716
DNK,Denmark,2014,0.9049276,291810211099.295,289143327515.2637,27.0,25.900000000000002,1.8256852,1.8792037,7.18355983652162,7.2974601697254196,680338945.938662,-703530701.6595789,80.4186782836914,78.03175099690758,1.548797,1.7548263333333336,12912.29,12247.703333333333,103.612813249189,103.329341409556,0.789071780078062,1.9818896324123205,71.3967301938113,72.6005079152276
DNK,Denmark,2015,0.8247764,295539545106.694,291717274788.78766,30.2,28.03333333333333,1.6614901,1.7697772,6.41399137942491,6.833396562281744,6577348986.65251,-3030712584.224076,81.3143615722656,79.82653045654297,1.785504,1.694934,14140.3,13150.233333333332,103.210859225139,103.72865099316634,0.56402054044954,1.2503357257246674,67.50530308518,70.07135701049764
DNK,Denmark,2016,0.9792839,301758922337.637,296369559514.542,32.5,29.900000000000002,1.7644765,1.7505505999999997,5.99477468305967,6.530775299668734,1842994663.46023,3033560865.350467,83.300407409668,81.67781575520833,1.650362,1.6615543333333331,14343.41,13798.666666666666,105.130362453899,103.98467830940899,0.452034153691574,0.6017088247397253,64.2118546852856,67.70462932142563
DNK,Denmark,2017,0.8523908,311032111297.516,302776859580.61566,32.0,31.566666666666666,1.7589174,1.7282946666666668,6.2287600754887,6.212508712657761,7804020827.15213,5408121492.421623,82.1714935302734,82.262087504069,1.993675,1.8098470000000002,14395.75,14293.153333333334,101.452783808643,103.26466849589367,0.250000000000031,0.4220182313803817,NaN,NaN
DNK,Denmark,2018,0.9532223,320538736986.013,311109923540.3887,35.0,33.166666666666664,1.7913698,1.7715879,5.81887534735593,6.014136701968099,3607276299.5179,4418097263.376754,81.3220062255859,82.26463572184242,1.752856,1.7989643333333334,14654.73,14464.63,104.215676920442,103.59960772766134,1.14713216957601,0.6163887744225383,NaN,NaN
DNK,Denmark,2019,0.9602977,326500781502.599,319357209928.70935,34.6,33.86666666666667,1.8428455,1.7977109000000002,5.78874820578994,5.945461209544857,8764023726.34583,6725106951.005287,81.1405487060547,81.544682820638,2.040959,1.9291633333333333,14802.91,14617.796666666667,108.813985501909,104.82748207699801,0.813609467455631,0.7369138790105573,NaN,NaN
DNK,Denmark,2020,0.9505016,332088518944.146,326376012477.586,37.2,35.6,1.9335346,1.8559166333333332,5.17323991963432,5.593621157593397,-3801733788.9774,2856522078.9621105,81.6945877075195,81.38571421305336,2.01227,1.9353616666666664,15073.24,14843.626666666669,111.891475065653,108.30704582933465,0.75813157251162,0.9062910698477538,NaN,NaN
DNK,Denmark,2021,0.8738312,326176991232.295,328255430559.68,39.5,37.1,1.9761315,1.9175038666666666,4.76521606117498,5.24240139553308,1294050740.46454,2085446892.6109905,82.6643295288086,81.83315531412761,1.893494,1.9822410000000001,15427.2,15101.116666666669,104.433432671151,108.37963107957098,0.420711974110024,0.664151004692425,NaN,NaN
DNK,Denmark,2022,0.756465,347379325644.417,335214945273.6193,39.5,38.733333333333334,1.9974993,1.9690551333333335,5.04788249694838,4.99544615925256,16997286703.2255,4829867884.904214,83.982292175293,82.78040313720703,1.803009,1.9029243333333332,16242.39,15580.943333333335,112.321472697291,109.54879347803167,1.85304543989689,1.0106296621728446,NaN,NaN
DNK,Denmark,2023,0.7307345,348921108389.075,340825808421.92896,NaN,NaN,2.020588,1.9980729333333336,4.8270407249692,4.88004642769752,27627359889.4076,15306232444.365881,84.5866088867188,83.74441019694014,1.544299,1.7469340000000002,16126.02,15931.87,131.995824909071,116.25024342583765,7.69656699889259,3.3234414709665008,NaN,NaN
DOM,Dominican Republic,2000,0.002845112,33820295671.4738,31884145379.09477,19.9,19.5,-0.0336834,-0.13907246666666664,2.15563007683448,1.98939768312788,1344900000.0,807500000.0,25.536056518554666,23.501293182373033,2.4731895,NaN,10.66,11.160000000000002,76.3027532814337,75.48243105474806,6.47054186846928,6.53292500076956,85.0750266367402,85.72286226261764
DOM,Dominican Republic,2007,0.003339344,45815860539.7981,42044247556.1701,18.0,19.366666666666664,-0.1685648,-0.2999230333333333,2.20308284293328,2.051264318714406,1528700000.0,1193860000.0,38.659741192442,36.99819741605506,2.6877005714285715,2.494854142857143,18.1,15.240000000000002,63.7664826351505,68.92382143638143,7.57280523853073,21.074622559019264,82.5765319164984,82.41305348420106
DOM,Dominican Republic,2009,0.005749439,50823044977.7376,48617857500.913536,17.7,17.866666666666664,-0.1349632,-0.15562396666666667,2.16443315822516,2.18748173902799,2728400000.0,2170000000.0,41.98282874521587,40.321284968828934,2.719926,2.762724523809524,16.52,18.580000000000002,61.4285058325394,62.14141587361797,10.6446210953711,8.120330962127435,85.9990467011553,83.65094150318826
DOM,Dominican Republic,2010,0.0012495,51333030311.777,50456914091.57317,17.3,17.633333333333333,-0.1389206,-0.14574256666666666,2.04647320109352,2.1352785250814033,1695300000.0,2225533333.3333335,43.644372521602804,41.98282874521587,2.559305,2.7199259999999996,15.46,17.7,50.6509376792025,57.76956755496863,1.44215131834353,6.076779655398366,84.3537318667616,84.24334148660934
DOM,Dominican Republic,2011,0.0117291,55645592832.7047,52600556040.73977,16.9,17.3,-0.0661851,-0.11335630000000001,2.13109236851685,2.1139995759451766,1820200000.0,2081300000.0,45.30591629798973,43.644372521602804,0.5088798,1.9293702666666668,17.26,16.41333333333333,56.0573964175321,56.045613309758004,6.32993220146146,6.13890153839203,84.673265659493,85.00868140913663
DOM,Dominican Republic,2013,0.004617018,59015618840.2876,57360996945.49359,16.5,16.73333333333333,-0.1849073,-0.14629999999999999,2.17318836341436,2.1428574725630636,3415900000.0,2477866666.6666665,48.6290038507636,46.96746007437667,3.5120945,2.4474074333333333,25.65,20.766666666666666,58.5062536731089,57.877635976936936,3.69449707884776,5.273732457458183,86.1798819691375,85.44601679310237
DOM,Dominican Republic,2014,0.003525845,61927882062.5429,59455093355.43967,16.6,16.633333333333336,-0.1742221,-0.18231233333333333,2.10753894045547,2.1350063298759365,1599900000.0,2404433333.3333335,48.974136409117946,48.19020011141941,3.702941,3.5120945,40.72,28.58666666666667,56.8137658014945,58.1297591049244,4.830950967408,4.77407204610703,85.2286919310309,85.631158883615
DOM,Dominican Republic,2015,0.001183768,66331713896.7879,62425071599.8728,17.3,16.8,-0.1490567,-0.16939536666666666,2.10372169025182,2.1281496647072164,2385300000.0,2467033333.3333335,49.3192689674723,48.97413640911795,1.817617,3.010884166666667,42.42,36.26333333333333,55.6601041506633,56.993374541755564,2.99864226125218,3.84136343583598,85.9892429037111,85.79927226795984
DOM,Dominican Republic,2016,0.002260756,70966782572.4386,66408792843.923134,14.9,16.26666666666667,-0.0898717,-0.13771683333333332,2.28789566173054,2.16638543081261,2227300000.0,2070833333.3333333,51.7471143700009,50.013506582197046,0.5192007,2.0132529,34.66,39.266666666666666,52.3471238667007,54.940331272952825,0.836746346724556,2.8887798584615787,76.7792422041232,82.66572567962173
DOM,Dominican Republic,2018,0.004132914,78714898894.6559,75139082624.38069,16.9,15.700000000000001,-0.1071549,-0.08735586666666667,2.23015375777069,2.291736197097073,3597900000.0,2780433333.3333335,59.9155940980465,55.3872355599698,1.09492155,0.7962247833333334,48.5,39.873333333333335,50.7595355508472,51.612438847365205,3.27955694678546,1.9101564553207453,NaN,NaN
DOM,Dominican Republic,2019,0.003138798,84301701754.6018,79584055685.10176,15.9,16.03333333333333,-0.1446846,-0.10562683333333334,2.37696846787898,2.3214271324798865,2744500000.0,2952833333.3333335,59.51919957584843,57.977930628585646,1.415291,1.0949215500000002,54.97,46.64333333333334,52.3351709577013,51.6084545443654,3.56443426013507,2.8193857597909164,NaN,NaN
DOM,Dominican Republic,2020,0.0009696687,88427452425.8944,83814684358.38403,14.4,15.733333333333334,-0.1017681,-0.11786920000000001,2.61257459696093,2.406565607536867,2829200000.0,3057200000.0,59.12280505365037,59.51919957584843,1.645977,1.3853965166666669,71.11,58.19333333333333,50.912982200697,51.335896236415174,1.81060377042959,2.8848649924500402,NaN,NaN
DOM,Dominican Republic,2021,0.00064487,81415993438.0734,84715049206.18987,16.0,15.433333333333332,-0.0974015999999999,-0.11461809999999996,2.44597258432274,2.47850521638755,2460600000.0,2678100000.0,58.7264105314523,59.12280505365036,0.8747184,1.3119954666666667,90.86,72.31333333333333,44.7331613466756,49.327104835024635,3.78103179915516,3.0520232765732733,NaN,NaN
DZA,Algeria,2000,0.003793483,105791474981.454,101946444317.40222,0.5,0.5,-0.8989208,-0.9349331,2.78775720725696,2.7297998151977665,291600000.0,386066666.6666667,13.6004695892334,12.9349431991577,3.574853,3.825502,311.0,290.14,50.9291093379713,49.422490467472606,2.64551113392798,4.44306517514366,99.7266302183859,99.72261508156976
DZA,Algeria,2001,0.005375477,109811551032.426,106038047879.70934,0.4,0.4666666666666666,-0.8268561,-0.8989208,2.84556706172908,2.78104042919526,280100000.0,392766666.6666667,14.44762468338015,13.661012490590418,1.684494,3.5748529999999996,381.8,331.2,62.8583436360347,52.96063451083796,0.339163189071768,2.644945320310296,99.7973298829085,99.73970724271
DZA,Algeria,2002,0.005231494,113105897561.895,109569641191.92499,0.4,0.43333333333333335,-0.76204675,-0.82927455,2.73923253741053,2.7908522687988566,1113105540.0,561601846.6666666,15.2947797775269,14.44762468338015,1.889556,2.3829676666666666,447.43,380.07666666666665,54.5296491177208,56.10570069724226,4.22598834854673,2.403554223848826,99.7577853262408,99.7605818091784
DZA,Algeria,2003,0.004035904,119213616030.237,114043688208.18599,0.5,0.43333333333333335,-0.6972374,-0.76204675,2.82473516050838,2.8031782532159966,1064960000.0,819388513.3333334,16.9754199981689,15.572608153025316,1.525491,1.699847,488.66,439.2966666666667,56.5896052814114,57.99253267838896,1.4183019234505,1.9944844870229994,99.7228903505875,99.75933518657894
DZA,Algeria,2004,0.001087666,126962501072.943,119760671555.02501,0.5,0.4666666666666666,-0.708902199999999,-0.722728783333333,2.9993425497372,2.8544367492187033,637853030.0,938639523.3333334,18.211820602417,16.827340126037598,1.830087,1.748378,635.4,523.83,57.7691353044878,56.29612990120666,4.268953958395,3.304414743464077,99.713496186178,99.7313906210021
DZA,Algeria,2005,0.003356155,132675813620.929,126283976908.03633,0.4,0.4666666666666666,-0.609134,-0.6717578666666664,2.96141820014695,2.92849863679751,884749030.0,862520686.6666666,18.8709297180176,18.01939010620117,0.2420433,1.1992071,856.74,660.2666666666667,61.3579975707176,58.5722460522056,3.96180030257187,3.216352061472456,99.7205700936354,99.71898554346699
DZA,Algeria,2006,0.01948605,139840307556.055,133159540749.97566,0.6,0.5,-0.6243901,-0.6474754333333329,3.06259438261496,3.00778504416637,1155999999.99994,892867353.3333133,20.7098693847656,19.264206568400066,0.8321395,0.9680899333333333,896.8,796.3133333333334,66.8404602203906,61.989197698531996,1.38244656662118,3.204400275862683,99.5923253460603,99.67546387529124
DZA,Algeria,2007,0.01057459,143895676473.864,138803932550.28268,0.4,0.4666666666666666,-0.5132168,-0.5822469666666666,3.13780186991803,3.053938150893313,1841000000.00007,1293916343.3333366,21.3458003997803,20.3088665008545,5.339565,2.1379159333333333,1273.35,1008.9633333333331,65.9152919677621,64.70458325295677,2.31149918514423,2.55191535144576,99.7223880594001,99.67842783303193
DZA,Algeria,2008,0.00545029,148356442446.405,144030808825.44135,0.4,0.4666666666666666,-0.4402714,-0.5259594333333334,3.18566716670446,3.1286878064124832,1686736539.70384,1561245513.2346165,23.5956306457519,21.883766810099264,1.668609,2.6134378333333337,1396.35,1188.8333333333333,67.5454733939763,66.767075194043,3.67899574741699,2.4576471663941333,99.7348630118659,99.68319213910877
DZA,Algeria,2009,0.006707679,152065353506.518,148105824142.26233,0.3,0.3666666666666667,-0.566299099999999,-0.5065957666666664,3.26590250079552,3.196457179139337,2638607033.75183,2055447857.81858,27.048550605773897,23.996660550435365,0.9463032,2.6514924,1748.91,1472.8700000000001,71.0284922505261,68.16308587075483,4.85859062814938,3.6163618535702002,99.8039633761255,99.75373814913048
DZA,Algeria,2010,0.005622751,153890137748.132,151437311233.68503,0.3,0.3333333333333333,-0.7719014,-0.5928239666666663,3.27099589762822,3.2408551883760666,2746930734.16533,2357424769.2070003,30.5014705657959,27.048550605773897,1.891042,1.5019847333333332,2115.44,1753.5666666666668,64.2847547238993,67.61957345613389,5.73706036145627,4.758215579007547,99.920994716557,99.8199403681828
DZA,Algeria,2011,0.005669067,161276864361.482,155744118538.71066,0.3,0.3,-0.9696248,-0.7692750999999997,3.27777236779378,3.2715569220725063,2300369124.15827,2561968964.025143,30.7344437013341,29.428154957634632,0.8053334,1.2142262,2093.41,1985.92,63.4912159928425,66.26815432242263,3.91106195534028,4.835570981648643,96.0823770706653,98.60244505444928
DZA,Algeria,2012,0.004012841,166115170291.39,160427390800.3347,0.2,0.26666666666666666,-1.13479399999999,-0.9587733999999967,3.38189926038203,3.3102225086013433,2571237024.68517,2539512294.3362565,32.3866003582095,31.20750487511317,1.144046,1.2801404666666665,2405.01,2204.6200000000003,62.2200899610479,63.33202022592989,4.5242115050527,4.72411127394975,96.391089085483,97.46482029090176
DZA,Algeria,2013,0.004232267,170101934378.955,165831323010.60898,0.2,0.2333333333333333,-1.088001,-1.06413993333333,3.72600758334859,3.461893070508133,1500402452.86349,2124002867.2356434,33.5570987119466,32.226047590496734,0.7724587,0.9072793666666666,2998.95,2499.1233333333334,60.7576393340605,62.15631509598362,8.89145091062317,5.775574790338717,96.8559437804052,96.44313664551782
DZA,Algeria,2014,0.005484647,174524584673.849,170247229781.39798,0.1,0.16666666666666666,-0.799061399999999,-1.007285466666663,3.79361564251901,3.6338408287498765,1691886707.50796,1921175395.0188735,35.4386275633738,33.79410887784331,1.138754,1.0184195666666667,3397.03,2933.6633333333334,59.151008157244,60.70957915078413,3.25423910998847,5.556633841888114,97.1550340948913,96.8006889869265
DZA,Algeria,2015,0.009470145,181680092643.147,175435537231.98364,0.1,0.13333333333333333,-1.0284052,-0.9718225333333329,3.95441595238121,3.824679726082936,1502206170.55838,1564831776.9766102,36.0427983596258,35.01284154498206,1.739941,1.2170512333333334,3618.61,3338.1966666666667,56.9235419669867,58.94406315276373,2.91692692067458,5.020872313762074,97.0302900324726,97.01375596925637
DZA,Algeria,2016,0.003391133,187493855609.345,181232844308.78033,0.1,0.10000000000000002,-0.910741399999999,-0.9127359999999993,4.11245469680565,3.953495430568623,-537792920.921856,885433319.0481614,38.2444735695552,36.5752998308516,2.373489,1.7507279999999998,4070.79,3695.476666666667,53.2046225904145,56.426390904881735,4.78444700693889,3.6518710125339795,21.6261944417039,71.93717285635593
DZA,Algeria,2017,0.0007164453,194806115978.439,187993354743.64368,0.1,0.10000000000000002,-0.9245888,-0.9545784666666663,3.93495625205734,4.0006089670814,1638263953.77736,867559067.804628,43.9040620880927,39.39711133909123,1.394194,1.8358746666666665,4447.92,4045.773333333333,49.7609327925216,53.2963657833076,6.39769480268756,4.69968957676701,NaN,NaN
DZA,Algeria,2018,0.005166143,197728207716.082,193342726434.62198,0.1,0.10000000000000002,-0.945913999999999,-0.9270813999999993,3.98952018838216,4.012310379081717,1230243450.87888,776904827.9114614,49.177689984383,43.77540854734363,0.1752316,1.3143048666666666,5141.7,4553.47,49.8208161712587,50.928790518064936,5.59111590961663,5.59108590641436,NaN,NaN
DZA,Algeria,2019,0.01081141,200496402625.853,197676908773.458,0.2,0.13333333333333333,-1.0402376,-0.9702467999999996,4.1125786627396,4.0123517010597,1466116068.03411,1444874490.896783,52.8819387317527,48.65456360140947,1.817217,1.1288808666666668,5291.25,4960.29,52.4361676779223,50.672638880567526,4.26999020467083,5.4196003056583395,NaN,NaN
DZA,Algeria,2020,0.004848344,202300870247.92,200175160196.61832,0.2,0.16666666666666666,-1.1291834,-1.0384449999999996,4.19651934911155,4.09953940007777,1381200049.59264,1359186522.83521,53.8645018203122,51.97471017881597,3.348116,1.7801882000000002,6230.58,5554.509999999999,46.5068426081672,49.58794215244941,1.95176821052891,3.93762477493879,NaN,NaN
DZA,Algeria,2021,0.003288837,192185826737.373,198327699870.382,0.1,0.16666666666666666,-1.08103289999999,-1.0834846333333301,3.90423106841135,4.0711096934208335,1143918159.62918,1330411425.7519767,53.3752192208988,53.3738865909879,1.20474,2.1233576666666667,5709.84,5743.889999999999,40.3897565625388,46.44425561620943,2.41513094083413,2.8789631186779565,NaN,NaN
DZA,Algeria,2022,0.002695243,199488888151.485,197991861712.2593,0.1,0.13333333333333333,-0.9720042,-1.0607401666666634,4.05087238809753,4.0505409352068105,869194073.014935,1131437427.4122517,54.2222597146723,53.8206602519611,0.7069472,1.7532677333333335,6839.0,6259.806666666666,46.8370592599607,44.57788614355557,7.22606307415477,3.86432074183927,NaN,NaN
DZA,Algeria,2023,0.002890107,206670488126.832,199448401005.22998,NaN,NaN,-0.8782506,-0.9770958999999967,4.16005852930563,4.038387328604837,241796029.580125,751636087.4080801,53.3875786756,53.661685870390365,0.5406792,0.8174554666666666,7606.65,6718.496666666666,51.1900893683897,46.138968396963065,9.26551551551552,6.30223651016814,NaN,NaN
ECU,Ecuador,1999,0.01303441,52092567129.0487,50296499570.66614,18.2,18.03333333333333,-0.101252399999999,-0.2981403499999995,2.00228810537822,2.03617455017474,869980000.0,697870000.0,NaN,NaN,2.049454,NaN,94.52,83.64,43.395107949805,44.20933231703227,36.0984331623885,30.3891533165577,84.9615502272768,84.7045150324967
ECU,Ecuador,2000,0.002845112,49623699371.7399,50720346763.538536,19.6,18.133333333333333,-0.4074522499999995,-0.2689483333333327,1.74101971847023,1.9400263951114567,648410000.0,747446666.6666666,NaN,NaN,4.96699,NaN,66.82,86.98666666666666,49.2012507989376,45.87118168893969,52.2420051858225,39.666001973476064,82.8533636240721,84.52052290822503
ECU,Ecuador,2004,0.004350664,56433979416.1321,54520449249.52007,16.6,16.933333333333334,-0.760929499999999,-0.7873861333333331,1.86512333773995,1.8659830725591668,871513414.023619,731114332.9145397,NaN,NaN,1.25996575,1.4808175,98.81,83.50666666666667,52.3575426975979,54.427557792805494,7.92936487461555,19.363236111544783,76.6780386594361,84.47918317228499
ECU,Ecuador,2005,0.005034233,60289773139.5514,57191844062.68167,16.7,16.8,-0.7975237,-0.7960183666666664,1.96681520153907,1.8937620042888366,836939593.895644,830571339.1564211,NaN,NaN,1.039114,1.25996575,93.53,94.54666666666667,56.0745467239942,54.409577786068574,2.74323198926704,7.718731624030664,70.2682196083149,76.88217876435033
ECU,Ecuador,2006,0.004567044,63544590361.2542,60089447638.97924,16.2,16.5,-0.8610709,-0.806508033333333,2.08473639953538,1.9722249796048,493413835.545644,733955614.4883024,NaN,NaN,2.222881,1.50732025,133.34,108.56,61.9581507902572,56.796746737283094,2.1682770118372,4.280291291906597,68.3230922647109,71.7564501774873
ECU,Ecuador,2007,0.01001803,66303144898.6572,63379169466.4876,14.2,15.699999999999998,-0.9164806,-0.8583583999999999,2.19912763838417,2.083559746486207,271428852.53,533927427.32376266,NaN,NaN,2.76917,2.010388333333333,135.16,120.67666666666666,65.8423556166562,61.291684376969194,3.29874846258215,2.736752487895463,69.7376485250137,69.4429867993465
ECU,Ecuador,2008,0.00748079,67564514887.9228,65804083382.6114,15.9,15.433333333333332,-0.944539799999999,-0.9073637666666663,2.20911448593679,2.1643261746187803,193872526.929999,319571738.3352143,NaN,NaN,2.927007,2.639686,143.06,137.1866666666667,68.8505854462677,65.55036395106038,2.27618478002121,2.58107008481352,72.4003840636073,70.15370828444397
ECU,Ecuador,2009,0.009342839,72000071699.6601,68622577162.080025,15.3,15.133333333333335,-1.1198786,-0.9936329999999997,2.24142348078606,2.2165552017023398,1057404020.15481,507568466.5382696,38.1871795654297,NaN,0.4192737,2.0384835666666667,154.2,144.14,74.5902963648439,69.76107914258927,8.40009593987462,4.658343060825993,73.1030667210873,71.7470331032361
ECU,Ecuador,2010,0.006247501,72785601820.191,70783396135.92462,12.9,14.700000000000001,-1.2985597,-1.1209926999999997,2.38705043871039,2.279196135144413,308629890.109,519968812.39793634,38.45350193369655,NaN,0.5921897,1.3128234666666667,180.38,159.21333333333334,57.3473460627608,66.9294092912908,5.15996829181047,5.278749670568767,82.2992675694856,75.9342394513934
ECU,Ecuador,2011,0.003518731,75718234074.2169,73501302531.356,11.8,13.333333333333334,-1.2560471,-1.2248284666666667,2.53722052479008,2.388564814762177,165893320.363638,510642410.20914936,38.7198243019634,38.45350193369655,0.4755886,0.495684,192.46,175.67999999999998,65.7773849135062,65.90500911370363,3.55437734567842,5.7048138591211695,79.0559786263319,78.1527709723016
ECU,Ecuador,2012,0.001146526,82140258351.3877,76881364748.59853,13.2,12.633333333333333,-1.1368099,-1.2304722333333336,2.50021091296638,2.474827292155617,646084358.687903,373535856.386847,38.98614667023025,38.7198243019634,0.4120003,0.49325953333333333,171.31,181.38333333333333,70.0356837525249,64.3868049095973,4.4745326579584,4.396292765149097,78.6800018791574,80.01174935832496
ECU,Ecuador,2013,0.002308509,86890603905.3287,81583032110.3111,13.2,12.733333333333334,-0.9981981,-1.1303517,2.48269447452299,2.5067086374264833,567417300.85638,459798326.63597363,39.2524690384971,38.98614667023025,0.4003621,0.429317,244.88,202.88333333333333,67.0029290916898,67.60533258590696,5.10172180958665,4.376877271074489,77.9734582917102,78.56981293239984
ECU,Ecuador,2015,0.004735073,97093344927.4784,92380146571.33191,12.2,12.4,-0.760396899999999,-0.862769633333333,2.71026279559796,2.59891276617596,772389946.091118,688962817.736972,42.155294927300304,40.39373484867757,1.2233176000000001,0.8343056333333334,406.82,304.56,61.4263766217565,63.9542020158959,3.58922016616663,3.80423925095233,78.1516061618721,78.64881585611037
ECU,Ecuador,2016,0.003767926,97209558000.0,95819797936.22234,13.1,12.366666666666665,-0.9664965,-0.8522024333333329,2.66047592480738,2.65817324960409,1322701337.30747,940724163.2206688,44.5371492743653,42.155294927300304,1.567398,1.2233176000000001,657.3,442.0333333333333,47.8280397077826,57.562572221260176,3.96664623255357,3.4258807252746366,36.9378996955269,64.97029632404927
ECU,Ecuador,2018,0.005854962,102304671535.156,98685010084.4986,17.0,14.966666666666667,-0.937257,-0.9235044333333332,2.44983761168802,2.5530338410244666,632320412.259197,907149205.8963019,46.39983857500703,45.468493924686165,1.6110955000000002,1.4552545,1599.51,1136.4866666666667,43.6177233172817,43.993418274909665,0.417335588666824,2.0374154848219046,NaN,NaN
ECU,Ecuador,2019,0.002092532,103373033702.498,100739501985.33125,16.3,16.03333333333333,-0.8243339,-0.8761169,2.47598953802116,2.4915383787623937,1390163763.14022,929636681.1738853,47.3311832253279,46.39983857500703,2.034921,1.6110955000000002,2166.56,1639.573333333333,48.0093476154836,44.05385424414333,-0.224103246005552,0.6404989919688641,NaN,NaN
ECU,Ecuador,2020,0.001939337,103544017315.435,103073907517.69633,17.7,17.0,-0.731576999999999,-0.8310559666666663,2.41784020907472,2.4478891195946333,984564496.243027,1002349557.2141479,47.2627814012203,46.99793440051841,0.6396284,1.4285483,2457.62,2074.5633333333335,48.0828494933307,46.56997347536534,0.266012515466155,0.153081619375809,NaN,NaN
ECU,Ecuador,2021,0.001612175,93971273313.9152,100296108110.61607,20.2,18.066666666666666,-0.7359599,-0.763956933333333,2.08585799722046,2.3265625814387803,1119274900.76401,1164667720.0490856,56.9066311483682,50.5001985916388,0.7830812,1.1525435333333334,2930.96,2518.3799999999997,43.9893109378389,46.693836015551064,-0.338872392562139,-0.09898770770051202,NaN,NaN
ECU,Ecuador,2022,0.002695243,102825145845.295,100113478824.88173,18.9,18.933333333333334,-0.5551263,-0.6742210666666665,2.32777079470983,2.2771563336683367,651125150.926888,918321515.9779749,58.393206746617096,54.18753976540187,0.9617816,0.7948303999999999,3095.23,2827.936666666667,53.261275610573,48.444478680580865,0.133251386096389,0.020130503000134997,NaN,NaN
EGY,"Egypt, Arab Rep.",1999,0.006517205,159280817658.228,151054731684.30997,8.5,8.700000000000001,-0.300831299999999,-0.3142454999999995,1.71747844761215,1.6584537327823634,1076000000.0,867516666.6666666,NaN,NaN,0.4968375,NaN,2402.36,2365.3633333333332,41.9276270006959,44.2048119756127,3.87257546427489,5.22842831657973,91.2240013473016,90.73493177104262
EGY,"Egypt, Arab Rep.",2000,0.008535337,168922784450.9,159690905381.62698,8.8,8.633333333333333,-0.3074080999999995,-0.30749496666666604,1.80938162541848,1.7298438391990467,1065300000.0,1010616666.6666666,28.6016693115234,NaN,1.338876,1.1020761666666667,2404.74,2383.126666666667,38.3615084525358,41.34246097156113,3.07949912638332,3.8592267929741966,90.886208292396,90.90302993579957
EGY,"Egypt, Arab Rep.",2001,0.001343869,179683172290.026,169295591466.38467,8.3,8.533333333333333,-0.3139849,-0.3074080999999995,1.75027301728806,1.7590443634395634,1235000000.0,1125433333.3333333,28.246959686279297,NaN,1.104597,0.9801034999999999,2682.75,2496.616666666667,39.0179359012055,39.7690237848124,2.68380535348546,3.2119599813812236,91.489819853051,91.2000098309162
EGY,"Egypt, Arab Rep.",2002,0.002615747,186035425185.202,178213793975.376,7.8,8.3,-0.4306940999999995,-0.3506956999999997,1.89148509278964,1.8170465784987266,509900000.0,936733333.3333334,27.8922500610352,28.246959686279297,0.1600983,0.8678571,2953.45,2680.313333333333,39.8104265402844,39.06329029800857,2.26975720475955,2.677687228209443,90.7295038968966,91.03517734744787
EGY,"Egypt, Arab Rep.",2003,0.02179388,190482051407.276,185400216294.168,7.3,7.8,-0.547403299999999,-0.4306940999999995,1.90141842765088,1.8477255125761933,646900000.0,797266666.6666666,28.9182395935059,28.352483113606798,0.1953277,0.4866743333333334,3020.31,2885.5033333333336,40.9870678279229,39.93847675647094,2.73723855000334,2.563600369416117,91.9207572540109,91.3800270013195
EGY,"Egypt, Arab Rep.",2004,0.01160177,196565009501.834,191027495364.77066,7.4,7.5,-0.581943099999999,-0.5200134999999991,1.89914658738482,1.8973500359417799,237400000.0,464733333.3333333,26.0245094299316,27.6116663614909,1.321425,0.5589503333333333,3554.55,3176.103333333334,46.1796407185629,42.325711695590066,4.50777636319303,3.1715907059853063,91.9563705184466,91.5355438897847
EGY,"Egypt, Arab Rep.",2005,0.03373415,204608590453.316,197218550454.142,7.6,7.433333333333334,-0.595660899999999,-0.5750024333333323,2.0184066565906,1.9396572238754333,1253300000.0,712533333.3333334,27.2862091064453,27.409652709960934,0.6246338,0.7137955000000001,3560.45,3378.4366666666665,57.8199052132701,48.32887125325197,11.2706193320519,6.171878081749424,92.861632024063,92.24625326550682
EGY,"Egypt, Arab Rep.",2006,0.01857265,213758163785.626,204977254580.25867,6.5,7.166666666666667,-0.4997625,-0.559122166666666,2.1995658648073,2.0390397029275733,5375600000.0,2288766666.6666665,28.4127006530762,27.2411397298177,1.267434,1.0711642666666668,3617.7,3577.566666666667,62.9526462395543,55.65073072379576,4.86939696871988,6.882597554654937,93.6670787511882,92.82836043123261
EGY,"Egypt, Arab Rep.",2007,0.01864467,228387426641.133,215584726960.02502,6.2,6.766666666666666,-0.3747774,-0.490066933333333,2.28386190572735,2.1672781423750833,10042800000.0,5557233333.333333,28.3695907592773,28.022833506266267,0.8230842,0.9050506666666666,3939.67,3705.94,61.5185365063947,60.76369598640636,7.64452644526434,7.928180915345373,93.7797321927131,93.43614765598811
EGY,"Egypt, Arab Rep.",2008,0.009083817,244575133305.99,228906907910.91635,6.0,6.233333333333333,-0.179064199999999,-0.3512013666666663,2.39637572755543,2.2932678326966935,11578100000.0,8998833333.333334,28.8399200439453,28.5407371520996,0.8229633,0.9711604999999999,4425.22,3994.1966666666667,65.077873254565,63.183018666838,9.31896905799229,7.27763082399217,93.9044419229283,93.78375095560985
EGY,"Egypt, Arab Rep.",2009,0.02884302,262077623377.432,245013394441.5183,5.9,6.033333333333334,-0.109208599999999,-0.2210167333333327,2.35283522329508,2.3443576188592865,9494600000.0,10371833333.333334,28.6861095428467,28.63187344868977,0.483771,0.7099395,4857.26,4407.383333333333,71.6806253489671,66.09234503664227,18.3168316831684,11.760109062141675,94.2153883779026,93.96652083118134
EGY,"Egypt, Arab Rep.",2010,0.02603125,274326082658.196,260326279780.53934,5.7,5.866666666666667,-0.0191401,-0.102470966666666,2.40386934022582,2.3843600970254433,6711600000.0,9261433333.333334,29.2693099975586,28.9317798614502,0.9828402,0.7631915,6012.69,5098.39,56.5534446363462,64.43731441329277,11.7634954386443,13.133098726601665,94.4713931437623,94.19707448153106
EGY,"Egypt, Arab Rep.",2011,0.0235364,288446290408.139,274949998814.589,5.4,5.666666666666667,-0.0846898,-0.07101283333333301,2.37407988100642,2.3769281481757734,6385600000.0,7530600000.0,30.0727383660214,29.34271930214224,1.07567,0.8474270666666666,6574.14,5814.696666666667,47.9363500745898,58.72347335330104,11.2651882653185,13.781838462377067,94.3283973018108,94.33839294115857
EGY,"Egypt, Arab Rep.",2012,0.02373309,293536132736.607,285436168600.98065,5.4,5.5,-0.2206717,-0.1081672,2.40787061503775,2.395273278756663,-482700000.0,4204833333.3333335,25.5901820932158,28.310743485598596,0.9660954,1.0082018666666668,7169.3,6585.376666666667,45.2556341623514,49.91514295776246,10.0649259874818,11.031203230481532,94.0586478546803,94.28614610008447
EGY,"Egypt, Arab Rep.",2013,0.02015136,300070833532.511,294017752225.75226,5.3,5.366666666666667,-0.5120719,-0.27247780000000005,2.50058176167515,2.4275107525731063,2797700000.0,2900200000.0,26.2271566255146,27.296692361583933,1.09273,1.0448317999999999,8281.32,7341.586666666666,40.7117692721084,44.63458450301653,7.11172943343082,9.48061456207704,93.893044095937,94.09336308414271
EGY,"Egypt, Arab Rep.",2014,0.03917605,306628779736.183,300078582001.767,5.3,5.333333333333333,-0.738630799999999,-0.49045813333333305,2.39951090462348,2.43598776044546,4192200000.0,2169066666.6666665,28.3479816954113,26.72177347138057,0.818837,0.9592208000000001,8509.71,7986.776666666666,40.373038056332,42.1134804969306,9.4697198106492,8.882125077187274,93.8973902079236,93.94969405284697
EGY,"Egypt, Arab Rep.",2015,0.02335969,315569804751.572,307423139340.0887,5.4,5.333333333333333,-0.7425351,-0.6644125999999997,2.39012321445552,2.4300719602513836,4612200000.0,3867366666.6666665,29.1134325604942,27.896190293806697,1.523058,1.144875,9014.75,8601.926666666666,36.9201877934272,39.33499837395587,10.0702154687481,8.883888237609373,90.2206573455579,92.6703638831395
EGY,"Egypt, Arab Rep.",2016,0.01714406,329366576819.407,317188387102.3873,5.3,5.333333333333333,-0.7363711,-0.7391789999999997,2.40381816615146,2.3978174284101534,6925200000.0,5243200000.0,32.8848991394043,30.115437798436602,1.300041,1.2139786666666668,9709.94,9078.133333333333,34.8459429600229,37.37972293659404,10.370490343517,9.970141874304767,62.7106573100733,82.27623495451826
EGY,"Egypt, Arab Rep.",2017,0.01325424,343682967575.512,329539783048.8303,5.1,5.266666666666667,-0.7670926,-0.7486662666666666,2.46076060182603,2.4182339941443365,8106800000.0,6548066666.666667,31.8731307983398,31.290487499412766,0.8291069,1.2174019666666667,11127.39,9950.693333333335,30.2465490514505,34.00422660163354,13.8136062148289,11.418104009031333,NaN,NaN
EGY,"Egypt, Arab Rep.",2018,0.01274315,358053111989.023,343700885461.314,4.9,5.1000000000000005,-0.7082554,-0.7372396999999999,2.52378641552398,2.4627883945004903,7408700000.0,7480233333.333333,33.1018892935221,32.61997307708873,0.6943986,0.9411821666666667,11187.53,10674.953333333333,42.8321343581608,35.97487545654474,29.5066083940038,17.89690165078323,NaN,NaN
EGY,"Egypt, Arab Rep.",2019,0.01129967,377141312302.669,359625797289.06805,5.0,5.0,-0.742675299999999,-0.7393410999999995,2.42443152195678,2.469659513102263,8141300000.0,7885600000.0,36.1230010986328,33.699340396831566,0.8896208,0.8043754333333334,13196.84,11837.253333333334,45.9110196733959,39.6632343610024,14.4014657807421,19.240560129858267,NaN,NaN
EGY,"Egypt, Arab Rep.",2020,0.01215318,398080548973.052,377758324421.5813,6.2,5.366666666666667,-0.7028437,-0.7179247999999997,2.20383858928624,2.3840188422556667,9010100000.0,8186700000.0,33.622825887244,34.28257209313296,0.6855468,0.7565220666666667,15448.49,13277.62,41.1240171551108,43.2890570622225,9.15279959324803,17.686957922664643,NaN,NaN
EGY,"Egypt, Arab Rep.",2021,0.01321984,412213064649.087,395811641974.936,6.7,5.966666666666666,-0.6355909,-0.6937032999999996,2.25205800434348,2.2934427051955004,5851800000.0,7667733333.333333,38.773998260498,36.17327508212493,0.633532,0.7362332,18009.29,15551.539999999999,32.1262555667523,39.72043079841966,5.04493288977538,9.533066087921837,NaN,NaN
EGY,"Egypt, Arab Rep.",2022,0.01635114,425777537421.996,412023717014.7117,6.1,6.333333333333333,-0.5701379,-0.6361908333333334,2.35795200966486,2.27128286776486,5122300000.0,6661400000.0,35.1185317783157,35.83845197535257,0.5944031,0.6378273,21379.39,18279.056666666667,29.8569734808122,34.36908206755843,5.21404940513042,6.470593962717943,NaN,NaN
EGY,"Egypt, Arab Rep.",2023,0.009441015,453827104224.605,430605902098.5627,NaN,NaN,-0.6685017,-0.6247435,2.29974804261299,2.303252685540443,11399900000.0,7458000000.0,36.462230682373,36.784920240395564,0.6002046,0.6093799,24025.0,21137.893333333333,36.9831048772713,32.988777974945265,13.8956609775177,8.0515477574745,NaN,NaN
ERI,Eritrea,2006,0.001826818,2155038051.30131,2108958185.5829365,74.7,73.16666666666667,-1.4663613,-1.4052857666666665,0.227039153168759,0.2613297947320657,1431550.0,16845000.0,2.312387943267822,2.1804059545199075,NaN,NaN,11.76,12.583333333333334,61.1060310218073,66.8949207203315,NaN,NaN,37.2914788422334,34.539150178450406
ERI,Eritrea,2008,0.0005343422,2164601595.02151,2151263566.696193,79.1,77.03333333333332,-1.724751,-1.6295262333333334,0.1932399200648,0.20709254330680135,7206500.0,8004553.333333333,2.995003938674926,2.653695940971374,6.174549,NaN,17.15,16.509999999999998,34.5595595326375,46.975478869393406,NaN,NaN,27.8887350288519,30.746710536686237
ERI,Eritrea,2016,0.001130378,NaN,NaN,81.2,80.46666666666665,-1.8843157,-1.9156107333333334,0.185989838823833,0.19049977915596897,49323000.0,46564333.333333336,3.51574993133545,3.9432665506998688,25.07958975,21.6943895,10.34,9.503333333333334,NaN,NaN,NaN,NaN,23.2563831952726,22.860826052629196
ERI,Eritrea,2019,0.001046266,NaN,NaN,80.8,81.26666666666667,-1.9132827,-1.9157337333333297,0.205182976484296,0.19411614812096767,61015000.0,56262666.666666664,NaN,NaN,12.231558666666668,20.348174333333336,21.47,14.659999999999998,NaN,NaN,NaN,NaN,NaN,NaN
ESP,Spain,1999,0.4683698,890363642200.019,856027318418.4576,8.9,9.4,1.2657651,1.0777223500000002,6.77741218450136,6.501528654681937,15714658309.1109,11649899195.608002,NaN,NaN,0.8894815,0.8461554333333333,22924.81,22271.38,52.730313072059,50.08506786778833,1.83432999908409,2.4547498494329734,79.5250222278221,79.1465058346728
ESP,Spain,2000,0.4376731,929618577227.575,891207483773.0131,7.7,8.6,1.34012145,1.2278696333333334,7.29748464074034,6.888403845322784,19806975250.9892,14985097874.899076,NaN,NaN,0.8541989,0.8363968,23999.8,23230.58,54.6969131882495,52.88478870658707,2.31034813987067,2.0385840315946733,80.9750616754348,80.18651009701416
ESP,Spain,2001,0.4851368,977964704474.031,932648974633.875,7.9,8.166666666666666,1.4144778,1.34012145,7.64971752025199,7.2415381151645635,40723543114.0509,25415058891.383667,NaN,NaN,0.7989248,0.8475350666666667,25000.67,23975.093333333334,60.1216241049216,55.84961678841003,3.43351563418766,2.5260645910474735,80.9656399109855,80.48857460474746
ESP,Spain,2002,0.3626297,1016292009754.12,974625097151.9086,8.9,8.166666666666666,1.44046235,1.3983538666666666,7.60182785916578,7.516343340052703,29016725788.2085,29849081384.4162,61.0042190551758,NaN,0.8949919,0.8493718666666666,26457.11,25152.52666666667,58.0138895625701,57.61080895191373,3.58983413338112,3.1112326358131503,80.1652733802601,80.70199165556014
ESP,Spain,2003,0.4704249,1044295490089.67,1012850734772.607,7.4,8.066666666666668,1.4664469,1.44046235,7.93091826283723,7.727487880751667,39314607366.2039,36351625422.8211,63.7400817871094,NaN,0.6135181,0.7691449333333332,28112.36,26523.38,55.1021415309759,57.745885066155864,3.06565685902219,3.363002208863657,81.7730443168776,80.9679858693744
ESP,Spain,2004,0.527518,1074990358774.14,1045192619539.31,8.9,8.4,1.4321992,1.4463694833333332,7.96364196200096,7.832129361334657,31005892770.6414,33112408641.6846,65.5322113037109,63.425504048665374,0.8298105,0.7794401666666667,29480.2,28016.556666666667,53.4357897202258,55.5172736045906,3.03888839396655,3.23145979545662,81.1268702671428,81.02172932142683
ESP,Spain,2005,0.7544637,1108471271904.22,1075919040256.0099,8.0,8.1,1.3770323,1.4252261333333334,8.21253115688392,8.035697127240704,25642926665.1153,31987808933.986866,67.4735717773438,65.5819549560547,0.8288319,0.7573868333333333,32067.97,29886.843333333334,54.4795182656074,54.33914983893637,3.03924881090924,3.04793135463266,82.1417982287113,81.68057093757723
ESP,Spain,2006,0.8274005,1147835587310.16,1110432405996.1733,7.3,8.066666666666668,1.4363043,1.4151786,8.42628442319919,8.20081918069469,28282647905.3934,28310489113.7167,68.1358337402344,67.04720560709637,1.106983,0.9218751333333334,36149.35,32565.84,54.6991667043772,54.204824896736795,3.36881409750383,3.1489837674598733,83.7721987891862,82.34695576168009
ESP,Spain,2007,0.8876534,1194247574981.13,1150184811398.5032,8.5,7.933333333333334,1.2180994,1.343812,8.07106843546116,8.236628005181423,35455663078.3571,29793745882.955265,68.9646224975586,68.19134267171226,1.223349,1.0530546333333335,39826.15,36014.49,56.0839263823216,55.0875371174354,3.51557576832128,3.30787955891145,82.5963455414651,82.83678085312086
ESP,Spain,2008,0.8389707,1236446314615.43,1192843158968.9065,9.0,8.266666666666667,1.243589,1.2993309,8.21432370534791,8.237225521336088,70291846189.2949,44676719057.6818,69.2297668457031,68.77674102783203,1.258342,1.1962246666666667,42535.8,39503.76666666667,57.6269487657546,56.136680617484465,2.78679745804945,3.2237291079581865,83.4769049438692,83.28181642484017
ESP,Spain,2009,0.9902246,1245931907237.16,1225541932277.9065,9.7,9.066666666666666,1.2045792,1.2220892,7.40131034210523,7.895567494304767,71347116196.2984,59031541821.31681,69.4019393920898,69.19877624511717,1.080838,1.1875096666666665,44455.71,42272.55333333334,55.8281315172523,56.51300222177617,4.07534335957339,3.459238861981373,82.1157519684794,82.72966748460458
ESP,Spain,2010,0.7937123,1198983535018.34,1227120585623.6433,12.2,10.299999999999999,1.1092913,1.1858198333333334,6.47936608687463,7.365000044775923,7562359636.56542,49733774007.38624,71.4311676025391,70.02095794677733,1.186732,1.175304,47475.55,44822.35333333333,46.8366899971109,53.43059009337261,-0.28781308353524,2.1914425780292,79.9373532354264,81.84333671592499
ESP,Spain,2011,0.8465286,1200112046037.65,1215009162764.3835,14.4,12.1,1.1014722,1.1384475666666665,6.17799635729276,6.686224262090874,35969020812.8424,38292832215.235405,76.3829116821289,72.40533955891927,1.003919,1.0904963333333333,49344.84,47092.03333333333,52.6933699734019,51.786063829255035,1.79986457728768,1.86246495110861,76.2146687512467,79.42259131838416
ESP,Spain,2012,0.8774337,1192432281393.69,1197175954149.8933,14.7,13.766666666666666,0.960889,1.0572175,6.19393014485236,6.2837641963399165,25874478945.7384,23135286465.048737,80.7240905761719,76.1793899536133,1.127053,1.1059013333333334,52408.62,49743.003333333334,58.5118228859632,52.68062761882533,3.1961018883379,1.56938446069678,76.6523040591065,77.60144201525988
ESP,Spain,2013,0.7956153,1158267740898.69,1183604022776.6765,15.8,14.966666666666667,0.8728118,0.9783909999999999,6.09265740713323,6.154861303092783,19250404232.1962,27031301330.259003,82.89208984375,79.99969736735027,1.258157,1.1297096666666666,54679.57,52144.34333333333,60.5540346961864,57.2530758518505,2.44612782366808,2.48069809643122,75.1815086319326,76.01616048076194
ESP,Spain,2014,0.7148454,1141735527746.35,1164145183346.2434,16.9,15.800000000000002,0.8741689,0.9026232333333333,5.5007234648845,5.929103672290029,47143326585.2815,30756069921.072037,85.1826324462891,82.93293762207034,1.217968,1.2010593333333333,54727.56,53938.583333333336,61.6687726441327,60.2448767420941,1.40858109183018,2.350270267945387,72.7454409924847,74.85975122784127
ESP,Spain,2015,0.722651,1159095455877.44,1153032908174.16,17.3,16.666666666666668,0.6968841,0.8146216000000001,5.49369292128904,5.695691264435591,31972292815.4555,32788674544.311066,87.9358520507812,85.33685811360677,1.091591,1.1892386666666666,56177.8,55194.97666666666,63.39926213895,61.87402315975637,-0.151114837527234,1.2345313593236753,71.7388098678952,73.22191983077084
ESP,Spain,2016,0.6226937,1206164777553.12,1168998587058.97,16.3,16.833333333333332,0.8044208,0.7918246,5.84933711711804,5.614584501097194,23777330434.0906,34297649944.942535,88.5305328369141,87.21633911132814,1.149785,1.1531146666666665,55305.66,55403.67333333334,63.5820412248232,62.88335866930197,-0.500365709903242,0.2523668481332347,73.5325702286076,72.67227369632917
ESP,Spain,2017,0.6974322,1241326362266.48,1202195531899.0134,16.7,16.766666666666666,0.9625695,0.8212914666666666,5.66204126256542,5.668357100324166,44962670965.5697,33570764738.371937,89.810791015625,88.75905863444011,1.036604,1.0926600000000002,55591.05,55691.503333333334,63.1886778507294,63.38999373816753,-0.202598000426452,-0.2846928492856427,NaN,NaN
ESP,Spain,2018,0.6582757,1277275696051.09,1241588945290.2302,15.2,16.066666666666666,0.8867509,0.8845803999999999,5.97761510797052,5.82966449588466,33577736758.6064,34105912719.42223,92.070182800293,90.13716888427736,1.189344,1.1252443333333333,55884.36,55593.69,66.167446137857,64.3127217378032,1.95607633363963,0.41770420776997863,NaN,NaN
ESP,Spain,2019,0.5914192,1307871701701.25,1275491253339.6067,16.9,16.266666666666666,0.8836957,0.9110053666666666,5.80969253331158,5.81644963461584,63958429156.7585,47499612293.64487,92.5194931030273,91.46682230631511,1.095565,1.107171,57270.34,56248.583333333336,67.0094103982921,65.4551781289595,1.6749813686379,1.142819900617026,NaN,NaN
ESP,Spain,2020,0.5858323,1333521400432.69,1306222932728.3435,16.7,16.266666666666666,0.9446573,0.9050346333333333,5.3981216422823,5.7284764278548,30322872791.4496,42619679568.93816,91.5387725830078,92.04281616210938,1.025876,1.103595,60307.51,57820.73666666667,66.3662250440692,66.51436052673944,0.699518994458738,1.4435255655787558,NaN,NaN
ESP,Spain,2021,0.6234819,1187633217292.02,1276342106475.32,19.3,17.633333333333333,0.8370928,0.8884819333333334,4.52823497177668,5.245349715790186,37683095972.4205,43988132640.20953,91.59912109375,91.8857955932617,1.010068,1.0438363333333331,65541.7,61039.85,59.4461280147076,64.2739211523563,-0.322753017299739,0.6839157819322996,NaN,NaN
ESP,Spain,2022,0.5145639,1267004457826.92,1262719691850.5432,19.0,18.333333333333332,0.9211695,0.9009732,4.91513320564969,4.947163273236224,64626902393.5776,44210957052.48257,95.3768997192383,92.83826446533203,1.126225,1.0540563333333335,70281.94,65377.05000000001,66.524588943191,64.11231400065593,3.09313511976419,1.1566336989743962,NaN,NaN
ESP,Spain,2023,0.4860224,1347716659731.45,1267451444950.1301,NaN,NaN,0.8379079,0.8653900666666666,4.99422196018416,4.812530045870177,67459796903.6798,56589931756.5593,95.0271606445312,94.00106048583983,0.9294295,1.0219075,67099.71,67641.11666666668,78.4657338703054,68.14548360940132,8.39057634118626,3.720319481216904,NaN,NaN
EST,Estonia,2000,0.009483707,12698344018.6504,12557671983.341667,20.0,19.3,0.9283036499999999,0.8783667166666667,12.5302464891055,13.7919553310032,325892789.377934,398510114.60955167,NaN,NaN,1.9521439999999999,1.8552436666666665,484.81,449.7033333333334,144.116453592933,150.66867793695232,3.29611089718909,7.3621077209122205,31.4737524857694,29.681554349358965
EST,Estonia,2001,0.0008959128,13979307068.9028,13143398886.825134,19.8,19.23333333333333,0.9960239,0.92830365,12.7571162181412,12.999818572807634,416214286.787886,445898339.560035,NaN,NaN,1.313405,1.9521439999999999,464.97,469.8966666666667,126.495626368659,142.483438596371,4.01848952508763,5.174311251869896,28.6267085500235,30.185158238605336
EST,Estonia,2002,0.005231494,14801394595.5546,13826348561.035933,18.9,19.566666666666666,1.1348105,1.0197126833333332,13.1461730476221,12.811178584956266,592889580.182472,444998885.44943064,58.7174797058105,NaN,0.1149054,1.1268181333333331,516.3,488.6933333333333,126.546640067292,132.38624000962798,5.74827981651373,4.35429341293015,31.4498914259412,30.516784153911363
EST,Estonia,2003,0.009686168,15827575405.1485,14869425689.868635,19.3,19.333333333333332,1.2735971,1.1348105,12.7007648530105,12.868018039591268,338234260.376913,449112709.115757,61.7471008300781,NaN,0.5766818,0.6683307333333334,509.77,497.0133333333333,123.28234538757,125.44153727450698,3.57191270164026,4.4462273477472065,29.9395471183584,30.005382364774366
EST,Estonia,2004,0.01740265,17029885802.1805,15886285267.627869,19.9,19.366666666666667,1.409916,1.2727745333333333,14.2657873234504,13.370908408027667,1038244664.19461,656456168.2513317,64.2222671508789,61.56228256225583,1.112802,0.6014630666666667,571.1,532.39,122.744772807796,124.19125275421932,1.33499116549955,3.55172789455118,29.2143864277728,30.201274990690802
EST,Estonia,2005,0.004027386,18188037434.5502,17015166213.959732,20.0,19.733333333333334,1.4031382,1.3622170999999998,14.7118270889142,13.892793088458367,1086893435.16594,821124119.9124876,65.7773971557617,63.91558837890624,1.420123,1.0365356,636.57,572.48,129.949500077661,125.32553942434232,3.04811107523416,2.6516716474579898,28.8097037459524,29.321212430694533
EST,Estonia,2006,0.003653635,19920094036.3597,18379339091.030132,18.9,19.599999999999998,1.470992,1.4280153999999998,14.813456108948,14.597023507104202,3057558404.59854,1727565501.3196964,67.9843521118164,65.99467213948567,0.6130134,1.0486461333333335,720.21,642.6266666666667,135.912792115107,129.53568833352134,4.07971423199848,2.820938824244063,29.0098243692973,29.011304847674165
EST,Estonia,2007,0.01335738,21864807422.0901,19990979631.0,17.2,18.7,1.5502801,1.4748034333333333,14.4285385466398,14.651273914834,1758167635.56107,1967539825.1085167,68.7950820922852,67.51894378662111,0.2761504,0.7697622666666667,901.46,752.7466666666668,136.620737662645,134.16100995180435,4.43762042389213,3.8551485770415908,29.5949070653684,29.138145060206032
EST,Estonia,2008,0.01923632,23520174236.2883,21768358564.9127,18.6,18.23333333333333,1.5488484,1.5233735,17.1806098397828,15.474201498456866,3033145919.8766,2616290653.345403,68.8220596313477,68.5338312784831,0.7972518,0.5621385333333333,1079.02,900.23,133.980829235754,135.50478633783533,6.60132603055637,5.039553562148993,25.876130431314,28.1602872886599
EST,Estonia,2009,0.02012304,22314692031.2014,22566557896.5266,20.5,18.766666666666666,1.5384652,1.5458645666666666,15.6166002288552,15.7419162050926,1977264596.96391,2256192717.467193,67.8356094360352,68.48425038655603,0.95481,0.6760707333333333,1143.75,1041.41,136.681988157836,135.761185018745,10.3623580313682,7.1337681619389,27.820664307059,27.763900601247133
EST,Estonia,2010,0.03977576,19050002927.2983,21628289731.596,24.2,21.1,1.4138316,1.5003817333333334,13.0675938449549,15.288267971197632,1866296946.57529,2292235821.1386,67.8494186401367,68.16902923583986,0.8920012,0.8813543333333334,1166.8,1129.8566666666668,116.759079859802,129.14063241779732,-0.0784083112809768,5.628425250214531,25.2860003557502,26.327598364707736
EST,Estonia,2011,0.03702487,19516680413.329,20293791790.60957,25.3,23.333333333333332,1.4148898,1.4557288666666668,16.6849546555512,15.123049576453766,2592255114.54212,2145272219.36044,68.7101593017578,68.13172912597656,1.938751,1.2618540666666667,1416.28,1242.2766666666666,143.671762256978,132.37094342487202,2.97204512015693,4.418664946748051,19.6591779791039,24.255280880637702
EST,Estonia,2012,0.02273943,21001309333.0129,19855997557.88007,25.2,24.900000000000002,1.4413017,1.4233410333333332,16.8260839104471,15.526210803651066,1119148299.05952,1859233453.39231,71.0235290527344,69.19436899820964,1.727865,1.5195390666666666,1397.32,1326.8,166.7460724339,142.39230485022668,4.9819013145361,2.6251793744706844,18.5541325298788,21.166436954910967
EST,Estonia,2013,0.008464534,21772481344.2301,20763490363.524,25.0,25.166666666666668,1.458717,1.4383028333333332,16.0506269014195,16.520555155805933,1787341526.52249,1832914980.0413768,72.9364700317383,70.89005279541017,1.889809,1.8521416666666666,1497.43,1437.01,169.156067773865,159.85796748824768,3.93339987296985,3.9624487692209596,20.4941461383658,19.569152215782832
EST,Estonia,2014,0.03055732,22154913628.3244,21642901435.189137,24.5,24.900000000000002,1.46505,1.4550229000000001,17.9337282254815,16.936813012449363,1097942106.9872,1334810644.1897366,75.4523162841797,73.13743845621747,0.4906148,1.3694296000000001,1450.11,1448.2866666666666,164.601632156916,166.834590788227,2.78056658954987,3.89862259235194,17.9264721073035,18.991583591849366
EST,Estonia,2015,0.02395721,22891074856.6938,22272823276.416103,25.3,24.933333333333334,1.5190269,1.4809313,17.3074333704818,17.09726283246093,1781648554.48116,1555644062.663617,76.2024536132812,74.86374664306639,1.54249,1.3076379333333332,1687.96,1545.1666666666667,157.953944842229,163.90388159100334,-0.106175146521709,2.20259710533267,15.7466116982443,18.055743314637866
EST,Estonia,2016,0.02788265,23311847750.9394,22785945411.985867,28.2,26.0,1.5695561,1.5178776666666665,15.9815175075091,17.074226367824135,-715465129.889721,721375177.1928797,74.5832824707031,75.41268412272133,1.495242,1.1761156,1544.89,1560.9866666666667,148.507157123558,157.02091137423432,-0.49232600654737,0.727355145493597,14.7458979553125,16.139660586953436
EST,Estonia,2017,0.02041869,24032887679.5037,23411936762.378967,27.2,26.900000000000002,1.6068172,1.5651334,15.6467217413113,16.311890873100733,925762256.709316,663981893.7669183,73.0334320068359,74.60638936360674,1.304915,1.4475489999999998,1575.25,1602.7,147.7462327097,151.402444891829,0.148684907627372,-0.149938748480569,NaN,NaN
EST,Estonia,2018,0.01618725,25387062190.0468,24243932540.1633,27.5,27.633333333333336,1.5192028,1.5651920333333333,16.6729670316324,16.100402093484266,1735775304.25103,648690810.3568751,72.1369781494141,73.25123087565103,1.199627,1.3332613333333334,1589.67,1569.9366666666667,144.635650944133,146.96301359246368,3.41723549488054,1.0245314653201807,NaN,NaN
EST,Estonia,2019,0.0101139,26326306710.8582,25248752193.469563,28.6,27.766666666666666,1.431181,1.519067,17.8889647853178,16.736217852753835,1273932848.01576,1311823469.658702,72.0659637451172,72.41212463378906,1.177935,1.2274923333333334,1503.59,1556.17,143.485224864735,145.289036172856,3.43632688420446,2.3340824289041238,NaN,NaN
EST,Estonia,2020,0.01389859,27307395871.0676,26340254923.990864,31.3,29.133333333333336,1.5431575,1.4978471000000002,11.6534202327534,15.405117349901198,3113489502.24595,2041065884.83758,72.7060317993164,72.30299123128258,0.5182773,0.9652797666666667,1694.02,1595.76,140.352147998549,142.824341269139,2.27725931243522,3.04360723050674,NaN,NaN
EST,Estonia,2021,0.01386471,26519903136.8312,26717868572.919003,40.4,33.43333333333334,1.4919949,1.4887778,9.12576098778358,12.889382001951594,3823194189.12658,2736872179.796097,72.0443572998047,72.2721176147461,0.9276169,0.8746097333333335,1794.38,1663.9966666666667,137.392641283846,140.41000471571,-0.444531097679829,1.7563516996532835,NaN,NaN
EST,Estonia,2022,0.00431239,28709089435.1187,27512129481.005833,38.0,36.56666666666667,1.5595497,1.5315673666666665,9.71169075504984,10.163623991862273,7525452742.65868,4820712144.67707,73.1502075195312,72.63353220621742,1.154787,0.8668937333333334,1877.57,1788.6566666666665,160.471922305927,146.0722371961073,4.65316673847472,2.161964984410037,NaN,NaN
EST,Estonia,2023,0.01271647,28357067289.1155,27862019953.688465,NaN,NaN,1.5410127,1.5308524333333333,11.1341597224282,9.990537155087205,1731622424.00465,4360089785.263303,71.4251937866211,72.20658620198566,0.3912794,0.8245610999999999,1842.31,1838.0866666666668,175.68711950524,157.850561031671,19.3982634080616,7.86896634961883,NaN,NaN
ETH,Ethiopia,2004,0.002900442,17946997565.4188,18120073994.3962,94.2,94.43333333333332,-1.34926139999999,-1.3513002666666634,0.0712516626956825,0.06961877026997713,465000000.0,356466666.6666667,2.40167999267578,1.85382334391276,NaN,NaN,209.63,194.39666666666668,NaN,NaN,13.6740452028271,2.03709659036218,5.66138359830019,5.461326770322944
ETH,Ethiopia,2005,0.001342462,20382872320.545,18891111911.314667,94.1,94.26666666666667,-0.926960399999999,-1.2247414333333297,0.0753366257956424,0.07176434483014531,545100000.0,421700000.0,2.72982001304627,2.271746675173443,2.04594,NaN,212.46,207.94333333333336,NaN,NaN,3.32737047894847,5.892168261315457,5.75323127388069,5.603077776821096
ETH,Ethiopia,2006,0.003958105,22791876293.8269,20373915393.26357,94.7,94.33333333333333,-0.932236,-1.0694859333333298,0.0698363747100678,0.07214155440046423,265111675.482385,425070558.4941284,2.94167995452881,2.6910599867502865,0.5942653,NaN,223.2,215.09666666666666,NaN,NaN,9.96997123512891,8.990462305634827,5.27063422258358,5.561749698254821
ETH,Ethiopia,2008,0.001603027,28155292189.364,25402827455.705265,94.1,94.43333333333334,-0.7600859,-0.8378437333333331,0.0764266442296692,0.07269258568773534,222000572.994807,344123116.88516504,3.3353066444396964,3.1384932994842534,1.2969415,1.1098382666666666,331.52,277.54333333333335,NaN,NaN,17.2404008340897,13.169949460233669,5.96042802359756,5.563979019339577
ETH,Ethiopia,2009,0.00287472,31192831993.2611,28203146022.183334,94.1,94.23333333333333,-0.719405299999999,-0.766900166666666,0.0802467343345623,0.07616270556256684,108537543.965442,291931739.71285063,3.53211998939514,3.335306644439697,1.155575,1.2969415,360.35,323.26,NaN,NaN,44.3566858766951,24.632187674089067,6.27789786343872,5.899733566291289
ETH,Ethiopia,2010,0.005206251,33938597623.7578,31095573935.460968,94.2,94.13333333333333,-0.7819149,-0.753802033333333,0.0785136417026359,0.07839567342228913,221459581.361983,183999232.77407733,5.09216022491455,3.986528952916462,1.648366,1.3669608333333334,408.2,366.69,NaN,NaN,8.48364404530282,23.36024358536254,6.21375869277781,6.150694859938031
ETH,Ethiopia,2011,0.006646493,38198074328.8086,34443167981.942505,94.1,94.13333333333333,-0.7207448,-0.740688333333333,0.0760019100821557,0.07825409537311796,288271568.250744,206089564.52605632,6.96482992172241,5.196370045344033,2.599863,1.801268,445.78,404.77666666666664,NaN,NaN,8.14926402965082,20.32986465054958,5.8578532089192,6.1165032550452425
ETH,Ethiopia,2012,0.003439578,42467968231.3241,38201546727.96349,93.6,93.96666666666665,-0.861597699999999,-0.7880857999999996,0.0854374939680603,0.07998434858428398,628624805.998664,379451985.20379704,7.27566003799438,6.4442167282104466,3.656536,2.6349216666666666,492.24,448.74,48.232935411689,NaN,33.2499598823344,16.627622652429345,5.830301503021,5.967304468239337
ETH,Ethiopia,2013,0.006925527,46140518129.2398,42268853563.12417,93.3,93.66666666666667,-0.917400999999999,-0.8332478333333326,0.0938018335872736,0.08508041254582988,278562822.162861,398486398.8040897,7.62416982650757,7.288219928741452,2.244653,2.8336840000000003,650.03,529.35,45.3979041835072,NaN,23.600417677317,21.666547196434077,6.37955110018141,6.022568604040536
ETH,Ethiopia,2014,0.001175281,51023232360.2629,46543906240.2756,92.4,93.09999999999998,-1.06822369999999,-0.9490741333333294,0.106072048801188,0.09510379211884064,1343876023.73137,750354550.6309649,6.771710301814435,7.2238467221054625,2.468627,2.7899386666666666,771.42,637.8966666666666,41.4717870807625,45.03420889198623,7.46402192944517,21.43813316303219,7.34405316776333,6.517968590321914
ETH,Ethiopia,2015,0.001972947,56256936828.9833,51140229106.161995,91.4,92.36666666666667,-0.9043825,-0.9633357333333296,0.122678387639653,0.10751742334270487,1855052153.64106,1159163666.5117636,5.9192507771213,6.7717103018144345,0.7127909,1.8086903,985.33,802.2599999999999,40.7410841498626,42.5369251380441,6.89001951597191,12.651486374244692,8.27307444056587,7.332226236170203
ETH,Ethiopia,2016,0.0007535852,62103418181.8182,56461195790.3548,91.5,91.76666666666667,-0.902880599999999,-0.9584955999999963,0.130068091316854,0.11960617591923167,2626517918.31299,1941815365.2284734,NaN,NaN,1.716366,1.6325946333333334,1014.8,923.85,39.6561241449515,40.62299845852554,9.56889955968623,7.9743136683677704,8.35128287305047,7.989470160459891
ETH,Ethiopia,2017,0.0007164453,67961933367.1549,62107429459.318794,90.4,91.10000000000001,-0.9613611,-0.922874733333333,0.15021997848876,0.1343221524817557,4142937496.46329,2874835856.139114,NaN,NaN,0.9567996,1.1286521666666667,1168.41,1056.18,34.8990210816111,38.4320764588084,6.62813337230924,7.69568414932246,NaN,NaN
ETH,Ethiopia,2018,0.001033229,74461941569.3207,68175764372.764595,90.8,90.89999999999999,-0.898545399999999,-0.9209290333333326,0.144744318001779,0.14167746260246436,4017159564.65434,3595538326.4768734,NaN,NaN,0.6717212,1.1149622666666668,1630.8,1271.3366666666668,31.1036494929016,35.2195982398214,10.6871150284238,8.96138265347309,NaN,NaN
ETH,Ethiopia,2019,0.002092532,79537377550.6924,73987084162.38933,90.0,90.40000000000002,-0.846342199999999,-0.9020828999999994,0.155059082147088,0.15000779287920898,3360419368.65294,3840172143.2568564,NaN,NaN,2.004996,1.2111722666666667,2100.47,1633.2266666666665,31.1993689777881,32.400679850766934,13.8330356586661,10.382761353133047,NaN,NaN
ETH,Ethiopia,2020,0.0009696687,86189951998.924,80063090372.97902,89.3,90.03333333333335,-0.828078099999999,-0.8576552333333325,0.159693432847017,0.153165610998628,2548743427.35753,3308774120.2216034,NaN,NaN,4.114943,2.2638867333333335,2735.23,2155.5,28.8152939288346,30.372770799841433,15.8096321719344,13.443260953008101,NaN,NaN
ETH,Ethiopia,2021,0.002257045,91412658764.8474,85713329438.1546,90.7,90.0,-0.8158694,-0.8300965666666661,0.151498089800296,0.1554168682648003,2395799880.65984,2768320892.223437,NaN,NaN,1.02141,2.380449666666667,4141.92,2992.5399999999995,24.0061143401794,28.006925748934034,20.3563468559061,16.66633822883553,NaN,NaN
ETH,Ethiopia,2022,0.002156195,96569731965.9612,91390780909.91087,90.6,90.2,-0.7684521,-0.8041331999999995,0.156331429015701,0.1558409838876713,4259445795.28262,3067996367.766663,NaN,NaN,2.322703,2.486352,5716.0,4197.716666666666,24.3450574647644,25.722155244592802,26.8395221557722,21.0018337278709,NaN,NaN
ETH,Ethiopia,2023,0.005780213,101708941221.845,96563777317.55121,NaN,NaN,-0.7815691,-0.7886302000000001,0.146229646781817,0.15135305519927134,3669991332.17485,3441745669.3724365,NaN,NaN,1.881097,1.741736666666667,7155.92,5671.28,26.5954996967313,24.982223833891698,33.8898797100898,27.028582907256034,NaN,NaN
FIN,Finland,1999,0.7826077,177576428488.635,168078258120.814,30.5,28.73333333333333,1.7017749,1.4783108,11.5538028733105,12.144244243207332,12514915951.3825,5240653807.410794,NaN,NaN,0.7709867,0.8373154666666666,6928.39,6814.93,66.9910571198446,67.00972951188983,1.3994737857984,1.0737422860592518,51.4963872117216,53.4705479053718
FIN,Finland,2000,0.6263989,185370756398.689,177113021733.054,30.2,29.833333333333332,1.7285455,1.6362104000000002,11.402244982745,11.721115446457532,7797795098.68142,7588929013.059182,NaN,NaN,0.8294578,0.7928439666666667,6932.89,6933.77,66.254492150558,67.16445180560133,1.16223155669444,1.25142139225041,50.792145889956,51.85095516418399
FIN,Finland,2001,0.771381,196036503503.623,186327896130.31567,31.7,30.8,1.7553161,1.7285455,11.1139059493154,11.356651268456966,13502068644.6076,11271593231.557173,NaN,NaN,0.7286071,0.7763505333333334,7504.8,7122.026666666668,74.9255788717317,69.3903760473781,3.04210080667795,1.86793538305693,49.8262696277191,50.70493424313222
FIN,Finland,2002,0.7485396,201212380923.485,194206546941.93234,29.2,30.366666666666664,1.92336585,1.80240915,12.2543758606386,11.590175597566335,3224710299.84937,8174858014.379463,85.9510498046875,NaN,0.9392347,0.8324332,7767.57,7401.753333333333,70.2841376639721,70.48806956208728,2.57844080098895,2.2609243881204466,50.371919857699,50.33011179179136
FIN,Finland,2003,0.7002292,204607490634.566,200618791687.2247,29.5,30.133333333333336,2.0914156,1.92336585,12.6383158244494,12.002199211467799,8094575465.08978,8273784803.18225,86.788932800293,NaN,1.040186,0.9026759333333333,7849.93,7707.433333333333,69.3209377526273,71.51021809611036,1.57122012789379,2.3972539118535634,51.3908041928673,50.529664559428475
FIN,Finland,2004,0.6144587,208723783982.573,204847885180.208,28.4,29.03333333333333,2.1438361,2.0528725166666666,14.2135432592354,13.035411648107802,5965369887.32256,5761551884.087237,88.286979675293,87.00898742675783,0.9969037,0.9921081333333334,8091.63,7903.043333333334,68.0715029595159,69.22552612537176,0.877440386254785,1.675700438379175,54.4596986805194,52.074140910361905
FIN,Finland,2005,0.6510941,217083963685.375,210138412767.50467,31.1,29.666666666666668,1.891508,2.042253233333333,13.4759720988521,13.442610394178965,6777097341.61981,6945680898.010716,90.1379318237305,88.40461476643884,0.8752047,0.9707648,8820.77,8254.11,70.967802899062,69.4534145370684,0.187120559084418,0.8785936910776644,53.3786735682675,53.076392147218066
FIN,Finland,2006,0.5870174,223113056548.362,216306934738.77002,31.5,30.333333333333332,1.9787475,2.0046972000000003,11.1028086409399,12.930774666342467,10867806670.7033,7870091299.88189,91.9409408569336,90.12195078531903,1.048313,0.9734738,9211.78,8708.060000000001,76.5889740444293,71.8760933010024,0.62387445002519,0.5628117984547977,49.2323372321222,52.356903160303034
FIN,Finland,2007,0.6373695,232081249320.459,224092756518.06534,31.2,31.26666666666667,1.9145723,1.9282759333333335,13.2647256083435,12.614502116045168,4639183791.01375,7428029267.778954,93.4309921264648,91.8366216023763,0.887067,0.9368615666666668,9476.9,9169.816666666668,82.0005669294983,76.51911462432987,1.56666380704386,0.7925529387178227,51.7435436432029,51.45151814786419
FIN,Finland,2008,0.7192246,244411266035.096,233201857301.30566,31.8,31.5,1.7544417,1.8825871666666665,12.8705811614152,12.412705136899532,21980490453.9879,12495826971.90165,95.0834808349609,93.48513793945308,1.012326,0.9825686666666668,9450.35,9379.676666666666,82.8631608209175,80.48423393161504,2.5106656524034,1.5670679698241503,49.8634779775679,50.279786284297664
FIN,Finland,2009,0.6034516,246328504349.487,240940339901.68066,34.6,32.53333333333334,1.7666189,1.8118776333333333,11.2598169269803,12.465041232246335,19406654259.4436,15342109501.48175,95.8668518066406,94.79377492268877,1.149313,1.0162353333333334,9647.85,9525.033333333333,86.1896598765527,83.68446254232283,4.06595355358379,2.71442767101035,47.8241764293654,49.810399350045394
FIN,Finland,2010,0.667358,226434937568.653,239058235984.41202,32.5,32.96666666666666,1.9463818,1.8224808000000001,10.6915488312042,11.607315639866568,-8826315342.10639,10853609790.441704,92.0154724121094,94.32193501790363,1.032554,1.064731,10026.71,9708.303333333331,70.1279335295898,79.72691807568667,-9.17360384430342e-07,2.192206096208935,48.5816044005833,48.75641960250553
FIN,Finland,2011,0.7260706,233609048324.553,235457496747.56436,33.4,33.5,1.9607069,1.8912358666666667,12.2771915772077,11.4095191117974,12221047445.4544,7600462120.930537,93.1867599487305,93.68969472249348,1.212602,1.1314896666666667,10072.37,9915.643333333333,75.4612085231229,77.25960064308846,1.18413523154646,1.7500292892566218,48.9159419757879,48.44057426857887
FIN,Finland,2012,0.7384829,239193226293.28,233079070728.8287,35.1,33.666666666666664,1.9132285,1.9401057333333334,10.8053750812877,11.258038496566535,-6008929965.54385,-871399287.3986136,93.2884292602539,92.8302205403646,1.249735,1.1649636666666667,10343.68,10147.586666666668,78.7159444486606,74.76836216712444,3.41680754255211,1.5336472855793952,47.094510856443,48.197352410938066
FIN,Finland,2013,0.6277221,235550695854.071,236117656823.96802,38.7,35.73333333333334,2.0005462,1.9581605333333334,9.66512380653683,10.915896821677409,4930356141.26224,3714157873.7242637,91.5533828735352,92.67619069417321,1.234441,1.2322593333333332,10587.78,10334.61,79.4303765882482,77.86917652001056,2.80833622561573,2.469759666571433,43.1020346822723,46.370829171501065
FIN,Finland,2014,0.6145155,233242909052.234,235995610399.8617,38.5,37.43333333333334,1.9418273,1.9518673333333334,9.80540072646081,10.091966538095113,-4959133088.96143,-2012568971.081013,91.2365264892578,92.02611287434895,1.167926,1.2173673333333335,10837.45,10589.636666666667,77.485171771574,78.54383093616093,1.47828615688809,2.5678099750186436,42.4733444078944,44.223296648869905
FIN,Finland,2015,0.5113484,232127848351.009,233640484419.1047,41.2,39.46666666666667,1.8789118,1.9404284333333333,9.05273118506377,9.50775190602047,17544672687.0996,5838631913.1334715,89.9938812255859,90.9279301961263,1.277586,1.226651,11283.46,10902.896666666667,74.6277719754196,77.18110677841393,1.04119621178439,1.7759395314294035,41.9617975513844,42.51239221385037
FIN,Finland,2016,0.5079648,233210733506.25,232860496969.83102,43.2,40.96666666666667,1.8686997,1.8964796,8.39046261440988,9.082864841978154,17579437753.2438,10054992450.460657,89.6573791503906,90.29592895507811,1.184471,1.2099943333333334,11122.9,11081.269999999999,71.9618253787014,74.691589708565,-0.207928839905268,0.7705178429224041,40.2290546321528,41.55473219714387
FIN,Finland,2017,0.5177034,239208760000.401,234849113952.55334,42.4,42.266666666666666,1.8147025,1.854104666666667,8.88160307084068,8.774932290104777,5228087258.97726,13450732566.440222,89.3280029296875,89.65975443522133,1.171458,1.2111716666666668,11298.48,11234.946666666665,71.7222101178859,72.77060249066896,0.356684500891695,0.39665062425693903,NaN,NaN
FIN,Finland,2018,0.5081074,247110710501.527,239843401336.05933,44.4,43.333333333333336,1.8324158,1.8386059999999997,8.36494370044446,8.545669795231673,16909619226.7668,13239048079.66262,90.6983871459961,89.89458974202473,1.162493,1.1728073333333333,10979.67,11133.683333333334,75.9387822310041,73.20760590919713,0.754015047084346,0.30092356935692427,NaN,NaN
FIN,Finland,2019,0.5154952,250058685918.643,245459385473.52368,44.2,43.666666666666664,1.8525188,1.8332123666666666,8.6010307269027,8.615859166062613,-10529085853.8372,3869540210.63562,92.3850021362305,90.80379740397136,1.180669,1.17154,11150.48,11142.876666666669,79.1436148422846,75.60153573039152,1.08382098409305,0.7315068440230302,NaN,NaN
FIN,Finland,2020,0.4200928,253433824168.6,250201073529.59,45.4,44.666666666666664,1.9937531,1.8928958999999999,7.99426833424913,8.320080920532096,16280099519.3449,7553544297.424832,94.5891189575195,92.55750274658203,1.223121,1.188761,11414.95,11181.699999999999,80.5641502947367,78.54884912267514,1.0240939296343,0.9539766536038986,NaN,NaN
FIN,Finland,2021,0.4526021,247120696232.09,250204402106.44434,47.3,45.633333333333326,1.9717616,1.9393445,7.13874546232844,7.911348174493423,-2535610877.45159,1071800929.3520368,96.4726333618164,94.4822514851888,1.000517,1.1347690000000001,11315.41,11293.613333333333,72.1845955995888,77.29745357887003,0.290554555653239,0.799489823126863,NaN,NaN
FIN,Finland,2022,0.3148763,253734502126.393,251429674175.69434,50.2,47.63333333333333,2.0110043,1.9921730000000002,7.09479866241161,7.4092708196630594,23579233204.9062,12441240615.599836,100.868072509766,97.30994160970063,1.08754,1.103726,11810.95,11513.769999999999,79.7892781913782,77.51267469523457,2.19457432340007,1.169740936229203,NaN,NaN
FIN,Finland,2023,0.378583,255670602724.759,252175267027.7473,NaN,NaN,1.9092509,1.9640056000000001,6.68162198489374,6.971722036544597,13079164235.1595,11374262187.538038,104.944221496582,100.7616424560548,0.8155805,0.9678791666666667,12012.73,11713.029999999999,94.5625340522667,82.17880261441123,7.12350773301402,3.20287887068911,NaN,NaN
FRA,France,1999,4.163951,1881350558837.76,1824550994464.29,9.7,10.066666666666666,0.8377413,0.7787657,6.81353446656297,6.640048461831637,29518429032.2113,24846080863.323166,NaN,NaN,0.8763689,0.9231537,49672.35,48566.52,51.4214328030771,49.11245547892574,0.651126867833072,1.2793178196666941,54.8572901515563,53.91331534926823
FRA,France,2000,3.692915,1945303460549.75,1881738992149.8533,9.8,9.833333333333334,0.94890735,0.8551381166666667,6.67500237099655,6.653656116007923,45971216472.0884,32845856753.018536,NaN,NaN,0.8885356,0.9020091,49210.64,49433.16999999999,51.6706614638734,50.96518258056218,0.537141639134596,0.7974038157457661,54.0873966037381,53.97174702908876
FRA,France,2001,3.369618,2025858476151.37,1950837498512.96,9.3,9.6,1.0600734,0.9489073500000001,6.58034817935345,6.689628338970991,41389082664.7627,38959576056.35413,NaN,NaN,0.8836004,0.8828349666666666,50006.98,49629.99,57.7860470318197,53.62604709959007,1.67595988720928,0.9547427980589828,52.8684173341992,53.937701363164535
FRA,France,2002,3.447903,2064338989612.96,2011833642104.6934,9.4,9.500000000000002,1.0841238,1.03103485,6.59967427030181,6.618341606883937,50142053918.8908,45834117685.24731,50.4472885131836,NaN,0.8130091,0.8617150333333333,50801.94,50006.52,56.8932328560722,55.44998045058844,1.63478079549599,1.2826274406132887,53.4646898801474,53.4735012726949
FRA,France,2003,4.203555,2086380974762.6,2058859480175.6433,8.7,9.133333333333335,1.1081742,1.0841238000000002,6.46436747006761,6.548129973240957,51550483853.8508,47693873479.1681,50.2516899108887,NaN,0.8682056,0.8549383666666666,51494.97,50767.96333333334,55.1325248503102,56.603934912734026,1.92341228727063,1.7447176566586335,52.8720718852001,53.068393033182225
FRA,France,2004,3.837503,2106573536968.08,2085764500447.8801,8.8,8.966666666666667,1.3314758,1.1745912666666667,6.49767617932604,6.520572639898487,42350800678.3508,48014446150.364136,52.3169784545898,51.00531895955404,1.062896,0.9147035666666667,53080.93,51792.613333333335,52.5988822870657,54.87487999781604,2.09847219146919,1.8855550914119368,52.3758824672276,52.9042147441917
FRA,France,2005,3.620524,2166995343501.89,2119983285077.5234,8.9,8.8,1.3099942,1.2498814,6.46668310699496,6.476242252129537,35608535812.8718,43169940115.02447,53.4576301574707,52.008766174316406,1.007872,0.9796578666666668,55363.06,53312.986666666664,53.7497648292028,53.8270573221929,2.14208964640238,2.0546580417140667,52.1043243394395,52.45075956395573
FRA,France,2006,3.803565,2207920477337.34,2160496452602.4365,8.6,8.766666666666667,1.3267578,1.3227426,6.45391402908229,6.4727577718010965,85137061931.2535,54365466140.82537,53.8823318481445,53.218980153401674,0.9874049,1.0193909666666667,59947.65,56130.54666666666,55.8228361241299,54.0571610801328,1.74586936380487,1.9954770672254798,51.9741272416698,52.151444682778966
FRA,France,2007,4.115853,2267844862926.15,2214253561255.1265,8.5,8.666666666666666,1.3022689,1.3130069666666666,6.24021668362979,6.386937939902347,78957053786.1348,66567550510.0867,53.8754196166992,53.73846054077146,1.035112,1.0101296333333334,62862.38,59391.03,57.8692775292673,55.8139594942,1.67512449608726,1.8543611687648367,51.5783029344945,51.885584838534605
FRA,France,2008,4.111313,2325232266328.63,2266999202197.373,9.4,8.833333333333334,1.3437547,1.3242604666666669,6.09003030294036,6.26138700521748,83777598395.4499,82623904704.2794,52.9475402832031,53.56843058268226,1.108966,1.0438276333333334,63765.35,62191.793333333335,58.1525611309659,57.281558261454364,1.48799805953859,1.6363306398102397,51.3524274113987,51.63495252918767
FRA,France,2009,4.211981,2334072135222.36,2309049754825.7134,10.5,9.466666666666667,1.3061458,1.3173898000000002,5.94290191259616,6.091049633055437,67997446904.9733,76910699695.51933,52.4755210876465,53.09949366251627,1.031801,1.0586263333333334,66839.35,64489.02666666667,59.1797928411748,58.400543833802665,2.81286194914785,1.9919948349245669,50.5099418556655,51.1468907338529
FRA,France,2010,3.883665,2268145064848.79,2309149822133.2603,11.2,10.366666666666667,1.1753528,1.2750844333333333,5.71717317269645,5.916701796077657,18422928061.913,56732657787.4454,52.7731018066406,52.73205439249673,1.047728,1.0628316666666666,68546.59,66383.76333333334,52.1991123027613,56.51048875830066,0.0876204781574653,1.4628268289479684,50.5302791877511,50.797549484938436
FRA,France,2011,4.043022,2313515332182.54,2305244177417.8965,11.9,11.200000000000001,1.2341536,1.2385507333333332,5.80194807906,5.820674388117536,38889439213.3126,41769938060.0663,54.881721496582,53.376781463623026,1.020453,1.0333273333333333,68992.83,68126.25666666667,56.587555247796,55.98882013057736,1.53112270420918,1.4772017105048316,49.5463820747788,50.1955343727318
FRA,France,2012,4.169888,2369909039106.43,2317189812045.9204,10.6,11.233333333333334,1.108929,1.1728117999999998,5.56604040689413,5.695053886216859,44205811126.5791,33839392800.601562,55.6257286071777,54.426850636800104,1.068731,1.0456373333333335,70701.69,69413.70333333334,60.6056354816406,56.464101010732634,2.11159795175,1.2434470447055486,47.3979454513166,49.158202237948835
FRA,France,2013,4.059535,2374265767668.09,2352563379652.353,12.3,11.6,1.1365688,1.1598838,5.55949763606406,5.642495374006064,32944663317.8722,38679971219.25463,57.9090118408203,56.13882064819333,1.153469,1.0808843333333333,72430.66,70708.39333333333,61.6589570771102,59.61738260218226,1.95419531613509,1.8656386573647563,47.8591536148997,48.26782704699837
FRA,France,2014,4.039648,2392826743357.49,2379000516710.67,13.4,12.100000000000001,1.1440293,1.1298423666666666,5.45712098979101,5.5275530109163995,33461592993.8228,36870689146.09137,59.8487586975098,57.79449971516927,1.16824,1.1301466666666669,73455.58,72195.97666666667,61.8192338733962,61.36127547738233,0.863715497861804,1.643169588582298,47.4024408546966,47.55317997363763
FRA,France,2015,3.967303,2416703156974.4,2394598555999.9937,13.2,12.966666666666669,1.0322133,1.1042704666666667,4.93048874498212,5.31570245694573,5063648998.48313,23823301770.059376,61.5104789733887,59.756083170572936,1.131237,1.150982,73314.26,73066.83333333333,62.1992669379507,61.892485962819045,0.507758822937989,1.108556545644961,45.0352121657311,46.76560221177581
FRA,France,2016,3.30987,2442483452642.5,2417337784324.797,13.3,13.299999999999999,1.1137263,1.0966563,4.99116340691761,5.126257713896913,43133325471.3567,27219522487.887543,62.7859306335449,61.381722768147796,1.152599,1.150692,72732.87,73167.57,63.5046871956484,62.5077293356651,0.0375143805125181,0.4696629004374371,45.17655073785,45.871401252759235
FRA,France,2017,3.399569,2463489569347.31,2440892059654.737,14.2,13.566666666666668,1.1025649,1.0828348333333333,5.01727531627851,4.979642489392746,35623357280.0881,27940110583.309307,64.7276763916016,63.008028666178404,1.015492,1.099776,71971.68,72672.93666666666,63.3427564383351,63.01557019064473,0.183334861123764,0.24286935485809036,NaN,NaN
FRA,France,2018,3.689645,2514819204088.14,2473597408692.65,14.1,13.866666666666665,1.2328687,1.1497199666666666,5.06155143263354,5.02333005194322,43733253503.8812,40829978751.77533,65.8022308349609,64.4386126200358,1.070056,1.0793823333333334,70699.91,71801.48666666666,65.3958481559711,64.0810972633182,1.03228275064681,0.41771066409436397,NaN,NaN
FRA,France,2019,3.954056,2556210832760.02,2511506535398.49,15.2,14.5,1.2678981,1.2011105666666666,4.89217066506758,4.990332471326544,77493098693.2377,52283236492.402336,67.5435180664062,66.02447509765624,1.194083,1.0932103333333334,69234.08,70635.22333333333,66.8022607812266,65.18028845851093,1.85081508315492,1.0221442316418314,NaN,NaN
FRA,France,2020,3.529052,2608036638906.12,2559688891918.0938,15.5,14.933333333333332,1.4571643,1.3193103666666668,4.79214044818249,4.915287515294537,53499337503.7413,58241896566.9534,67.7331314086914,67.02629343668616,1.304874,1.189671,68294.1,69409.36333333333,66.4289771741449,66.20902870378087,1.10825492288293,1.3304509188948865,NaN,NaN
FRA,France,2021,2.559317,2413981867676.36,2526076446447.5,16.8,15.833333333333334,1.2588514,1.3279712666666665,4.24677642127474,4.643695844841603,19368829836.4654,50120422011.14813,68.8709411621094,68.049196879069,1.288937,1.2626313333333334,67560.3,68362.82666666668,58.8388907240647,64.02337622647873,0.476498852725065,1.1451896195876383,NaN,NaN
FRA,France,2022,1.679969,2580120255051.75,2534046253878.0767,16.2,16.166666666666668,1.2843889,1.3334681999999998,4.66820869200128,4.5690418538195035,98012545019.163,56960237453.12323,69.9397888183594,68.84795379638673,0.9031815,1.1656641666666667,69471.16,68441.85333333335,63.788482630872,63.01878350969387,1.64233141038393,1.0756950619973082,NaN,NaN
FRA,France,2023,2.193091,2650215998256.03,2548106040328.0464,NaN,NaN,1.2688944,1.2707115666666666,4.51246828877731,4.475817800684443,112295479269.655,76558951375.09447,71.5107269287109,70.1071523030599,0.5840799,0.9253994666666667,65888.42,67639.96,75.9630077981996,66.1967937177121,5.22236748369725,2.4470659156020815,NaN,NaN
GAB,Gabon,2005,0.002013693,10163064451.2538,10042715980.01174,85.8,83.06666666666666,-0.625024,-0.358401033333333,4.66035316321154,4.927767616952949,313970792.039638,138265884.79103875,NaN,NaN,NaN,NaN,32.45,29.743333333333336,81.7675371418698,82.27640896170777,0.40820530743925,0.8934137774505833,20.9543763418147,24.199807074332366
GAB,Gabon,2006,0.001217878,10435048720.8443,10230526277.179565,85.2,84.86666666666666,-0.4182339,-0.4420414,4.36742182241825,4.77974578348111,326161877.897877,246599607.98695186,NaN,NaN,2.434438,NaN,48.89,36.080000000000005,83.9495998399241,82.0065817291417,3.70833333333304,2.11729725876255,20.1624196767743,21.56301988850443
GAB,Gabon,2009,0.0009582399,10395827037.7727,10429847342.174767,87.3,86.93333333333334,-0.4264347,-0.48691179999999995,3.43403798590695,3.5145074404581536,693511288.988999,538708288.7259507,NaN,NaN,1.1553352666666665,1.5567666333333332,41.52,38.946666666666665,88.9988725945748,87.59358700482817,5.26430145575285,2.9617396421808535,17.0803648682296,17.928198066478263
GAB,Gabon,2011,0.0009383284,11147389066.6347,10650864046.657534,85.8,87.0,-0.411489899999999,-0.4338989333333327,3.46431347786676,3.3926225908610133,523939106.191844,617708450.6763983,NaN,NaN,0.7127806999999999,0.8740066222222221,42.93,44.96666666666667,89.1576627248353,87.22037091432458,1.46154402720469,2.8705176762455733,18.8862012255762,17.4648488697201
GAB,Gabon,2013,0.002308509,12564804521.2615,11883375997.0917,75.5,80.33333333333333,-0.5270081,-0.48578579999999966,3.1891467218658,3.30649365249435,677327365.545557,774934463.5741237,NaN,NaN,1.7945632500000002,1.0596671500000001,50.52,50.21,92.3428089420545,90.66628300000737,2.65241828695626,1.7924264641783865,30.8224882045986,25.315276428928936
GAB,Gabon,2014,0.001175281,13273296028.5793,12592011651.073233,82.2,79.13333333333333,-0.6584268,-0.5680980999999999,3.17695376880692,3.210707082807737,324032442.445876,708298908.9921345,NaN,NaN,2.917469,1.7945632500000002,54.08,53.92666666666667,90.6350361478645,91.15874080768377,0.505441058915615,1.4737254747486948,22.0287327083771,26.3627869231959
GAB,Gabon,2015,0.002367536,13846034032.3711,13228044860.737299,81.3,79.66666666666667,-0.6875047,-0.6243131999999999,3.16776342891399,3.177954639862237,1263109047.12989,754822951.7071077,NaN,NaN,1.615659,2.1092304166666667,60.1,54.900000000000006,73.5203290162438,85.49939136872094,4.69045751826284,2.6161056213782383,22.4601927155325,25.10380454283607
GBR,United Kingdom,1999,3.719804,2150801957623.71,2073408147095.6165,1.0,0.9666666666666667,1.8835992,1.8084196,9.35942825449444,9.49775580818289,109817612847.492,64514039355.52161,NaN,NaN,0.7918656,0.7840062,74207.66,73563.71666666667,49.1409088914683,50.63435987314303,1.82056163731557,2.291162378800627,86.7614622234012,87.01246632987863
GBR,United Kingdom,2000,3.363356,2214131432953.5,2149369637442.6833,0.9,0.9666666666666667,1.9027459,1.8649215666666665,9.27036024696031,9.33503213644678,129891584490.273,97007011240.52856,NaN,NaN,0.82763,0.7859285666666667,73334.16,73897.63,49.4683905163429,49.7712870820641,1.7529508005142,1.92488519097953,87.229523885047,86.90274560103813
GBR,United Kingdom,2001,3.301938,2314307169243.88,2226413519940.3633,1.0,0.9666666666666667,1.9218926,1.9027459,9.37230154582975,9.334030015761499,164130335444.122,134613177593.96234,57.365119934082,NaN,0.7699285,0.7964747,77969.06,75170.29333333333,52.3380212335903,50.31577354713384,1.18295624210408,1.58548955997795,88.3951939695651,87.46206002600444
GBR,United Kingdom,2002,3.121246,2369642769659.08,2299360457285.487,0.8,0.9,1.9211833,1.9152739333333333,9.52500193970965,9.38922124416657,56090924808.7937,116704281581.06291,57.4873008728027,NaN,0.7675297,0.7883627333333334,74398.12,75233.78,52.6342367336438,51.48021616119234,1.53234960272418,1.4894188817808203,87.811993808683,87.81223722109837
GBR,United Kingdom,2003,3.158187,2410140612988.09,2364696850630.35,1.0,0.9333333333333332,1.920474,1.9211833,9.21604321231769,9.371115565952364,89760582753.2234,103327281002.04637,61.1282196044922,58.66021347045896,0.7927248,0.7767276666666666,75375.88,75914.35333333333,51.2361820991323,52.06948002212213,1.52040245947455,1.4119027681009368,87.8018339118133,88.00300723002049
GBR,United Kingdom,2004,2.993837,2487711377293.16,2422498253313.4434,0.9,0.9,1.8697018,1.9037863666666668,9.40083618149317,9.380627111173505,36011240472.8341,60620916011.617065,61.4559707641602,60.02383041381837,0.8405414,0.8002653,77151.46,75641.82,50.0681187039704,51.31284584558217,1.37650038542013,1.4764174825396201,88.059169969334,87.89099922994343
GBR,United Kingdom,2005,2.802434,2545576004983.01,2481142665088.0864,1.1,1.0,1.9029927,1.8977228333333336,9.35478076788979,9.323886720566884,87059621382.2838,70943814869.4471,59.4526710510254,60.678953806559264,0.8637035,0.8323232333333334,80815.73,77781.02333333333,50.2885521756133,50.53095099290533,1.39039756680422,1.4291001372329666,88.5472249810652,88.13607628740415
GBR,United Kingdom,2006,2.995133,2616614241852.83,2549967208043.0,1.4,1.1333333333333333,1.8447986,1.8724977000000003,9.2634507993102,9.339689249564387,252653397148.111,125241419667.74297,59.2745018005371,60.06104787190757,0.8681235,0.8574561333333334,86341.25,81436.14666666667,52.5442740383211,50.96698163930159,2.0891364902507,1.6186781474916832,88.0812118335469,88.22920226131536
GBR,United Kingdom,2007,2.990303,2673913418491.85,2612034555109.23,1.6,1.3666666666666665,2.0036658,1.9171523666666666,9.20229684969568,9.273509472298556,203636431868.244,181116483466.21292,59.1907196044922,59.30596415201823,0.9290707,0.8869659,89912.02,85689.66666666667,56.7047791729812,53.179201795638534,2.4556616643929,1.9783985738159398,88.5507810702244,88.39307262827883
GBR,United Kingdom,2008,3.09139,2752283449984.53,2680937036776.4033,1.8,1.6000000000000003,1.892217,1.9135604666666666,8.97579081257711,9.147179487194329,209514959646.908,221934929554.421,58.8450889587402,59.103436787923165,0.9170617,0.9047519666666668,92537.3,89596.85666666667,52.7493524964733,53.99946856925853,2.38656150773327,2.31045322079229,89.5690856512095,88.73369285166028
GBR,United Kingdom,2009,3.020571,2750923500693.34,2725706789723.2397,2.4,1.9333333333333336,1.7274858,1.8744561999999998,8.63835719565399,8.93881495264226,253454117907.321,222201836474.15768,57.4309883117676,58.488932291666664,0.9436055,0.9299126333333333,92751.47,91733.59666666668,56.4365501052604,55.296893924904964,3.52140856342539,2.7878772451838536,89.9598793717778,89.3599153644039
GBR,United Kingdom,2010,2.889065,2624727410659.64,2709311453779.17,3.0,2.4,1.5391758,1.7196261999999998,7.76330695463938,8.45915165429016,14547108445.0914,159172061999.77347,59.101131439209,58.4590695699056,0.9540592,0.9382421333333334,95006.68,93431.81666666667,54.6537301085991,54.61321090344427,1.96173173560109,2.6232339355865832,87.4117429154334,88.98023597947356
GBR,United Kingdom,2011,2.992245,2684060544650.54,2686570485334.5063,3.2,2.8666666666666667,1.5460857,1.6042490999999999,7.97797355319206,8.12654590116181,66734551294.0913,111578592548.83458,59.8467292785645,58.7929496765137,0.9765473,0.9580706666666666,95150.46,94302.87,59.0511802227821,56.7138201455472,2.49265472467065,2.6585983412323766,88.0471564659239,88.47292625104502
GBR,United Kingdom,2012,2.830283,2706913649065.85,2671900534792.0103,4.0,3.4,1.5667449,1.5506687999999997,7.25917227971883,7.66681759585009,27012050072.3452,36097903270.5093,59.3426704406738,59.43017705281577,1.003818,0.9781415,96414.12,95523.75333333334,63.3240615708901,59.009657300757105,3.8561124468282,2.770166302366647,85.5149021890224,86.99126719012656
GBR,United Kingdom,2013,2.926574,2748282336997.97,2713085510238.12,4.2,3.7999999999999994,1.6452124,1.5860143333333332,7.55583494216069,7.597660258357192,46750789727.7263,46832463698.05427,59.1535682678223,59.447655995686866,1.018808,0.9997244333333333,98685.19,96749.92333333334,61.9688704472535,61.448037413641906,2.5732347965453,2.974000656014717,85.521340980268,86.36113321173809
GBR,United Kingdom,2014,2.980794,2795510733841.06,2750235573301.627,5.2,4.466666666666667,1.7276964,1.6465512333333334,7.33126023168431,7.382089151187944,54473175400.2415,42745338400.10433,56.7794799804688,58.4252395629883,1.020114,1.0142466666666667,99858.85,98319.38666666667,61.7195395154583,62.337490511200635,2.29166666666659,2.90700463668003,84.2622069916402,85.09948338697687
GBR,United Kingdom,2015,2.978953,2883853723651.98,2809215598163.67,6.6,5.333333333333333,1.7334142,1.7021076666666666,6.66445837202105,7.18385118195535,58890445252.7139,53371470126.8939,56.5240287780762,57.485692342122434,1.042553,1.0271583333333334,99810.65,99451.56333333334,58.8210228333296,60.83647759868047,1.45112016293279,2.1053405420482267,82.9732271356392,84.25225836918247
GBR,United Kingdom,2016,2.62274,2945579890258.46,2874981449250.5,7.7,6.5,1.8137278,1.7582794666666668,6.38957565142576,6.7950980850437075,45333483122.0899,52899034591.68176,56.4461288452148,56.5832125345866,1.075443,1.0460366666666665,101175.14,100281.54666666668,57.125044605439,59.22186898474231,0.36804684232536,1.37027789064158,80.0887890113877,82.44140771288903
GBR,United Kingdom,2017,2.432212,3010574705731.3,2946669439880.58,7.7,7.333333333333333,1.6810285,1.7427234999999996,5.97285960339598,6.342297875614264,324813224213.021,143012384195.94162,58.083869934082,57.018009185790994,0.9963927,1.0381295666666668,101572.0,100852.59666666668,59.8395315138259,58.595199650864835,1.0084173681141,0.9425281244574166,NaN,NaN
GBR,United Kingdom,2018,2.45723,3101591068534.48,3019248554841.4126,8.8,8.066666666666666,1.6694233,1.7213931999999998,5.77133371736955,6.044589657397097,125358809934.12,165168505756.4103,59.6282081604004,58.052735646565736,0.9396062,1.0038139666666666,102026.8,101591.31333333334,63.1899245764158,60.05150023189356,2.55775577557747,1.3114066620056433,NaN,NaN
GBR,United Kingdom,2019,2.473412,3149707010747.53,3087290928337.7695,10.2,8.9,1.6748823,1.6751113666666668,5.64018313747379,5.79479215274644,-25055440306.9073,141705531280.0779,61.1377716064453,59.6166165669759,0.9774395,0.9711461333333333,102782.03,102126.94333333334,64.9097721959201,62.6464094287206,2.29283990345938,1.9530043490503166,NaN,NaN
GBR,United Kingdom,2020,2.348473,3189276748351.15,3146858275877.72,11.4,10.133333333333335,1.7134917,1.6859324333333332,5.38807912233045,5.599865325724597,19790761929.1276,40031377185.44677,65.5119934082031,62.09265772501627,0.9973071,0.9714509333333333,103937.96,102915.59666666666,65.0035664177054,64.36775439668044,1.73810460086513,2.1962334266339933,NaN,NaN
GBR,United Kingdom,2021,1.863642,2868821517197.41,3069268425432.03,13.6,11.733333333333334,1.6013639,1.6632459666666666,4.78988972791562,5.272717329239954,157185559299.989,50640293640.73644,69.4076614379883,65.35247548421223,0.9749501,0.9832322333333333,104648.2,103789.39666666667,59.1598893030611,63.02440930556221,0.989486703772491,1.673477069365667,NaN,NaN
GBR,United Kingdom,2022,1.691451,3113908148054.35,3057335471200.97,12.2,12.399999999999999,1.600758,1.6385378666666668,5.04470918428281,5.0742260115096265,102431564639.492,93135961956.20288,76.7543563842773,70.55800374348956,0.8053103,0.9258558333333333,109939.22,106175.12666666666,58.53838629291,60.90061400455883,2.51837109614213,1.7486541335932504,NaN,NaN
GBR,United Kingdom,2023,1.668825,3274265196937.19,3085664954062.983,NaN,NaN,1.6491931,1.6171049999999998,4.80733240636649,4.880643772854973,92776358059.3492,117464493999.61006,79.7695083618164,75.31050872802733,0.7254696,0.8352433333333334,105583.93,106723.78333333333,69.1989264413981,62.29906734578973,7.92204883147902,3.8099688771312135,NaN,NaN
GEO,Georgia,1999,0.01629301,6075968327.9871,5767119633.620399,47.5,44.9,-0.8405581,-0.9338345499999949,1.29312162978334,1.4068442393237766,265300000.0,NaN,42.83203506469725,44.61215464274088,3.013904,2.7938240000000003,243.6,239.73999999999998,53.5666693215985,52.33876143353913,3.56680781278783,16.67064181366323,59.1324308712587,59.84212481962297
GEO,Georgia,2001,0.007167303,6365211520.66238,6230454717.89732,47.2,48.13333333333333,-0.651110299999999,-0.7458341999999996,1.27849706080084,1.2492015962976168,131466678.34,159688892.78,40.6597099304199,40.65812174479165,2.799709,3.4708926666666664,262.72,251.22333333333336,62.6613956413099,57.793313096785205,4.06396201382596,8.941148549501097,59.0064252309834,57.94350160320867
GEO,Georgia,2002,0.01525852,6671206249.59299,6428867358.432617,53.1,50.0,-0.7524369499999994,-0.7164604833333327,0.966228100876525,1.1402370866620115,109871635.49,107879437.94333333,41.7714691162109,40.30459976196287,1.000353,2.799709,231.08,247.05000000000004,63.3299250824094,61.04773168372217,4.64604442058634,9.300894085433933,55.0847258006662,56.59426657967783
GEO,Georgia,2003,0.001614361,7036389739.95908,6690935836.738151,56.8,52.366666666666674,-0.8537636,-0.7524369499999994,0.903226455096939,1.0493172055914346,160398660.46,133912324.76333332,44.0944595336914,42.1752128601074,2.864806,2.2216226666666667,258.71,250.83666666666667,71.6291255364807,65.87348208673333,5.58783730000794,4.765947911473414,49.5855823128478,54.55891111483246
GEO,Georgia,2004,0.0008701327,7814405534.92863,7174000508.1602335,55.3,55.06666666666666,-0.627920599999999,-0.7447070499999994,1.00105371411451,0.9568360900293246,334891041.62,201720445.85666668,45.2726097106934,43.71284612019857,0.4114665,1.4255418333333332,252.78,247.52333333333334,77.6333765369391,70.8641423852764,0.837734531536568,3.690538750710283,52.1405444779906,52.2702841971682
GEO,Georgia,2005,0.006041079,8267069270.18365,7705954848.35712,54.5,55.53333333333333,-0.5058687,-0.662517633333333,1.09804600569342,1.0007753916349562,492732940.01,329340880.69666666,44.4988403320312,44.621969858805336,0.1383501,1.1382075333333335,314.64,275.3766666666666,79.0407459055607,76.10108265966016,5.65632636191132,4.027299397818609,53.7682575254446,51.831461438761
GEO,Georgia,2006,0.01948605,9059975319.60238,8380483374.904887,41.5,50.43333333333334,-0.3366145,-0.4901345999999997,1.27593582421795,1.1250118480086266,453107292.01,426910424.5466666,49.7896995544434,46.520383199056006,1.217219,0.5890118666666667,423.6,330.34,84.5295975354749,80.40123999265823,8.24709043114158,4.913717108196489,64.4076475508237,56.772149851419634
GEO,Georgia,2007,0.008348361,9913559155.90151,9080201248.562513,37.2,44.4,0.1418185,-0.23355489999999998,1.46419894921769,1.27939359304302,1171394522.25,705744918.09,42.33203125,45.54019037882487,3.041937,1.4658353666666668,441.69,393.30999999999995,89.125374368197,84.23190593641087,9.16096508394497,7.688127292332624,70.399977151229,62.85862740916576
GEO,Georgia,2008,0.003206053,11160245709.6589,10044593395.054262,36.2,38.300000000000004,0.4072045,0.07080283333333336,1.70871244130422,1.4829490715799534,1892093991.1,1172198601.7866666,41.5539588928223,44.558563232421896,1.160111,1.8064223333333331,357.88,407.72333333333336,88.3934140686603,87.3494619907774,9.24489745592404,8.88431765700353,70.6830053691647,68.4968766904058
GEO,Georgia,2009,0.00215604,11430503827.9115,10834769564.490637,36.3,36.56666666666667,0.5765405,0.3751878333333334,1.47617910488095,1.5496968318009534,1602232455.97,1555240323.1066666,38.640739440918,40.8422431945801,0.7283812,1.6434764,409.08,402.8833333333334,86.2982243681487,87.93900426833534,9.99948761552747,9.468450051798827,66.7833304421081,69.2887709875006
GEO,Georgia,2010,0.007080501,11013204446.9733,11201317994.8479,36.7,36.4,0.5740788,0.5192746,1.69653622216123,1.6271425894488,660800885.27,1385042444.1133332,28.6668605804443,36.2871863047282,0.6933479,0.8606133666666667,440.68,402.5466666666666,78.1930390303569,84.2948924890553,1.7275146113791,6.9906332276102034,66.9876694364067,68.15133508255984
GEO,Georgia,2011,0.00117291,11701134202.5253,11381614159.136702,39.1,37.36666666666667,0.64397,0.5981964333333334,1.66699456914275,1.6132366320616434,920915812.73,1061316384.6566668,32.7360912804725,33.3478971006116,1.718733,1.0468207,344.56,398.1066666666666,81.6733870603639,82.05488348628982,7.11017897486099,6.279060400589185,64.6984762219457,66.15649203348683
GEO,Georgia,2012,0.004586104,12629541567.4316,11781293405.643402,31.5,35.766666666666666,0.715806,0.6446182666666668,2.01914524945287,1.7942253469189497,1170087549.5,917268082.5,35.9205541584628,32.44116867312653,0.5075165,0.9731991333333334,479.16,421.4666666666667,85.4659350932986,81.77745372800645,8.5429333333333,5.793542306524464,72.7574950293429,68.14788022923176
GEO,Georgia,2013,0.002253545,13460417765.6957,12597031178.550867,28.7,33.1,0.6933446,0.6843735333333334,2.21884676178385,1.9683288601264899,968196197.63,1019733186.62,33.6164699594408,34.09103846612536,1.34239,1.1895464999999998,452.71,425.4766666666667,89.7348800946338,85.62473408276543,-0.943658853270964,4.903151151641109,74.4547473085834,70.636906186624
GEO,Georgia,2014,0.000783521,14151325572.1376,13413761635.0883,32.4,30.866666666666664,0.7283063,0.7124856333333334,2.46103202330063,2.23300801151245,1046562195.15,1061615314.0933332,40.5870663959566,36.70803017128674,0.8192892,0.8897319,470.11,467.32666666666665,93.8139137895532,89.67157632582853,-0.512058410947092,2.362405356371748,64.5893709875788,70.60053777516838
GEO,Georgia,2015,0.003551305,14730184213.8494,14113975850.5609,30.7,30.599999999999998,0.819501,0.7470506333333334,2.64568558380433,2.4418547896296032,1836879042.83,1283879145.2033334,46.3290537874173,40.1775300476049,0.2944701,0.8187164333333333,460.12,460.98,94.9506979383393,92.8331639408421,3.06881210379543,0.5376982798591247,71.3923935449501,70.14550394703743
GEO,Georgia,2016,0.007912644,15223796148.8396,14701768644.9422,27.5,30.2,0.8099349,0.7859140666666667,2.8580432698141,2.6549202923063535,1735307118.63,1539582785.5366666,51.9050659422441,46.27372870853933,0.9995307,0.70443,490.4,473.54333333333335,97.0163115086257,95.26030774550607,4.00357820695097,2.1867772999331025,73.9831016961049,69.98828874287793
GEO,Georgia,2017,0.001791113,15749049874.5344,15234343412.4078,27.2,28.46666666666667,0.9448319,0.8580892666666667,2.95779616660474,2.8205083400743898,1659824033.37,1744003398.2766666,58.1988080034057,52.1443092443557,1.748094,1.0140316,592.01,514.1766666666666,94.9262528383443,95.63108742843644,2.13492713939121,3.0691058167125367,NaN,NaN
GEO,Georgia,2018,0.005854962,16561685511.0983,15844843844.824102,27.5,27.400000000000002,0.9415641,0.8987769666666666,2.99648283639181,2.93744075760355,1930381394.76,1775170848.92,63.535040959252,57.87963830163394,1.007582,1.2517355666666667,542.95,541.7866666666667,102.584277697146,98.17561401470535,6.03531725272117,4.05794086635445,NaN,NaN
GEO,Georgia,2019,0.002092532,17565660917.3341,16625465434.322266,27.4,27.366666666666664,0.8011622,0.8958527333333334,2.98855589984192,2.9809449676128232,1304024907.7,1631410111.9433334,66.747813990461,62.8272209843729,2.014943,1.5902063333333334,548.01,560.99,109.847740556266,102.45275703058543,2.6152447139767,3.595163035363027,NaN,NaN
GEO,Georgia,2020,0.002909006,18510819818.4957,17546055415.6427,24.7,26.53333333333333,0.8781482,0.8736248333333334,3.20488817553864,3.0633089705907897,1397879177.29,1544095159.9166667,69.6463934713126,66.64308280700853,1.01813,1.346885,621.16,570.7066666666667,117.810080239714,110.08069949770868,4.85289821696723,4.5011533945550335,NaN,NaN
GEO,Georgia,2021,0.007738441,17346401920.57,17807627552.133266,23.4,25.166666666666668,0.8062149,0.8285084333333333,3.1000484592432,3.0978308448745864,557173503.19,1086359196.0600002,71.8064531290391,69.40022019693757,0.9137076,1.3155935333333335,619.47,596.2133333333334,92.8910841752194,106.8496349903998,5.2024648897534,4.223535940232444,NaN,NaN
GEO,Georgia,2023,0.002312085,21296041913.2144,19278412435.350803,NaN,NaN,0.7730594,0.8074605666666667,3.62639535278365,3.351566290849393,2257736899.85,1368380844.6699998,79.3253367493498,76.12070031550518,NaN,NaN,598.53,625.1166666666667,114.695437688718,103.06247647094914,11.8981654203198,8.889181549440297,NaN,NaN
GHA,Ghana,2003,0.001614361,21816974338.743,20922989671.001766,65.7,68.86666666666666,-0.7400067,-0.43130344999999953,0.370502978669703,0.3331364335024653,58930000.0,104716666.66666667,NaN,NaN,2.1337360000000003,2.9056870000000004,148.88,135.09666666666666,97.4892431746551,107.86117583281138,9.36093239560313,30.370453935773373,35.92000165513,32.076738650517406
GHA,Ghana,2005,0.007047926,24236738625.149,23001723332.429398,62.4,64.2,-0.4937082,-0.6434082333333334,0.307147817356431,0.3387069986645626,139270000.0,111650333.33333333,NaN,NaN,1.9261545,1.807225166666667,173.48,157.20000000000002,99.6703343472122,98.1489077452735,18.0427388232565,19.05888364496601,37.09842644159,36.4945950122516
GHA,Ghana,2006,0.0009134088,25666707129.5251,24284967596.023434,61.4,62.76666666666667,-0.2995163,-0.49657809999999997,0.316524627476198,0.3207142149333943,144970000.0,140330333.33333334,5.35099983215332,NaN,2.490524,1.9261545,189.04,170.58666666666667,98.1715141146279,98.3763313919311,15.4389920155908,21.08490351829523,37.6398689633033,37.06788411497604
GHA,Ghana,2007,0.001669672,27309353954.6989,25737599903.124332,58.6,60.800000000000004,-0.085492,-0.2929055,0.375018955585641,0.3328971334727567,636010000.0,306750000.0,4.7728099822998,NaN,0.4543886,1.6236890333333334,188.01,183.51,64.5190542439152,87.45363423525176,11.6791839392492,15.0536382593655,42.7186495689126,39.15231499126863
GHA,Ghana,2008,0.002671711,28496442169.6902,27157501084.638065,54.5,58.166666666666664,-0.0650193999999999,-0.1500092333333333,0.385855356837638,0.35913297996649235,1383177929.85458,721385976.6181933,5.92381000518799,5.349206606547036,1.244681,1.3965312,234.56,203.87,65.3543222852532,76.0149635479321,10.7342665456292,12.617480833489735,46.1390644215435,42.165860984586466
GHA,Ghana,2010,0.002499,32610629348.5193,30736960283.666836,51.9,54.56666666666666,0.005539,-0.029451699999999966,0.398915417913382,0.3805101106904236,2372540000.0,2156878091.1847863,8.29780006408691,7.37842003504435,1.7336195,1.5016321666666668,307.36,265.59,71.5947385281523,68.82109547484964,19.2469482220857,15.491951460375631,45.8162917155859,44.06487055563773
GHA,Ghana,2012,0.002293052,40129504915.3457,35975636464.30224,50.1,51.300000000000004,-0.0260614999999999,-0.009282533333333268,0.459557752784739,0.431764556200682,3247588000.0,2715826000.0,11.2824466895305,9.790123376808705,1.966856,1.8803728333333332,409.64,357.4333333333334,86.2954538549695,77.75600272493473,8.7284593709302,12.902932476169132,49.8559007418416,48.15099361646727
GHA,Ghana,2013,0.001038829,43858655296.9198,39724978447.1024,46.5,49.5,-0.0164951,-0.016627233333333265,0.541462365829504,0.47928020550605593,3294520000.0,3023152666.6666665,11.4938894891938,10.855486518511,1.993069,1.966856,514.3,426.41333333333336,93.1680351286831,84.94710159177833,11.1863409441067,10.216063383509466,51.2632964298526,49.96666185455617
GHA,Ghana,2014,0.004975358,47065830437.531,43684663549.93217,46.2,47.6,-0.0348948,-0.025817133333333298,0.562243171221352,0.5210877632785317,3227000000.0,3256369333.3333335,13.4205396326832,12.065625270469168,0.9337158,1.6312136,580.35,501.43,60.7593219028775,80.07427029551003,11.6661923071729,10.5269975407366,53.0217178703547,51.3803050140163
GHA,Ghana,2015,0.0007891788,48410143589.6826,46444876441.3778,47.7,46.800000000000004,-0.1382604,-0.06321676666666666,0.529042716262329,0.5442494177710616,3363389444.44444,3294969814.814813,15.0809451652103,13.331791429029101,5.155496,2.6940936,623.17,572.6066666666667,63.8365624430783,72.58797315821296,15.4896160333318,12.780716428203798,52.6743906404964,52.31980164690123
GHA,Ghana,2016,0.001130378,49436806230.4839,48304260085.89917,44.0,45.96666666666667,-0.1261719,-0.09977570000000001,0.543997874552012,0.545094587345231,3192320530.7897,3260903325.078047,15.5618871637579,14.6877906538838,0.5933722,2.227528,786.31,663.2766666666666,76.5212709243242,67.03905175676,17.1499695007878,14.768592613764168,52.7763309052231,52.82414647202473
GHA,Ghana,2017,0.001074668,51104539956.3997,49650496592.18874,45.2,45.63333333333333,-0.2411721,-0.16853479999999998,0.546382156439567,0.5398075824179693,3485333369.27963,3347014448.171257,15.606270735823,15.416367688263733,1.406009,2.3849590666666667,1008.0,805.8266666666667,67.8769994445865,69.41161093732966,17.4546347070868,16.698073413735468,NaN,NaN
GHA,Ghana,2019,0.001569399,58684861220.5087,55016058488.595795,42.1,44.20000000000001,-0.168820499999999,-0.19117329999999966,0.621997458350585,0.5824339125365613,2989035000.0,3243119456.4265437,15.9045597520982,15.905799970842466,1.307758,1.3275246666666667,1363.5,1162.6933333333334,67.9585174644902,68.79462739982944,7.80876516610703,12.545107141299544,NaN,NaN
GHA,Ghana,2020,0.001939337,62503939826.8611,58815858445.41626,42.6,43.333333333333336,-0.1935344,-0.17529406666666633,0.648665525979844,0.616528369049987,3879831469.7,3374618823.2333336,17.3607250095097,16.490618062071366,1.346709,1.307758,1656.45,1378.8433333333332,76.824802732152,71.7772284956846,7.14364003330857,9.108108916706799,NaN,NaN
GHA,Ghana,2022,0.003593658,66014472471.1465,63781195305.80776,39.0,40.53333333333333,-0.1880837,-0.18058133333333334,0.753155149511826,0.70713324907678,2533586462.03873,2763066961.7359266,19.2005186528071,18.391745840577435,2.005911,1.6352796666666667,2559.56,2097.5099999999998,62.7078309128346,68.70271078707657,9.9710886750444,9.00067275701747,NaN,NaN
GHA,Ghana,2023,0.003468128,68526224001.2217,65788623363.92797,NaN,NaN,-0.1621235,-0.17011103333333333,0.717599050497581,0.7301110905826924,1428411737.133,1945927050.8802598,20.44559258931,19.4200350338442,2.458603,2.0059109999999998,3075.26,2570.4466666666667,70.1154557958907,66.46626180832281,31.2558951049016,17.03809111421515,NaN,NaN
GIB,Gibraltar,2000,0.002845112,NaN,NaN,0.0,0.0,NaN,NaN,11.7615195724397,11.291615015418733,NaN,NaN,NaN,NaN,NaN,NaN,NaN,NaN,NaN,NaN,NaN,NaN,82.5421898107702,82.0593914579779
GIB,Gibraltar,2002,0.001307873,NaN,NaN,0.0,0.0,NaN,NaN,12.6550240445457,12.243410770063266,NaN,NaN,NaN,NaN,3.51666905,NaN,NaN,NaN,NaN,NaN,NaN,NaN,NaN,NaN
GIB,Gibraltar,2009,0.00143736,NaN,NaN,0.0,0.0,NaN,NaN,14.17485943511,14.197689040965301,NaN,NaN,NaN,NaN,2.835909157142857,2.430031314285714,NaN,NaN,NaN,NaN,NaN,NaN,NaN,NaN
GIB,Gibraltar,2013,0.001154255,NaN,NaN,0.0,0.0,NaN,NaN,14.6304911174248,14.776389899222531,NaN,NaN,NaN,NaN,6.827726,5.632413,NaN,NaN,NaN,NaN,NaN,NaN,NaN,NaN
GIB,Gibraltar,2014,0.002350563,NaN,NaN,0.0,0.0,NaN,NaN,15.4225938840374,14.852397043022668,NaN,NaN,NaN,NaN,8.023039,6.827726000000001,NaN,NaN,NaN,NaN,NaN,NaN,NaN,NaN
GIB,Gibraltar,2015,0.001183768,NaN,NaN,0.0,0.0,NaN,NaN,16.3746076250267,15.475897542162969,NaN,NaN,NaN,NaN,2.062544,5.637769666666666,NaN,NaN,NaN,NaN,NaN,NaN,NaN,NaN
GIB,Gibraltar,2016,0.001130378,NaN,NaN,0.0,0.0,NaN,NaN,17.6904769077818,16.4958928056153,NaN,NaN,NaN,NaN,1.780117,3.9552333333333336,NaN,NaN,NaN,NaN,NaN,NaN,NaN,NaN
GIB,Gibraltar,2017,0.002149336,NaN,NaN,0.0,0.0,NaN,NaN,18.1918117535207,17.4189654287764,NaN,NaN,NaN,NaN,2.218036,2.0202323333333334,NaN,NaN,NaN,NaN,NaN,NaN,NaN,NaN
GIB,Gibraltar,2022,0.002156195,NaN,NaN,0.0,0.0,NaN,NaN,17.4073471159585,18.43179373915127,NaN,NaN,NaN,NaN,3.9823394,3.6068048000000004,NaN,NaN,NaN,NaN,NaN,NaN,NaN,NaN
GRC,Greece,1999,0.03747393,181968090540.634,175897932451.1,7.6,7.933333333333333,0.6535704,0.50985165,8.26968197125715,8.067625191964433,71200000.0,704400000.0,NaN,NaN,1.3405,1.4276013333333333,4572.31,4349.363333333334,42.4898959577488,39.583124624582204,4.76622572397645,6.165593522679518,93.9634106954901,93.6081256948741
GRC,Greece,2000,0.05216039,186806231970.762,181565364896.66232,8.0,7.866666666666667,0.7312946,0.6315722166666666,8.2611684512983,8.174177735328852,82701091.4183122,379300363.806104,NaN,NaN,0.7839478,1.3403662666666667,4573.08,4519.07,48.1760370261319,43.36816054559634,2.6366330602198,4.3129538173103565,94.057076426285,93.80629466479759
GRC,Greece,2001,0.06348182,194535950663.831,187770091058.40903,7.8,7.8,0.8090188,0.7312946,8.89024680060945,8.4736990743883,-8195469.28845515,48568540.709952354,52.6726303100586,NaN,1.17867,1.1010392666666666,5285.59,4810.326666666667,59.1126577488086,49.92619691089643,3.15118162493827,3.5180134697115064,94.3886036178297,94.13636357986826
GRC,Greece,2002,0.05275089,203582678904.899,194974953846.4973,7.1,7.633333333333333,0.8665522999999999,0.8022885666666667,9.03332789548129,8.728247715796346,2001266.562202,25502296.23068635,59.9249114990234,NaN,1.16604,1.0428859333333333,5720.28,5192.983333333333,56.8576339551067,54.71544291001573,3.37396832213865,3.0539276690989063,94.1882635056551,94.21131451658994
GRC,Greece,2003,0.07224267,213116735217.242,203745121595.32397,7.3,7.3999999999999995,0.9240858,0.8665522999999999,8.99722088251152,8.973598526200755,34180546.5370638,9328781.270270215,66.8908386230469,59.82946014404297,0.8286337,1.0577812333333334,6408.11,5804.66,50.0533371904633,55.34120963145953,3.62935871878874,3.38483622195522,93.8600266363724,94.14563125328573
GRC,Greece,2004,0.03444275,225470734593.334,214056716238.4917,7.6,7.333333333333333,0.9381859,0.909608,9.31960538320124,9.116718053731352,1408086698.6235,481422837.240922,72.9116668701172,66.57580566406251,0.9869885,0.9938873999999999,6768.16,6298.849999999999,47.8943121550822,51.6017611002174,3.53065027765554,3.5113257728609764,93.7674650901746,93.9385850774007
GRC,Greece,2005,0.1229471,237596249349.014,225394573053.1967,7.8,7.566666666666666,0.7570919,0.8731211999999999,9.27329917524567,9.196708480319478,2147927926.75839,1196731723.9729846,80.4148406982422,73.4057820638021,0.6196062,0.8117428000000001,7935.37,7037.213333333333,49.825317672568,49.257655672704495,2.89884810758167,3.35295236800865,93.5722400188684,93.73324391513847
GRC,Greece,2006,0.1411217,240408216059.142,234491733333.83,8.0,7.8,0.838431,0.8445696000000001,9.43267845080244,9.341861003083118,688484256.649083,1414832960.6769912,90.3474731445312,81.22466023763019,1.835105,1.1472332333333333,9227.1,7976.876666666667,50.3555334391407,49.358387755596965,3.5450727333508,3.3248570395293364,93.2203134477544,93.52000618559913
GRC,Greece,2007,0.1174336,255898673342.699,244634379583.61832,8.5,8.1,0.8213828,0.8056352333333333,9.29067484353055,9.332217489859552,5411403362.23117,2749271848.5462146,95.0775375366211,88.61328379313149,2.045258,1.4999897333333332,10644.78,9269.083333333334,51.1047465834807,50.42853256506313,3.19594684144543,3.2132892274593003,92.6808393896466,93.15779761875648
GRC,Greece,2008,0.04798393,264872706550.759,253726531984.19998,8.1,8.200000000000001,0.8309751,0.8302629666666667,9.59465620271688,9.439336499016624,1957124444.19442,2685670687.6915574,90.5404281616211,91.9884796142578,1.639937,1.8401000000000003,11128.2,10333.36,54.5256818189044,51.99532061384193,2.89500321516578,3.212007596654003,92.9326086541332,92.94458716384473
GRC,Greece,2009,0.08413346,265024939553.215,261932106482.22433,8.3,8.299999999999999,0.7646918,0.8056832333333332,9.19276599113492,9.35936567912745,5733447473.24928,4367325093.2249565,94.2583033243814,93.29208967420787,0.6650577,1.4500842333333335,11787.68,11186.886666666667,57.1052836264926,54.245237342959236,4.1527970811029,3.4145823792380363,92.6355471207879,92.7496650548559
GRC,Greece,2010,0.07366498,254107830646.221,261335158916.7317,9.2,8.533333333333333,0.6473105,0.7476591333333333,8.6627939796977,9.150072057849833,2766296835.47184,3485622917.6385136,97.9761784871417,94.2583033243814,1.202159,1.1690512333333334,12048.84,11654.906666666668,46.3779593986083,52.66964161466844,1.21007269197809,2.7526243294155903,92.1905329033872,92.5862295594361
GRC,Greece,2011,0.08490568,239639588360.141,252924119519.859,11.4,9.633333333333335,0.434872,0.6156247666666667,8.01145293539691,8.622337635409844,532926980.500431,3010890429.7405167,101.694053649902,97.9761784871417,1.250688,1.0393015666666667,11935.23,11923.916666666666,50.9225181997227,51.468587074941205,4.71298907760395,3.3586196168949805,90.1886980512198,91.67159269179831
GRC,Greece,2012,0.05262554,215970916413.204,236572778473.18863,11.4,10.666666666666666,0.273721,0.4519678333333334,7.75736006243731,8.14386899251064,1092191387.83038,1463805067.9342167,105.812690734863,101.82764095730222,1.438091,1.2969793333333335,11931.57,11971.88,56.2929957941907,51.1978244641739,3.3298532335065,3.084305001029513,90.6497138980801,91.00964828422902
GRC,Greece,2013,0.07442193,197978089510.093,217862864761.146,14.2,12.333333333333334,0.144625,0.284406,7.38387675666416,7.71756325149946,1662090329.838,1095736232.7229369,110.122978210449,105.87657419840467,0.8391823,1.1759871000000002,11842.68,11903.159999999998,62.3942117351318,56.53657524301507,1.50152696177758,3.18145642429601,89.9414482657562,90.25995340501869
GRC,Greece,2014,0.05179074,193479795684.276,202476267202.52432,16.6,14.066666666666668,0.2747397,0.23102856666666663,6.73744445045335,7.292893756518274,2945271844.68568,1899851187.451353,112.705833435059,109.54716746012366,1.215252,1.1641751,11775.12,11849.79,62.9547272215374,60.547311583619965,-0.921269454256899,1.3033702470090602,87.790124791457,89.46042898509778
GRC,Greece,2015,0.04052997,195012591113.587,195490158769.3187,16.4,15.733333333333334,0.1536974,0.19102070000000002,6.51907892218189,6.880133376433133,2697339246.05447,2434900473.52605,119.104209899902,113.97767384846999,0.9377509,0.9973950666666668,11537.0,11718.266666666668,66.4335364513677,63.927491802678965,-1.31226096405525,-0.24400115217818966,85.8514763736282,87.86101647694714
GRC,Greece,2016,0.05693157,194567373678.099,194353253491.98734,17.5,16.833333333333332,0.2363589,0.22159866666666664,6.41834866895798,6.558290680531073,1268938505.86333,2303849865.534493,125.2537117004395,119.02125167846684,0.7726689,0.9752239333333333,11331.18,11547.766666666668,65.2716454619318,64.88663637827896,-1.73588804765275,-1.3231394886549663,83.8825769351693,85.84139270008484
GRC,Greece,2017,0.04483753,194505511433.343,194695158741.67636,16.4,16.766666666666666,0.1504686,0.18017496666666666,6.32529541885367,6.420907669997846,2698544612.16074,2221607454.692847,131.403213500977,125.2537117004395,1.13971,0.9500432666666666,11175.8,11347.993333333332,63.6575490882866,65.12091033386203,-0.825653978391033,-1.2912676633663445,NaN,NaN
GRC,Greece,2018,0.04960071,197370820217.692,195481235109.71133,16.4,16.766666666666666,0.156796,0.18120783333333335,6.35852543809071,6.367389841967452,3439131879.75516,2468871665.9264097,135.333923339844,130.66361618042018,0.7812867,0.8978885333333334,11146.65,11217.876666666665,70.8824967397253,66.6038970966479,1.12125452031425,-0.48009583524317767,NaN,NaN
GRC,Greece,2019,0.03744635,201445880434.67,197774070695.235,17.9,16.9,0.2867976,0.19802073333333334,6.19923893694163,6.294353264628669,4025447788.57702,3387708093.49764,140.950317382812,135.89581807454434,0.8028783,0.9079583333333333,11287.46,11203.303333333335,79.2379908638706,71.25934556396084,0.62562141345364,0.307073985125619,NaN,NaN
GRC,Greece,2020,0.0558206,206033167050.895,201616622567.75232,18.5,17.599999999999998,0.4186735,0.28742236666666665,5.7354129269356,6.097725767322647,4999635989.53693,4154738552.623037,143.96272277832,140.082321166992,0.6289212,0.7376953999999999,11908.61,11447.573333333334,80.5900949510457,76.90352751821386,0.253007522038059,0.6666278186019831,NaN,NaN
GRC,Greece,2021,0.04058382,187085880047.738,198188309177.76767,20.1,18.833333333333332,0.4420625,0.3825112,4.89415483279633,5.60960223222452,3303648833.22836,4109577537.1141033,143.693344116211,142.86879475911434,0.7659861,0.7325952,12756.02,11984.029999999999,70.2937464580745,76.70727742433026,-1.24798355581405,-0.123118206774117,NaN,NaN
GRC,Greece,2022,0.0394943,203277223532.871,198798756877.168,21.5,20.033333333333335,0.3962921,0.4190093666666666,5.08222613106168,5.237264630264536,6585182436.31199,4962822419.692427,150.605484008789,146.08718363443998,0.4583459,0.6177510666666667,14749.19,13137.94,88.0126654490379,79.63216895271937,1.22382501019854,0.07628299214084966,NaN,NaN
GRC,Greece,2023,0.0370319,214502162962.972,201621755514.527,NaN,NaN,0.4212368,0.41986380000000006,5.28092585505901,5.085768939639007,8057970156.10279,5982267141.881046,166.389556884766,153.56279500325533,0.4398781,0.5547367,15105.34,14203.516666666668,108.121843229922,88.80941837901146,9.64525981280642,3.2070337557303037,NaN,NaN
GTM,Guatemala,1999,0.003258603,34419690178.0741,32871401806.667267,62.0,64.23333333333333,-0.4992453,-0.5101967,0.781208970706459,0.684499432997742,1346300000.0,684866666.6666666,NaN,NaN,5.855584,NaN,29.89,34.31333333333333,44.4237399632554,42.12288135917186,6.61346070518058,8.96776006207621,42.1850056641831,39.355772708548734
GTM,Guatemala,2004,0.001450221,40360200458.0268,39203483695.847435,64.3,63.133333333333326,-0.282426199999999,-0.28052596666666635,0.848429989776336,0.855590517765076,19488617.59936,-644667522.1882167,11.06116600036622,NaN,1.4377926800000003,1.9814337600000005,26.71,24.823333333333334,67.0023391862425,68.25872796255153,5.60347675434469,7.0073269877522035,37.0223369693145,38.988492109717164
GTM,Guatemala,2005,0.001342462,41626669983.2797,40446498362.04917,66.1,64.73333333333333,-0.363852299999999,-0.297951166666666,0.846049807759606,0.8543770696440666,321400000.0,-225369385.39406002,12.62031211853029,11.06116600036622,0.8941516,1.43779268,28.55,26.393333333333334,70.2148723581872,68.10734102296472,7.57862247309729,7.104909923417506,37.4131974902568,37.4425620748462
GTM,Guatemala,2007,0.004452459,45290956657.3132,43302665846.958565,64.7,65.33333333333333,-0.3463887,-0.38769956666666633,0.892331145358291,0.8791249857676903,635300000.0,498900000.0,15.738604354858431,14.179458236694359,1.6383415000000001,1.4475720333333333,36.47,37.25666666666667,67.9119237396616,68.41016523535083,6.56085282795384,7.7493750527477765,37.2667159282129,37.49051902791947
GTM,Guatemala,2008,0.003206053,48161370082.337,45480899213.311005,63.3,64.39999999999999,-0.3840826,-0.39444300000000004,0.930212627563353,0.907179259035606,859200000.0,678166666.6666666,17.2977504730225,15.73860435485843,1.46646,1.6383415000000001,32.06,38.42666666666667,69.0013643101763,68.00566255268053,6.82161753590326,7.4970400736831,37.5637538838883,37.5407044924633
GTM,Guatemala,2009,0.00287472,49747576364.8647,47733301034.838295,66.5,64.83333333333333,-0.3507392,-0.36040350000000004,0.829648772236357,0.8840641817193337,731386670.0,741962223.3333334,16.1975054740906,16.411286767323844,1.11104,1.4052805,36.23,34.919999999999995,65.1787305213103,67.36400619038274,11.355761126315,8.2460771633907,34.4087809609374,36.41308359101287
GTM,Guatemala,2011,0.002345821,51426471557.3669,50386289845.61933,67.1,66.3,-0.363829399999999,-0.36597099999999966,0.812345449469632,0.833390163345074,1102460180.0,777889366.6666666,15.752311204905,15.682359051384767,3.4031960000000003,2.1886666666666668,52.0,48.00333333333333,63.1251925746222,62.1148700232666,3.8595090983316,5.69145759065896,32.1561839418141,34.073889557552434
GTM,Guatemala,2019,0.002092532,68060140995.097,65909746396.42826,64.0,64.06666666666666,-0.3907315,-0.39950169999999935,1.11243324329049,1.0832946519215934,922397870.0,922176300.0,22.408968178868598,22.258434927944197,2.137432125,2.51131725,106.75,101.27666666666666,47.0116852699223,46.4846076961659,3.75186186704508,4.2082801394329366,NaN,NaN
GTM,Guatemala,2022,0.002156195,75122100458.9218,71815826609.70844,62.1,63.46666666666666,-0.385992799999999,-0.3954057333333327,1.14808238131902,1.10425607725725,3626364530.0,1933831683.3333333,NaN,NaN,3.7572123333333334,2.7603796666666667,124.03,114.32333333333334,49.2611494576228,45.3062143532269,4.26105127422813,3.7251586254292106,NaN,NaN
GTM,Guatemala,2023,0.002312085,78265598404.1417,74306116765.38219,NaN,NaN,-0.3817018,-0.38159039999999966,1.06185178214753,1.0749975491402435,1450072830.0,2026936340.0,NaN,NaN,4.754045,3.7572123333333334,121.38,123.07666666666667,54.4310384820058,48.2776491301334,6.88512823344287,4.78687337654815,NaN,NaN
HKG,"Hong Kong SAR, China",1999,0.07820646,162655211867.839,166637576413.945,0.1,0.10000000000000002,1.383087,1.3769012500000002,6.50592172624051,5.805805336740764,13939361335.8581,11922560991.9527,NaN,NaN,1.107026,0.8634812333333333,NaN,NaN,221.133284508369,233.142447824169,2.91262135922399,4.988279293987773,94.7090654389637,91.57351493397452
HKG,"Hong Kong SAR, China",2000,0.09483707,166732587569.818,167403166113.79666,0.1,0.10000000000000002,1.4469894,1.4023258833333336,6.89319609475517,6.233897609695307,25355410569.0153,16887639944.9578,NaN,NaN,0.8862208,0.8945658333333334,NaN,NaN,220.272313145342,224.94863074389298,-4.00943396226445,1.5599413702315834,96.386753438496,93.93275875181007
HKG,"Hong Kong SAR, China",2001,0.1496174,179510029573.087,169632609670.24802,0.0,0.06666666666666667,1.5108918,1.4469893999999999,6.28672168042011,6.56194650047193,70495739305.8458,36596837070.23974,NaN,NaN,0.8165795,0.9366087666666667,NaN,NaN,247.654020445592,229.68653936643432,-3.68550368550369,-1.5941054295147168,90.2527821136958,93.78286699705184
HKG,"Hong Kong SAR, China",2002,0.123812,180516832466.043,175586483202.98267,0.1,0.06666666666666667,1.72582595,1.5612357166666666,6.23399311916358,6.471303631446286,31291719644.6149,42380956506.492,NaN,NaN,1.218049,0.9736164333333335,NaN,NaN,240.848977626932,236.258437072622,-1.65816326530609,-3.117700304358076,95.7497053361106,94.12974696276746
HKG,"Hong Kong SAR, China",2003,0.1364135,183507428690.366,181178096909.832,0.1,0.06666666666666667,1.9407601,1.7258259500000002,6.07216678281757,6.197627194133754,6747855220.81764,36178438057.09278,NaN,NaN,0.8989758,0.9778680999999999,NaN,NaN,255.996457369342,248.16648514728865,-2.98313878080415,-2.775601910537977,95.0606768590198,93.6877214362754
HKG,"Hong Kong SAR, China",2004,0.1178305,189116020461.734,184380093872.71432,0.1,0.10000000000000002,2.1208781,1.9291547166666667,6.61398347893267,6.306714460304607,18567357065.233,18868977310.221848,32.2168502807617,NaN,0.9294868,1.0155038666666665,NaN,NaN,292.454655919737,263.100030305337,-2.67379679144394,-2.4383662791847267,94.0354708403181,94.94861767848283
HKG,"Hong Kong SAR, China",2005,0.1098805,205569305107.619,192730918086.573,0.1,0.10000000000000002,2.0778512,2.046496466666667,6.00745927618486,6.2312031793116995,22194238604.966,15836483630.338882,32.296459197998,NaN,0.8655521,0.8980049,NaN,NaN,326.841054589054,291.7640559593777,-0.274725274725253,-1.9772202823244476,97.5612501874424,95.5524659622601
HKG,"Hong Kong SAR, China",2006,0.09308071,220757155566.696,205147493712.01636,0.1,0.10000000000000002,2.1231917,2.107307,6.3120706863148,6.311171147144109,40963127270.6954,27241574313.631466,32.9854888916016,32.4995994567871,0.8033854,0.8661414333333334,NaN,NaN,342.689209524653,320.661640011148,0.826446280991827,-0.707358595059122,94.0722798293702,95.22300028571023
HKG,"Hong Kong SAR, China",2007,0.1174376,236282293795.638,220869584823.31766,0.1,0.10000000000000002,2.1993983,2.1334804,6.18806784209068,6.16919926819678,44901793968.8763,36019719948.17923,33.7220993041992,33.00134913126627,0.6978807,0.7889394,NaN,NaN,359.208661184248,342.9129750993184,2.00025160397534,0.8506575367473047,97.0232499407669,96.21892665252649
HKG,"Hong Kong SAR, China",2008,0.07730913,251557491446.259,236198980269.531,0.1,0.10000000000000002,2.1386548,2.1537482666666663,6.42411404941949,6.308084192608323,62121011424.0703,49328644221.214,42.6142997741699,36.44062932332357,0.9609924,0.8207528333333333,NaN,NaN,362.14946363969,354.6824447828637,2.03502713369511,1.620575006220759,95.9315589173848,95.67569622917397
HKG,"Hong Kong SAR, China",2009,0.08928742,256910422168.323,248250069136.74,0.1,0.10000000000000002,2.0805872,2.1395467666666668,6.19885596021731,6.270345950575827,67035187587.6671,58019330993.5379,55.8018608093262,44.04608662923176,0.7218052,0.7935594333333333,NaN,NaN,376.656806171877,366.00497699860506,4.30315484104921,2.7794778595732197,95.7261190051477,96.22697595443314
HKG,"Hong Kong SAR, China",2010,0.1002516,250592602004.157,253020171872.913,0.1,0.10000000000000002,1.9768332,2.0653583999999996,6.47451525929325,6.3658284229766835,54275707074.2543,61143968695.33057,56.5805511474609,51.665570576985665,0.8349304,0.8392426666666667,NaN,NaN,348.397554309339,362.4012747069687,0.579441418472608,2.3058744644056426,97.9046527856321,96.52077690272154
HKG,"Hong Kong SAR, China",2011,0.05321104,267551928313.897,258351650828.79233,0.1,0.10000000000000002,2.0142091,2.0238765,6.01174510976339,6.228372109757984,82709142976.2978,68006679212.73974,59.0325529542921,57.1383216370264,0.9185339,0.8250898333333333,NaN,NaN,404.770560908659,376.60830712995835,2.29289088604673,2.3918290485228493,95.1456025701096,96.25879145362978
HKG,"Hong Kong SAR, China",2012,0.0666896,280433768912.6,266192766410.218,0.5,0.2333333333333333,1.812245,1.9344291,6.38924712936252,6.291835832806387,96135081265.0953,77706643771.88248,60.2208370436331,58.611313715128695,0.4932434,0.7489025666666667,NaN,NaN,421.854706554386,391.67427392412804,5.3052489299392,2.7258604114861793,96.591210571672,96.5471553091379
HKG,"Hong Kong SAR, China",2013,0.1103449,285202001494.798,277729232907.0983,0.2,0.26666666666666666,1.999236,1.9418967,6.24424833219116,6.215080190439022,74887135901.3219,84577120047.57167,60.9527896995708,60.068726565832,0.6203675,0.6773815999999999,NaN,NaN,430.568530415663,419.06459929290264,4.05390950903844,3.8840164416747904,95.6667207543071,95.8011779653629
HKG,"Hong Kong SAR, China",2014,0.1187034,294047609778.975,286561126728.79095,0.3,0.3333333333333333,1.9677633,1.9264147666666667,6.43354831520149,6.35568125891839,76857453417.8736,82626556861.43027,68.0858986854034,63.086508476202425,0.8794762,0.6643623666666666,NaN,NaN,442.620019127299,431.6810853657826,4.33799342105267,4.56571728667677,95.4242482827168,95.8940598695653
HKG,"Hong Kong SAR, China",2015,0.08550752,302170458556.299,293806689943.3573,0.2,0.2333333333333333,1.9897124,1.9855705666666665,6.57781312677225,6.4185365913883,129847455921.474,93864015080.22316,69.6881506285714,66.24227967118186,0.9315234,0.8104557,NaN,NaN,425.975871734797,433.0548070925863,4.42364532019699,4.2718494167626995,96.4202282995676,95.83706577886385
HKG,"Hong Kong SAR, China",2016,0.1380945,309385622601.348,301867896978.87396,0.2,0.2333333333333333,2.1746956,2.0440571,6.06825943247432,6.359873624816021,181047431127.246,129250780155.53119,68.7008718656545,68.82497372654309,0.6587472,0.8232489333333334,NaN,NaN,389.405949263639,419.33394670857837,2.99084819322581,3.917495644825157,86.9623924479696,92.93562301008467
HKG,"Hong Kong SAR, China",2017,0.1059145,316116086739.67,309224055965.7724,0.2,0.20000000000000004,2.2314766,2.1319615333333335,6.14445383420113,6.263508797815899,133259182324.997,148051356457.90567,70.3316379391101,69.57355347777867,1.015538,0.8686028666666666,NaN,NaN,371.727231773253,395.703017590563,2.40930743862224,3.2746003173483467,NaN,NaN
HKG,"Hong Kong SAR, China",2018,0.07904199,328116204743.636,317872638028.21796,0.2,0.20000000000000004,2.1917763,2.1993161666666663,5.96964778445058,6.06078701704201,125716724339.795,146674445930.67932,72.9228515909643,70.65178713190964,0.9624046,0.8788966,NaN,NaN,376.795666734722,379.3096159238714,1.49387243939522,2.29800935708109,NaN,NaN
HKG,"Hong Kong SAR, China",2019,0.1039988,337457513840.276,327229935107.86066,0.2,0.20000000000000004,2.2141902,2.2124810333333333,5.91190993747149,6.008670518707734,97036255478.9458,118670720714.57927,78.2463196011546,73.833603043743,0.7224501,0.9001309000000001,NaN,NaN,376.892773545026,375.1385573510003,2.40613432046534,2.1031047328276,NaN,NaN
HKG,"Hong Kong SAR, China",2020,0.1003284,331813719170.552,332462479251.488,0.2,0.20000000000000004,2.0347741,2.146913533333333,5.79498927796055,5.892182333294207,58299361094.7774,93684113637.8394,83.8542119335773,78.3411277085654,1.078796,0.9212169000000001,NaN,NaN,353.743521139731,369.1439871398263,2.88320853773996,2.26107176586684,NaN,NaN
HKG,"Hong Kong SAR, China",2021,0.09469917,310097161184.35,326456131398.39264,0.3,0.2333333333333333,1.8517763,2.0335802,4.55312124047587,5.420006818635971,117452284750.967,90929300441.5634,89.9479038224414,84.01614511905777,0.979759,0.9270017,NaN,NaN,350.679705044448,360.43866657640166,0.2509620210808,1.8467682930953666,NaN,NaN
HKG,"Hong Kong SAR, China",2022,0.07726365,330112209080.37,324007696478.424,0.4,0.3,1.7461556,1.8775686666666667,4.65895509301102,5.002355203815814,137191251277.419,104314299041.05446,97.3813269493844,90.39448090180103,1.095912,1.051489,NaN,NaN,402.459681454463,368.9609692128806,1.56875834445922,1.5676429677599932,NaN,NaN
HKG,"Hong Kong SAR, China",2023,0.08130834,317951587861.717,319386986042.1456,NaN,NaN,1.7235844,1.7738387666666666,4.37404881501749,4.528708382834793,122407913138.418,125683816388.93468,100.776315789474,96.03518218709992,0.913327,0.9963326666666666,NaN,NaN,384.881143223724,379.3401765742117,1.88136707196853,1.23369581250285,NaN,NaN
HND,Honduras,2001,0.001791826,11770779974.6587,10711265978.506813,55.2,57.333333333333336,-0.568170899999999,-0.664786849999999,0.760181295401954,0.759944695620291,349978000.0,228759333.33333334,12.8694696426392,12.664296468099002,NaN,NaN,12.87,14.51,120.392164584236,121.53032573931,11.0480349344976,12.126627887404835,48.1095638421309,46.21965523374073
HND,Honduras,2002,0.001307873,12091321063.1334,11533555531.144266,50.4,53.166666666666664,-0.5869222999999995,-0.6066266833333325,0.871087022434027,0.7953733196791877,309826700.0,299034900.0,13.8759698867798,13.0512364705404,3.644143,NaN,7.7,13.209999999999999,115.943071737954,119.27911397497466,9.67415556865377,10.79531049409379,52.6315810913911,49.47514874366194
HND,Honduras,2005,0.002013693,13933118990.7264,13198032470.552969,46.7,48.133333333333326,-0.562958899999999,-0.6049201666666663,1.07270947201765,0.9785236252023527,592120092.945896,423200421.9521857,15.9416399002075,15.571026802062965,1.4934526666666668,1.7483313333333335,13.44,11.316666666666665,135.461758741854,125.23583012256233,8.1137909709338,7.826155695085293,55.6409307906332,54.285379978153706
HND,Honduras,2014,0.001175281,19604424966.4102,18997419501.83443,51.1,50.43333333333334,-0.4431174,-0.3673443,1.13847266335916,1.1297046938596833,1069029263.15977,1064315693.1727567,19.4476759264062,19.167330353828564,7.318328666666667,6.5583593333333345,19.55,21.689999999999998,116.306049247436,119.90372255101931,5.16189898581494,5.706788238093672,48.9493248157627,49.78232674333833
HND,Honduras,2020,0.0009696687,24338200129.3672,23640365124.847,46.2,46.9,-0.5191215,-0.4828538666666667,1.02100509944404,0.972713425195864,955095297.980428,1115879605.2359319,25.3231382609304,25.4218407939815,2.162092666666667,3.3453337333333337,78.07,56.78333333333333,99.4599779937589,101.6080837629443,4.36587159819267,4.21586060679613,NaN,NaN
HRV,Croatia,1999,0.06843065,38874419434.9495,37567473699.701866,28.1,29.933333333333337,-0.3353018,-0.31918955,4.19835243213188,4.0037728052889365,1004077219.7839,697706735.8955617,NaN,NaN,1.82851,1.0028731666666666,1495.5,1456.006666666667,64.98432965861,68.9742515813822,6.39668660837554,4.955782720529123,81.0347701165022,77.6246431136582
HRV,Croatia,2000,0.03603809,38544494402.669,38479094024.060905,27.8,28.333333333333332,-0.3059798,-0.32015705,4.4183205369325,4.218120906276144,1454741833.64146,1018444619.5572786,NaN,NaN,2.734123,1.7259247333333334,1547.68,1482.16,66.2637743741722,68.71075950951575,4.01913875598086,4.862162305856093,78.0958433987594,79.20535559628907
HRV,Croatia,2001,0.04389973,39679727338.7054,39032880392.10796,26.8,27.566666666666666,-0.2766578,-0.30597979999999997,4.33677043315335,4.31781446740591,1015069996.97348,1157963016.7996132,NaN,NaN,1.222913,1.9285153333333334,1828.44,1623.8733333333332,74.6016854703406,68.61659650104093,4.61131554737801,5.009046970578137,77.6684233824335,78.93301229923169
HRV,Croatia,2002,0.04185195,40914256867.7491,39712826203.04117,26.9,27.166666666666668,-0.07143875,-0.21802544999999998,4.77793267439475,4.511007881493533,1036758145.87206,1168856658.829,36.3740501403809,NaN,1.760481,1.9058389999999996,1878.8,1751.64,79.4405856034588,73.4353484826572,3.77670246665889,4.135718923339254,77.455902950159,77.7400565771173
HRV,Croatia,2003,0.0290585,43288645498.5317,41294209901.66206,24.6,26.099999999999998,0.1337803,-0.07143875000000001,4.96469924275494,4.6931341167676806,980784304.813265,1010870815.8862683,39.1618309020996,NaN,1.198772,1.3940553333333332,2124.29,1943.8433333333335,81.1609977960211,78.4010896232735,1.67178437393383,3.3532674626569103,79.6971898186382,78.2738387170769
HRV,Croatia,2004,0.01450221,45699118672.157,43300673679.47926,24.8,25.433333333333337,0.2966067,0.11964941666666666,5.28621677887642,5.009616232008703,1846434012.04769,1287992154.2443383,42.3809814453125,39.305620829264335,0.9129517,1.2907349,2375.59,2126.226666666667,81.4432514353208,80.68161161160023,1.76733780760629,2.4052748827330035,79.6167856887837,78.92329281919363
HRV,Croatia,2005,0.02013693,47604993515.2593,45530919228.64933,26.6,25.333333333333332,0.3767629,0.26904996666666664,5.27995632579101,5.17695744914079,1314179917.33291,1380466078.0646217,44.0762214660645,41.87301127115887,0.4189881,0.8435706,2511.21,2337.03,81.6444126603338,81.41622063055856,2.05539679050328,1.831506324014467,78.1297955677278,79.14792369171657
HRV,Croatia,2006,0.01461454,49664897966.6282,47656336718.01483,26.8,26.066666666666666,0.4102091,0.3611929,5.30160818255534,5.289260429074257,1814728743.16264,1658447557.514413,47.2947196960449,44.58397420247397,0.7102282,0.6807226666666667,3024.3,2637.0333333333333,81.4923355714118,81.5266665556888,3.31717824448045,2.3799709475300066,77.0660224423595,78.27086789962367
HRV,Croatia,2007,0.02059262,52182450238.361,49817447240.08283,25.5,26.3,0.320862,0.369278,5.34348188039458,5.3083487962469755,3346611893.3292,2158506851.274917,48.5975112915039,46.6561508178711,0.5784217,0.5692126666666667,3016.93,2850.813333333333,83.5170835916925,82.21794394114603,3.18982591472949,2.8541336499044068,77.6826677070762,77.62616190572116
HRV,Croatia,2008,0.02543469,54817286358.3919,52221544854.460365,22.7,25.0,0.3734092,0.36816010000000005,5.68549100892136,5.443527023957093,4645807617.35417,3269049417.94867,50.530590057373,48.80760701497393,0.932577,0.7404089666666667,3505.63,3182.286666666667,83.262210381268,82.75720984812409,2.89928275583388,3.1354289716812733,79.7621625589918,78.1702842361425
HRV,Croatia,2009,0.02568083,55898760192.6292,54299498929.79404,24.1,24.099999999999998,0.3535157,0.34926229999999997,5.41153048758558,5.480167792300507,5249620116.02881,4414013208.90406,52.3514518737793,50.493184407552064,1.030698,0.8472322333333334,3738.88,3420.48,82.0790791060076,82.9527910263227,6.07696838798354,4.055359019515636,78.1865477447193,78.54379267026243
HRV,Croatia,2010,0.02236605,52090762145.947,54268936232.3227,27.2,24.666666666666668,0.3771578,0.36802756666666664,5.03419020013328,5.377070565546741,3069599255.91981,4321675663.10093,51.9583015441895,51.61344782511393,0.9214813,0.9615854333333332,4128.56,3791.023333333333,69.7015578897439,78.34761579233982,2.37852845904674,3.784926534288054,76.382673208056,78.11046117058903
HRV,Croatia,2011,0.0287754,51394805225.024,53128109187.86674,29.8,27.03333333333333,0.3131224,0.3479319666666667,4.87506829937978,5.1069296623662135,1545050408.33733,3288089926.7619834,57.0685997009277,53.79278437296549,0.7360436,0.8960742999999999,3971.29,3946.2433333333333,72.6467039932668,74.8091136630061,1.03055505333574,3.1620173001220064,74.4449547385396,76.33805856377164
HRV,Croatia,2012,0.02261204,51337804931.0411,51607790767.337364,27.2,28.066666666666666,0.2745086,0.3215962666666667,4.77830091047516,4.8958531366627405,1248979435.63125,1954543033.29613,59.3388595581055,56.121920267740904,1.247309,0.9682779666666667,4522.9,4207.583333333333,77.783952809242,73.37740489741756,2.2727272727273,1.8939369283699268,74.7497807405616,75.19246956238574
HRV,Croatia,2013,0.01846807,50189155633.3966,50973921929.820564,29.4,28.799999999999997,0.2064496,0.26469353333333334,4.40975990806428,4.687709705973074,1465100044.52763,1419709962.83207,62.0256614685059,59.477706909179695,1.015586,0.9996462,4442.57,4312.253333333333,79.0075493058138,76.47940203610752,3.41207349081358,2.2384519389588733,72.3692794494993,73.85467164286683
HRV,Croatia,2014,0.00783521,50122079966.6919,50549680177.043205,32.8,29.799999999999997,0.2263801,0.23577943333333332,4.34143567122871,4.50983216325605,953913354.19207,1222664278.1169832,66.7111129760742,62.6918780008952,1.284971,1.182622,4241.78,4402.416666666666,80.9188132002026,79.2367717717528,2.21658206429779,2.6337942759462236,71.4295453701934,72.84953518675144
HRV,Croatia,2015,0.01459981,49842552678.5614,50051262759.549965,33.6,31.933333333333337,0.1190738,0.18396783333333333,4.20723258150827,4.319476053600421,3187739083.0843,1868917493.9346666,68.6392517089844,65.79200871785484,0.605213,0.9685900000000002,4062.94,4249.096666666666,85.2166241319216,81.71432887931267,-0.215196159576268,1.8044864651783674,70.8748159731388,71.55788026427716
HRV,Croatia,2016,0.007234418,50998893384.8289,50321175343.36074,33.1,33.166666666666664,0.1462806,0.1639115,4.34144843408463,4.29670556227387,488655917.568244,1543436118.281538,68.4413986206055,67.9305877685547,0.9288813,0.9396884333333334,4115.56,4140.093333333333,90.6522705485118,85.59590262687868,-0.464499004644911,0.5122956333588703,28.9491579322369,57.084506425189694
HRV,Croatia,2017,0.0127169,52766750207.3137,51202732090.23467,31.8,32.833333333333336,0.180344,0.14856613333333335,4.44976669563441,4.3328159037424365,1574455103.96607,1750283368.2062047,69.5889511108398,68.8898671468099,0.4971337,0.677076,4068.08,4082.193333333333,92.1392009356077,89.33603187201369,-1.12500000000002,-0.6015650547403997,NaN,NaN
HRV,Croatia,2018,0.008561037,54499590874.6275,52755078155.59003,29.8,31.566666666666666,0.2956415,0.20742203333333334,4.65112768894595,4.480780939554997,1820430355.43777,1294513792.324028,71.3775863647461,69.80264536539713,0.8505797,0.7588649,4433.35,4205.663333333334,97.2445256540374,93.34533237938564,1.12937210282347,-0.153375633940487,NaN,NaN
HRV,Croatia,2019,0.006576528,56086115348.75,54450818810.2304,32.8,31.466666666666665,0.3955931,0.2905262,4.45402410514506,4.518306163241807,1645992913.89195,1680292791.0985966,72.8625411987305,71.27635955810547,0.5821764,0.6432966000000001,4721.48,4407.636666666666,99.0848546362534,96.15619374196616,1.50012501041756,0.5014990377470033,NaN,NaN
HRV,Croatia,2020,0.01842371,57825641269.2151,56137115830.8642,31.6,31.400000000000002,0.38478,0.3586715333333334,4.5506268056586,4.551926199916537,3978656307.57573,2481693192.3018165,74.0501174926758,72.76341501871747,0.3020645,0.5782735333333333,4751.25,4635.36,101.394766564216,99.2413822848356,0.771820346498019,1.133772486579683,NaN,NaN
HRV,Croatia,2021,0.02037789,53019830857.522,55643862491.82904,32.4,32.266666666666666,0.2017786,0.3273839,4.39207849561316,4.465576468805607,1471750500.4312,2365466573.966293,74.738037109375,73.88356526692709,0.950166,0.6114689666666667,5066.8,4846.509999999999,89.5480523143212,96.67589117159686,0.154811374562106,0.8089189104925617,NaN,NaN
HRV,Croatia,2022,0.00934351,59717412023.485,56854294716.7407,34.1,32.699999999999996,0.3318001,0.3061195666666667,4.5132213846884,4.485308895320053,5125181839.24963,3525196215.7521863,78.0067901611328,75.5983149210612,1.386537,0.8795891666666668,5782.73,5200.259999999999,102.328697150799,97.75717200977874,2.55450699642041,1.1603795724935118,NaN,NaN
HRV,Croatia,2023,0.02196481,64073470836.9772,58936904572.6614,NaN,NaN,0.2993308,0.2776365,4.57371420212618,4.49300469414258,3927390914.43453,3508107751.3717866,80.7626724243164,77.83583323160808,0.3919465,0.9095498333333333,5711.14,5520.223333333332,125.410877974694,105.76254247993806,10.7805806758686,4.496633015617038,NaN,NaN
HTI,Haiti,2014,0.000783521,14233433330.5029,13817333652.914232,80.4,80.53333333333335,-1.2023346,-1.2103908999999966,0.291263408593826,0.287393037524615,161918586.25,145639528.75,NaN,NaN,NaN,NaN,29.38,21.459999999999997,40.3325097562551,41.5847738856689,4.76502404779142,5.371953480191434,18.0519734680784,17.8629353470385
HUN,Hungary,1999,0.04779284,85190500943.9874,82295261244.50226,5.2,5.166666666666667,0.727756,0.58580015,6.05920964840253,6.09376542612321,3261654749.7936,3571571505.9681373,NaN,NaN,0.9736126,1.2460104,4342.56,3920.883333333333,107.319335097669,95.00974195981759,14.153789654534,18.642631420277464,82.1618158247364,81.99588350420687
HUN,Hungary,2000,0.08725011,87819529312.3301,85014594551.51665,5.2,5.2,0.7715458,0.6950339833333333,6.11620185728393,6.076655065773227,3384965975.25316,3603581348.212717,NaN,NaN,0.5052831,1.1116022333333333,3982.13,4076.766666666667,113.869532830977,105.2922593584406,9.99774409303368,14.152202720649193,81.7337471386047,81.92509808751656
HUN,Hungary,2001,0.1308033,91691821698.8094,88233950651.70897,5.2,5.2,0.8153356,0.7715458000000001,5.82337370265766,5.99959506944804,2747712559.81382,3131444428.28686,NaN,NaN,0.8908797,0.7899251333333334,4411.53,4245.406666666667,137.26231309347,119.483727007372,9.80361016908125,11.318381305549643,80.5318851834748,81.47581604893863
HUN,Hungary,2002,0.1368908,95416367494.0372,91642572835.0589,5.1,5.166666666666667,1.03675175,0.8745443833333333,5.9881860022443,5.9759205207286294,4058819560.69833,3397166031.92177,42.3478889465332,NaN,1.417429,0.9378639333333334,4347.95,4247.203333333334,130.903714236387,127.345186720278,9.11680911680911,9.63938779297468,80.9739660353546,81.0798661191447
HUN,Hungary,2003,0.08919346,99929623991.0794,95679271061.30867,5.2,5.166666666666667,1.2581679,1.0367517499999999,5.90458850267675,5.905382735859571,3643428379.51995,3483320166.6773667,47.357421875,NaN,1.322703,1.2103372333333333,4628.75,4462.743333333333,118.269335242555,128.81178752413734,5.26544821583985,8.06195583391007,80.7839692717273,80.76327349685222
HUN,Hungary,2004,0.09281415,103865629649.023,99737207044.71321,5.0,5.1,1.2144198,1.1697798166666666,6.18793407645274,6.0269028604579304,4157510420.33351,3953252786.850597,54.6346397399902,48.113316853841134,0.918614,1.219582,4652.86,4543.186666666667,116.787088540862,121.98671267326802,4.66101694915254,6.347758093933834,83.1278652140568,81.62860017371288
HUN,Hungary,2005,0.08927373,109020611056.081,104271954898.7278,4.6,4.933333333333334,1.2155088,1.2293655,6.01747516064377,6.036665913257754,4538099567.15788,4113012789.0037804,61.5071411132812,54.499734242757135,0.9093488,1.0502219333333331,4884.44,4722.016666666666,123.615686104174,119.55736996253033,6.74434679569469,5.556937320229026,81.8109098961968,81.9075814606603
HUN,Hungary,2006,0.07733528,113708806061.092,108865015588.732,7.3,5.633333333333333,1.2519196,1.2272827333333334,6.06869292504807,6.091367387381527,27489690204.0215,12061766730.504295,64.9774017333984,60.37306086222327,0.9092361,0.9123996333333334,5598.55,5045.283333333333,128.004810647538,122.80252843085799,3.56151711378352,4.98896028621025,78.9242540917781,81.28767640067723
HUN,Hungary,2007,0.1489904,118182032745.55,113637149954.24101,7.9,6.599999999999999,1.2767385,1.2480556333333332,6.02496979060446,6.037045958765433,18678720024.6861,16902169931.95516,66.3986663818359,64.29440307617183,0.7835564,0.8673804333333334,5608.48,5363.823333333333,149.231531568461,133.61734277339102,3.93032603841001,4.745396649296073,78.6936497051961,79.80960456439033
HUN,Hungary,2008,0.1012578,118574815857.973,116821884888.205,9.0,8.066666666666666,1.2913863,1.2733481333333334,5.88170186698595,5.991788194212827,70631297038.9164,38933235755.874664,66.2652969360352,65.88045501708983,1.351119,1.0146371666666667,5890.22,5699.083333333333,155.60143236807,144.27925819468965,7.9587451654491,5.150196105880877,77.466655207618,78.3615196681974
HUN,Hungary,2009,0.1140305,119752782052.746,118836543552.08966,9.0,8.633333333333333,1.196409,1.2548446,5.76183669801761,5.889502785202673,74741370128.9626,54683795730.855034,63.9738388061523,65.54593404134113,0.9300326,1.0215693333333333,6481.82,5993.506666666667,158.453224115619,154.42872935071668,6.0425125388106,5.977194580889903,76.6532302653739,77.60451172606267
HUN,Hungary,2010,0.09482318,111681245651.521,116669614520.74666,12.3,10.1,1.1276896,1.2051616333333335,5.15845609694043,5.600664887314664,-2986078748.11139,47462196139.92254,61.9771690368652,64.07210159301756,1.070956,1.1173692,6045.91,6139.316666666667,145.30587733019,153.12017793795965,4.21171171171171,6.070989805323802,72.1119396451219,75.4106083727046
HUN,Hungary,2011,0.1091458,112873946275.587,114769324659.95134,13.5,11.6,0.9304828,1.0848604666666668,5.23461796037869,5.38497025177891,-20952692164.6003,16934199738.750305,60.7487602233887,62.2332560221354,0.9500524,0.9836803333333334,5954.49,6160.740000000001,157.838960085896,153.86602051056832,4.85555795691956,5.03659406914729,71.9638137063787,73.5763278722915
HUN,Hungary,2012,0.08651176,115037411549.874,113197534492.32733,14.7,13.5,0.8949521,0.9843748333333334,5.15825393134008,5.183775996219733,10563869736.8555,-4458300391.952064,59.9984893798828,60.90813954671223,1.047315,1.0227744666666665,6441.42,6147.2733333333335,166.754347209897,156.63306154199435,3.9299209893507,4.33239688599399,70.4644119879523,71.51338844648429
HUN,Hungary,2013,0.0631762,113496503293.017,113802620372.826,16.5,14.9,0.7676964,0.8643771,4.80352430687509,5.065465399531287,10670096331.9645,93757968.07323329,60.6758003234863,60.47434997558594,0.9259138,0.9744270666666667,6506.75,6300.886666666666,166.17569860957,163.589668635121,5.65214517088646,4.8125413723855734,68.1935623381483,70.20726267749309
HUN,Hungary,2014,0.06593329,115802945078.187,114778953307.026,17.2,16.133333333333336,0.6995175,0.7873886666666667,4.5374057479924,4.833061328735856,-3730081935.94212,5834628044.292626,57.5212211608887,59.39850362141927,0.7116895,0.8949727666666666,6306.37,6418.18,164.476024791467,165.802023536978,1.73319984983101,3.77175533668939,65.4246631721303,68.02754583274363
HUN,Hungary,2015,0.09489875,120822254244.73,116707234205.31133,15.7,16.466666666666665,0.4352147,0.6341428666666666,4.55934371452648,4.63342458979799,12880113629.556,6606709341.85946,53.4245910644531,57.2072041829427,0.765417,0.8010067666666667,6670.04,6494.386666666666,168.358355086413,166.33669282915,-0.227566270988219,2.38592624990975,65.3462673027725,66.32149760435037
HUN,Hungary,2016,0.06141719,125244126623.289,120623108648.73534,15.6,16.166666666666668,0.5204327,0.5517216333333334,4.85223400666785,4.6496611563955765,-5469731521.61747,1226766723.9988034,50.9797401428223,53.975184122721366,1.050073,0.8423931666666666,6586.04,6520.816666666667,167.290738494524,166.70837279080135,-0.0616446800641672,0.48132963292620795,66.1101625958775,65.62703102359343
HUN,Hungary,2017,0.06967431,128298381762.592,124788254210.20366,15.3,15.533333333333331,0.4961603,0.4839358999999999,4.94531881179394,4.785632177662756,69453473203.2502,25621285103.729572,50.7361488342285,51.71349334716797,0.6912841,0.8355913666666668,6531.06,6595.713333333333,163.97194450015,166.54034602702902,0.394769306686392,0.035186118544668604,NaN,NaN
HUN,Hungary,2018,0.07456467,133589642960.172,129044050448.68433,14.6,15.166666666666666,0.5151311,0.5105746999999999,5.2571073027842,5.01822004041533,-12371761179.6433,17203993500.663143,51.3840599060059,51.03331629435223,0.9767903,0.9060491333333335,6766.09,6627.7300000000005,165.032855840268,165.431846278314,2.34824281150154,0.893789146041255,NaN,NaN
HUN,Hungary,2019,0.06668201,141078862882.165,134322295868.30968,13.6,14.5,0.4420607,0.4844507,5.28069332491601,5.161039813164717,-64648352413.5288,-2522213463.307302,52.5629386901855,51.561049143473305,0.8147286,0.827601,6875.82,6724.323333333334,162.700858777925,163.90188637278098,2.85024792594646,1.864420014711464,NaN,NaN
HUN,Hungary,2020,0.0638042,148241697677.304,140970067839.88034,13.6,13.933333333333332,0.4598348,0.47234219999999993,5.31240175169761,5.283400793132607,98265233190.1349,7081706532.320934,54.2122917175293,52.7197634379069,0.8067552,0.8660913666666668,7377.59,7006.5,159.925556464831,162.553090361008,3.33858635382008,2.845692363756027,NaN,NaN
HUN,Hungary,2021,0.04149739,141809897486.431,143710152681.96667,14.8,14.0,0.4381497,0.44668173333333333,5.13443109342005,5.242508723344557,167399384338.449,67005421705.01837,56.6071815490723,54.460803985595696,0.8015785,0.8076874333333333,7762.07,7338.493333333333,154.527002936377,159.0511393930443,3.32674385766738,3.17185937914464,NaN,NaN
HUN,Hungary,2022,0.0398896,152052706989.445,147368100717.72665,15.3,14.566666666666668,0.4002885,0.43275766666666665,5.29398400902426,5.246938951380639,33474586358.8648,99713067962.48291,58.6536102294922,56.49102783203127,0.5066498,0.7049945000000001,8387.03,7842.2300000000005,159.187527332834,157.88002891134732,5.11096534382855,3.9254318517720033,NaN,NaN
HUN,Hungary,2023,0.04990251,158366514062.482,150743039512.786,NaN,NaN,0.2882324,0.37555686666666666,4.95293425120931,5.127116451217874,-1917371461.47155,66318866411.94742,60.2746810913086,58.5118242899577,0.4907683,0.5996655333333333,8801.72,8316.94,185.000204092698,166.238244787303,14.6081439492433,7.68195105024641,NaN,NaN
IDN,Indonesia,1999,0.003258603,373533751956.055,404727819012.54865,48.9,48.6,-0.559018799999999,-0.3128002499999995,1.32606233289908,1.3000793931075934,-240800000.0,3543400000.0,13.3347997665405,12.740310033162432,2.640199,1.6773204666666668,327.98,316.3533333333333,96.1861923602686,68.14826494203145,58.4510413515526,24.216824621852734,69.8316750082569,70.14788602286016
IDN,Indonesia,2000,0.0227609,376488874892.846,393332691884.7576,45.8,47.43333333333333,-0.5108235499999996,-0.4608808666666661,1.38611985724181,1.34872989711596,-1865620963.49086,856859678.83638,14.6863803863525,13.795006752014134,0.3075536,1.5226038666666666,335.51,326.8433333333333,62.9439128601924,71.7079880097129,20.4778324428892,28.385008447771312,71.4470791225005,70.66500880983062
IDN,Indonesia,2001,0.002687739,395012382597.556,381678336482.15234,45.6,46.76666666666667,-0.4626283,-0.5108235499999996,1.38408579613851,1.3654226620931336,-4550355285.71428,-2218925416.4017134,14.810640335083,14.277273495992,1.822378,1.5900435333333334,398.08,353.8566666666666,71.4368759173731,76.85566037927804,3.68862037056682,27.53916472166954,76.1856536311886,72.48813592064866
IDN,Indonesia,2002,0.006539367,409404526219.842,393635261236.748,44.3,45.23333333333333,-0.51735205,-0.49693463333333315,1.45853518944239,1.4095802809409033,-2977391857.14286,-3131122702.1159997,14.1229801177978,14.540000279744433,0.3328709,0.8209341666666666,330.1,354.56333333333333,69.7932075256238,68.05799876772976,11.5001160550887,11.888856289514905,75.5969247991414,74.4098858509435
IDN,Indonesia,2003,0.01210771,427825582126.161,410747496981.18634,44.7,44.86666666666667,-0.5720758,-0.51735205,1.46310550665851,1.4352421640798034,145085548.722222,-2460887198.044973,14.6824598312378,14.538693428039535,0.7745421,0.9765969999999999,386.0,371.3933333333334,59.0794617663723,66.76984840312306,11.9001200338414,9.029618819832306,76.749784323962,76.17745425143067
IDN,Indonesia,2004,0.01631499,448277224148.753,428502444164.9187,43.0,44.0,-0.5885779,-0.5593352500000001,1.57132250644049,1.4976544008471302,-596923827.786241,-1143076712.0689597,15.7722797393799,14.859239896138499,1.370546,0.8259863333333334,386.76,367.62000000000006,53.6164937473016,60.82972101309923,6.75731256333564,10.052516217421914,76.9738488136914,76.4401859789316
IDN,Indonesia,2005,0.01107531,470829486219.898,448977430831.604,41.5,43.06666666666666,-0.5018689,-0.5541742,1.58011931285841,1.5381824419858035,1896082770.0,481414830.31199366,16.1766300201416,15.543789863586435,1.516826,1.2206380333333333,472.22,414.99333333333334,59.761294836691,57.485750116788296,6.06406189133648,8.24049816283784,78.5253356984644,77.4163229453726
IDN,Indonesia,2006,0.0250883,497631790442.44,472246166937.03033,41.6,42.03333333333333,-0.4030391,-0.4978286333333333,1.57055662745946,1.5739994822527867,8336257207.64285,3211805383.285536,16.6967105865479,16.215206782023134,0.7725685,1.2199801666666668,604.42,487.79999999999995,63.9879358688635,59.12190815095204,10.4532001873347,7.758191547335606,79.4076809996555,78.3022885039371
IDN,Indonesia,2007,0.01819943,525006275302.523,497822517321.62036,40.1,41.06666666666667,-0.1787479,-0.3612186333333333,1.63888306289882,1.5965196677388966,4914201435.40071,5048847137.681187,16.767240524292,16.546860376993834,1.489564,1.2596528333333332,729.9,602.18,56.6571268148867,60.13545250681374,13.108670985346,9.87531102133906,79.6418004317631,79.191605709961
IDN,Indonesia,2008,0.006412106,558318040161.892,526985368635.61835,40.0,40.56666666666666,-0.2282939,-0.27002696666666665,1.69488500402322,1.6347748981271666,6928480000.0,6726312881.01452,17.5765991210938,17.0135167439779,1.107977,1.1233698333333333,658.13,664.15,54.8292499782075,58.4914375539859,6.40656087966005,9.98947735078025,79.36813335575,79.47253826238953
IDN,Indonesia,2009,0.01552349,591893632243.067,558405982569.1606,41.1,40.4,-0.1516209,-0.1862209,1.6541425247205,1.6626368638808466,9318453649.82664,7053711695.075783,20.5209503173828,18.288263320922866,0.3940594,0.9972001333333335,771.94,719.9900000000001,58.5613996312961,56.68259214146343,10.2266663272483,9.913966064084784,78.4457999612242,79.1519112495791
IDN,Indonesia,2010,0.0206584,619291626017.383,589834432807.4474,38.2,39.76666666666667,-0.1179653,-0.16596003333333334,1.69126327047376,1.6800969330724935,4877369178.4365,7041434276.087712,22.6933307647705,20.2636267344157,0.6372643,0.7131002333333333,1094.5,841.5233333333334,45.5121213687054,52.96759032606966,4.38641311792074,7.00654677494303,80.5786967611829,79.46421002605236
IDN,Indonesia,2011,0.01716359,657835433773.518,623006897344.6559,36.0,38.43333333333334,-0.1461447,-0.13857696666666666,1.80134962735397,1.71558514084941,15292009410.5099,9829277412.924347,23.4159086398462,22.2100632406665,0.9738658,0.6683965000000001,1446.09,1104.1766666666667,46.7012738758737,50.25826495862507,5.13420639015885,6.582428611775963,85.7476266847778,81.59070780239496
IDN,Indonesia,2012,0.0185901,698422460479.197,658516506756.6993,32.4,35.53333333333334,-0.151232199999999,-0.13844739999999967,2.00399300866727,1.8322019688316666,20564938226.7185,13578105605.221632,25.027444191823,23.7122278654799,0.8422025,0.8177775333333334,1942.53,1494.3733333333332,50.1800131841104,47.46446947622983,5.35604849112582,4.95888933306847,79.7805800301471,82.03563449203594
IDN,Indonesia,2013,0.02764715,740537688618.414,698931860957.043,30.1,32.833333333333336,-0.179268799999999,-0.15888189999999935,1.9954892890649,1.93361064169538,21200778607.8726,19019242081.700333,29.0425391195214,25.82863065039687,0.7541981,0.8567554666666667,2111.14,1833.2533333333333,49.5828982992627,48.821395119748935,4.2795142691943,4.92325638349299,79.9564820121276,81.82822957568418
IDN,Indonesia,2014,0.01143941,781691320690.699,740217156596.1031,30.6,31.03333333333333,-0.0485665,-0.12635583333333267,1.85640226795234,1.9519615218948367,23281742361.5305,21682486398.7072,29.894529174265,27.988170828536465,1.242982,0.9464608666666666,2815.34,2289.6699999999996,48.6373726752893,49.4667613862208,6.41249457900391,5.349352446441344,79.1272773221715,79.6214464548154
IDN,Indonesia,2015,0.02406995,820828013230.588,781019007513.2338,29.3,30.0,0.0028168,-0.07500616666666633,1.95102470107868,1.9343054193653069,25120732059.5134,23201084342.972168,29.9904910473273,29.64251978037123,0.7559881,0.9177227333333334,3354.32,2760.2666666666664,48.0801755855227,48.7668155200249,6.39492882396559,5.695645890721266,81.0824658333214,80.05540838920683
IDN,Indonesia,2016,0.01808604,860854232686.214,821124522202.5004,26.6,28.833333333333332,-0.1393886,-0.06171276666666666,1.95721455259026,1.9215471738737602,19779127976.9576,22727200799.33383,32.4590200433758,30.781346754989368,1.190209,1.0630597,4474.1,3547.92,41.9376402415294,46.21839616744713,6.36312061196646,6.390181338311987,54.3204501030138,71.51006441950223
IDN,Indonesia,2017,0.01406024,904181621780.388,861954622565.73,27.8,27.900000000000002,0.0343509,-0.03407363333333334,1.91626591013332,1.94150172126742,4541713739.23769,16480524591.902899,34.8307173410877,32.426742810596934,1.016448,0.9875483666666667,6753.72,4860.713333333333,37.4213418023318,42.47971920979464,3.52580452815451,5.427951321362187,NaN,NaN
IDN,Indonesia,2018,0.01308756,950021694164.001,905019182876.8677,25.2,26.53333333333333,0.1002062,-0.0016105000000000054,2.00394276108737,1.95914107460365,20510310832.4469,14943717516.214064,35.967012362631,34.41891658236484,1.126282,1.110979666666667,13002.06,8076.626666666666,39.3554970704606,39.57149303810727,3.80879857691949,4.565907905680153,NaN,NaN
IDN,Indonesia,2019,0.01506623,999178586309.021,951127300751.1367,22.0,25.0,0.0734587999999999,0.0693386333333333,2.20953925241911,2.0432493078799334,18909826043.5105,14653950205.065027,36.1494878042588,35.64907250265917,0.9099816,1.0175705333333334,21795.18,13850.32,43.0743089552002,39.950382609330866,3.19834755924996,3.510983554774653,NaN,NaN
IDN,Indonesia,2020,0.008080573,1049330233997.45,999510171490.1572,19.8,22.333333333333332,0.1109827,0.09488256666666663,2.33979466524606,2.1844255595841795,24993551748.0098,21471229541.3224,37.3230862728703,36.4798621465867,0.8180516,0.9514384000000001,31005.34,21934.193333333333,37.6277775357108,40.0191945204572,3.03058460941661,3.345910248528687,NaN,NaN
IDN,Indonesia,2021,0.01360676,1027656193885.38,1025388338063.9503,21.9,21.233333333333334,0.2247809,0.13640746666666662,2.16976580881181,2.23969990882566,19175077747.8077,21026151846.44267,38.1650601406923,37.212544739273795,0.5534031,0.7604787666666667,32895.71,28565.410000000003,32.9721754002427,37.891420630384566,1.91983527270793,2.7162558137915,NaN,NaN
IDN,Indonesia,2022,0.0166027,1065709127396.86,1047565185093.23,20.2,20.63333333333333,0.3421673,0.22597696666666667,2.24993200107532,2.25316415837773,21213080329.8582,21793903275.225235,40.6293239880732,38.705823467211935,0.8404249,0.7372932,39566.05,34489.03333333333,40.2047582749671,36.93490373697353,1.56007882983334,2.170166237319293,NaN,NaN
IDN,Indonesia,2023,0.02235016,1122268412650.2,1071877911310.8134,NaN,NaN,0.2811244,0.2826908666666667,2.5918955237502,2.33719777787911,24702029705.0926,21696729260.919502,42.3260385456152,40.37347422479357,0.8206461,0.7381580333333334,31947.1,34802.95333333333,45.4646701959453,39.54720129038503,4.20946463714784,2.5631262465630367,NaN,NaN
IND,India,1999,0.1828076,708271422053.216,672116650990.8463,48.0,48.333333333333336,-0.5863328,-0.61248345,0.884093818156602,0.8711043889307223,2634651657.7714,2879346240.6760573,7.626540184021,6.765240192413333,0.8126273,0.9760419333333333,19717.89,19323.72333333333,23.6994700790647,22.749448272499766,13.2308389767977,9.790747809896489,65.5435582002591,65.16908459825497
IND,India,2000,0.2641212,770923380745.097,715404975590.1757,47.1,47.666666666666664,-0.48046815,-0.5597614666666667,0.926189927757172,0.896241895234271,2168591054.37924,2793524251.4988303,8.78240013122559,7.626540184021,0.7226492,0.9168858333333333,20837.67,19968.02,24.8155980442929,23.711484996801833,4.66982038037594,8.354970490600294,66.9999796954751,65.97073677899503
IND,India,2001,0.2438675,800534479623.61,759909760807.3076,46.9,47.333333333333336,-0.3746035,-0.4804681499999999,0.942309744278839,0.9175311633975376,3584217307.18755,2795820006.4460635,9.93826007843018,8.78240013122559,0.9192927,0.8181897333333333,21408.98,20654.846666666665,26.9009229104474,25.138663677935,4.0094359104519,7.303365089208515,67.251600486733,66.5983794608224
IND,India,2002,0.3969832,839151992864.812,803536617744.5063,47.1,47.03333333333333,-0.3821106499999995,-0.41239409999999976,0.939789720011458,0.936096464015823,5128093561.62688,3626967307.7312236,10.0273504257202,9.58267021179199,0.69282,0.7782539666666667,22532.95,21593.2,25.9932547534365,25.903258569392264,3.77929312235637,4.152849804394736,67.1290170686448,67.1268657502843
IND,India,2003,0.4387142,871073127580.09,836919866689.5039,45.8,46.6,-0.389617799999999,-0.38211064999999955,0.957620477500199,0.9465733139301653,5208967106.27894,4640425991.697789,10.5586500167847,10.17475350697836,0.8576715,0.8232614000000001,24313.44,22751.789999999997,29.5086629350614,27.467613532981762,4.29715203929563,4.028627024034633,67.936664276446,67.43909394394127
IND,India,2004,0.5133472,939542798342.002,883255972928.9679,45.6,46.166666666666664,-0.441382,-0.4043701499999995,0.969744882653011,0.9557183600548894,3681984671.43428,4673015113.113366,11.0576400756836,10.547880172729501,0.7124894,0.7543269666666667,26637.84,24494.743333333332,30.592436132908,28.698117940468634,3.80585899528851,3.960768052313503,68.1654620036029,67.74371444956456
IND,India,2005,0.6591873,1013982178697.24,941532701539.7773,44.9,45.43333333333334,-0.2047551,-0.34525163333333303,1.02822643182898,0.9851972639940633,5429250989.85717,4773400922.523463,11.3926801681519,11.002990086873401,0.7304615,0.7668741333333333,28557.33,26502.87,37.503814059447,32.53497104247213,3.76725173477515,3.9567542564530966,69.0182873531346,68.37347121106116
IND,India,2006,0.7417228,1094324353140.52,1015949776726.5873,44.2,44.9,-0.177473699999999,-0.274536933333333,1.05460489385527,1.017525402779087,7269407225.61438,5460214295.635277,11.1277303695679,11.192683537801132,0.7719081,0.7382863333333334,32733.84,29309.67,42.0016696148691,36.699306602408036,4.24634362031922,3.9398181167942936,69.3475084968063,68.84375261784793
IND,India,2007,0.716015,1182534912713.8,1096947148183.8535,43.2,44.1,-0.1925709,-0.19159989999999968,1.10810989189174,1.06364707252533,20029119267.1396,10909259160.870382,11.9628095626831,11.494406700134299,0.8028191,0.7683962333333333,37739.98,33010.38333333334,45.7244804992652,41.74332139119377,5.79652337561634,4.603372910236904,70.043890715119,69.46989552168664
IND,India,2008,0.9446343,1273126725479.64,1183328663777.9866,41.5,42.96666666666667,-0.2088541,-0.192966233333333,1.18862350046436,1.1171127620704568,25227740886.6819,17508755793.145294,13.6564798355103,12.249006589253767,0.7504351,0.7750541000000001,42045.44,37506.420000000006,45.686268679348,44.470806264494094,6.37288135593231,5.47191611728929,70.9531749565034,70.11485805614291
IND,India,2009,1.050156,1312424303406.43,1256028647199.9568,39.4,41.36666666666667,-0.2663175,-0.2225808333333333,1.25815998206335,1.1849644581398167,43406277075.8108,29554379076.544098,15.6485204696655,13.755936622619634,0.8430323,0.7987621666666667,47758.02,42514.48,53.3682204392226,48.2596565392786,8.34926704907581,6.839557260208153,71.4399671029214,70.81234425818127
IND,India,2010,1.157959,1415605643155.69,1333718890680.5867,37.4,39.43333333333333,-0.2438041,-0.23965856666666663,1.32284533301467,1.2565429385141267,35581372929.6641,34738463630.71893,16.6775093078613,15.327503204345698,0.8883513,0.8272729,53200.44,47667.96666666667,46.2728696428837,48.44245292048476,10.8823529411764,8.534833782061506,75.572444969932,72.65519567645227
IND,India,2011,1.214644,1535897931732.14,1421309292764.7532,36.2,37.666666666666664,-0.277761,-0.26262753333333333,1.39129863287623,1.3241013159847501,27396885033.7838,35461511679.7529,18.6971831309683,17.007737636165032,0.9044802,0.8786212666666667,60265.62,53741.35999999999,49.2552064974161,49.632098859840795,11.9893899204244,10.40700330355887,74.8456936081965,73.9527018936833
IND,India,2012,1.117086,1616399198833.92,1522634257907.25,35.0,36.199999999999996,-0.3395793,-0.2870481333333333,1.46337391608571,1.39250596065887,36498654597.8589,33158970853.768932,23.8253684220097,19.733353620279768,0.9122726,0.9017013666666666,71374.74,61613.600000000006,55.6238800135298,50.383985384609865,8.91179336483371,10.59451207547817,74.91097352691,75.10970403501284
IND,India,2013,1.151951,1704596203504.32,1618964444690.1267,34.8,35.333333333333336,-0.3740965,-0.33047893333333334,1.57607553513255,1.4769160280314966,23995685014.2141,29297074881.952267,24.9402082606779,22.487586604551964,0.8509657,0.8892395,78135.08,69925.14666666667,55.7937217287511,53.55760274656567,9.47899691419801,10.12672673315204,75.0747477888592,74.94380497465522
IND,India,2014,1.078369,1813453530766.63,1711482977701.6233,34.9,34.9,-0.3722425,-0.3619727666666666,1.59945855716817,1.5463026694621433,28153031270.3202,29549123627.4644,24.390638443123,24.385405041936867,0.8885622,0.8839335,82849.43,77453.08333333333,53.8441319466777,55.0872445629862,10.0178784746102,9.469556251213973,74.981867206836,74.98919617420174
IND,India,2015,1.291615,1947834564908.95,1821961433059.9668,33.9,34.53333333333333,-0.380901899999999,-0.37574696666666635,1.70517686000076,1.62690365076716,34576643694.1382,28908453326.224167,25.991324706788,25.107390470196304,0.8110007,0.8501762,91832.04,84272.18333333333,48.9221857470669,52.85334647416523,6.66565671867899,8.720844035829066,75.7857287344087,75.28078124336797
IND,India,2016,1.198433,2103588360044.94,1954958818573.5066,33.4,34.06666666666666,-0.3303195,-0.36115463333333303,1.71550269097521,1.67337936938138,44009492129.5319,35579722364.66344,27.2845677075978,25.888843619169602,0.8742035,0.8579221333333334,98300.94,90994.13666666666,41.9229138658647,48.2297438532031,4.90697344127256,7.1968362115205835,45.956629150643,65.5747416972959
IND,India,2017,1.185934,2277267041550.36,2109563322168.0833,33.0,33.43333333333334,-0.2535746,-0.3215986666666663,1.7202923565219,1.71365730249929,44458571545.798,41014902456.489365,27.3043573857643,26.8600832667167,0.8586112,0.8479384666666667,107483.91,99205.63,40.082485713276,43.6425284420692,4.94821634062141,5.506948833524319,NaN,NaN
IND,India,2018,1.135592,2432016068497.75,2270957156697.683,32.5,32.96666666666667,-0.215826699999999,-0.2665735999999997,1.79545339877531,1.7437494820908066,39966091358.7384,42811385011.3561,27.9090519049334,27.4993256660985,0.8267043,0.853173,113508.58,106431.14333333333,40.7424969545225,40.91596551122107,3.32817337461298,4.394454385502317,NaN,NaN
IND,India,2019,1.19991,2588974770244.57,2432752626764.2266,32.9,32.800000000000004,-0.1555625,-0.2083212666666663,1.85989309419052,1.79187961649591,42117450737.2644,42180704547.26694,28.5316865291946,27.9150319399641,0.7531111,0.8128088666666667,130234.95,117075.81333333334,43.6169693323889,41.48065066672913,3.9388264669163,4.071738727383564,NaN,NaN
IND,India,2020,1.547903,2689205295885.31,2570065378209.21,33.5,32.96666666666667,-0.0981205,-0.15650323333333302,1.83688223212799,1.8307429083646067,50610647353.5911,44231396483.19797,29.0233593907143,28.488032608280765,0.7728186,0.7842113333333334,132819.62,125521.05,39.9054035306442,41.42162327251853,3.72950573539129,3.6655018589735238,NaN,NaN
IND,India,2021,1.139217,2533830417086.54,2604003494405.473,36.1,34.166666666666664,-0.1486534,-0.13411213333333333,1.68040016064392,1.7923918289874765,64362364994.3754,52363487695.076965,29.8196397708424,29.124895230250434,0.8645187,0.7968161333333333,148409.55,137154.70666666667,37.7581053292768,40.426826064103295,6.62343677628535,4.763922992864313,NaN,NaN
IND,India,2022,1.054487,2779348258938.77,2667461323970.207,34.9,34.833333333333336,-0.169914899999999,-0.13889626666666635,1.83702951699406,1.7847706365886566,44727277562.881,53233429970.2825,31.5741765984501,30.139058586668934,0.6175051,0.7516141333333333,179806.22,153678.46333333335,45.4230887840446,41.02886588132187,5.13140747176369,5.16144999448011,NaN,NaN
IND,India,2023,0.9509992,2990839011962.46,2768005895995.9233,NaN,NaN,-0.087658,-0.13540876666666632,1.96929618962877,1.82890862242225,49940258404.2659,53009966987.174095,32.6703053423023,31.354707237198266,0.5452615,0.6757617666666667,207390.38,178535.3833333333,50.0752701498882,44.41882142106986,6.69903414079852,6.15129279628252,NaN,NaN
IRL,Ireland,1999,0.1898679,134050299130.928,122769223231.95,2.3,2.0666666666666664,1.6007472,1.4703358,10.7156632269381,10.270388342282091,8862216910.0,4502832576.666667,NaN,NaN,0.7916583,0.7290049,2314.16,2208.1366666666668,157.772368187148,146.30330961131267,2.40768094534715,1.9017425546783466,90.0545576901703,89.59497344761263
IRL,Ireland,2000,0.1251849,148165642333.121,135154104178.77667,2.1,2.1,1.66289015,1.5779910499999998,10.978175587104,10.6209966320047,18210641710.0,9700552146.666666,NaN,NaN,0.8564326,0.8021615333333334,2289.87,2264.2533333333336,159.870974760171,153.30426170086733,1.62988605221407,1.8597896733916397,91.7873263614616,90.37703887933328
IRL,Ireland,2001,0.08376785,162098435201.65,148104792221.89966,2.0,2.1333333333333333,1.7250331,1.66289015,11.5177387420391,11.070525852027066,25779436150.0,17617431590.0,NaN,NaN,0.6239349,0.7573419333333332,2607.75,2403.9266666666667,174.954518071287,164.199287006202,5.57763269940387,3.2050665656550295,92.499440267728,91.4471081064533
IRL,Ireland,2002,0.0599006,170699088560.512,160321055365.09433,2.0,2.033333333333333,1.8488666500000002,1.7455966333333333,11.9109688656404,11.468961064927832,9650920350.0,17880332736.666668,50.6748008728027,NaN,0.3777585,0.6193753333333333,2776.33,2557.983333333333,174.840711101871,169.888734644443,4.85280279607477,4.020107182564237,92.5090346273655,92.26526708551837
IRL,Ireland,2003,0.130648,180769250950.138,171188924904.1,2.2,2.066666666666667,1.9727002,1.84886665,11.4404136169689,11.623040408216134,29323796530.0,21584717676.666668,53.5348014831543,NaN,0.3056878,0.4357937333333333,3039.39,2807.8233333333333,163.719329359615,171.17151951092433,4.62820512820515,5.0195468745612635,91.4130277205018,92.14050087186509
IRL,Ireland,2004,0.1157276,186217344582.055,179228561364.235,2.0,2.066666666666667,1.8929644,1.9048437500000002,11.1268025365061,11.492728339705133,22781292820.0,20585336566.666668,55.8461685180664,53.35192362467447,0.7134637,0.4656366666666667,3156.78,2990.8333333333335,146.531474021275,161.69717149425367,3.49221909079765,4.324409005025856,91.9839500956153,91.9686708144942
IRL,Ireland,2005,0.10686,198858038461.921,188614877998.038,2.3,2.1666666666666665,1.7407489,1.8688045000000002,11.0536619018628,11.206959351779266,-10607612700.0,13832492216.666666,58.9219093322754,56.10095977783203,0.6775426,0.5655647,3851.1,3349.09,146.587496370071,152.27943325032035,2.17854605730523,3.4329900921026764,93.2608869821289,92.219288266082
IRL,Ireland,2006,0.1432225,210272056411.317,198449146485.09766,2.9,2.4,1.8845907,1.8394346666666668,11.3160512452902,11.165505227886365,47001243614.0877,19724974578.029232,58.8693199157715,57.87913258870444,0.5783657,0.6564573333333333,4770.06,3925.98,148.175564253129,147.098178214825,2.45654692931639,2.709104025806423,90.6693112949155,91.97138279088655
IRL,Ireland,2007,0.1430352,220760118842.237,209963404571.82498,3.2,2.7999999999999994,1.9855895,1.8703097,11.1588123430623,11.1761751634051,22070063905.101,19487898273.0629,58.4411811828613,58.744136810302734,0.768802,0.6749034333333332,4914.54,4511.900000000001,150.021785809265,148.26161547748833,3.93576114001354,2.8569513755450533,90.7205012104889,91.5502331625111
IRL,Ireland,2008,0.2000577,232482742331.818,221171639195.124,3.5,3.1999999999999997,1.9168528,1.9290109999999998,10.6718615521641,11.048908380172199,59934755383.4485,43002020967.54574,58.3019905090332,58.537497202555336,0.7118833,0.6863503333333334,5507.74,5064.113333333334,153.396847068025,150.53139904347302,4.88574537540802,3.7593511482459836,91.1491228770293,90.84631179414457
IRL,Ireland,2009,0.1210736,222058051543.628,225100304239.22766,4.2,3.6333333333333333,1.8240052,1.9088158333333334,10.3087084122575,10.713127435827966,23287686335.9746,35097501874.84136,54.0174713134766,56.920214335123696,0.9686513,0.8164455333333334,5737.71,5386.663333333334,160.039420132474,154.48601766992132,4.03568834941391,4.2857316216118235,89.4396432558328,90.43642244778367
IRL,Ireland,2010,0.123284,210742455593.378,221761083156.27466,5.3,4.333333333333333,1.6231073,1.7879884333333333,9.0783011327619,10.019623699061167,53974309647.0523,45732250455.4918,56.503978729248,56.27448018391927,0.5528814,0.744472,6354.6,5866.683333333334,173.591474874665,162.34258069172134,-4.44754686876746,1.4912956186848234,88.2082508470058,89.59900565995598
IRL,Ireland,2011,0.1236248,214289191596.523,215696566244.50967,5.3,4.933333333333334,1.5589282,1.6686802333333333,8.97445371922665,9.453821088082018,37748455283.6937,38336817088.90687,63.1264381408691,57.88262939453123,0.696983,0.7395052333333333,6940.92,6344.41,190.08027278672,174.57038926461965,-0.918388645376774,-0.4434157215767745,90.0632515749254,89.23704855925466
IRL,Ireland,2012,0.1155534,217736818590.032,214256155259.9777,7.0,5.866666666666667,1.441947,1.5413275000000002,8.10989492769128,8.720883259893277,23699352432.596,38474039121.114006,67.7985916137695,62.476336161295535,0.6465864,0.6321502666666666,7200.18,6831.900000000001,186.304879179038,183.325542280141,2.5489783020855,-0.9389857373529112,88.0143137582618,88.761938726731
IRL,Ireland,2013,0.1124244,216854920423.995,216293643536.85,6.9,6.3999999999999995,1.5219127,1.5075959666666667,8.17522126702863,8.419856637982187,58090414122.9928,39846073946.4275,68.1972503662109,66.3740933736165,0.605635,0.6497348000000001,7018.56,7053.220000000001,190.355682317985,188.91361142791433,1.69474116680366,1.108443607837462,86.6778423949809,88.25180257605604
IRL,Ireland,2014,0.1093627,221610413457.216,218734050823.74768,7.7,7.2,1.5775092,1.5137896333333334,7.8579683966663,8.047694863795405,72540330763.7405,51443365773.109764,71.6995468139648,69.2317962646484,0.6155826,0.6226013333333333,7077.4,7098.713333333333,199.742586224446,192.13438257382302,0.515099484900573,1.5862729845965777,86.6588047582079,87.11698697048354
IRL,Ireland,2015,0.1355415,242410308909.292,226958547596.83432,8.8,7.8,1.655585,1.5850023,7.75893459059544,7.930708084763457,104903896347.793,78511547078.17543,73.813232421875,71.2366765340169,0.5726973,0.5979716333333333,7186.57,7094.176666666666,211.181602002085,200.42662351483867,0.190916398713745,0.8002523501393259,84.9011662601824,86.0792711377904
IRL,Ireland,2016,0.09934764,302101388556.271,255374036974.25967,9.5,8.666666666666666,1.7242938,1.6524626666666666,8.00687883789665,7.874593941719464,226022972770.416,134489066627.31648,77.2321472167969,74.24830881754558,0.6692204,0.6191667666666667,6896.82,7053.596666666667,223.702938290642,211.54237550572432,-0.330959783371788,0.12501870008084334,85.1584419832208,85.57280433387037
IRL,Ireland,2017,0.09262102,305795232417.145,283435643294.236,8.6,8.966666666666667,1.7059099,1.6952629000000001,8.29636917712182,8.020727535204637,79795011377.5093,136907293498.57275,77.5571365356445,76.20083872477214,0.4880539,0.5766572,7148.95,7077.446666666667,239.708527798768,224.86435603049833,0.0201247735963237,-0.03997287035390643,NaN,NaN
IRL,Ireland,2018,0.1151558,336707637029.955,314868086001.1237,10.1,9.4,1.5978967,1.6760334666666665,7.92618041220563,8.076476142408033,71124020351.904,125647334833.27643,77.5191116333008,77.4361317952474,0.5129207,0.5567316666666667,7288.93,7111.566666666667,233.304083346711,232.238516478707,0.362173038229378,0.017112676151304573,NaN,NaN
IRL,Ireland,2019,0.1699734,362595940328.693,335032936591.93097,10.8,9.833333333333334,1.6485933,1.6507999666666666,7.76337876800063,7.995309452442693,80581468516.7593,77166833415.39087,76.7604675292969,77.2789052327474,0.6418981,0.5476242333333333,7457.08,7298.32,222.453716000399,231.822109048626,0.471130713712916,0.2844761751795392,NaN,NaN
IRL,Ireland,2020,0.1358183,380627401462.693,359976992940.447,12.3,11.066666666666668,1.5832688,1.6099195999999998,7.30821291296457,7.665924031056943,31252184929.3129,60985891265.992065,74.444580078125,76.24138641357423,0.8123849,0.6557345666666666,7999.14,7581.716666666667,257.652772910421,237.80352408584363,0.937842961189274,0.5903822377105227,NaN,NaN
IRL,Ireland,2021,0.1236538,407856325068.063,383693222286.483,13.7,12.266666666666666,1.4657053,1.5658557999999998,6.80456776897729,7.2920531499808305,35288206770.2389,49040620072.1037,74.1961975097656,75.13374837239583,0.6217682,0.6920170666666667,8513.7,7989.973333333332,258.780437026252,246.295641979024,-0.326183651280033,0.3609300078740523,NaN,NaN
IRL,Ireland,2022,0.07543088,474166373639.897,420883366723.55096,12.7,12.9,1.621098,1.5566906999999999,7.11906758228265,7.077282754741503,77722796051.0396,48087729250.197136,78.4613265991211,75.70070139567056,0.6663491,0.7001674000000001,9437.0,8649.946666666667,231.032350863586,249.15518693341969,2.34034113447044,0.9840001481265604,NaN,NaN
IRL,Ireland,2023,0.113639,509781668505.942,463934789071.3006,NaN,NaN,1.766517,1.6177734333333333,6.84581291258731,6.9231494212824165,-35575910807.5925,25811697337.895336,77.5933380126953,76.75028737386067,0.4084804,0.5655325666666667,9254.27,9068.323333333334,237.755419559378,242.52273581640534,7.82945736434105,3.281204949177152,NaN,NaN
IRN,"Iran, Islamic Rep.",1999,0.01737921,239018052131.649,234731251664.163,0.8,0.9,-1.68048279999999,-1.678449599999995,4.75902620927922,4.755246433404331,24000000.0,34333333.333333336,18.849453608195,18.9063466389974,1.21695,NaN,969.12,826.4833333333332,29.2282196463134,32.36635897085307,17.8661342130398,21.384234661241432,99.3219686825187,99.220938799249
IRN,"Iran, Islamic Rep.",2000,0.01138045,243804857656.766,238990220369.78268,0.6,0.7666666666666666,-1.6790882499999902,-1.6793402166666584,5.1318541285818,4.90649839021603,35000000.0,37333333.333333336,18.7925605773926,18.849453608195002,1.448564,1.679960333333333,1181.4,1003.8333333333334,34.8854141345934,32.254397297516135,20.0707078146866,18.428689260532398,99.5704364541691,99.38669955867142
IRN,"Iran, Islamic Rep.",2001,0.002687739,258056537598.384,246959815795.5997,0.4,0.6,-1.67769369999999,-1.67908824999999,5.32891818848676,5.07326617544926,39000000.0,32666666.666666668,18.780179977417,18.807398054334865,1.298407,1.321307,1559.17,1236.5633333333333,41.2572474638031,35.123627081569964,14.4767513188567,17.471197782194366,99.6596368887027,99.51734734179684
IRN,"Iran, Islamic Rep.",2002,0.02746534,264229695672.548,255363696975.89932,0.5,0.5,-1.5365151499999952,-1.631099033333325,5.45816095459282,5.306311090553794,408118760.0,160706253.33333334,19.4918804168701,19.02154032389323,0.2434729,0.9968146333333333,1910.45,1550.3400000000001,40.535566479523,38.892742692639835,11.2742471332117,15.273902088918334,99.579613300226,99.60322888103259
IRN,"Iran, Islamic Rep.",2003,0.03176833,285576361692.342,269287531654.42468,0.7,0.5333333333333333,-1.3953366,-1.5365151499999952,5.65089777632155,5.4793256398003765,3519380360.0,1322166373.3333333,18.2758693695068,18.84930992126463,2.175506,1.2391286333333333,2753.06,2074.226666666667,48.1726865520657,43.321833498463924,14.3359337378404,13.3623107299696,99.3754079066283,99.53821936518567
IRN,"Iran, Islamic Rep.",2004,0.02900442,310248155730.812,286684737698.5673,0.8,0.6666666666666666,-1.3519161,-1.427922616666665,5.89791758943739,5.668992106783921,2877481500.0,2268326873.3333335,19.4057903289795,19.057846705118802,1.922811,1.4472633000000001,3906.51,2856.6733333333336,50.6791057753261,46.46245293563826,16.4680116244792,14.026064165177099,99.196525182262,99.38384879637209
IRN,"Iran, Islamic Rep.",2005,0.03423278,323702581949.347,306509033124.167,0.7,0.7333333333333334,-1.2344334,-1.3272287,6.19124691935171,5.913354095036883,3037299840.0,3144720566.6666665,21.3706798553467,19.684113184611,1.566651,1.8883226666666666,5176.16,3945.2433333333333,51.3138573265888,50.05521655132687,14.7615086970672,15.188484686462266,99.3001496710709,99.2906942533204
IRN,"Iran, Islamic Rep.",2006,0.02435757,334028060139.024,322659599273.061,1.4,0.9666666666666665,-1.2647461,-1.2836985333333333,6.52930513401687,6.2061565476019895,2889191670.0,2934657670.0,22.6841907501221,21.1535536448161,1.970736,1.820066,7142.47,5408.38,54.4404952635536,52.14448612182284,13.433118008508,14.887546110018134,98.8559472531338,99.11754070215557
IRN,"Iran, Islamic Rep.",2007,0.01836639,350728779262.979,336153140450.44995,1.4,1.1666666666666667,-1.26559209999999,-1.2549238666666633,6.89507643037261,6.53854282791373,2317538500.0,2748010003.3333335,25.3070392608643,23.120636622111032,1.562891,1.7000926666666667,10011.67,7443.433333333333,53.1673587143845,52.97390376817564,10.0158982511924,12.736841652255867,98.7658930714788,98.97399666522783
IRN,"Iran, Islamic Rep.",2008,0.02666367,379333424181.702,354696754527.9017,1.3,1.3666666666666665,-1.3434552,-1.2912644666666633,7.21864993317663,6.8810104991887036,2017791750.0,2408173973.3333335,29.8213806152344,25.937536875406934,1.116454,1.550027,12987.19,10047.11,49.8873069225934,52.49838696684384,17.3410404624277,13.5966855740427,98.8405175966667,98.82078597375977
IRN,"Iran, Islamic Rep.",2009,0.02869928,380285006935.854,370115736793.5117,0.7,1.1333333333333333,-1.3877209,-1.3322560666666632,7.35172418688277,7.155150183477336,1979988010.0,2105106086.6666667,36.1939392089844,30.440786361694368,1.538464,1.4059363333333337,16845.65,13281.503333333334,48.2294027741438,50.42802280370723,25.4105090311987,17.589149248272932,99.5231185172838,99.0431763951431
IRN,"Iran, Islamic Rep.",2010,0.0264894,384115942794.318,381244791303.958,0.8,0.9333333333333332,-1.4986655,-1.4099472000000002,7.49713453135765,7.355836217139017,2983421910.0,2327067223.3333335,36.4833183288574,34.16621271769207,0.9863874,1.2137684666666668,20425.58,16752.806666666667,43.6995802243585,47.27209664036524,13.5515548281506,18.767701440592333,99.5215062434828,99.29504745247777
IRN,"Iran, Islamic Rep.",2011,0.02770861,406386748164.51,390262565964.89404,0.9,0.8000000000000002,-1.42150619999999,-1.4359641999999966,7.44954181717631,7.432800178472243,3648972410.0,2870794110.0,42.5482215881348,38.4084930419922,1.247678,1.2575098,24792.45,20687.893333333333,43.7706437371399,45.23320891188073,10.0893629287979,16.350475596049066,99.4096159165196,99.48474689242875
IRN,"Iran, Islamic Rep.",2012,0.03217917,417138595177.331,402547095378.7197,0.9,0.8666666666666667,-1.1976073,-1.3725929999999966,7.47503068180157,7.473902343445178,4276718690.0,3636371003.3333335,48.0596084594727,42.3637161254883,1.587284,1.2737831333333334,31161.44,25459.823333333334,41.2194147918578,42.896546251118735,26.2933856738608,16.644767810269766,99.3750757914988,99.43539931716707
IRN,"Iran, Islamic Rep.",2013,0.02497038,401507697046.153,408344346795.99805,0.9,0.9,-1.24873909999999,-1.2892841999999936,7.46470417628295,7.463092225086943,4661734400.0,4195808500.0,53.9002494812012,48.16935984293624,1.591076,1.475346,31462.35,29138.746666666662,44.0893466807452,43.026468403247634,27.2568127242908,21.213187108983167,98.9638911323989,99.24952761347244
IRN,"Iran, Islamic Rep.",2014,0.02652219,395396833390.87,404681041871.45135,1.0,0.9333333333333332,-1.3745965,-1.27364763333333,7.61840318570665,7.51937934793039,3049945000.0,3996132696.6666665,56.4632682800293,52.807708740234396,1.349301,1.5092203333333334,32380.6,31668.13,47.0867179194755,44.13182646402617,36.6030355191029,30.051077972418167,98.5707876556882,98.96991819319528
IRN,"Iran, Islamic Rep.",2015,0.05244093,415106476157.82,404003668864.9477,0.9,0.9333333333333332,-1.3019342,-1.3084232666666633,7.8101095500119,7.6310723040005,2105494000.0,3272391133.3333335,64.4999084472656,58.28780873616537,1.181466,1.3739476666666668,35447.71,33096.886666666665,45.3514201413161,45.50916158051226,16.6065532357449,26.82213382637953,99.8901445764347,99.14160778817393
IRN,"Iran, Islamic Rep.",2016,0.04152254,409191686496.677,406564998681.78906,0.9,0.9333333333333332,-1.0907749,-1.2557685333333335,7.61916074830014,7.682557828006231,2050000000.0,2401813000.0,70.6858520507812,63.88300959269203,1.663988,1.398251666666667,36885.35,34904.55333333334,39.42258866118,43.95357557399053,12.4846815611533,21.898090105333704,59.0908945903128,85.85060894081191
IRN,"Iran, Islamic Rep.",2017,0.05265873,445262288195.34,423186816949.94574,1.0,0.9333333333333332,-1.05587229999999,-1.1495271333333301,7.66363471449536,7.6976350042691335,3372000000.0,2509164666.6666665,67.9112319946289,67.69899749755857,1.011411,1.2856216666666667,41932.91,38088.65666666667,39.8772417738866,41.550416858794236,7.24542548952979,12.112220095475996,NaN,NaN
IRN,"Iran, Islamic Rep.",2018,0.05166143,458739730634.758,437731235108.925,1.0,0.9666666666666667,-1.08286669999999,-1.0765046333333268,7.83730730212281,7.706700921639437,5019000000.0,3480333333.3333335,66.351448059082,68.31617736816403,0.9515106,1.2089698666666668,45826.76,41548.340000000004,43.1556931383906,40.818507857819064,8.04492437660278,9.258343809095289,NaN,NaN
IRN,"Iran, Islamic Rep.",2019,0.0461752,441546348305.719,448516122378.6057,1.0,1.0,-1.2929956,-1.1439115333333267,7.68073939665899,7.727227137759054,2373000000.0,3588000000.0,60.8611488342285,65.0412762959798,0.9701126,0.9776780666666666,48707.42,45489.03,56.6153496142829,46.549428175520035,18.0141183371874,11.101489401106656,NaN,NaN
IRN,"Iran, Islamic Rep.",2020,0.06180022,431119516583.705,443801865174.72736,1.0,1.0,-1.36056169999999,-1.24547466666666,8.18571981543646,7.90125550473942,1508000000.0,2966666666.6666665,58.1169509887695,61.77651596069334,0.8518387,0.9244873,54505.54,49679.90666666667,48.5917712137038,49.45427132212577,39.9073455697784,21.988796094522858,NaN,NaN
IRN,"Iran, Islamic Rep.",2021,0.03633843,450269020578.621,440978295156.01495,0.9,0.9666666666666667,-1.39295869999999,-1.34883866666666,8.38853190019001,8.084997037428487,1342000000.0,1741000000.0,55.6366691589355,58.204922993977824,1.010366,0.9441057666666666,56966.0,53392.98666666667,43.8844674905013,49.697196106162664,30.5941390387295,29.50520098189843,NaN,NaN
IRN,"Iran, Islamic Rep.",2022,0.03047422,468869169367.781,450085902176.70233,0.9,0.9333333333333332,-1.39362039999999,-1.382380266666657,8.86620624375505,8.480152653127174,1425000000.0,1425000000.0,54.3051986694336,56.01960627237954,0.6057695,0.8226580666666666,59374.36,56948.63333333333,42.672379536261,45.0495394134887,43.3890162681514,37.96350029221977,NaN,NaN
IRN,"Iran, Islamic Rep.",2023,0.02181067,489278157562.545,469472115836.3156,NaN,NaN,-1.3976255,-1.39473486666666,8.84742330027555,8.70072048140687,1500000000.0,1422333333.3333333,58.6838607788086,56.20857620239257,0.4840399,0.7000584666666668,60939.82,59093.39333333333,48.9183508223052,45.1583992830225,43.4884641742179,39.1572064936996,NaN,NaN
IRQ,Iraq,2003,0.002421542,95208069160.7452,100280322355.23305,0.3,0.3333333333333333,-1.98339319999999,-2.03927799999999,3.65491643857998,3.7618758969937836,-326000.0,-2338000.0,12.6159200668335,12.3330602645874,6.111475,6.897398,103.31,94.80000000000001,119.762047746987,123.95963312155533,19.316694601979,13.556579410047513,96.9839993789116,97.14390540694973
IRQ,Iraq,2006,0.001826818,94053181141.5504,82288190952.45644,2.4,1.0333333333333332,-1.4331865,-1.5200527,3.07089535110651,3.14620023867505,515300000.0,605100000.0,15.5580997467041,15.043931802113866,2.4605533333333334,3.893052666666667,141.51,118.31333333333333,115.742540308642,130.07034757286135,36.9594809201871,32.5125327795842,95.5746023803202,95.94697171762664
IRQ,Iraq,2010,0.0012495,113264515567.212,108019720676.15533,1.2,1.4333333333333333,-1.1212805,-1.20727783333333,3.22209515764181,3.0380856980989663,1598300000.0,1475266666.6666667,NaN,NaN,1.57814375,1.3947805000000002,363.38,304.36,78.6873788189898,77.94525839702376,6.8736154721255,3.1563252407168325,89.69961308193052,93.89850350095888
IRQ,Iraq,2011,0.0007819403,120516349622.451,114447650069.98267,1.7,1.3333333333333333,-0.9629582,-1.0852017999999966,3.59130892513878,3.3143766411481166,1396200000.0,1616733333.3333333,NaN,NaN,1.761507,1.57814375,536.05,402.01666666666665,73.4974796202443,77.74680056860588,2.8777472527476,7.471405183931966,82.93074608799103,89.69961308193052
IRQ,Iraq,2013,0.001154255,147674239072.767,132600556644.57733,1.3,1.366666666666667,-1.0140703,-0.9654493,3.95321422100273,3.7161404687892663,3400000000.0,2292733333.3333335,NaN,NaN,1.1040725,1.2504151666666667,842.4,658.6133333333333,73.6086845912812,73.092497478297,6.08909641595043,4.92276634651701,69.39301210011206,76.16187909405154
IRQ,Iraq,2015,0.003551305,162537141323.775,156383544220.12534,1.0,1.2666666666666666,-1.07080859999999,-1.0331245999999934,3.78352330429891,3.9432554691817363,-10176400000.0,-3037233333.3333335,NaN,NaN,4.221473,2.2160081666666662,806.21,817.9933333333333,68.9824868569036,70.00039661925068,2.23597407904679,3.40152283416397,55.85527811223308,62.62414510617257
IRQ,Iraq,2018,0.002066457,186314571374.742,180952183080.75665,0.5,0.7333333333333334,-1.06927179999999,-1.0189480999999931,4.25410677734214,3.9853080859490233,-5032400000.0,-6287500000.0,NaN,NaN,3.1025783333333328,5.111522666666667,1971.46,1334.8833333333334,59.7809123923157,61.32033372643474,0.18405889884769,0.7113035279354304,NaN,NaN
IRQ,Iraq,2019,0.002092532,191221819559.378,189101421280.84866,0.5,0.6333333333333333,-1.16118109999999,-1.0666926999999933,4.4937314270853,4.259379941312083,-4885100000.0,-5391133333.333333,NaN,NaN,1.093634,3.1025783333333323,3475.9,2213.6600000000003,65.8017917701083,60.05700811703366,0.367441488936849,0.36934059498001665,NaN,NaN
IRQ,Iraq,2020,0.0009696687,201765390224.396,193100593719.50534,0.9,0.6333333333333333,-1.1604354,-1.1302960999999934,4.70108992313127,4.48297604251957,-3075600000.0,-4331033333.333333,NaN,NaN,1.050624,1.748945444444444,6385.65,3944.336666666666,68.9899384202806,64.8575475275682,-0.198965380023928,0.11751166925353701,NaN,NaN
IRQ,Iraq,2022,0.0004312389,180145367592.772,186463355162.2457,1.1,1.0333333333333334,-1.1622157,-1.1912582333333332,4.6367351965098,4.567887908051158,-2637300000.0,-2857333333.3333335,NaN,NaN,0.4649879,0.7662310333333333,11401.67,8436.113333333335,61.5032683117218,62.745174375716125,6.04186489058044,2.1390207299941024,NaN,NaN
IRQ,Iraq,2023,0.0009248341,194483223959.197,184035966407.17932,NaN,NaN,-1.2214123,-1.2115838666666665,5.04369459778254,4.6820894662682475,-2088200000.0,-2528200000.0,NaN,NaN,0.1468946,0.46498789999999995,13407.6,10776.763333333334,68.75879409409,62.66812626698593,4.99476596381044,3.8702645112722247,NaN,NaN
ISL,Iceland,1999,0.003258603,11215843688.7238,10587077772.307001,57.2,54.79999999999999,1.0790768,0.8969877999999999,9.88224647596945,9.878401380565146,154082591.966406,128492302.04233326,39.2137908935547,37.4753735860189,0.7538224,0.6392034999999999,234.29,221.25,70.7676395257416,69.57432055668913,1.65924170953427,1.9116971650098868,27.2556112781738,28.866023329578535
ISL,Iceland,2000,0.01422556,11653035887.5108,11116649869.479265,59.8,57.300000000000004,1.2661031,1.0807225666666664,9.88171504176566,9.814876317189034,66639312.8881672,122911578.29759073,41.3102912902832,39.333660125732436,0.1409075,0.49979806666666665,228.5,228.9433333333333,68.4725808469369,69.50000424406254,3.23183260906467,2.2355017071404535,23.7219502349366,26.69141803332597
ISL,Iceland,2002,0.009591072,12694179473.815,12190617961.194967,62.1,60.866666666666674,1.55458225,1.4246049166666666,10.3787091884001,10.134637951724153,163445772.282047,128415273.09208708,46.9373588562012,44.7217000325521,0.47928004999999996,0.40650918333333336,239.09,229.23000000000002,73.9395325755249,70.88662920687624,6.40508550386868,4.924463115128286,22.1871621210258,22.6365685163622
ISL,Iceland,2003,0.01243058,12763018324.3319,12560612106.802,61.9,61.56666666666666,1.6560351,1.55458225,10.8822598539943,10.4681528891337,91905493.0570106,136837333.1483682,52.6091117858887,48.48797353108727,0.3592201,0.47928005,306.4,255.1966666666667,68.7108314689249,70.96604608087223,5.19702230216628,5.579526346162157,22.334115497043,22.173956937064332
ISL,Iceland,2004,0.01537234,13054189959.3992,12837129252.515368,61.9,61.96666666666667,1.7721922,1.6609365166666665,10.7073407455763,10.6561032626569,335355205.005774,196902156.78161052,60.0269813537598,53.19115066528323,0.4837331,0.4407444166666667,262.25,269.24666666666667,67.4009987460124,70.01712093015406,2.05566329753742,4.5525903678574595,22.1287828946679,22.2166868375789
ISL,Iceland,2005,0.01409585,14049259322.2162,13288822535.315767,61.9,61.9,1.7905867,1.7396046666666667,10.8729294630813,10.8208433542173,755317000.399856,394192566.1542136,66.5821762084961,59.739423116048194,0.5554726,0.46614193333333337,307.44,292.03000000000003,69.7326204452496,68.61481688672897,3.15819324298464,3.4702929475627804,23.2744376387915,22.579112010167467
ISL,Iceland,2006,0.01644136,15036829612.9301,14046759631.515167,62.7,62.166666666666664,1.8061763,1.7896517333333335,10.5394056629844,10.706558623880667,3093680067.57088,1394784090.99217,69.8324279785156,65.4805285135905,0.5301828,0.5231294999999999,363.08,310.92333333333335,71.2106793861355,69.44809952579918,3.98704782806593,3.0669681228626633,22.8926112820509,22.765277271836766
ISL,Iceland,2007,0.01614016,15889660318.5451,14991916417.897133,64.2,62.93333333333334,1.7906405,1.7958011666666664,10.6711391721695,10.694491432745068,3876554983.10737,2575184017.026035,72.9682083129883,69.79427083333333,0.8203923,0.6353492333333333,386.39,352.30333333333334,76.6308537686708,72.52471786668531,6.68707906136661,4.610773377472394,19.0399155489292,21.735654823257203
ISL,Iceland,2008,0.003206053,17278627869.9264,16068372600.4672,67.6,64.83333333333333,1.7164203,1.7710790333333335,11.1536560471939,10.7880669607826,6872169567.20657,4614134872.628273,73.1370162963867,71.97921752929686,0.7734801,0.7080183999999999,382.37,377.28,73.6249668831341,73.82216667931347,5.05155736492146,5.241894751451333,15.6808843135966,19.204470381525567
ISL,Iceland,2009,0.01461316,17572297288.5175,16913528492.329666,74.0,68.60000000000001,1.4200832,1.6423813333333335,11.9081073928686,11.244300870743999,1203686964.67602,3984137171.66332,73.5754699707031,73.22689819335936,0.1960424,0.5966382666666666,423.6,397.4533333333334,81.9027481853952,77.38618961240003,12.6943942775878,8.144343567958623,12.417439022104,15.7127462948766
ISL,Iceland,2010,0.01062075,16110024870.5029,16986983342.982267,74.7,72.1,1.4657913,1.5340982666666667,12.0169922040572,11.692918548039898,63588140.7547094,2713148224.212433,72.4675521850586,73.0600128173828,0.6618106,0.5437777,480.44,428.8033333333333,89.00144405735,81.50971970862643,12.0031298461743,9.916360496227854,11.4745203547073,13.190947896802633
ISL,Iceland,2011,0.006004184,15752089361.4432,16478137173.487867,76.0,74.89999999999999,0.9751951,1.2870232,11.7481708333202,11.891090143415333,256982201.688046,508085769.0395918,78.5030899047852,74.8487040201823,0.67189,0.5099143333333334,568.75,490.93,92.4901528110187,87.7981150179213,5.39673113167477,10.031418418478957,11.5188805402876,11.803613305699633
ISL,Iceland,2012,0.008293205,15969467673.4589,15943860635.135,77.1,75.93333333333334,1.148601,1.1965291333333334,11.2966829041986,11.687281980525333,1106958185.40327,475842842.61534184,79.9194183349609,76.96335347493489,0.3726298,0.5687768000000001,548.23,532.4733333333334,100.133252648313,93.8749498388939,4.0010266434312,7.133629207093423,10.2527357540378,11.082045549677566
ISL,Iceland,2013,0.00134663,16156200535.1964,15959252523.366165,77.7,76.93333333333334,1.1846502,1.1028154333333335,11.3655071776899,11.470120305069566,1024164328.08697,796034905.0594287,79.5824813842773,79.33499654134113,0.4678614,0.5041270666666667,645.19,587.39,102.433137099998,98.35218085310991,5.18589988750698,4.861219220870983,10.3286188157782,10.700078370034532
ISL,Iceland,2014,0.00783521,16737332122.853,16287666777.169434,76.8,77.2,1.1472846,1.1601786,11.4608171384095,11.374335740099333,472607545.774898,867910019.7550459,78.3723907470703,79.29143015543616,0.07767811,0.30605643666666665,589.16,594.1933333333333,97.6980221861272,100.0881373114794,3.87227923748249,4.3530685894735575,10.3844443357095,10.3219329685085
ISL,Iceland,2015,0.009470145,17057653878.2213,16650395512.090235,77.6,77.36666666666666,1.1980632,1.176666,10.5804768682839,11.135600394794432,766775539.042213,754515804.3013602,80.3950881958008,79.44998677571613,0.4810556,0.34219837000000003,597.31,610.5533333333333,95.2879194201667,98.47302623543065,2.04461481539333,3.700931313460933,10.9096604926827,10.540907881390133
ISL,Iceland,2016,0.0150717,17700486957.1907,17165157652.755,78.0,77.46666666666665,1.2962827,1.2138768333333332,10.9704819914454,11.003925332712933,1145767444.823,795050176.5467037,75.6419982910156,78.13649241129558,0.6078448,0.3888595033333333,615.26,600.5766666666667,94.8888027460231,95.958248117439,1.63305558181326,2.516649878229693,11.6681557626704,10.987420197020867
ISL,Iceland,2017,0.01128401,18801118749.2807,17853086528.2309,80.9,78.83333333333333,1.2838536,1.2593998333333334,9.4768348343514,10.3425978980269,-1066286957.46864,282085342.132191,74.7006301879883,76.91257222493489,1.164323,0.7510744666666667,674.43,629.0,87.7600165983392,92.64557958817635,1.69692761997751,1.7915326723947,NaN,NaN
ISL,Iceland,2018,0.009299058,19456350341.8065,18652652016.092636,80.8,79.89999999999999,1.4266014,1.3355792333333334,9.69685497961561,10.048057268470803,-6999892980.93708,-2306804164.5275736,71.3372497558594,73.89329274495444,0.7129031,0.8283569666666667,641.27,643.6533333333333,86.3585336945067,89.669117679623,1.76041559180596,1.6967995978655768,NaN,NaN
ISL,Iceland,2019,0.01262494,20363166145.0836,19540211745.390266,81.4,81.03333333333333,1.4402955,1.3835835,9.34052693205111,9.504738915339374,-622718386.260032,-2896299441.5552506,69.3402328491211,71.79270426432294,0.6852517,0.8541592666666666,720.82,678.84,88.934996973139,87.68451575532829,2.68291768267392,2.0467536314857964,NaN,NaN
ISL,Iceland,2020,0.002327205,20594942207.7632,20138152898.21777,81.7,81.30000000000001,1.5164097,1.4611022,8.81066554249882,9.282682484721846,-556463720.652853,-2726358362.6166553,70.6093521118164,70.42894490559897,0.8157772,0.7379773333333334,680.46,680.85,83.7923659518443,86.36196553983001,3.01397179156053,2.4857683553468033,NaN,NaN
ISL,Iceland,2021,0.009673051,19226227440.8995,20061445264.582104,82.9,82.00000000000001,1.4674124,1.4747058666666668,8.38201946717677,8.844403980575565,-878458464.58691,-685880190.4999317,74.5906066894531,71.51339721679686,0.2405369,0.5805219333333334,686.83,696.0366666666667,68.6550233460548,80.46079542367937,2.84792401518665,2.848271163140366,NaN,NaN
ISL,Iceland,2022,0.005031121,20222255991.4032,20014475213.3553,82.4,82.33333333333333,1.6297845,1.537868866666667,8.49269837861054,8.561794462762043,400954509.175135,-344655892.02154267,86.5232086181641,77.24105580647786,0.7500991,0.6021377333333334,751.67,706.32,76.2317249850944,76.2263714276645,4.44423970189739,3.435378502881523,NaN,NaN
ISL,Iceland,2023,0.007706951,22005999303.4513,20484827578.584667,NaN,NaN,1.4250509,1.5074159333333332,8.48003811488391,8.45158532022374,1382537404.59093,301677816.3930517,84.985237121582,82.03301747639973,0.3981093,0.4629151,765.6,734.6999999999999,93.0487199615013,79.31182276421684,8.3087551155892,5.200306277557747,NaN,NaN
ISR,Israel,1999,0.454032,164922938836.449,158739523527.68735,6.1,5.733333333333334,0.8735322,0.7883306499999999,8.96062636074359,9.0124423904747,1737400000.0,1589433333.3333333,NaN,NaN,0.5789188,0.6041631333333334,8511.28,8547.433333333332,56.9044666793177,57.53434923745206,5.48875371339656,8.634086610427099,97.1622068018858,97.2401744985824
ISR,Israel,2000,0.4509503,170360909595.317,164564352557.066,5.9,5.8999999999999995,0.8962167999999999,0.8526932166666666,8.97057959183674,9.000492228653119,4150000000.0,2507066666.6666665,NaN,NaN,0.5967641,0.595933,8493.43,8581.75,64.7395856251294,59.737165854804,5.18975459299983,6.544500713722743,97.1716602521242,97.21331614547141
ISR,Israel,2001,0.4613951,184981435200.171,173421761210.64566,6.0,6.0,0.9189014,0.8962167999999999,9.42660200349817,9.119269318692833,8047500000.0,4644966666.666667,NaN,NaN,0.49817,0.5579509666666667,9345.74,8783.483333333332,68.3468590369834,63.33030378047683,1.03263640999489,3.90371490546376,97.2145469738059,97.18280467593864
ISR,Israel,2002,0.4810358,185495549157.594,180279297984.3607,6.3,6.066666666666667,0.9566874,0.9239352,9.19913029973598,9.198770631690296,1771300000.0,4656266666.666667,51.1147117614746,NaN,0.5550637,0.5499992666666667,9369.95,9069.706666666667,62.139584755155,65.07534313908927,1.12302839116721,2.4484731313873103,97.1549267189842,97.1803779816381
ISR,Israel,2003,0.3624241,185246850387.665,185241278248.47668,6.5,6.266666666666667,0.9944734,0.9566873999999999,9.51086757990868,9.378866627714276,1582500000.0,3800433333.3333335,55.8358116149902,NaN,0.6206148,0.5579495,9681.29,9465.660000000002,65.4711054145982,65.3191830689122,5.80234589468429,2.6526702319487967,96.9186497825764,97.09604115845549
ISR,Israel,2004,0.5391197,187931184126.957,186224527890.73868,6.5,6.433333333333334,0.936594,0.9625849333333333,9.6043768778869,9.438124919177186,3322000000.0,2225266666.6666665,55.2073287963867,54.0526173909505,0.4523771,0.5426852,9934.33,9661.856666666668,66.8817503698504,64.83081351320119,0.70763061681807,2.5443349675565234,96.9247063609605,96.99942762084036
ISR,Israel,2005,0.4872466,196666032830.423,189948022448.34836,6.7,6.566666666666666,0.8766531,0.9359068333333332,9.4006168306653,9.505287096153626,2946900000.0,2617133333.3333335,54.5026702880859,55.18193689982093,0.6370092,0.5700003666666668,10463.49,10026.37,74.9731995265147,69.10868510365442,-0.421595034547416,2.029460492318315,96.6492413022686,96.8308658152685
ISR,Israel,2006,0.6294605,205295323130.844,196630846696.07468,7.0,6.733333333333333,0.9163284,0.9098585,8.92812513527943,9.311039614610543,4818400000.0,3695766666.6666665,55.645191192627,55.1183967590332,0.5454047,0.5449303333333333,10573.52,10323.78,78.3242613769325,73.39307042443254,1.34070328119492,0.542246287821858,96.6035208272683,96.7258228301658
ISR,Israel,2007,0.7943465,216795201343.264,206252185768.177,6.9,6.866666666666667,0.9173152,0.9034322333333332,9.22039497001574,9.183045645320156,14395500000.0,7386933333.333333,54.7331390380859,54.96033350626627,0.6614034,0.6146057666666667,11226.15,10754.386666666665,78.4352889718463,77.24424995843117,2.05407914587443,0.9910624641739779,96.9321275467904,96.72829655877577
ISR,Israel,2008,0.874624,230503919634.261,217531481369.45633,6.7,6.866666666666667,1.0188037,0.9508157666666667,9.38933998133731,9.179286695544159,8798100000.0,9337333333.333334,57.3098487854004,55.89605967203777,0.7970185,0.6679422,11256.78,11018.816666666666,78.8371062996628,78.53221888281386,0.466226972936065,1.2870031333351382,97.0328955464287,96.85618130682913
ISR,Israel,2009,0.6287217,237930977208.346,228410032728.62366,8.9,7.5,1.048727,0.9949486333333333,9.27417633537653,9.294637095576526,10274200000.0,11155933333.333334,56.7789001464844,56.2739626566569,0.93827,0.7988973,11395.53,11292.82,75.380922305658,77.55110585905571,4.52744765138651,2.349251256732335,96.4893610574338,96.81812805021764
ISR,Israel,2010,0.5349944,240875924092.824,236436940311.81033,8.5,8.033333333333333,0.9449838,1.0041715,8.95687720423213,9.206797840315323,4606900000.0,7893066666.666667,59.5300903320312,57.87294642130533,0.7502261,0.8285048666666667,11233.23,11295.18,61.67564796397,71.96455885643026,3.3676231727125,2.7870992656783584,96.3627938575036,96.62835015378869
ISR,Israel,2011,0.5857347,254206817526.885,244337906276.0183,8.6,8.666666666666666,1.0545829,1.0160978999999999,9.43716879164699,9.222740777085216,6984700000.0,7288600000.0,62.1285705566406,59.47918701171873,0.6590019,0.7824993333333334,10959.72,11196.159999999998,65.6330798689153,67.56321671284776,2.70270270270273,3.53259117560058,96.3156389549734,96.38926462330362
ISR,Israel,2012,0.6976019,268235973747.568,254439571789.09232,9.1,8.733333333333333,1.1985341,1.0660336000000001,9.16057585825028,9.184873951376467,8653000000.0,6748200000.0,62.7604484558105,61.47303644816076,0.7517247,0.7203175666666667,11268.18,11153.710000000001,68.9094378497374,65.4060552275409,3.48837209302323,3.1862326561461534,96.4452722159678,96.37456834281494
ISR,Israel,2013,0.4893586,274800159647.141,265747650307.198,2.9,6.866666666666667,1.1065081,1.1198750333333332,9.80845711396245,9.468733921286573,9017300000.0,8218333333.333333,64.2354736328125,63.0414975484212,0.7774808,0.7294024666666666,11614.79,11280.896666666667,69.9650250827043,68.16918093378567,1.67553715750052,2.6222039844088267,99.8871139276641,97.5493416995351
ISR,Israel,2014,0.5051192,286027695014.037,276354609469.582,3.3,5.1,1.0845921,1.1298781,8.47298219492524,9.14733838904599,11842200000.0,9837500000.0,62.6519393920898,63.21595382690427,0.5969349,0.7087134666666667,11390.71,11424.56,64.1340511293501,67.66950468726394,1.58976347421476,2.251224241579503,NaN,NaN
ISR,Israel,2015,0.5624872,296827610046.146,285885154902.44135,3.7,3.3000000000000003,1.039203,1.0767677333333334,8.02420974475699,8.768549684548228,6048900000.0,8969466666.666666,62.6224403381348,63.16995112101237,0.5948871,0.6564342666666667,12086.64,11697.38,61.7133541160002,65.27081010935153,0.467557251908503,1.2442859612079278,NaN,NaN
ISR,Israel,2016,0.661428,303469434072.296,295441579710.82635,3.7,3.5666666666666664,1.0998742,1.0745564333333333,8.11347119962769,8.203554379769972,11336200000.0,9742433333.333334,61.6271781921387,62.30051930745443,0.6343626,0.6087281999999999,12249.84,11909.063333333334,58.897971915566,61.5817923869721,-0.617342577642765,0.479992716160166,NaN,NaN
ISR,Israel,2017,0.608999,317003511449.31,305766851855.9173,4.0,3.8000000000000003,1.2410934,1.1267235333333334,7.90452843435525,8.01406979291331,11988000000.0,9791033333.333334,61.4426498413086,61.897422790527365,0.7221749,0.6504748666666667,12479.66,12272.046666666667,57.7990316850783,59.4701192388815,-0.535168195718695,-0.22831784048431905,NaN,NaN
ISR,Israel,2018,0.476835,330783435889.189,317085460470.265,3.9,3.866666666666667,1.21522,1.1853958666666666,7.78383620442312,7.933945279468687,16892500000.0,13405566666.666666,60.3434600830078,61.13776270548504,0.6786005,0.6783793333333333,12507.34,12412.279999999999,56.2801142540924,57.65903928491224,0.249807840123008,-0.30090097774615066,NaN,NaN
ISR,Israel,2019,0.4403036,344027669320.131,330604872219.5434,3.8,3.9,1.163545,1.2066194666666668,7.14844418426622,7.6122696076815295,21514500000.0,16798333333.333334,58.6109886169434,60.13236618041993,0.5610754,0.6539502666666667,12752.3,12579.766666666668,58.7437542387448,57.6076333926385,0.805060379528526,0.17323334131094634,NaN,NaN
ISR,Israel,2020,0.4784669,356792803355.853,343867969521.72437,4.5,4.066666666666667,1.2416535,1.2068061666666667,7.21388336646786,7.3820545850524,17362500000.0,18589833333.333332,57.4564514160156,58.80363337198893,0.5178489,0.5858416000000001,13267.72,12842.453333333333,56.325348642584,57.11640571180707,0.817645940292794,0.6241713866481093,NaN,NaN
ISR,Israel,2021,0.4227123,349579824803.208,350133432493.064,5.6,4.633333333333333,1.1520351,1.1857445333333334,6.66216318867945,7.00816357980451,20968700000.0,19948566666.666668,57.633861541748,57.90043385823566,0.5051648,0.5280296999999999,13675.43,13231.816666666666,51.2366737920366,55.4352588911218,-0.575254620897756,0.3491505663078547,NaN,NaN
ISR,Israel,2022,0.3257651,382399686301.549,362924104820.20337,6.2,5.433333333333334,1.1753426,1.1896770666666667,6.50617837249504,6.794074975880783,18949900000.0,19093700000.0,60.2585487365723,58.44962056477863,0.4717365,0.49825006666666666,15132.89,14025.346666666666,54.9016842006986,54.15456887843973,1.47965474722561,0.574015355540216,NaN,NaN
ISR,Israel,2023,0.2640401,406350386042.279,379443299049.012,NaN,NaN,1.1223555,1.1499110666666665,6.65826837562124,6.60886997893191,22883500000.0,20934033333.333332,58.9500617980957,58.947490692138665,0.3906713,0.4558575333333333,15417.46,14741.926666666666,60.6448526742952,55.5944035556768,4.41162725488371,1.7720091270705212,NaN,NaN
ITA,Italy,1999,1.538604,1757973143577.88,1726325895618.873,4.8,4.8,0.7008653,0.61553375,7.7754334354466,7.650511757404007,2640065101.35419,3292089586.9825063,NaN,NaN,0.7697873,0.7403989333333333,34127.6,34509.823333333334,44.997874273345,44.0923628395423,1.95508557719381,2.668390021501857,92.27788070673,92.44029789216887
ITA,Italy,2000,1.65003,1787471784895.84,1757419961453.4531,5.0,4.866666666666667,0.7499786500000001,0.6887925666666668,7.89504352504046,7.762292148482454,6941768225.12833,4423033277.332444,NaN,NaN,0.6858884,0.7304533000000001,34282.2,34522.60999999999,44.5298402267013,44.66829323263883,1.66345995007714,1.8872177749241033,91.8328303538921,92.18218282260402
ITA,Italy,2001,1.796036,1856863206512.55,1800769378328.7566,5.1,4.966666666666666,0.799092,0.7499786500000001,7.97861399862471,7.8830303197039235,13172981900.3999,7584938408.960807,NaN,NaN,0.7849404,0.7468720333333333,36209.65,34873.15,50.2747311455639,46.6008152152034,2.53768532095002,2.05207694940699,91.7213086333747,91.9440065646656
ITA,Italy,2002,1.612608,1894119928193.34,1846151639867.2434,5.4,5.166666666666667,0.8513971499999999,0.8001559333333333,7.96252086434695,7.9453927960040405,14878086498.8458,11664278874.791344,53.4531898498535,NaN,0.8747951,0.7818746333333334,37419.9,35970.583333333336,49.8632723203495,48.222614564204896,2.78516542713554,2.3287702327209003,91.394792901625,91.64964396296394
ITA,Italy,2003,1.96206,1899232719747.26,1883405284817.7168,5.6,5.366666666666667,0.9037023,0.8513971499999999,8.07424104162591,8.005125301532523,17239360004.8834,15096809468.043036,56.3153915405273,NaN,0.8011349,0.8202901333333333,39094.52,37574.69,47.8713186791542,49.336440715022526,2.46532319171165,2.5960579799324033,91.0271395679261,91.38108036764193
ITA,Italy,2004,1.651439,1900496731461.62,1897949793134.0732,6.2,5.733333333333334,1.0274005,0.9274999833333334,8.37573927880229,8.13750039492505,19572886733.5721,17230111079.100437,60.0055885314941,56.59138997395829,0.9901882,0.8887060666666667,42549.05,39687.823333333334,45.9940859777074,47.9095589924037,2.6725555277285,2.64101471552523,90.2068333492971,90.8762552729494
ITA,Italy,2005,1.594912,1928510465814.16,1909413305674.3467,5.9,5.900000000000001,1.0001336,0.9770788,8.51073142040319,8.320237246943798,20100742901.8036,18970996546.753033,63.3327293395996,59.88456980387366,0.8842317,0.8918516,44567.15,42070.24,47.2663923891771,47.04393234867956,2.20673661423657,2.4482051112255734,90.3967244779413,90.54356579838816
ITA,Italy,2006,1.678236,1943213635518.5,1924073610931.4268,6.7,6.266666666666667,0.9062855,0.9779398666666665,8.4768648141216,8.454445171109027,36762073074.9389,25478567570.10487,65.3270263671875,62.888448079427064,0.8325124,0.9023107666666667,48093.98,45070.06,49.1221742288618,47.46088419858211,1.9852929852798,2.2881950424149564,89.7913694468965,90.13164242471163
ITA,Italy,2007,1.774472,1978181374737.88,1949968492023.5134,7.5,6.7,0.9347533,0.9470574666666667,8.34804384209065,8.445213358871813,56995485107.01,37952767027.9175,67.2835083007812,65.3144213358561,0.8639668,0.8602369666666667,51002.2,47887.776666666665,52.9235429597012,49.77070319258004,2.09084391012754,2.0942911698813034,89.1808272808267,89.78964040188816
ITA,Italy,2008,1.871724,2007108163772.48,1976167724676.2864,8.7,7.633333333333333,0.9144553,0.9184980333333334,8.17482777618523,8.333245477465825,65975535145.4856,53244364442.47817,68.8725967407227,67.16104380289714,0.9283864,0.8749552,54347.87,51148.01666666667,54.8280415572531,52.29125291527203,1.82974112202403,1.9686260058104568,88.1728336234335,89.04834345038557
ITA,Italy,2009,1.908739,1986572667176.02,1990620735228.7932,10.8,9.0,0.8886584,0.9126223333333333,7.85286143845028,8.125244352242055,-9501579210.4657,37823147014.00997,67.5799865722656,67.91203053792316,0.974662,0.9223384,56415.8,53921.956666666665,54.2142548956671,53.98861313754046,3.34783258401022,2.4228058720539303,86.8313842118204,88.06168170536021
ITA,Italy,2010,1.603133,1881181927615.29,1958287586187.93,12.5,10.666666666666666,0.7953389,0.8661508666666666,6.94826035580217,7.65864985681256,16607196344.8457,24360384093.288532,66.9516296386719,67.80140431722008,0.9761162,0.9597215333333334,58491.98,56418.549999999996,45.1414765721604,51.3945910083602,0.774768131387381,1.9841139458072103,84.8408523582119,86.61502339782193
ITA,Italy,2011,1.527872,1909947188308.66,1925900594366.657,12.8,12.033333333333333,0.7462046,0.8100673,7.08186391750757,7.294328570586674,9930501390.90892,5678706175.096307,65.3790435791016,66.6368865966797,0.8703846,0.9403875999999999,58776.67,57894.81666666667,51.6621118138339,50.33928109388714,1.52551602118248,1.882705578860027,84.6193782902182,85.43053828675016
ITA,Italy,2012,1.588352,1923230167272.61,1904786427732.1868,11.9,12.4,0.4856351,0.6757262,6.9053125750862,6.978478949465313,34465481829.5316,20334393188.42874,64.2492523193359,65.52664184570314,0.8680931,0.9048646333333332,60521.84,59263.496666666666,54.4722149449288,50.42526777697437,2.78063272879323,1.6936389604543638,84.4546593692901,84.6382966725734
ITA,Italy,2013,1.419893,1863124632394.25,1898767329325.1736,14.4,13.033333333333333,0.4822093,0.5713496666666666,6.55333989010063,6.846838794231466,34901033.014975,14810294751.151833,62.3447418212891,63.99101257324221,0.9406759,0.8930511999999999,64130.5,61143.003333333334,54.8844952702204,53.6729406763277,3.04136333226775,2.4491706940811535,82.1863077399564,83.75344846648824
ITA,Italy,2014,1.419779,1829252558793.34,1871869119486.7334,16.3,14.200000000000001,0.4880841,0.48530950000000006,5.99742374656768,6.485358737251503,19531411961.8184,18010598274.788326,60.8925285339355,62.49550755818683,0.8796657,0.8961448999999999,67380.42,64010.91999999999,54.0341846317499,54.463631615633034,1.21999342274306,2.3473298279346797,79.9548600048126,82.1986090380197
ITA,Italy,2015,1.54462,1829227175768.29,1840534788985.2932,17.1,15.933333333333335,0.3783433,0.44954556666666673,5.68586837020992,6.0788773356260775,17032744039.0433,12199685677.958893,60.8831481933594,61.37347284952799,0.8496363,0.8899926333333333,69089.63,66866.84999999999,54.4545299332032,54.4577366117245,0.241047429826756,1.5008013949458554,78.5887352149793,80.24330098658277
ITA,Italy,2016,1.4648,1845428048839.1,1834635927800.2434,16.6,16.666666666666668,0.5869675,0.48446496666666666,5.87319309166979,5.852161736149131,13303439230.2377,16622531743.699799,60.941291809082,60.9056561787923,0.9053353,0.8782124333333333,70947.03,69139.02666666667,55.4356858148221,54.641466793258395,0.0387903996579733,0.4999437507425964,78.9818167175667,79.17513731245286
ITA,Italy,2017,1.441261,1868241619489.51,1847632281365.6335,16.1,16.6,0.6337422,0.5330176666666667,5.80834075921169,5.7891340736971335,25656663794.7916,18664282354.69087,61.3571014404297,61.06051381429037,0.8759043,0.8769586333333333,70793.77,70276.81,54.4321467018313,54.77412081661887,-0.09401665691575,0.06194039085632644,NaN,NaN
ITA,Italy,2018,1.347543,1898202609462.08,1870624092596.8965,16.4,16.366666666666667,0.6356778,0.6187958333333333,5.7611454316748,5.8142264275187605,8737024578.66006,15899042534.56312,62.69580078125,61.66473134358724,0.8981002,0.8931132666666667,72117.06,71285.95333333334,57.5829940274911,55.8169421813815,1.22653316645812,0.39043563640011447,NaN,NaN
ITA,Italy,2019,1.455553,1913894038926.83,1893446089292.8066,17.1,16.533333333333335,0.5602677,0.6098959,5.65886939655412,5.7427851958135365,44249715319.1483,26214467897.53332,64.4753265380859,62.84274291992187,0.8487911,0.8742652,73693.73,72201.52,59.2749835128154,57.0967080807126,1.13748763600391,0.7566680485154267,NaN,NaN
ITA,Italy,2020,1.487068,1922107755078.16,1911401467822.3567,17.3,16.933333333333334,0.7011105,0.632352,5.56784056329278,5.662618463840566,35760550299.4852,29582430065.764523,65.6895065307617,64.28687795003253,0.9095148,0.8854687,78131.55,74647.44666666667,58.6941902594738,58.51738926659343,0.611246943765304,0.9917559154091112,NaN,NaN
ITA,Italy,2021,1.366383,1751650987235.43,1862550927080.14,18.7,17.7,0.4717415,0.5777065666666666,4.96667406979317,5.397794676546691,-17050399620.8672,20986621999.255432,68.7231063842773,66.2959798177083,0.9208184,0.8930414333333334,86301.61,79375.63,53.9394839042764,57.302885892188534,-0.13770757391651,0.5370090019509013,NaN,NaN
ITA,Italy,2022,0.9751271,1908092024820.83,1860616922378.14,17.5,17.833333333333332,0.5735641,0.5821387,5.58651571090224,5.373676781329396,26253856510.1011,14988002396.2397,71.2745208740234,68.56237792968746,0.8183035,0.8828789,92877.32,85770.15999999999,60.3019776202798,57.64521726134333,1.87378325762481,0.7824408758245346,NaN,NaN
ITA,Italy,2023,0.9510773,2000084512919.56,1886609174991.9402,NaN,NaN,0.6011866,0.5488307333333334,5.60897190137329,5.387387227356233,61897757337.9736,23700404742.4025,73.8962097167969,71.29794565836586,0.6249392,0.7880203666666666,90585.64,89921.52333333333,72.0165023032697,62.08598794260863,8.20128991161718,3.3124551984418265,NaN,NaN
JAM,Jamaica,2004,0.004350664,14524220379.0531,14090322285.375467,8.1,8.0,0.1302785,0.10514876666666667,3.97384197908397,3.9290764743066036,683500000.0,567933333.3333334,18.8019199371338,17.23518625895183,2.2557015714285718,3.0302931428571434,141.52,147.03333333333333,NaN,NaN,10.0869565217391,7.98840530757495,93.3124734380964,93.25083539290411
JAM,Jamaica,2005,0.004027386,14716481130.4443,14417083553.504133,6.4,7.5,0.1923274,0.14211246666666666,3.96703121930227,3.9420811631228836,559365888.026738,562221962.6755794,18.9983196258545,18.2163429260254,1.48111,2.2557015714285718,168.78,152.74,NaN,NaN,13.5545023696682,10.239269661505716,93.55811029933,93.32513083379229
JAM,Jamaica,2006,0.001826818,14848016734.9532,14696239414.816866,5.4,6.633333333333333,0.2253065,0.18263746666666666,3.95557831478646,3.9654838377242334,637901995.872958,626922627.9665653,17.27659034729,18.358943303426102,1.293017,1.676609523809524,145.14,151.8133333333333,NaN,NaN,15.0528658875905,12.898108259665932,94.2895836659511,93.72005580112584
JAM,Jamaica,2007,0.004452459,15278479351.3183,14947659072.2386,4.8,5.533333333333334,0.2887177,0.23545053333333335,4.55799550383418,4.160201679307637,842342788.336148,679870224.0786147,17.2686595916748,17.847856521606435,0.6501529,1.1414266333333334,144.2,152.70666666666668,NaN,NaN,8.56106408706157,12.389477448106755,94.3937736780695,94.0804892144502
JAM,Jamaica,2008,0.001068684,15497260153.2881,15207918746.519867,5.3,5.166666666666667,0.3057307,0.27325163333333335,4.50876999041934,4.340781269679994,811902426.322257,764049070.177121,19.7939748764038,18.113074938456197,1.028767,0.9906456333333334,174.49,154.60999999999999,NaN,NaN,9.24482067275562,10.95291688246923,94.1581585110417,94.28050528502077
JAM,Jamaica,2009,0.003928784,15371463204.7905,15382400903.1323,5.9,5.333333333333333,0.2836894,0.2927126,3.62135795878759,4.229374484347036,1376602630.06182,1010282614.9067417,22.3192901611328,19.793974876403798,0.3137128,0.6642109,221.42,180.03666666666663,NaN,NaN,22.0228384991843,13.276241086333831,94.3283004867578,94.29341089195634
JAM,Jamaica,2010,0.0012495,14703526728.5078,15190750028.862135,7.4,6.2,0.2533509,0.2809236666666666,2.94092608864832,3.69035134595175,485164640.147181,891223232.177086,22.2321395874023,21.44846820831297,2.0703,1.1375932666666666,206.93,200.9466666666667,NaN,NaN,9.59224598930482,13.61996838708158,96.2806367082619,94.92236523535378
JAM,Jamaica,2011,0.003518731,14489274699.2317,14854754877.51,8.9,7.400000000000001,0.2536728,0.2635710333333333,2.79862095462073,3.1203016673522135,185775630.598887,682514300.269296,25.3770890609495,23.3095062698282,0.627386,1.0037996,173.98,200.77666666666664,NaN,NaN,12.6105519975603,14.741878828683141,91.8835134652033,94.16415022007432
JAM,Jamaica,2012,0.0007643507,14739993670.3316,14644265032.690367,9.8,8.700000000000001,0.1950194,0.23401436666666667,2.75432585616922,2.8312909664794232,172757165.409787,281232478.71861833,24.7684625492773,24.12589706587637,3.011265,1.9029836666666666,199.55,193.48666666666668,NaN,NaN,7.555856465809,9.919551484224707,92.258947928937,93.47436603413406
JAM,Jamaica,2013,0.002308509,14649543756.5624,14626270708.708567,12.2,10.299999999999999,-0.0021633,0.14884296666666666,2.52991058385604,2.6942857982153305,413333448.071632,257288748.02676868,27.0686781072538,25.738076572493537,0.6339066,1.4241858666666667,206.96,193.49666666666667,NaN,NaN,6.87397708674309,9.013461850037464,90.8501425685354,91.6642013208919
JAM,Jamaica,2015,0.005918841,14826961375.6345,14733962509.169334,11.9,11.833333333333334,0.0551423,0.03158086666666666,2.58240808318858,2.6002438508483467,582148741.614111,513409917.1509344,25.927314531978098,26.205735806997765,2.6963885000000003,1.5890857,208.67,205.6833333333333,NaN,NaN,8.27407886231419,8.16318557158467,90.4136498110326,90.5840503773178
JAM,Jamaica,2017,0.003224004,15376650479.9803,15055733923.735334,11.1,11.700000000000001,0.1445195,0.10901699999999999,2.71374756887664,2.6106559616172302,927976718.982491,811701108.1022137,NaN,NaN,4.47949,3.7105645000000003,162.19,175.37333333333333,NaN,NaN,2.35102197485846,4.7722143752433,NaN,NaN
JAM,Jamaica,2018,0.001033229,15729242259.4032,15356494218.3249,11.0,11.4,0.1244681,0.13212559999999998,2.59524590839289,2.614935236685333,888835228.4786,913929937.0570434,NaN,NaN,5.003165,4.47949,168.53,161.99333333333334,NaN,NaN,4.37839864991561,3.473654304443773,NaN,NaN
JOR,Jordan,1999,0.009775808,17054012095.8095,16544832507.730265,2.2,2.166666666666667,0.1751268,-0.09133665000000002,2.87288615420841,2.881671006366427,310014104.372355,228819934.17959544,24.9479904174805,22.7275002797445,NaN,NaN,457.61,403.02666666666664,109.052402937716,120.28287970598866,3.09166666666703,4.210256298821797,98.562018491328,98.57248350831173
JOR,Jordan,2000,0.03414135,17632063087.4182,17080470648.748968,2.2,2.1666666666666665,0.18474010000000002,0.08951008333333332,2.81699189833153,2.8623067113306466,157968970.380818,276304654.442877,26.872400283813498,24.9479904174805,1.800722,NaN,476.6,445.8666666666666,104.470373639306,111.419963152443,0.606256567779427,2.245269145816319,98.5385886010559,98.55720628307854
JOR,Jordan,2001,0.002687739,18380669691.8022,17688914958.3433,2.1,2.166666666666667,0.1943534,0.1847401,3.05659330102683,2.915490451188923,913258110.014104,460413728.255759,28.7968101501465,26.8724002838135,5.294392,NaN,536.58,490.2633333333333,110.328904595996,107.950560391006,0.66688092559796,1.4549347200148057,98.4551346154963,98.5185805692934
JOR,Jordan,2002,0.01831023,19349323186.586,18454018655.2688,2.1,2.1333333333333333,0.10913025000000001,0.16274125,3.00198549017311,2.9585235631771565,273628171.251893,448285083.8822716,30.53760528564455,28.735605239868182,0.9332563,2.6761234333333337,539.78,517.6533333333333,109.285478573786,108.028252269696,1.77220437351017,1.0151139556291857,98.0000120919424,98.33124510283153
JOR,Jordan,2003,0.007264626,20468450874.8326,19399481251.073597,2.1,2.1,0.0239071,0.10913025,3.06397752448066,3.0408521052268664,238222874.679327,475036385.315108,32.2784004211426,30.53760528564455,2.685756,2.9711347666666668,589.94,555.4333333333334,114.03885781572,111.21774699516732,1.83299389002049,1.4240263963762068,97.9814996955333,98.14554880099068
JOR,Jordan,2004,0.007613661,21320279753.9925,20379351271.8037,2.0,2.0666666666666664,0.2155183,0.11618521666666666,3.07334179985886,3.046434938170877,546967559.943582,352939535.2916007,36.0558204650879,32.957275390625014,1.405739,1.6749171,657.18,595.6333333333333,115.706835253918,113.010390547808,1.62999999999998,1.7450660878435464,96.9638261315982,97.64844597302464
JOR,Jordan,2005,0.008390388,23146833797.5894,21645188142.13817,1.8,1.9666666666666668,0.3627243,0.20071656666666668,3.23277844279412,3.12336592237788,936812411.847672,574000948.823527,40.467830657959,36.267350514729834,1.377674,1.8230563333333336,742.46,663.1933333333333,134.621611934395,121.45576833467766,3.36186821476601,2.2749540349288266,97.6699738875579,97.5384332382298
JOR,Jordan,2006,0.01412739,25032512558.6082,23166542036.73003,1.7,1.8333333333333333,0.3211519,0.2997981666666667,3.36910305797064,3.225074433541207,1984485190.40902,1156088387.4000914,39.7074890136719,38.74371337890627,0.8342635,1.2058921666666669,788.65,729.43,146.908891279018,132.41244615577702,3.49368534619531,2.8285178536537665,97.8948027431156,97.50953425409057
JOR,Jordan,2007,0.01486008,27058387611.4685,25079244655.888702,2.3,1.9333333333333333,0.1526239,0.27883336666666664,3.19629907780335,3.266060192856037,3544005641.74894,2155101081.335211,37.8664016723633,39.34724044799807,1.039678,1.0838718333333335,916.62,815.91,141.747381831126,141.09262834817966,6.25172466656443,4.369092742508584,97.8915124680251,97.81876303289954
JOR,Jordan,2008,0.01242346,29270727368.8656,27120542512.980762,2.3,2.1,0.1566394,0.21013840000000003,3.12567606145218,3.2303593990753896,2622144778.84371,2716878537.0005565,38.7338409423828,38.769243876139335,1.503778,1.1259065,1037.22,914.1633333333334,145.994246288526,144.88350646622334,4.74390639021648,4.829772134325407,98.4163241963363,98.06754646915901
JOR,Jordan,2009,0.008624159,31384186979.027,29237767319.787033,2.7,2.433333333333333,0.308494,0.20591910000000002,2.93181586027543,3.084596999843653,2826744496.33301,2997631638.9752197,41.3684692382812,39.3229039510091,1.343903,1.2957863333333333,1240.07,1064.6366666666665,140.91292596092,142.88485136019068,13.9712310012729,8.322287352684603,98.0026258213599,98.10348749524043
JOR,Jordan,2010,0.0037485,32960837541.5358,31205250629.809467,2.8,2.6,0.2228716,0.22933499999999998,2.94909387093057,3.0021952642193934,2413098591.54929,2620662622.2420034,42.0630187988281,40.72177632649736,1.919479,1.5890533333333334,1282.14,1186.4766666666667,112.151998187109,133.01972347885166,-0.739069743144777,5.992022549448201,97.9606777045814,98.12654257409253
JOR,Jordan,2011,0.007819403,33723826288.3537,32689616936.3055,3.0,2.8333333333333335,0.1073349,0.21290016666666667,2.82145795221434,2.9007892278067797,1688394366.19718,2309412484.6931605,37.7581337455828,40.39654059423069,0.6755042,1.3129620666666666,1435.45,1319.22,114.222677694125,122.42920061405134,4.84551875852116,6.025893338883094,97.35049824271,97.77126725621712
JOR,Jordan,2012,0.008598945,34646908078.4163,33777190636.101933,3.0,2.9333333333333336,0.1908722,0.1736929,2.80918568252281,2.8599125018892395,1486056338.02816,1862516431.9248765,37.4216386327285,39.0809303923798,0.99843,1.1978044,1416.08,1377.89,118.699679501801,115.02478512767834,4.1624416292779,2.7562968815514277,96.0033704250095,97.10484879076698
JOR,Jordan,2013,0.01065762,35488605511.9193,34619779959.5631,2.9,2.966666666666667,0.1819511,0.16005273333333334,3.23339783293465,2.9546804892239336,1548450704.22535,1574300469.4835634,43.9161464129347,39.698639597082,1.637845,1.1039264,1380.32,1410.6166666666666,117.855587685189,116.92598162703833,4.5152295667099,4.50772998483632,97.3326463139556,96.89550499389169
JOR,Jordan,2014,0.006268168,36414839440.0743,35516784343.46996,3.1,3.0,0.0995895,0.15747093333333334,3.015399892565,3.0193278026741535,1946597204.04209,1660368082.0985334,41.486906900707766,40.941563982123654,1.893,1.5097583333333333,1403.65,1400.0166666666667,111.451527997628,116.00226506153933,4.82462314269537,4.500764779561057,97.6248793313307,96.98696535676527
JOR,Jordan,2015,0.003551305,37647146046.4738,36516863666.1558,3.1,3.033333333333333,0.104591,0.12871053333333335,2.93907556095458,3.062624428818077,2178450704.22535,1891166204.1642635,39.05766738848084,41.486906900707766,1.526007,1.685617333333333,1368.51,1384.1599999999999,109.938805535022,113.08197373927966,2.89947905006057,4.07977725315528,97.6313594875912,97.52962837762584
JOR,Jordan,2016,0.0050867,38587017887.3239,37549667791.29067,3.2,3.1333333333333333,0.1682906,0.12415703333333333,2.68560794130457,2.880027798274716,1600281690.14084,1908443199.4694264,36.6284278762539,39.05766738848084,0.9981963,1.4724011,1421.99,1398.05,95.3579122266791,105.58274858644303,-0.876851359704049,2.2824169443506306,58.1782306041887,84.47815647437021
JOR,Jordan,2017,0.005015117,39356512808.3494,38530225580.715706,4.7,3.6666666666666665,0.1178125,0.13023136666666665,2.52192429080405,2.715535931021067,1552957746.47887,1777230046.9483535,34.0612635636995,36.582452942811415,0.9408121,1.1550051333333333,1672.05,1487.5166666666667,88.7207178954687,98.00581188572328,-0.778430463054142,0.41473240910079295,NaN,NaN
JOR,Jordan,2018,0.002066457,40330034782.8485,39424521826.173935,5.3,4.3999999999999995,0.1335964,0.13989983333333333,2.59425578446284,2.6005960055238195,2029718309.85915,1727652582.15962,28.6210570991622,33.103582846371864,1.187886,1.0422981333333334,1994.89,1696.3100000000002,89.7316005071358,91.27007687642786,3.32389447576097,0.556204217667593,NaN,NaN
JOR,Jordan,2019,0.0005231329,41103996749.7366,40263514780.3115,7.2,5.733333333333333,0.0851019,0.11217026666666667,2.4097651129684,2.50864839607843,954929577.464788,1512535211.2676027,31.5562985544301,31.4128730724306,0.3594869,0.829395,2472.02,2046.32,87.6359151906857,88.69607786443005,4.46231108475481,2.335925032487213,NaN,NaN
JOR,Jordan,2020,0.005333178,41823826702.478,41085952745.021034,8.5,7.0,0.159713,0.1261371,2.18238735759201,2.3954694183410834,729718309.859154,1238122065.7276974,30.1108403894558,30.0960653476827,0.104833,0.5507353,3009.79,2492.233333333333,85.6878334964204,87.68511639808064,0.761514047265601,2.8492398692604604,NaN,NaN
JOR,Jordan,2021,0.009565572,41362613665.9359,41430145706.05016,10.7,8.799999999999999,0.1930478,0.14595423333333332,1.9279853124113,2.1733792609905698,760281690.140845,814976525.8215957,30.2879665605319,30.651701834805934,0.9504112,0.47157703333333334,3373.47,2951.76,66.0599488089059,79.794565832004,0.333294350628378,1.8523731608829295,NaN,NaN
JOR,Jordan,2022,0.005031121,42874683401.0676,42020374589.82716,11.5,10.233333333333333,0.1917529,0.18150456666666667,1.96480214444574,2.0250582714830165,621830985.915492,703943661.9718302,30.451314266821,30.283373738936234,1.793411,0.9495517333333335,4068.98,3484.08,80.3328699444404,77.36021741658891,1.34609377243118,0.813634056775053,NaN,NaN
JOR,Jordan,2023,0.003986596,44009762839.5016,42749019968.83503,NaN,NaN,0.2117071,0.19883593333333335,2.07333464045749,1.98870736577151,962535211.267605,781549295.7746472,32.5119829829151,31.083754603422665,0.8279647,1.1905956333333334,5249.35,4230.599999999999,104.095459439189,83.49609273084509,4.22915568897117,1.969514604010243,NaN,NaN
JPN,Japan,1999,32.74353,3892499235707.61,3913118508849.893,3.8,3.733333333333333,0.395335,0.38372805,9.37017721518987,9.68311874138147,2512021924.4741,1653584456.1871812,NaN,NaN,1.148911,1.1225206666666667,92245.79,90981.13666666666,19.0031862223377,19.013524023752268,0.661974191385911,0.8487930456277167,79.7484115437932,80.69130261806997
JPN,Japan,2000,33.89989,3879501014656.82,3904861107032.297,3.7,3.766666666666667,0.5843160000000001,0.45445968333333336,9.67513168181567,9.605420044450334,14780510030.706,6593155665.20097,NaN,NaN,1.190453,1.1500549999999998,94194.57,92776.87333333334,18.1256307166911,18.970778187465232,-0.341296928327554,0.689493949993229,80.9615842201836,80.48325291272256
JPN,Japan,2001,33.77959,3986755544463.82,3919585264942.75,3.7,3.733333333333333,0.773297,0.5843160000000001,9.80406329083986,9.616457395948466,10688168325.6084,9326900093.596167,NaN,NaN,1.192282,1.1772153333333335,96607.21,94349.19,19.5623715839054,18.897062840978066,-0.676578683595175,-0.11863380684560602,81.0069383130129,80.57231135899657
JPN,Japan,2002,32.46822,4002148544212.9,3956135034444.513,3.5,3.6333333333333333,0.66082085,0.6728112833333334,9.67360734256659,9.717600771740706,4926033619.1846,10131570658.499666,NaN,NaN,1.209468,1.197401,96102.98,95634.92,19.5596044720071,19.082535590867867,-0.740055504162738,-0.5859770386951556,80.9685177191869,80.97901341746113
JPN,Japan,2003,33.26069,4003827945767.2,3997577344814.64,3.7,3.6333333333333333,0.5483447,0.66082085,9.92193416768018,9.799868267028875,11557373873.9418,9057191939.578268,NaN,NaN,1.152121,1.1846236666666667,98144.51,96951.56666666667,20.4471220661583,19.856366040690265,-0.923494026942321,-0.7800427382334113,81.8108760949912,81.26211070906366
JPN,Japan,2004,31.63865,4065291729517.45,4023756073165.85,4.2,3.8000000000000003,0.9636418,0.7242691166666666,9.95886797475689,9.851469828334553,8771535612.31507,8418314368.480489,NaN,NaN,1.198041,1.1865433333333335,101381.97,98543.15333333332,21.3261252678119,20.444283935325767,-0.256541816316025,-0.6400304491403613,84.2322037356209,82.33719918326634
JPN,Japan,2005,29.93355,4154163710039.3,4074427795107.983,4.3,4.066666666666666,1.0344553,0.8488139333333334,9.91730575058116,9.932702631006075,7527948175.22323,9285619220.493366,NaN,NaN,1.12652,1.158894,103829.66,101118.71333333333,23.6643534228975,21.812533585622564,-0.0085733882031027,-0.39620307715381625,82.5590688068251,82.86738287914574
JPN,Japan,2006,27.42674,4229100705435.58,4149518714997.4434,4.0,4.166666666666667,1.2239846,1.0740272333333334,10.0074734098753,9.961215711737784,5459618342.94078,7253034043.493027,NaN,NaN,1.120063,1.1482080000000001,112257.28,105822.97000000002,26.2299545778565,23.7401444228553,-0.282946068764391,-0.18268709109450623,81.5423616339687,82.7778780588049
JPN,Japan,2007,26.02139,4287138774362.24,4223467729945.707,4.4,4.233333333333333,1.3064725,1.1883041333333333,9.82400472413847,9.916261294864977,-2396909736.30511,3530218927.2863,NaN,NaN,1.075882,1.1074883333333334,113533.15,109873.36333333333,30.0163760986692,26.636894699807737,0.249355116079085,-0.01405478029613623,81.2431488292719,81.78152642335523
JPN,Japan,2008,23.21695,4350758602405.54,4288999360734.453,4.3,4.233333333333333,1.2530414,1.2611661666666667,10.0916024093562,9.974360181123323,21631204435.6846,8231304347.44009,NaN,NaN,1.03027,1.075405,109140.33,111643.58666666667,32.816578051879,29.687636242801563,0.060039454498669,0.008816167271121,83.3134736886232,82.03299471728793
JPN,Japan,2009,22.33887,4297492743392.88,4311796706720.22,4.4,4.366666666666666,1.2525058,1.2706732333333333,9.53253711064086,9.81604808137851,24624845329.5647,14619713342.981398,NaN,NaN,0.9220467,1.0093995666666666,107614.13,110095.87,34.1294765412245,32.3208102305909,1.3800788616492,0.563157810742318,83.0282198621979,82.52828079336433
JPN,Japan,2010,24.26209,4052826324003.77,4233692556600.7305,4.5,4.3999999999999995,1.224319,1.2432887333333333,9.03961045553586,9.554583325177639,12226471578.7438,19494173781.331036,NaN,NaN,0.9440668,0.9654611666666666,109026.54,108593.66666666667,24.3901665338555,30.44540704231967,-1.35283672951719,0.02909386221022633,80.5598367376525,82.30051009615788
JPN,Japan,2011,25.00495,4218907820178.57,4189742295858.4062,4.7,4.533333333333333,1.197376,1.2247335999999998,9.50311626454283,9.358421276906517,7440979284.16285,14764098730.823784,NaN,NaN,0.9930928,0.9530687666666666,108732.89,108457.85333333333,28.4984726938389,29.006038589639633,-0.728243207517779,-0.23366702512858972,80.7668676604902,81.45164142011355
JPN,Japan,2012,23.80076,4219912322040.1,4163882155407.48,4.8,4.666666666666667,1.3335982,1.2517644,9.93397401297005,9.492233577682912,-850717035.068238,6272244609.2794695,NaN,NaN,1.044406,0.9938551999999999,110457.48,109405.63666666666,30.1949607286296,27.69453331877467,-0.27245561610124,-0.7845118510454029,89.5336527279383,83.620119042027
JPN,Japan,2013,22.56206,4277925608846.49,4238915250355.053,4.7,4.733333333333333,1.4295254,1.3201665333333334,10.2516011251361,9.896230467549659,546962692.190725,2379074980.428446,NaN,NaN,1.026357,1.0212852666666665,109040.04,109410.13666666666,30.4709109171752,29.721448113214564,-0.0440645104432602,-0.34825444468742645,94.6392276053142,88.31324933124758
JPN,Japan,2014,22.95693,4363702302793.37,4287180077893.3203,5.0,4.833333333333333,1.3594273,1.3741836333333335,10.3847926556554,10.190122597920515,10648441636.2071,3448229097.7765293,62.6422691345215,NaN,1.048479,1.0397473333333334,108551.11,109349.54333333333,33.9787686509511,31.548213432251966,0.335037912184741,0.006172595213413605,94.6410356489959,92.93797199408282
JPN,Japan,2015,22.58677,4376627829634.98,4339418580424.947,5.6,5.1000000000000005,1.2994963,1.3628163333333332,10.0063625506773,10.214252110489598,19752249424.087,10315884584.161608,62.8334884643555,NaN,1.046398,1.0404113333333334,105286.6,107625.91666666667,37.4314345686579,33.960371378928066,2.75922671353253,1.0167333717580036,95.0909540310789,94.79040576179632
JPN,Japan,2016,21.60257,4444930651964.18,4395086928130.8438,6.2,5.6000000000000005,1.4111482,1.3566906,9.69456115651128,10.028572120947993,5252218412.39171,11884303157.561937,62.4498481750488,62.641868591308594,1.064903,1.05326,102018.5,105285.40333333334,35.4274083544798,35.61253719136294,0.795279630579839,1.2965147520990365,93.791450810853,94.50781349697593
JPN,Japan,2017,22.01572,4478437728050.46,4433332069883.207,6.4,6.066666666666667,1.5287918,1.413145433333333,9.66865261733136,9.78985877483998,40954181468.5533,21986216435.01067,62.4975395202637,62.593625386556,1.021594,1.044298333333333,102449.32,103251.47333333334,31.3102468455884,34.7230299229087,-0.127258844489754,1.1424158332075383,NaN,NaN
JPN,Japan,2018,22.19602,4553466417290.11,4492278265768.25,6.9,6.5,1.3985802,1.4461734,9.55283290804272,9.638682227295119,18802251208.1068,21669550363.01727,63.287540435791,62.74497604370117,1.052053,1.0461833333333332,102425.45,102297.75666666667,34.4232135721686,33.7202895907456,0.484199796126385,0.38407352740549,NaN,NaN
JPN,Japan,2019,20.25395,4582763011478.55,4538222385606.374,7.3,6.866666666666667,1.364542,1.430638,9.17213648658239,9.464540670652157,25289367857.8518,28348600178.170635,62.6058502197266,62.796976725260436,1.081339,1.0516619999999999,103957.43,102944.06666666667,36.609931802107,34.114464073288,0.989094598021848,0.44867851655282626,NaN,NaN
JPN,Japan,2020,17.60094,4564332550096.38,4566853992955.013,7.8,7.333333333333333,1.3886549,1.3839257,8.87456666113888,9.199845351921331,39960544340.0141,28017387801.990902,62.4008407592773,62.76474380493164,1.082001,1.0717976666666666,104005.62,103462.83333333333,35.2164181084145,35.4165211608967,0.46877615938395,0.6473568511773943,NaN,NaN
JPN,Japan,2021,18.32637,4374056271824.01,4507050611132.98,8.5,7.866666666666667,1.3671823,1.3734597333333334,8.39710520271501,8.81460278347876,62584719398.0912,42611543865.31903,62.2987403869629,62.4351437886556,1.039087,1.0674756666666667,102788.11,103583.71999999999,31.335208636773,34.3871861824315,-0.024995834027731,0.47762497445935564,NaN,NaN
JPN,Japan,2022,15.63018,4492005937826.88,4476798253249.09,8.8,8.366666666666667,1.3955783,1.3838051666666666,8.5947828493867,8.622151571080197,35027163875.7213,45857475871.275536,62.0412483215332,62.24694315592446,1.07261,1.0645660000000001,109074.89,105289.54,36.7384462280698,34.4300243244191,-0.233352779398264,0.07014251531931835,NaN,NaN
JPN,Japan,2023,12.35528,4534320578755.85,4466794262802.247,NaN,NaN,1.4106972,1.3911525999999999,8.3956307081074,8.462506253403037,48153832744.0586,48588572005.95703,63.3752288818359,62.57173919677734,0.9295353,1.0137441,103722.96,105195.32,46.8129868368938,38.295547233912195,2.49770278172255,0.746451389432185,NaN,NaN
KAZ,Kazakhstan,1999,0.01629301,58688033897.7015,59112473598.24149,1.5,1.6000000000000003,-0.7054359,-0.68669225,9.04827104922518,9.07783903416032,1151400000.0,1203266666.6666667,25.733990351359065,27.44015057881673,1.9091293333333335,2.2414366666666665,211.91,202.72333333333336,65.2041827454395,69.61243557644492,7.14632665452334,21.245636693556715,97.6331782783063,97.39660665010973
KAZ,Kazakhstan,2000,0.005690224,60272610811.673,59595115989.552765,1.8,1.6666666666666667,-0.73583365,-0.7093206,8.38873298268348,8.665245640714646,1587000000.0,1353266666.6666667,24.0278301239014,25.73399035135907,1.576822,1.9091293333333332,163.63,180.69666666666663,82.579151355772,73.38096159913306,8.29602765342564,10.95013178956156,97.6057346737994,97.53504112463656
KAZ,Kazakhstan,2001,0.04300382,66179326672.5077,61713323793.96073,2.5,1.9333333333333333,-0.7662314,-0.73583365,8.52997364123056,8.65565922437974,1370521199.1464,1369640399.7154667,30.799259185791,26.85369322035049,0.5961974,1.3607162444444445,192.97,189.50333333333333,105.699692634521,84.49434224524417,13.1808905865731,9.541081631507359,97.2469800807272,97.49529767761096
KAZ,Kazakhstan,2002,0.02354172,75113535772.261,67188491085.48057,2.4,2.2333333333333334,-0.892249799999995,-0.7981049499999983,8.37700755350533,8.431904725806456,2816823050.0,1924781416.3821335,34.753392537434884,29.860160615709095,2.627537,1.6001854666666666,204.41,187.00333333333333,92.8490685069707,93.70930416575457,8.35413777161344,9.943685337204059,97.4814924167463,97.44473572375763
KAZ,Kazakhstan,2003,0.0290585,82474662277.6485,74589174907.4724,2.8,2.5666666666666664,-1.01826819999999,-0.8922497999999951,9.29533131455672,8.734104169764203,2588491060.0,2258611769.715467,38.70752588907877,34.753392537434884,2.978687,2.0674737999999997,230.31,209.23000000000002,94.03168564978,97.52681559709056,5.83692452105643,9.123984293080989,97.9288948433888,97.55245578028745
KAZ,Kazakhstan,2004,0.02537887,90144805869.7482,82577667973.21924,2.3,2.5,-0.860515599999999,-0.9236778666666613,10.2972430969469,9.323193988336316,2483253230.0,2629522446.6666665,42.66165924072265,38.70752588907877,2.499142,2.701788666666667,254.88,229.86666666666667,91.4633324250457,92.78136219393214,6.4382181011894,6.87642679795309,98.5065583093762,97.9723151898371
KAZ,Kazakhstan,2005,0.008054772,98798707234.4777,90472725127.29146,1.9,2.333333333333333,-0.838730099999999,-0.9058379666666627,11.0129179145774,10.20183077536034,5615262947.0,3562335745.6666665,46.61579259236653,42.66165924072265,1.946943,2.474924,241.46,242.2166666666667,96.4091997009336,93.96807259191978,6.88205438981899,6.38573233735494,98.9554413142773,98.4636314890141
KAZ,Kazakhstan,2006,0.02740226,108382181835.458,99108564979.89464,2.1,2.1,-0.5786196,-0.7592884333333326,11.7482167747143,11.019459262079534,2546065710.0,3548193962.3333335,50.569925944010414,46.61579259236654,1.357668,1.9345843333333335,250.5,248.9466666666667,97.7625030243024,95.21167838342724,7.57999929125766,6.96675726075535,98.6645672316665,98.70885561844
KAZ,Kazakhstan,2007,0.02671475,119979075291.852,109053321453.92924,2.1,2.033333333333333,-0.427037,-0.6147955666666663,13.0524097667892,11.937848152026966,7611168450.0,5257499035.666667,54.5240592956543,50.569925944010414,2.122434,1.8090150000000003,230.76,240.90666666666667,91.4535267973373,95.20840984085777,8.72169386091726,7.727915847331303,98.7722422001392,98.797416915361
KAZ,Kazakhstan,2008,0.01923632,130657212992.82,119672823373.37666,1.8,2.0,-0.427709099999999,-0.47778856666666636,13.5081878112695,12.769604784257666,11972842988.7618,7376692382.920601,52.5737777336554,52.555920991106696,3.039773,2.173291666666667,228.35,236.53666666666666,92.1616330969975,93.79255430621241,10.8468362075557,9.049509786576873,98.8799171686119,98.7722422001392
KAZ,Kazakhstan,2009,0.023956,134968901021.859,128535063102.177,1.1,1.6666666666666667,-0.2820625,-0.3789361999999996,15.1238317294741,13.894809769177598,16818890680.0,12134300706.253935,50.6234961716565,52.5737777336554,2.210125,2.457444,239.01,232.70666666666668,94.2948046483658,92.63665484756687,17.139899777207,12.23614328189332,98.9378663133704,98.8633418940405
KAZ,Kazakhstan,2010,0.0138278,136588527833.35,134071547282.67633,1.3,1.4000000000000001,-0.397889899999999,-0.36922049999999934,13.5068941072017,14.046304549315101,14275888207.0144,14355873958.592066,48.6732146096576,50.62349617165649,1.854569,2.3681556666666665,272.7,246.68666666666664,75.7660674636533,87.40750173633887,7.31607858288578,11.767604855882828,99.0458470498182,98.95454351060016
KAZ,Kazakhstan,2011,0.01524784,146559490369.689,139372306408.29935,1.4,1.2666666666666668,-0.3591992,-0.3463838666666663,14.3850527504913,14.338592862389033,7456117901.08145,12850298929.365286,46.7229330476587,48.6732146096576,0.9992987,1.6879975666666667,321.99,277.90000000000003,74.1382658957842,81.39971266926777,7.40046356341396,10.618813974502247,98.7761559804642,98.91995644788427
KAZ,Kazakhstan,2012,0.01796224,157404892659.159,146850970287.39932,1.4,1.3666666666666665,-0.311006699999999,-0.35603193333333266,15.389052456457,14.426999771383334,13760291528.5033,11830765878.866385,50.4275094921369,48.6078857164844,1.012408,1.2887585666666668,381.98,325.5566666666667,73.1178570509129,74.34073013678346,8.4529046617679,7.723148936022547,98.9243048305772,98.91543595361986
KAZ,Kazakhstan,2013,0.05194145,164960327499.374,156308236842.74063,1.3,1.3666666666666665,-0.3353459,-0.335183933333333,14.9547390961317,14.909614767693332,13648134373.8439,11621514601.142883,52.1525037230692,49.76764875428827,1.47008,1.1605955666666665,447.55,383.84,73.7237324891671,73.65995181195474,5.19568369035073,7.016350638510864,98.8312057212115,98.84388884408429
KAZ,Kazakhstan,2014,0.01175281,174857947143.911,165741055767.48135,1.2,1.3,-0.3372732,-0.3278752666666663,15.7272046561439,15.3569987362442,10011293285.3074,12473239729.2182,45.8669276379862,49.48231361773077,2.481352,1.654613333333333,621.51,483.68,65.4076093299538,70.74973295667793,5.94283871648418,6.53047568953427,99.1666233534308,98.97404463507318
KAZ,Kazakhstan,2015,0.02624019,182201980933.864,174006751859.04968,1.3,1.2666666666666666,-0.1482337,-0.27361759999999996,13.07867493139,14.5868728945552,7308112644.25121,10322513434.467505,51.0877733655657,49.702401575540364,1.127204,1.6928786666666669,906.72,658.5933333333334,64.9720346513507,68.03445882349054,6.84944977003358,5.995990725622829,NaN,NaN
KAZ,Kazakhstan,2016,0.02072359,184388404706.042,180482777594.60568,1.7,1.4000000000000001,-0.0714085,-0.1856384666666667,11.2116791211142,13.339186236216031,6577824049.679,7965743326.412537,48.3464575023644,48.4337195019721,1.911521,1.8400256666666668,1110.37,879.5333333333333,53.0497288072652,61.14312426285657,6.67828585615236,6.490191447556707,NaN,NaN
KAZ,Kazakhstan,2017,0.0189858,186416677156.152,184335687598.686,2.1,1.7,-0.135354299999999,-0.11833216666666635,11.7692010281208,12.019851693541666,17223789547.9214,10369908747.283869,46.0492258820674,48.494485583332505,1.875488,1.638071,1470.61,1162.5666666666666,60.3115965864153,59.44445334834373,14.3610942386248,9.29627662160358,NaN,NaN
KAZ,Kazakhstan,2018,0.007060396,194059760924.352,188288280928.84866,2.0,1.9333333333333333,0.0833098999999999,-0.04115096666666637,12.1409198865254,11.7072666785868,4757396810.52606,9519670136.042152,49.9712092283595,48.12229753759709,1.649477,1.812162,1690.02,1423.6666666666667,56.825387935971,56.72890444321717,7.44266321306792,9.49401443594836,NaN,NaN
KAZ,Kazakhstan,2019,0.01412459,202016211108.857,194164216396.45364,1.9,2.0,0.0552752,0.0010769333333336313,12.1155235587562,12.008548157800801,353291554.55809,7444825971.001849,51.9662639587064,49.3288996897111,0.5778898,1.3676182666666667,1973.65,1711.4266666666665,63.5279565118188,60.2216470114017,6.16366247577762,9.322473309156779,NaN,NaN
KAZ,Kazakhstan,2020,0.008727019,211106940610.612,202394304214.60703,1.9,1.9333333333333333,0.112725,0.08377003333333329,11.3909406022159,11.882461349165835,3730856270.68398,2947181545.256044,57.3421123781351,53.09319518840033,1.575935,1.2677672666666668,2413.12,2025.596666666667,64.8586165517565,61.737320333182105,5.33356098916669,6.313295559337409,NaN,NaN
KAZ,Kazakhstan,2021,0.006771136,205829267103.2,206317472940.88965,1.8,1.8666666666666665,0.0538787,0.07395963333333334,11.5744967551524,11.693653638708168,7205989084.29,3763378969.844023,62.2921373672319,57.20017123469113,1.082601,1.0788086,2907.0,2431.2566666666667,57.0264423660931,61.80433847655613,6.71815454861458,6.071792671186297,NaN,NaN
KAZ,Kazakhstan,2022,0.001617146,214679925583.069,210538711098.96036,2.0,1.8999999999999997,0.0132367,0.0599468,12.2524647603581,11.739300705908798,4566615415.48999,5167820256.821323,59.3849415869809,59.6730637774493,1.196364,1.2849666666666666,3294.93,2871.683333333333,58.6686085779207,60.18455583192343,8.04147134028401,6.697728959355094,NaN,NaN
KAZ,Kazakhstan,2023,0.001156043,221549683201.099,214019625295.7893,NaN,NaN,-0.0640574,0.001019333333333335,12.3050866627844,12.044016059431632,5081682329.11,5618095609.629997,57.2459264222925,59.64100179216843,0.3262967,0.8684205666666666,3550.75,3250.8933333333334,68.3343147415612,61.34312189519167,15.0278644440851,9.929163444327896,NaN,NaN
KEN,Kenya,1999,0.006517205,35592009621.64,34781886217.1176,77.9,77.73333333333333,-0.5099642,-0.597518,0.269419296701055,0.26441867307572003,26548245.9700464,65772662.45810563,NaN,NaN,4.6033915,5.0639255,360.51,387.3633333333334,48.8972419400753,53.42215650139159,6.72243650753928,8.982789657964267,16.4776196613193,16.11335755338013
KEN,Kenya,2000,0.008535337,36412543752.2683,35487604207.08683,77.7,77.9,-0.5846506499999999,-0.5640442833333333,0.26866412353404,0.263754406722656,51953455.9539555,46866170.567977466,NaN,NaN,2.303532,4.6033915,362.13,377.27666666666664,48.1922749889095,50.38221126309137,5.74200109520484,7.94209421777414,16.9000959265789,16.311386684775165
KEN,Kenya,2001,0.002687739,36630908098.8264,36211820490.91157,76.8,77.46666666666667,-0.6593371,-0.58465065,0.290677543795641,0.276253654676912,110904550.399761,63135417.441254295,2.81501007080078,NaN,2.894267,3.2670635000000003,360.08,360.9066666666667,53.3090443862273,50.132853771737366,9.98002515350979,7.48148758541797,18.1049800915504,17.1608985598162
KEN,Kenya,2002,0.002615747,38015522174.3133,37019658008.46934,78.3,77.60000000000001,-0.4407437,-0.56157715,0.26100621869581,0.2734492953418303,5302622.93940565,56053543.09770739,2.88299989700317,NaN,0.9220122,2.039937066666667,404.9,375.7033333333334,55.9468360286644,52.48271846793373,5.73859814341467,7.153541464043099,16.2892684223266,17.0981148134853
KEN,Kenya,2004,0.008701327,39344305939.1787,38527747264.5872,81.6,79.56666666666666,-0.2596713,-0.3075217666666667,0.214880306718519,0.2404507554774933,81738242.6366211,38219770.87807759,2.919695019721985,2.8931382894515987,1.572628,1.2421293999999998,424.62,423.5533333333333,54.132265895729,55.083924729466226,9.81569062979654,5.838532330200944,13.0449110219739,14.9487106192341
KEN,Kenya,2005,0.005504095,41352557259.2179,39640092292.88873,80.3,80.23333333333333,-0.398212199999999,-0.2933445999999997,0.231964810186713,0.230770285974461,46063931.4543862,51806873.71640443,2.96267008781433,2.919695019721985,1.913508,1.572628,450.54,438.7666666666667,59.4770033484289,56.26064716938773,11.6240355442426,7.8003447971435875,13.9530146908421,14.169959375405933
KEN,Kenya,2006,0.003653635,43795114731.9782,41497325976.7916,79.2,80.36666666666666,-0.3700978,-0.34266043333333296,0.252147669028053,0.23299759531109498,21211685.3952229,49671286.49541006,3.00099992752075,2.9611216783523546,1.247266,1.5778006666666666,460.56,445.24,64.4788661639796,59.362711802712504,10.3127783574683,10.584168177169147,15.2145833889328,14.0708363672496
KEN,Kenya,2008,0.003206053,49824229272.6978,46749698347.1426,78.2,78.33333333333333,-0.3186137,-0.34104213333333294,0.262922185302275,0.26200353833983964,729044146.043719,266976852.2073371,3.496649980545045,3.2488249540328975,0.8951363,1.0978451,545.79,496.63999999999993,53.8947888046059,57.87004669810526,9.75888023027529,11.508464265304795,16.3514894016699,16.114624243267468
KEN,Kenya,2009,0.007186799,49939962360.0343,48797980889.827965,78.2,78.0,-0.3623643,-0.33846429999999966,0.269606829771024,0.26782325858749667,95585680.2334439,291768183.8200774,3.7444750070571926,3.4966499805450453,0.6391396,0.8951362999999999,591.12,540.16,57.5785986473131,55.5699575258831,26.2398166445063,16.817477027650796,16.7419663042953,16.62375188172163
KEN,Kenya,2010,0.01062075,51591446859.569,50451879497.43369,75.6,77.33333333333333,-0.3937815,-0.3582531666666666,0.308699389943664,0.28040946833898767,116257608.986359,313629145.0878406,3.99230003356934,3.744475007057192,1.198456,0.9109106333333333,702.74,613.2166666666667,45.9451918127805,52.47285975489984,9.23412592394652,15.077607599576035,18.5316383922827,17.20836469941597
KEN,Kenya,2011,0.00117291,55748929986.1062,52426779735.2365,74.0,75.93333333333334,-0.352640099999999,-0.3695952999999997,0.324116934124197,0.300807717946295,178064606.752108,129969298.65730363,4.869115854955652,4.201963631860728,1.537319,1.1249715333333334,750.61,681.4899999999999,50.3942873502834,51.30602593679233,3.96138889115385,13.145110486535557,19.3968795382154,18.223494744931134
KEN,Kenya,2012,0.003439578,58603891851.295,55314756232.3234,74.7,74.76666666666667,-0.5228608,-0.42309413333333296,0.324518228099931,0.319111517389264,1450474757.0818,581598990.9400891,5.7459316763419634,4.869115854955652,0.2105639,0.9821129666666666,830.81,761.3866666666667,58.4022059745625,51.580561712542135,14.0224913014704,9.07266870552359,18.7930602826551,18.907192737717736
KEN,Kenya,2013,0.003078012,61281315911.5794,58544712582.99353,76.2,74.96666666666667,-0.512205399999999,-0.462568766666666,0.293759364539568,0.314131508921232,1380173661.94265,1002904341.9255195,6.622747497728276,5.7459316763419634,0.4979048,0.7485959000000001,791.58,791.0,51.6236920232481,53.473395116031334,9.37777003547598,9.120550076033409,16.9963764189528,18.395438746607766
KEN,Kenya,2014,0.007051689,63608687382.8764,61164631715.25027,74.3,75.06666666666666,-0.5061369,-0.5137343666666664,0.308839543589584,0.30903904540969435,1118825000.1933,1316491139.73925,7.499563319114587,6.622747497728276,0.5910158,0.4331615,853.74,825.3766666666667,47.4646425127304,52.496846836847,5.71749357037733,9.705918302441235,18.3728365465698,18.0540910827259
KEN,Kenya,2015,0.002367536,66801914096.6185,63897305797.02477,71.8,74.10000000000001,-0.3260229,-0.448121733333333,0.341036024063525,0.314544977397559,820937598.360539,1106645420.1654963,8.3763791405009,7.499563319114588,1.240694,0.7765382000000001,935.73,860.35,46.170489362216,48.41960796606484,6.87815499275949,7.324472866204267,17.9258722426036,17.765028402708733
KEN,Kenya,2016,0.005651889,70120446896.8359,66843682792.11027,69.2,71.76666666666667,-0.28953,-0.37389659999999997,0.361032749251909,0.3369694389683393,619724465.016411,853162354.5234165,9.25319496188721,8.3763791405009,0.4289438,0.7535512,1001.89,930.4533333333333,40.3273846919019,44.65417218894944,6.58215429284779,6.392600951994869,16.0446966269871,17.447801805386835
KEN,Kenya,2017,0.01217957,73074983895.0953,69999114962.8499,68.3,69.76666666666667,-0.227071399999999,-0.28087476666666633,0.384366853070731,0.3621452087953883,469533310.683932,636731791.3536273,11.6347883294504,9.754787477279505,1.347977,1.0058716,1100.23,1012.6166666666667,34.8650195731824,40.45429787576676,6.29724953814625,6.585852941251177,NaN,NaN
KEN,Kenya,2018,0.003099686,75879571212.3885,73025000668.10658,68.1,68.53333333333332,-0.1985132,-0.23837153333333302,0.391204755110222,0.3788681191442873,1346085345.21691,811781040.305751,11.8049232142021,10.89763550184657,1.934102,1.2370075999999999,1191.38,1097.8333333333333,35.9950578754074,37.0624873801639,8.00564967709945,6.961684502697831,NaN,NaN
KEN,Kenya,2019,0.007323861,80165208728.3956,76373254611.95981,68.7,68.36666666666667,-0.2993553,-0.241646633333333,0.381159185292234,0.385576931157729,767761506.730644,861126720.877162,11.1512413808132,11.530317641488567,0.7403061,1.3407950333333334,1334.77,1208.7933333333333,34.4147531767425,35.0916102084441,4.6898064677633,6.330901894336333,NaN,NaN
KEN,Kenya,2020,0.0009696687,84264984851.3549,80103254930.713,68.1,68.3,-0.3436142,-0.28049423333333334,0.380387200105182,0.3842503801692127,469940266.776669,861262372.9080744,10.4975595474243,11.151241380813198,3.200511,1.958306366666667,1463.07,1329.74,31.759461841481,34.056424297876966,5.23963795764792,5.978364700836889,NaN,NaN
KEN,Kenya,2021,0.001450958,84035138346.859,82821777308.86983,69.0,68.60000000000001,-0.460141099999999,-0.367703533333333,0.367016056392308,0.37618748059657464,-5403752.28986896,410766007.07248133,NaN,NaN,0.2212094,1.3873421666666665,1786.27,1528.0366666666669,30.3991387830411,32.19111793375487,5.40516207933392,5.111535501581713,NaN,NaN
KEN,Kenya,2023,0.002312085,94807911027.625,89752288683.82117,NaN,NaN,-0.3909087,-0.42528776666666607,0.405006512054817,0.39210120420360034,791581760.055161,401965873.56580967,NaN,NaN,NaN,NaN,2007.14,1923.3766666666668,40.2753238373561,35.225503466641364,7.65986268272224,6.39098693288264,NaN,NaN
KGZ,Kyrgyz Republic,2009,0.00287472,5140072739.62985,4750088348.335017,22.0,24.766666666666666,-0.491284299999999,-0.5162814999999991,1.47100933324484,1.27396536075023,376992152.1,255644844.0666667,45.5842208862305,42.8935470581055,2.748119583333334,3.335048166666667,51.57,47.56,146.106082230139,134.63815061165835,24.5201024234102,13.434109673694673,74.4087264586456,70.4301728467367
KGZ,Kyrgyz Republic,2014,0.003917605,6180302892.03129,5776462201.697543,24.8,24.400000000000002,-0.4370868,-0.450526833333333,1.67670910396995,1.6496716939497567,612016900.0,519568400.0,48.5727890390198,45.41444112152641,5.5729734,4.7200278,56.04,52.52333333333333,134.026785643922,136.62752130157435,6.61375202358082,8.672840220713297,73.1718721941938,72.38196466798253
KGZ,Kyrgyz Republic,2019,0.004185063,7572252145.25549,7279328560.178716,23.4,23.433333333333334,-0.3502337,-0.3448602666666667,1.78020784661392,1.6285887670133798,144222600.0,218743500.0,39.5679556504749,41.9108631996306,3.9483382000000002,4.567733400000001,135.02,118.93,98.8755599017608,101.77219324414159,1.54266145238436,1.7022698710265198,NaN,NaN
KGZ,Kyrgyz Republic,2021,0.00064487,7354379549.41978,7615751604.98129,30.0,27.23333333333333,-0.4846177,-0.41868029999999995,1.38383515228208,1.5719482009401233,-401518600.0,48856366.666666664,45.3327840830343,41.908813265787835,2.99173,3.4230037333333336,209.59,176.92,78.9922784304738,90.76604022884283,6.32542296338078,3.00056899765106,NaN,NaN
KHM,Cambodia,2008,0.001603027,14260222987.8994,12940064733.900434,74.8,77.33333333333333,-0.4484834,-0.49292849999999966,0.267119017293309,0.22955225952786665,867288538.643543,576559370.6522039,7.67417001724243,5.881529966990153,5.4743728,6.384223599999999,51.81,43.88666666666666,133.700023826819,135.86690780365,8.70882770568049,7.04492411011314,27.778821920693,25.86661712009563
KHM,Cambodia,2010,0.002499,15950885068.8658,15179159172.370699,68.0,72.3,-0.4303625,-0.4432327999999999,0.341665960393113,0.30011659744968,928393617.348897,870287457.9836054,10.6747398376465,9.092953205108648,3.7134855,4.584126766666667,65.22,56.156666666666666,102.2879490147,122.12716117341834,-1.24171754189637,10.521320698129706,31.9280887363429,29.041281632887365
KHM,Cambodia,2014,0.001175281,20878690156.7817,19406115123.178867,65.0,64.46666666666667,-0.491139699999999,-0.5560856333333324,0.375413441925121,0.372244298409039,2068470774.00468,1865152381.1832764,12.55288549234955,12.021585756941326,1.5811437499999998,2.0082454999999997,85.39,78.00333333333333,124.887552768657,117.13943045122767,2.94162509547349,3.7847962281958334,33.3021757631403,33.49328515008713
KHM,Cambodia,2021,0.00128974,31922812945.0881,31896126067.2494,51.4,54.166666666666664,-0.696444,-0.6454939,1.1140611022444,0.9412871852587923,3624644990.13295,3500103812.21604,13.8767573747135,13.361638585986467,2.895224,2.6050269999999998,163.05,152.14666666666668,122.105396346568,118.75991027735533,2.9402951426397,2.4473184349240764,NaN,NaN
KOR,"Korea, Rep.",1999,3.056569,685063811513.859,694593289474.2914,0.9,0.7333333333333334,0.1171564,0.16366295,8.50386342645069,9.35911564108549,5989200000.0,4024300000.0,NaN,NaN,0.934082,0.8616836333333332,12158.34,10754.26,66.3289851108207,57.94579499041333,7.51358008079307,5.62568515648897,84.2339325993922,86.6406391360382
KOR,"Korea, Rep.",2000,3.007283,764649475913.54,723456606244.9174,0.8,0.8000000000000002,0.288831,0.18988344999999998,9.23725644365427,9.242157493427483,10726300000.0,6672200000.0,NaN,NaN,0.9312487,0.9064252,14682.76,12693.006666666666,57.8948578896383,60.03959691457734,0.81295725444637,4.255156393661913,84.5729983584239,85.85955806599651
KOR,"Korea, Rep.",2001,3.339515,835011437852.054,761574908426.4844,0.7,0.7999999999999999,0.4605056,0.288831,9.9217579706617,9.220959280255554,11509400000.0,9408300000.0,74.6898574829102,NaN,0.8696509,0.9116605333333334,15875.05,14238.716666666665,64.0588155729056,62.76088619112153,2.25916580080157,3.52856771201367,85.0374110039266,84.61478065391422
KOR,"Korea, Rep.",2002,3.673555,874473540684.493,824711484816.6957,0.7,0.7333333333333334,0.57485,0.4413955333333333,10.0719727295012,9.743662381272388,6522300000.0,9586000000.0,77.3433532714844,NaN,0.8372604,0.8793866666666666,18435.81,16331.206666666667,60.4277386641693,60.79380404223773,4.06657587897792,2.37956631140862,86.1046124355837,85.2383405993114
KOR,"Korea, Rep.",2003,4.887041,942192762521.074,883892580352.5404,0.7,0.6999999999999998,0.6891944,0.57485,10.3782797747059,10.124003491622934,5475100000.0,7835600000.0,80.7160491943359,77.58308664957684,0.7715065,0.8261392666666666,20023.41,18111.423333333336,56.6688767960273,60.38514367770074,2.76226210296599,3.029334594248493,85.0004808964394,85.3808347786499
KOR,"Korea, Rep.",2004,7.271523,971162614185.718,929276305797.0951,0.8,0.7333333333333334,0.5898687,0.6179710333333334,10.5024332706302,10.317561924945766,7010000000.0,6335800000.0,84.4563903808594,80.8385976155599,0.797599,0.8021219666666667,23879.88,20779.7,59.4242945541732,58.84030333812327,3.51487451459939,3.4479041655144336,84.1213977077661,85.07549701326307
KOR,"Korea, Rep.",2005,7.762518,1021504157422.6,978286511376.4639,0.8,0.7666666666666666,0.8058782,0.6949804333333334,10.8037309775721,10.5614813409694,13294400000.0,8593166666.666666,89.8009033203125,84.99111429850261,1.027278,0.8654611666666666,27741.08,23881.45666666667,67.9270638751076,61.340078408436035,3.59066298882578,3.2892665354637196,83.9867864766072,84.36955502693756
KOR,"Korea, Rep.",2006,7.558676,1066023726231.41,1019563499279.9093,0.9,0.8333333333333334,0.8756782,0.7571417,10.7084009751588,10.671521741120365,13643200000.0,11315866666.666666,95.3700103759766,89.87576802571618,0.9853182,0.9367317333333333,32097.53,27906.163333333334,66.1695148242697,64.50695775118349,2.75379162735039,3.2864430435918535,81.351129469326,83.1531045512331
KOR,"Korea, Rep.",2007,6.720601,1121936729365.41,1069821537673.14,0.9,0.8666666666666667,0.785485,0.8223471333333333,10.8117127664204,10.774614906383766,9161900000.0,12033166666.666666,99.9493103027344,95.04007466634117,0.9582132,0.9902698,37247.49,32362.03333333333,68.3749509402263,67.49050987986787,2.24234028518921,2.8622649671217935,81.9394540796584,82.42579000853053
KOR,"Korea, Rep.",2008,7.318363,1187479862374.9,1125146772657.24,1.0,0.9333333333333332,0.9818245,0.8809958999999999,11.1126206303646,10.877578123981266,8826900000.0,10544000000.0,102.949272155762,99.42286427815766,0.8526326,0.9320546666666667,41317.08,36887.36666666667,71.3239614988013,68.62280908776576,2.53457382137932,2.51023524463964,83.2231204417839,82.17123466358943
KOR,"Korea, Rep.",2009,9.315892,1223156560996.14,1177524384245.4834,1.1,1.0,0.6842496,0.8171863666666667,11.2602688410662,11.061534079283732,11187500000.0,9725433333.333334,103.136177062988,102.01158650716145,0.9341198,0.9149885333333333,43923.63,40829.399999999994,92.0833544961819,77.26075564506984,4.67389655533408,3.1502702206342033,83.2702741627363,82.81094956139287
KOR,"Korea, Rep.",2010,9.919116,1233184753860.86,1214607059077.3,1.2,1.0999999999999999,0.7514494,0.8058411666666667,11.2836813865383,11.218856952656367,9021900000.0,9678766666.666666,102.658447265625,102.91463216145833,1.083172,0.9566414666666665,45957.42,43732.71,83.1246099057162,82.17730863356645,2.7564965449393,3.3216556405508997,83.305130005045,83.26617486985508
KOR,"Korea, Rep.",2011,9.851159,1319281537670.41,1258540950842.47,1.3,1.2,0.8025338,0.7460776,12.3690482033055,11.637666143636666,9497400000.0,9902266666.666666,101.673286437988,102.489303588867,1.117517,1.0449362666666666,50338.95,46740.0,88.0278677123124,87.7452773714035,2.93928652655686,3.4565598756100804,84.9772705251785,83.85089156431992
KOR,"Korea, Rep.",2012,10.36707,1367937063745.25,1306801118425.5068,1.4,1.3,0.9312521,0.8284117666666667,12.9702684429817,12.207666010941834,9773000000.0,9430766666.666666,100.819679260254,101.71713765462233,1.153806,1.118165,53624.1,49973.48999999999,101.68061646213,90.9443646933862,4.0259650043609,3.2405826919523535,84.3895257817618,84.22397543732843
KOR,"Korea, Rep.",2013,11.49092,1402787524457.73,1363335375291.13,1.6,1.4333333333333333,0.9288607,0.8875488666666667,12.8528563619499,12.730724336079035,9495900000.0,9588766666.666666,98.286979675293,100.25998179117833,1.142506,1.1379430000000001,56100.89,53354.64666666667,101.51727207905,97.07525208449748,2.18707104433314,3.0507741917502997,85.2613535136449,84.87604994019506
KOR,"Korea, Rep.",2014,12.04732,1448958816285.78,1406561134829.5867,1.9,1.6333333333333335,1.0180914,0.9594014,12.7317329769662,12.851619260632601,12766600000.0,10678500000.0,96.3375015258789,98.4813868204753,1.19902,1.1651106666666668,57320.12,55681.70333333334,94.1675235855873,99.12180404225576,1.30134754547413,2.5047945313893902,86.198534712566,85.28313800265757
KOR,"Korea, Rep.",2015,11.49919,1495538208413.16,1449094849718.89,2.9,2.1333333333333333,0.9937598,0.9802373000000001,12.4261677995393,12.670252379485134,9273600000.0,10512033333.333334,94.4421691894531,96.35555013020833,1.18172,1.1744153333333334,60152.58,57857.86333333334,86.9342577972039,94.20635115394707,1.27477446401322,1.5877310179401631,84.837677016859,85.43252174768998
KOR,"Korea, Rep.",2016,12.33437,1539212301135.55,1494569775278.1633,2.7,2.5,0.996129,1.0026600666666667,12.6198190502874,12.592573275597635,4104100000.0,8714766666.666666,93.9676513671875,94.91577402750652,1.14876,1.1765,62722.77,60065.15666666667,75.3881774564907,85.49665294642732,0.70633177245575,1.0941512606477,83.7249545111828,84.92038874686926
KOR,"Korea, Rep.",2017,11.03141,1588028842393.05,1540926450647.2532,2.6,2.733333333333334,0.9758957,0.9885948333333333,12.6677788190173,12.571255222948002,12104300000.0,8494000000.0,93.6577224731445,94.0225143432617,1.327119,1.2191996666666667,62915.13,61930.159999999996,69.8997221316919,77.40738579512883,0.971685739912168,0.9842639921270461,NaN,NaN
KOR,"Korea, Rep.",2018,11.02991,1642548917819.59,1589930020449.3967,2.8,2.7000000000000006,0.9593042,0.9771096333333334,12.952944838832,12.7468475693789,17912900000.0,11373766666.666666,93.7230224609375,93.78279876708984,1.275793,1.2505573333333333,64096.89,63244.92999999999,73.1921408264016,72.82668013819473,1.94433230786366,1.2074499400771928,NaN,NaN
KOR,"Korea, Rep.",2019,11.32337,1694718171579.25,1641765310597.2966,3.2,2.8666666666666667,0.9569194,0.9640397666666667,13.1917269531809,12.937483537010067,12182600000.0,14066600000.0,93.3281784057617,93.56964111328125,1.251608,1.28484,66892.64,64634.886666666665,74.7075162140824,72.59979305739196,1.47583935002645,1.4639524659340928,NaN,NaN
KOR,"Korea, Rep.",2020,12.25406,1733930596323.25,1690399228574.03,3.2,3.0666666666666664,0.9120155,0.9427463666666668,12.6531894575046,12.932620416505832,9634300000.0,13243266666.666666,93.9989166259766,93.6833724975586,1.175964,1.2344549999999999,70701.85,67230.46,71.4470632403511,73.11557342694503,0.383000303608136,1.2677239871660821,NaN,NaN
KOR,"Korea, Rep.",2021,13.81879,1721788880530.99,1716812549477.83,3.6,3.3333333333333335,0.9083199,0.9257515999999999,11.9094442789339,12.584786896539802,8764900000.0,10193933333.333334,96.8767700195312,94.73462168375652,1.233536,1.2203693333333334,73255.78,70283.42333333334,65.544957860621,70.5665124383515,0.537288023411737,0.7987092256821077,NaN,NaN
KOR,"Korea, Rep.",2022,13.91118,1801214449834.76,1752311308896.3333,3.6,3.466666666666667,0.9879995,0.9361116333333332,12.3387268331673,12.300453523201933,22060400000.0,13486533333.333334,100.359878540039,97.07852172851561,1.316689,1.2420630000000001,77566.47,73841.36666666667,75.3063047610912,70.76610862068776,2.49833333333339,1.1395405534510876,NaN,NaN
KOR,"Korea, Rep.",2023,17.64583,1850343736945.76,1791115689103.8367,NaN,NaN,1.01728,0.9711998,11.8737409785064,12.040637363535865,25044700000.0,18623333333.333332,102.813056945801,100.0165685017904,1.193128,1.2477843333333334,76935.71,75919.31999999999,90.5851475278549,77.14547004985569,5.08951365062842,2.7083783357911826,NaN,NaN
KWT,Kuwait,2006,0.001826818,90480882139.5699,82162349921.4056,0.0,0.0,0.4106113,0.3072875,34.5288422505843,32.42446023554803,233904109.589041,63515193.12394906,23.56648896103189,21.043396227773965,1.6764593000000003,2.3909966000000002,626.7,577.12,92.2426800942645,89.36516576026854,4.14297583631023,2.117630188883744,97.7546735285634,NaN
KWT,Kuwait,2007,0.01502705,97280315040.9735,89854541050.29887,0.0,0.0,0.2859224,0.33545549999999996,33.802251670696,33.4355644253451,121305596.280329,126320891.66350336,27.15833802948568,23.56648896103189,0.961922,1.6764593,656.42,617.4966666666666,89.7130931980522,90.4178049904667,3.05701339166722,2.8161845549254463,97.47404806558544,97.98640840171576
KWT,Kuwait,2010,0.008330001,98188818733.8474,102321182314.65013,0.0,0.0,0.3831092,0.3606194333333333,30.5211548340109,31.0825858569082,1113588046.64934,406390661.32155156,37.933885234847054,34.342036166393264,5.619684,5.975094000000001,801.72,764.89,88.8110649851457,91.07567487613557,4.60959548447787,6.892418367922743,96.63217167665157,96.91279713962952
KWT,Kuwait,2011,0.002345821,95861205611.671,99905271327.3418,0.0,0.0,0.4485081,0.40161403333333334,29.4966453441835,30.517655220385404,1304627500.01184,804087931.2672553,41.52573430330084,37.93388523484705,5.264274,5.6196839999999995,744.62,770.5600000000001,97.0280216600064,92.84084763227474,4.49640287769787,6.562902716230046,96.3515462136736,96.63217167665157
KWT,Kuwait,2012,0.01261179,105091330435.265,99713784926.9278,0.0,0.0,0.2857251,0.37244746666666667,29.3265415693367,29.781447249177035,3259067552.45619,1892427699.7057898,45.117583371754634,41.525734303300844,1.188657,4.024205,795.37,780.57,99.1164927646913,94.98519313661448,4.8394034987095,4.648467286961746,94.2280905339817,95.73726947476895
KWT,Kuwait,2013,0.002308509,112054550468.936,104335695505.29066,0.0,0.0,0.1507128,0.294982,27.5578052739662,28.793664062495466,2872588962.21562,2478761338.2278833,48.70943244020842,45.11758337175463,3.922297,3.4584093333333334,823.4,787.7966666666666,101.011435104032,99.05198317624324,3.25514600287211,4.196984126426494,98.9479449698576,96.50919390583765
KWT,Kuwait,2014,0.0005876407,113342578898.914,110162819934.37166,0.0,0.0,0.1194098,0.18528256666666665,26.7612812884495,27.88187604391747,1433630444.12308,2521762319.5982966,52.301281508662214,48.709432440208424,0.9438869,2.0182803000000002,871.03,829.9333333333333,97.6054913328151,99.24447306717947,2.68229684085039,3.5922821141440004,98.2687466902093,97.14826073134952
KWT,Kuwait,2015,0.003551305,113910328503.346,113102485957.06535,0.0,0.0,-0.0650589,0.06835456666666667,25.1870221469575,26.50203623645773,485806657.75508,1597342021.3645935,55.893130577116,52.301281508662214,0.3617148,1.7426329,784.11,826.18,100.037189841844,99.55137209289704,2.90892672858625,2.94878985743625,99.6109552304125,98.94254896349314
KWT,Kuwait,2016,0.002260756,114585555688.511,113946154363.59033,0.0,0.0,-0.0254842,0.009622233333333332,24.9282188842881,25.625507439898367,284647623.805361,734694908.5611738,58.9434554973822,55.712622527720136,1.525814,0.9438052333333333,864.37,839.8366666666667,98.6999884455485,98.78088987340254,3.27170166092133,2.954308410119323,NaN,NaN
KWT,Kuwait,2017,0.00537334,117938415952.58,115478100048.14568,0.0,0.0,-0.0488498,-0.04646429999999999,24.5748353685826,24.896692133276066,292026510.202095,354160263.9208453,59.2213394214596,58.019308498652606,1.251199,1.0462426,816.43,821.6366666666667,96.1576723758617,98.29828355441806,3.19839776658374,3.12634205203044,NaN,NaN
KWT,Kuwait,2018,0.003099686,112380895138.2,114968288926.43034,0.0,0.0,-0.0306017,-0.03497856666666666,23.4582455235038,24.3204332587915,113012065.007347,229895399.67160097,54.9159622359267,57.693585718256166,3.181837,1.9862833333333334,850.76,843.8533333333334,97.840046457409,97.56590242627307,2.17183298510006,2.880644137535043,NaN,NaN
KWT,Kuwait,2019,0.01464772,115463874454.862,115261061848.54735,0.0,0.0,0.0185723,-0.020293066666666665,22.9164695855109,23.6498501591991,-21377568.8207292,127887002.12957092,52.1066893601774,55.414663672521236,0.8911092,1.7747150666666665,1001.08,889.4233333333333,102.785630655,98.9277831627569,0.543133148199567,1.971121299961122,NaN,NaN
KWT,Kuwait,2020,0.004363509,118077765349.788,115307511647.61665,0.1,0.03333333333333333,0.1059595,0.031310033333333334,21.7968059903888,22.72384036646783,515617569.386936,202417355.1911846,50.4400595299189,52.487570375341,3.883766,2.6522374,1162.19,1004.6766666666666,91.6857123895953,97.43712983400144,1.09184802655856,1.2689380532860624,NaN,NaN
KWT,Kuwait,2021,0.00764171,112389586345.299,115310408716.64966,0.1,0.06666666666666667,0.1356131,0.08671496666666666,21.1232409306072,21.945505502168967,-558055522.567384,-21271840.667059064,53.731878917367,52.0928759358211,2.323428,2.3661010666666664,1134.46,1099.2433333333333,82.0125101293052,92.16128439130016,2.101729548274,1.245570241010709,NaN,NaN
KWT,Kuwait,2022,0.002156195,114268886945.818,114912079546.96834,0.1,0.10000000000000002,0.1641701,0.13524756666666668,22.9081845000934,21.9427438070298,-272335307.098366,-104924420.092938,51.8967176944636,52.02288538058317,4.085199,3.430797666666667,1255.18,1183.9433333333334,82.0019394603961,85.23338732643221,3.42362947609188,2.20573568364148,NaN,NaN
KWT,Kuwait,2023,0.0007706951,121991940635.833,116216804642.31667,NaN,NaN,0.2464239,0.18206903333333332,22.3585581710822,22.1299945339276,752255305.966945,-26045174.566268325,NaN,NaN,2.178937,2.8625213333333335,1334.56,1241.3999999999999,90.9204116970196,84.97828709557363,3.98064961990313,3.1686695480896696,NaN,NaN
LBN,Lebanon,1999,0.003258603,25591349424.6391,24902154055.083633,5.5,4.966666666666667,-0.592395,-0.5222432,3.93314871686452,3.9007239537287735,1134903120.0,1004834373.3333334,25.934396743774435,23.77693367004397,1.438214,NaN,276.74,252.36,54.7171975983785,61.63346943149774,NaN,NaN,94.828671425603,94.77434141632044
LBN,Lebanon,2000,0.005690224,25456845224.2295,25244869445.108566,4.3,4.733333333333333,-0.54978505,-0.55480775,3.98249044656787,3.9822795397274167,871676540.0,1268726553.3333333,28.0918598175049,25.934396743774432,1.34698,NaN,310.32,281.68666666666667,50.8141707661214,55.87265543421473,NaN,NaN,95.411990414649,95.13322668758865
LBN,Lebanon,2001,0.001343869,25798443405.5655,25615546018.1447,4.9,4.8999999999999995,-0.5071751,-0.54978505,3.53598931938817,3.81720949427352,993475000.0,1000018220.0,28.1094799041748,27.378578821818042,1.711663,1.4989523333333334,414.71,333.92333333333335,50.1152959262106,51.88222143023683,NaN,NaN,93.7525436366268,94.66440182562626
LBN,Lebanon,2002,0.004359578,26789018310.9609,26014768980.251965,4.6,4.6000000000000005,-0.46629105,-0.5077503999999999,3.7525460492449,3.75700860506698,1453907000.0,1106352846.6666667,31.8084697723389,29.336603164672866,0.3865001,1.1483810333333333,435.09,386.70666666666665,55.5568083587026,52.1620916836782,NaN,NaN,94.3714142411316,94.5119827641358
LBN,Lebanon,2004,0.003625553,28600147893.7267,27698404250.000103,7.0,5.766666666666666,-0.3457046,-0.41246754999999996,3.63952510966725,3.6936854383229734,2860020313.18819,1883299104.3960636,33.0007705688477,32.6830603281657,0.7778928,0.6738742000000001,471.77,434.27,54.0908340214699,53.5633916458892,NaN,NaN,94.7137721102877,94.64808365558211
LBN,Lebanon,2005,0.004027386,30510478932.4999,28938891123.846436,6.1,6.266666666666667,-0.248585399999999,-0.3398989999999997,3.62889487678395,3.6524683808359897,1898780570.45821,2031590294.5488002,34.8977317810059,33.712814331054695,0.6985559,0.7778928,499.4,455.70666666666665,90.9727970270956,65.3687212020202,NaN,NaN,94.6866090244305,94.75314858334839
LBN,Lebanon,2006,0.003653635,31329923063.1007,30146849963.1091,6.4,6.5,-0.2381711,-0.277487033333333,3.54858446679178,3.605668151080993,2623502612.40255,2460767832.016317,36.9155197143555,34.938007354736364,0.5767869,0.6844118666666666,577.01,516.06,92.762656272585,79.27542910705017,NaN,NaN,93.9926604607964,94.46434719850487
LBN,Lebanon,2007,0.004007213,31815384920.7126,31218595638.77107,6.4,6.3,-0.2330089,-0.23992179999999966,3.39584048951661,3.5244399443641137,2674534372.19901,2398939185.0199237,38.105541229248,36.639597574869796,0.5205337,0.5986254999999999,648.85,575.0866666666667,91.0693970298409,91.60161677650717,NaN,NaN,95.5864334351542,94.7552343067937
LBN,Lebanon,2008,0.006091501,34777595316.005,32640967766.6061,7.3,6.7,-0.2612833,-0.2441544333333333,3.08582491177961,3.3434166226960005,3375980757.8597,2891339247.487087,40.4916915893555,38.504250844319664,0.6235853,0.5736353,661.79,629.2166666666666,97.9677079660494,93.93325375615844,NaN,NaN,98.0342328284231,95.87110890812455
LBN,Lebanon,2009,0.005366143,37931620043.7015,34841533426.806366,5.1,6.266666666666666,-0.204520099999999,-0.23293743333333297,3.71794595880824,3.3998704533681536,4333045470.38383,3461186866.81418,41.7746200561523,40.12395095825193,0.6574295,0.6005161666666666,740.45,683.6966666666667,106.625673176194,98.55425939069477,NaN,NaN,99.2832959300396,97.63465406453896
LBN,Lebanon,2010,0.01270325,41812842419.7439,38174019259.8168,4.3,5.566666666666666,-0.134654599999999,-0.20015266666666598,4.31860187525276,3.7074575819468705,4803602660.45614,4170876296.233223,41.8963890075684,41.38756688435873,0.7811535,0.6873894333333332,788.92,730.3866666666667,90.3978388619092,98.33040666805088,1.19509671165543,NaN,95.2500409434034,97.52252323395537
LBN,Lebanon,2011,0.004887127,45147473283.5593,41630645249.001564,5.7,5.033333333333333,0.0121012,-0.10902449999999934,4.09800035229092,4.04484939545064,4279880834.52716,4472176321.789043,42.1777031083244,41.94957072401503,1.297006,0.911863,799.05,776.14,95.0966529416243,97.37338832657584,3.98347941855833,NaN,94.4157470702963,96.31636131457977
LBN,Lebanon,2012,0.006879156,45539055323.5066,44166457008.9366,6.2,5.3999999999999995,-0.2805478,-0.13436706666666634,4.11737002602031,4.177990751187997,3137050288.4,4073511261.127767,45.5351218323996,43.203071316097464,0.6260946,0.9014180333333334,882.47,823.48,102.139882412503,95.87812473867882,4.97148571692384,3.383353949045867,94.6330884551266,94.76629215627543
LBN,Lebanon,2013,0.009541837,46707037069.3046,45797855225.45684,5.6,5.833333333333333,-0.3620584,-0.21016833333333332,4.47632828355561,4.23056622062228,3111315000.1,3509415374.3423867,44.9326117621184,44.21514556761414,0.8597657,0.9276221000000001,1023.86,901.7933333333334,88.5455019230591,95.26067909239548,6.58147447683677,5.178813204106313,95.405328598748,94.81805470805698
LBN,Lebanon,2014,0.01253634,48494923363.2625,46913671918.69123,5.9,5.8999999999999995,-0.2888629,-0.31048970000000004,4.02278357415317,4.20549396124303,2661087127.6,2969817472.0333333,48.3089213263461,46.25888497362137,1.403183,0.9630144333333334,1099.86,1002.0633333333332,86.1743285920565,92.28657097587286,4.82101956297399,5.457993252244866,95.1918946721502,95.0767705753416
LBN,Lebanon,2015,0.005524252,49699566407.4833,48300508946.683464,4.2,5.233333333333333,-0.441824599999999,-0.364248633333333,3.93405377982319,4.14438854584399,2862509426.6,2878303851.433333,42.9353408813477,45.39229132327073,1.525106,1.2626849000000002,1219.11,1114.2766666666666,79.8171565925627,84.8456623692261,1.8546042134091,4.419032751073287,96.6475239479447,95.74824907294764
LBN,Lebanon,2016,0.003391133,49929337836.8159,49374609202.52057,4.2,4.766666666666667,-0.3625053,-0.3643975999999997,4.15689901334406,4.03791212244014,2159289951.7,2560962168.633333,39.2905242294107,43.51159547903484,1.104323,1.3442040000000002,1301.39,1206.7866666666666,71.8390426347811,79.27684260646676,-3.74914524799629,0.9754928427955999,89.3247284878043,93.72138236929975
LBN,Lebanon,2017,0.001432891,50705514062.8608,50111472769.05334,4.0,4.133333333333333,-0.4156822,-0.40667069999999966,4.40699597979459,4.1659829243206135,2568485071.1,2530094816.4666667,42.5074771456909,41.57778075214976,0.5992237,1.0762175666666667,1472.02,1330.84,67.7236177908116,73.12660567271847,-0.783359624361508,-0.8926335529828991,NaN,NaN
LBN,Lebanon,2018,0.004132914,51163399287.7034,50599417062.460045,4.0,4.066666666666666,-0.357388,-0.3785251666666667,4.75585896916428,4.43991798743431,2522409653.4,2416728225.4,44.1878772500135,41.995292875038366,0.187548,0.6303649,1561.41,1444.9400000000003,68.4554292593276,69.33936322830677,4.32135218303191,-0.0703842297752962,NaN,NaN
LBN,Lebanon,2019,0.004185063,50199119756.2008,50689344368.92167,4.7,4.233333333333333,-0.470461099999999,-0.414510433333333,4.59444406102218,4.58576633666035,2658003844.61444,2582966189.7048135,47.2296269060678,44.641660433924066,0.7279863,0.5049193333333334,1907.25,1646.8933333333334,68.2573073043718,68.14545145150367,6.07698907889607,3.2049938791888244,NaN,NaN
LBN,Lebanon,2020,0.01389859,46727888410.6848,49363469151.52966,5.1,4.6000000000000005,-0.5611682,-0.4630057666666663,4.66025747446672,4.670186834884394,1906392482.4039,2362268660.1394467,50.1483937104215,47.188632622167596,0.9925491,0.6360278,2096.33,1854.9966666666667,62.98091601016,66.56455085795314,3.00538949390383,4.467910251943937,NaN,NaN
LBN,Lebanon,2021,0.007158058,36728167162.8739,44551725109.91983,6.3,5.366666666666666,-0.715552099999999,-0.5823937999999994,3.82658313221911,4.360428222569337,1606894721.93483,2057097016.3177233,51.5677337643942,49.64858479362783,2.241844,1.3207931333333334,2236.68,2080.0866666666666,50.1298042879627,60.45600920083151,84.8643330472041,31.315570540001335,NaN,NaN
LBN,Lebanon,2022,0.007366999,34156740537.1604,39204265370.2397,6.8,6.066666666666666,-0.821736999999999,-0.699485766666666,2.92316253483224,3.803334380506023,599788270.817044,1371025158.385258,56.8657861418168,52.86063787221084,0.9483761,1.3942564,2207.34,2180.116666666667,78.8286204025241,63.97978023354893,154.756096023393,80.87527285483365,NaN,NaN
LBN,Lebanon,2023,0.01123113,33944395264.1769,34943100988.0704,NaN,NaN,-0.943323199999999,-0.8268707666666657,1.81652362812428,2.8554230983918765,526838753.906365,911173915.5527463,58.1761149059991,55.53654493740336,1.110213,1.4334776999999999,2091.17,2178.396666666667,114.888278265666,81.2822343187176,171.205491336641,136.94197346907936,NaN,NaN
LBY,Libya,2009,0.00287472,83573471186.9254,82027497219.3706,2.9,2.966666666666667,-0.975572799999999,-1.1325931999999996,9.16430783442361,9.193335088638053,4111300000.0,3621433333.3333335,NaN,NaN,NaN,NaN,135.11,115.07333333333334,103.242158045544,101.23752488872503,10.3607288954998,6.0236618291541895,88.81687139601995,91.39260252435766
LBY,Libya,2017,0.001074668,47991152062.8031,48613388151.73824,2.8,2.6666666666666665,-2.1039014,-2.02371353333333,7.71283597446731,8.556391188232608,664875000.0,677250000.0,NaN,NaN,2.249535625,2.48390825,140.44,170.23666666666668,41.1101760615135,58.17998867743784,25.8538742124461,12.896369662417817,NaN,NaN
LBY,Libya,2018,0.001033229,63584342257.9606,53430998547.3563,2.9,2.8666666666666667,-1.9779852,-2.0343451666666668,8.22031320255774,8.091382942705884,652500000.0,664875000.0,NaN,NaN,2.015163,2.2495356249999996,162.62,159.61666666666667,47.5489661921214,48.52134986210773,25.8036184788338,20.686595350031666,NaN,NaN
LBY,Libya,2021,0.0009673051,42996651437.748,57526656955.71253,3.2,3.033333333333333,-1.9895714,-2.0313295,6.48685759316115,7.705624575446386,615375000.0,627750000.0,NaN,NaN,3.106341666666667,3.5581663333333338,245.96,199.98666666666668,50.9757934373319,64.58363207305466,1.44703656998741,4.1516871963178525,NaN,NaN
LKA,Sri Lanka,2000,0.005690224,35618117203.6315,34128213201.25136,63.2,64.43333333333334,-0.12333709999999949,-0.13337986666666649,0.529334515227479,0.4996324209550347,176410171.3141,266630115.43013334,NaN,NaN,1.756205,2.0106669999999998,208.12,206.4333333333333,78.7514783496374,79.1280069282583,4.69170563048438,7.876548300456096,39.8309792845945,38.80762763185833
LKA,Sri Lanka,2001,0.002687739,37755216046.2078,35840945735.309166,64.2,63.866666666666674,-0.155627899999999,-0.12333709999999949,0.594343435725624,0.5372233045089986,172941409.8305,180925201.42929998,NaN,NaN,1.501743,1.7562049999999998,209.36,205.49666666666667,88.636441704913,81.96096972671252,6.17627591012045,6.744074849145707,43.0199220940131,40.590699875314336
LKA,Sri Lanka,2002,0.01220682,37171743866.5487,36848359038.796,62.9,63.43333333333334,-0.025574849999999483,-0.10151328333333265,0.58030560864131,0.5679945198648043,171790000.0,173713860.38153335,NaN,NaN,0.9003178,1.3860886000000001,215.68,211.05333333333337,80.8986015327576,82.762173862436,14.15845579912,8.342145779908277,43.3472481454335,42.06604984134703
LKA,Sri Lanka,2003,0.003228723,38645482957.365,37857480956.70716,62.1,63.06666666666666,0.1044782,-0.025574849999999493,0.600769917749147,0.5918063207053602,196500000.0,180410469.9435,NaN,NaN,3.177424,1.8598282666666668,245.5,223.51333333333332,76.3351317826517,81.95672500677409,9.55103167007251,9.961921126437653,44.5784058282397,43.64852535589544
LKA,Sri Lanka,2004,0.005800885,40941128631.5337,38919451818.48246,61.3,62.1,0.0019383999999999,0.026947250000000134,0.644522289804371,0.6085326053982759,228720000.0,199003333.33333334,NaN,NaN,0.5504447,1.5427288333333333,264.86,242.01333333333332,75.336247330543,77.52332688198409,6.31463787051174,10.008041779901417,46.3626190709846,44.76275768155259
LKA,Sri Lanka,2005,0.006041079,43170398173.7749,40919003254.224525,61.6,61.666666666666664,-0.051586,0.01827686666666663,0.661039481809803,0.6354438964544403,232800000.0,219340000.0,NaN,NaN,0.8368143,1.521561,265.29,258.55,79.4829449011187,77.05144133810447,7.57592582995856,7.81386512351427,45.7877477321267,45.57625754378367
LKA,Sri Lanka,2006,0.01035197,45864985657.2719,43325504154.193504,60.1,61.0,-0.191553199999999,-0.08040026666666637,0.713777502007764,0.6731130912073127,272400000.0,244640000.0,NaN,NaN,0.983269,0.7901759999999999,335.67,288.6066666666667,73.6039729580533,76.14105506323834,11.6396860971118,8.5100832658607,45.2848417548823,45.811736185997866
LKA,Sri Lanka,2007,0.007513524,49382046637.8596,46139143489.63547,62.2,61.300000000000004,-0.180964699999999,-0.141367966666666,0.648296656351918,0.6743712133898283,479700000.0,328300000.0,NaN,NaN,1.567876,1.1293197666666666,388.76,329.9066666666667,71.2611784883009,74.78269878249097,10.0201836057035,9.745265177591287,43.431310359623,44.83463328221066
LKA,Sri Lanka,2008,0.003206053,52738458481.8031,49328496925.64486,60.2,60.833333333333336,-0.1170914,-0.16320309999999935,0.689226252766555,0.6837668037087457,603000000.0,451700000.0,NaN,NaN,1.065765,1.2056366666666667,437.51,387.31333333333333,68.6065116601391,71.15722103549777,15.8421114924843,12.5006603984332,45.3792930501216,44.6984817215423
LKA,Sri Lanka,2009,0.00143736,55876443247.647,52665649455.7699,61.6,61.333333333333336,-0.186027,-0.161361033333333,0.64492492211835,0.6608159437456077,752200000.0,611633333.3333334,NaN,NaN,0.2857291,0.9731233666666667,512.94,446.40333333333336,63.369043608222,67.74557791888735,22.5644955300126,16.142263542733467,45.3345768714393,44.71506009372797
LKA,Sri Lanka,2010,0.004998001,57853861432.6254,55489587720.69183,63.5,61.76666666666667,-0.147503,-0.15020713333333333,0.615577771423657,0.6499096487695207,404000000.0,586400000.0,NaN,NaN,0.2412044,0.5308995,486.54,478.99666666666667,49.1491415308235,60.37489893306154,3.46496322106074,13.95719008118588,43.0424314650003,44.5854337955204
LKA,Sri Lanka,2011,0.002345821,62491408087.6686,58740570922.647,61.9,62.333333333333336,-0.0753803,-0.13630343333333333,0.647461199097336,0.6359879642131143,477559000.0,544586333.3333334,15.8440563450578,NaN,0.6507877,0.3925737333333333,504.44,501.3066666666667,48.77727974383318,53.76515496095956,6.2176488930462,10.74903588137318,43.015744610187,43.7975843155422
LKA,Sri Lanka,2012,0.008025683,67909090095.7458,62751453205.346596,56.4,60.6,0.0210493,-0.06727799999999999,0.757197565544141,0.6734121786883781,955920000.0,612493000.0,14.6727189156336,NaN,0.2951118,0.3957013,570.82,520.6,48.40541795684287,48.77727974383318,6.7167684358854,5.46646018333078,51.5022944872323,45.8534901874732
LKA,Sri Lanka,2013,0.0304595,73771125924.0275,68057208035.813965,52.9,57.06666666666666,0.0071890999999999,-0.0157139666666667,0.845279080834285,0.7499792818252541,941116591.230408,791531863.7434692,16.322805343317,15.613193534669469,1.126415,0.6907715,608.18,561.1466666666666,48.03355616985255,48.405417956842875,7.54291373239437,6.82577702044199,52.1881369499103,48.9020586824432
LKA,Sri Lanka,2014,0.002415856,76760144811.4596,72813453610.41096,56.9,55.4,-0.0763977,-0.016053100000000032,0.720767549186301,0.7744147318549089,932551317.582881,943195969.6044296,17.7655041707891,16.25367614324657,3.507864,1.6431302666666667,732.88,637.2933333333334,47.66169438286223,48.033556169852545,6.90845034828452,7.056044172188096,48.965213912972,50.88521511670486
LKA,Sri Lanka,2015,0.00659528,81655890649.0473,77395720461.51146,54.2,54.666666666666664,-0.0063463,-0.025184966666666697,0.860549619790163,0.808865416603583,893628980.287065,922432296.3667847,17.8701919678234,17.319500493976502,0.6198611,1.7513800333333334,705.68,682.2466666666666,47.289832595871914,47.66169438286223,3.1790022823606,5.876788787679829,53.627066858768,51.59347257388344
LKA,Sri Lanka,2016,0.001130378,85090301052.0465,81168778837.5178,51.3,54.13333333333333,0.0306457,-0.0173661,0.939966618979494,0.8404279293186526,679655644.244788,835278647.3715781,18.1726459197686,17.936114019460366,0.7647079,1.6308110000000002,753.68,730.7466666666666,46.9179708088816,47.28983259587192,3.76836783062096,4.618606820422026,41.0488850265369,47.88038859942563
LKA,Sri Lanka,2017,0.003224004,89390445684.9413,85378879128.67836,45.1,50.20000000000001,-0.0445476,-0.006749399999999999,1.10736008298364,0.9692921072510989,897049375.883533,823444666.8051287,17.1510485178135,17.7312954684685,0.1505454,0.5117048000000001,1124.15,861.17,46.4715370252187,46.89311347665741,3.9588884659307,3.6354195263040867,NaN,NaN
LKA,Sri Lanka,2018,0.00506282,95165677467.0656,89882141401.35114,45.8,47.4,-0.1170039,-0.043635266666666665,1.09125530228872,1.0461940014172846,1372723043.13401,983142687.7541103,17.1941300290821,17.505941488888066,0.4345366,0.4499299666666667,1189.29,1022.3733333333333,47.1404098004644,46.84330587818823,7.70413767850602,5.143797991685894,NaN,NaN
LKA,Sri Lanka,2019,0.002790042,97364084798.8326,93973402650.27983,47.9,46.26666666666666,-0.1897983,-0.11711660000000002,1.01443931702815,1.07101823410017,1614044009.22883,1294605476.0821245,17.8869756778112,17.410718074902267,0.9234669,0.5028496333333333,1458.51,1257.3166666666668,49.8093967521361,47.80711452593974,2.135037737132,4.599354627189573,NaN,NaN
LKA,Sri Lanka,2020,0.006464459,97149412680.2905,96559724982.06291,46.1,46.6,-0.186002,-0.16426806666666666,1.09952758794661,1.06840740242116,743466231.468031,1243411094.6102905,19.4563160693078,18.179140592067032,0.3238519,0.5606184666666666,1707.05,1451.6166666666668,49.42552388546,48.791776812686834,3.52839358231811,4.4558563326520435,NaN,NaN
LKA,Sri Lanka,2021,0.01612175,92656723482.0524,95723406987.05849,49.3,47.76666666666667,-0.1122765,-0.16269226666666667,1.03172589990419,1.0485642682929832,434075668.46642,930528636.3877605,20.1614879343022,19.16825989380707,0.6027013,0.6166733666666667,1795.73,1653.7633333333333,37.089118857292,45.441346498296035,6.15394508391738,3.939125467789163,NaN,NaN
LKA,Sri Lanka,2022,0.001796829,96555233343.7041,95453789835.349,48.8,48.06666666666666,-0.1629445,-0.153741,1.02995125473912,1.05373491419664,592289969.90297,589943956.6124736,20.7824292013914,20.1334110683338,1.55114,0.8258977333333334,2392.5,1965.0933333333332,41.2288463291999,42.58116302398397,7.01478071238195,5.565706459539147,NaN,NaN
LKA,Sri Lanka,2023,0.007321603,89459202881.0576,92890386568.93803,NaN,NaN,-0.456906,-0.24404233333333333,0.937608764257698,0.9997619729670028,884150491.430207,636838709.933199,22.3679922774735,21.103969804389035,0.275375,0.8097387666666666,2482.89,2223.7066666666665,46.6826080196819,41.66685773539126,49.7211021114327,20.96327596924401,NaN,NaN
LTU,Lithuania,2000,0.01138045,21603573442.0349,21257675885.241135,15.0,13.166666666666666,0.46177769999999996,0.5337575666666666,3.7828602949063,4.16129766095306,564537500.0,615200000.0,NaN,NaN,NaN,NaN,574.27,527.8633333333333,74.5847357424933,87.86650976904593,0.727550626557424,4.892050989878675,60.1979071038471,59.8149924302717
LTU,Lithuania,2001,0.005375477,22342117970.7075,21929628830.537235,17.2,15.033333333333333,0.3678478,0.4617777,3.33092730007635,3.86683075752279,380272500.0,621195000.0,NaN,NaN,1.711663,NaN,598.97,570.3133333333334,83.1914942748116,82.38051153861043,0.981615478857598,2.2589066546115677,58.5886214105809,59.31450575579447
LTU,Lithuania,2002,0.002615747,23790809196.6404,22578833536.460934,17.6,16.599999999999998,0.65197515,0.4938668833333333,3.57013822101879,3.561308605333813,442400000.0,462403333.3333333,57.3476104736328,NaN,1.254541,NaN,638.61,603.9499999999999,93.4871373685836,83.75445579529617,1.36712030817819,1.0254288045310707,57.3586026543257,58.715043722917905
LTU,Lithuania,2003,0.008071807,25389513378.757,23840813515.3683,17.9,17.566666666666666,0.9361025,0.65197515,3.62197424563623,3.50767992224379,660790497.921647,494487665.9738824,63.0700798034668,NaN,0.6808766,1.2156935333333332,998.87,745.4833333333332,100.332229474818,92.33695370607107,0.281506610345575,0.8767474657937876,53.361643982234,56.43628934904687
LTU,Lithuania,2004,0.004350664,28068588415.9846,25749636997.127335,18.1,17.866666666666667,1.1760281,0.9213685833333333,3.65786848433758,3.616660316997533,217398839.893753,440196445.9384666,69.6304168701172,63.349369049072266,1.153711,1.0297095333333333,969.21,868.8966666666666,98.0914043206711,97.30359038802423,-1.13430854990247,0.1714394562070983,52.0621058879902,54.26078417484997
LTU,Lithuania,2005,0.02013693,29893617960.0569,27783906584.932835,18.1,18.033333333333335,1.0391911,1.0504405666666667,3.86899905983728,3.716280596603697,879540745.774168,585910027.8631893,74.9013824462891,69.20062637329103,0.5292109,0.7879328333333334,1271.25,1079.7766666666666,104.072070698543,100.83190149801071,1.16410252104671,0.10376686049660495,53.2539247673701,52.89255821253143
LTU,Lithuania,2006,0.001217878,32204827116.6036,30055677830.8817,17.5,17.900000000000002,1.0774748,1.0975646666666667,4.20098792244941,3.9092851555414234,1292550783.57242,796496789.7467804,79.7298126220703,74.75387064615887,2.26133,1.3147506333333332,1523.8,1254.7533333333333,117.449691165186,106.53772206146671,2.65848484065262,0.89609293726562,59.7624057163478,55.026145457236034
LTU,Lithuania,2007,0.004452459,34586529059.4547,32228324712.038403,17.5,17.7,1.120892,1.0791859666666668,4.34082416360822,4.136937048631636,2259381844.95682,1477157791.4344692,82.4531784057617,79.0281244913737,0.1680599,0.9862002666666667,1771.04,1522.03,124.613633047292,115.37846497034032,3.73912004060664,2.52056913410199,61.0563641148812,58.02423153286637
LTU,Lithuania,2008,0.02885448,38417999935.5475,35069785370.53527,17.1,17.366666666666667,1.0779591,1.0921086333333332,4.81800789405111,4.453273326702913,2601486958.03571,2051139862.1883166,82.5158309936523,81.56627400716144,0.5794203,1.0029367333333334,1701.79,1665.5433333333333,116.295810328172,119.45304484688332,5.73717382799842,4.044926236419227,60.9604722459253,60.593080692384774
LTU,Lithuania,2009,0.01149888,39416661070.6359,37473730021.87937,18.3,17.633333333333336,1.0138857,1.0709122666666666,4.95001768164964,4.70294991310299,1727292156.14543,2196053653.0459867,85.7450866699219,83.57136535644531,2.102211,0.9498970666666667,2532.98,2001.9366666666667,126.759707831841,122.55638373576834,10.9258856241655,6.800726497590187,60.1905808139219,60.73580572490946
LTU,Lithuania,2010,0.023324,33567775753.9873,37134145586.723564,20.1,18.500000000000004,0.9445431,1.0121293,4.17668379432144,4.648236456674064,-360197700.774579,1322860471.1355202,89.2521667480469,85.8376948038737,1.336819,1.3394834333333332,2297.94,2177.57,105.040251236614,116.031923132209,4.45304456518535,7.038701339116424,55.351300944264,58.8341180013704
LTU,Lithuania,2011,0.009617866,33711177146.509,35565204657.04407,21.5,19.96666666666667,0.9389202,0.965783,4.53332954506564,4.553343673678906,1102696146.69551,823263534.0221204,86.5725708007812,87.18994140625,2.186491,1.875173666666667,2338.86,2389.9266666666667,131.626507396009,121.14215548815467,1.31921362055463,5.566047936635161,74.2727842079578,63.2715553220479
LTU,Lithuania,2012,0.01490484,35842949499.0897,34373967466.52866,22.7,21.433333333333337,0.9138081,0.9324237999999999,4.72911365651569,4.4797089986342575,1880811089.20548,874436511.7088037,84.0555877685547,86.62677510579427,1.114947,1.5460856666666667,2443.84,2360.2133333333336,149.645306927215,128.770688519946,4.13027562645085,3.30084460406361,73.8607385970176,67.8282745830798
LTU,Lithuania,2013,0.01866045,37413912227.1865,35656012957.59507,23.9,22.7,1.0029205,0.9518829333333333,4.8479177448757,4.70345364881901,677182759.667043,1220229998.5226777,79.7516326904297,83.45993041992186,0.8007241,1.3673873666666667,2247.28,2343.3266666666673,156.638925650513,145.97024665791233,3.08998277055417,2.846490672519883,72.8845095772256,73.67267746073367
LTU,Lithuania,2014,0.01547454,38928020774.4147,37394960833.56363,26.3,24.3,1.0155294,0.9774193333333333,4.51309413254538,4.696708511312257,768657971.982436,1108883940.2849863,74.3968200683594,79.40134684244794,1.241204,1.0522916999999998,2240.39,2310.5033333333336,156.626637927418,154.3036235017153,1.04747937065344,2.7559125892194865,70.0490514414595,72.26476653856757
LTU,Lithuania,2015,0.01894029,40396597406.9714,38912843469.5242,27.7,25.96666666666667,1.0103786,1.0096095,4.49797821297655,4.619663363465876,357323216.168925,601054649.2728013,72.034538269043,75.3943303426107,0.5801686,0.8740322333333334,2444.28,2310.65,143.290115780694,152.18522645287499,0.103758009433708,1.4137400502137727,68.1948652301111,70.37614208293208
LTU,Lithuania,2016,0.0130747,41540954817.2039,40288524332.863335,29.0,27.666666666666668,1.1895249,1.0718109666666666,4.69257592209704,4.56788275587299,1036954105.5948,720978431.2487203,72.1163330078125,72.84923044840497,1.983248,1.2682068666666666,2474.04,2386.236666666666,138.195575009601,146.03744290590433,-0.884097405500596,0.08904665819551731,NaN,NaN
LTU,Lithuania,2017,0.01003023,42650896790.5078,41529483004.89437,31.5,29.400000000000002,1.0789062,1.0929365666666666,4.69887829841954,4.6298108111643765,1177533775.88122,857270365.8816482,74.0858306884766,72.74556732177737,0.9950919,1.1861694999999999,2335.81,2418.0433333333335,134.690449650877,138.72538014705734,0.905525075460342,0.041728559797818,NaN,NaN
LTU,Lithuania,2018,0.0144652,44618059836.1503,42936637147.954,33.8,31.433333333333334,1.0760082,1.1148131000000001,4.91240709777077,4.767953772762451,1383731106.4056,1199406329.2938735,76.5389785766602,74.24704742431643,0.8014855,1.2599418,2400.43,2403.4266666666667,144.918393101325,139.26813925393432,3.72288862303707,1.2481054309989388,NaN,NaN
LTU,Lithuania,2019,0.009416393,46812540124.5928,44693832250.41697,33.7,33.0,1.0635821,1.0728321666666667,4.97247446083995,4.861253285676754,1299841764.3737,1287035548.8868399,77.3577728271484,75.99419403076173,1.212088,1.0028884666666666,2353.94,2363.3933333333334,147.202132525221,142.27032509247434,2.69792779208394,2.442113830193784,NaN,NaN
LTU,Lithuania,2020,0.01082797,49002127329.2631,46810909096.66873,33.5,33.666666666666664,0.9756202,1.0384035,5.08575146500164,4.990211007870787,3434299309.82762,2039290726.8689735,75.0942306518555,76.33032735188804,0.7045242,0.9060325666666666,2594.62,2449.6633333333334,148.374996011818,146.83184054612136,2.33450937988027,2.9184419316670933,NaN,NaN
LTU,Lithuania,2021,0.01064036,49023107998.6089,48279258484.15494,31.7,32.96666666666667,0.8963652,0.9785225000000001,5.07196741780172,5.043397781214437,4560496002.83869,3098212359.013336,73.5892868041992,75.34709676106769,0.6418698,0.8528273333333334,2888.91,2612.49,135.796565563519,143.79123136685268,1.19989444983569,2.0774438739333,NaN,NaN
LTU,Lithuania,2022,0.003234292,52150790162.9131,50058675163.59503,33.2,32.800000000000004,1.1708848,1.0142900666666668,5.10322677130588,5.086981884703079,2507626415.82615,3500807242.83082,75.0314712524414,74.57166290283205,0.5660074,0.6374671333333334,3102.55,2862.0266666666666,154.80672767597,146.32609641710235,4.68354420903453,2.7393160129168295,NaN,NaN
LTU,Lithuania,2023,0.006936256,53474129886.9706,51549342682.83087,NaN,NaN,1.1852774,1.0841758,4.65112254775415,4.942105578953917,2419329634.05406,3162484017.572966,76.9154586791992,75.17873891194661,0.1888278,0.46556833333333336,3132.62,3041.36,175.651612151093,155.41830179686067,19.7050461518394,8.529494936903207,NaN,NaN
LUX,Luxembourg,1999,0.08689607,34897700608.2885,32881392932.1936,6.7,4.733333333333333,1.3137544,1.33385645,18.3807393454203,20.2817912145708,NaN,NaN,NaN,NaN,2.722285,1.970083,56.21,51.199999999999996,236.570014987575,214.76522652254732,0.958570110494674,1.1699808036699382,82.7152461456422,84.20657901626787
LUX,Luxembourg,2000,0.09436288,37750651094.139,35120846538.6652,5.9,5.666666666666667,1.60802075,1.4185438666666668,18.9702073291132,19.243735512880434,NaN,NaN,NaN,NaN,2.054731,2.1050799999999996,53.72,53.47,239.922499577691,229.52709083239435,1.02519676474932,1.1170931624411413,83.0103152773734,83.33538733670346
LUX,Luxembourg,2001,0.06450573,40369840252.809,37672730651.7455,6.8,6.466666666666666,1.9022871,1.6080207500000003,20.1714416685767,19.174129447703397,NaN,NaN,NaN,NaN,2.09509,2.2907019999999996,65.28,58.403333333333336,272.412326845348,249.63494713687132,3.15076707022592,1.7115113151566381,83.3856430385505,83.03706815385537
LUX,Luxembourg,2002,0.05144302,41610952660.8086,39910481335.91886,3.4,5.366666666666667,2.081058,1.8637886166666668,21.1410452409263,20.094231412872066,NaN,NaN,9.9181604385376,NaN,1.654638,1.9348196666666666,67.06,62.02,270.765630443257,261.0334856220987,2.66382110579103,2.2799283135887567,84.9454884898552,83.78048226859303
LUX,Luxembourg,2003,0.03390159,42953079744.2546,41644624219.29073,1.3,3.8333333333333335,2.2598289,2.081058,22.4851235501765,21.2658701532265,4243174360.0,NaN,11.6310997009277,NaN,1.526372,1.7587,83.08,71.80666666666666,250.689198161424,264.6223851500097,2.07408613571643,2.6295581039111267,89.8409783692785,86.05736996589474
LUX,Luxembourg,2004,0.05583351,44078183528.9345,42880738644.6659,1.3,2.0,2.0999602,2.1469490333333336,23.1479308283329,22.25803320647857,4291105680.0,NaN,12.0609903335571,11.203416824340799,0.9240512,1.3683537333333333,88.93,79.69,244.977946060528,255.4775915550697,2.04984030563518,2.262582515714213,89.6639949767496,88.15015394529443
LUX,Luxembourg,2005,0.05772587,45943523456.1968,44324928909.795296,1.4,1.3333333333333333,1.9324248,2.0974046333333334,25.9341402984097,23.855731558973034,5179643440.0,4571307826.666667,11.325430234273258,11.672506756252686,1.437029,1.2958174,156.39,109.46666666666665,265.226884855637,253.631343025863,2.22567916428889,2.1165352018801666,91.3189743373686,90.27464922779889
LUX,Luxembourg,2006,0.07063695,47084243707.173,45701983564.10143,1.9,1.5333333333333332,1.8854201,1.9726017,26.0434089062211,25.04182667765457,4644769480.0,4705172866.666667,10.589870134989413,11.325430234273256,1.784682,1.3819207333333334,165.29,136.86999999999998,284.077476869478,264.760769261881,2.48769665164088,2.254405373854983,91.1582286370798,90.71373265039934
LUX,Luxembourg,2007,0.03478483,49917168649.961,47648311937.77694,2.1,1.8,1.7537989,1.8572145999999998,25.2671712117333,25.748240138788034,32219534640.0,14014649186.666666,9.85431003570557,10.589870134989413,1.91949,1.7137336666666665,204.56,175.41333333333333,305.879547488526,285.0613030712137,2.66631494577069,2.4598969205668197,90.3191259371886,90.93210963721235
LUX,Luxembourg,2008,0.03312922,53959794029.7992,50320402128.97773,3.6,2.533333333333333,1.7793235,1.8061808333333333,23.6288862545912,24.979822124181865,-29679425810.0,2394959436.6666665,10.262969970703136,10.235716713799372,1.216447,1.6402063333333334,220.51,196.78666666666666,307.485020085196,299.14734814773334,2.31245861786127,2.488823405090947,88.0292046521103,89.83551974212622
LUX,Luxembourg,2009,0.04321662,53797819880.8557,52558260853.538635,4.0,3.233333333333333,1.6975144,1.7435456,22.9460759234626,23.947377796595703,7117112830.0,3219073886.6666665,10.6716299057007,10.262969970703136,0.9383301,1.3580890333333333,323.29,249.4533333333333,292.21348078343,301.85934945238404,3.40187963025571,2.7935510646292236,86.9830678453625,88.44379947822047
LUX,Luxembourg,2010,0.0370685,52055333192.7004,53270982367.785095,3.7,3.766666666666667,1.7052538,1.7273639,21.3143076400761,22.629756606043298,27255154250.0,1564280423.3333333,14.436879634857199,11.790493170420342,1.45971,1.2048290333333334,395.45,313.0833333333333,263.532701541684,287.74373413677,0.368041997888887,2.0274600820019555,88.6265822246323,87.8796182407017
LUX,Luxembourg,2011,0.05688616,54012829512.59,53288660862.048706,3.7,3.8000000000000003,1.7207932,1.7078537999999999,22.1192102620953,22.126531275211335,39128528760.0,24500265280.0,18.2021293640137,14.436879634857199,1.045409,1.1478163666666668,452.89,390.5433333333333,293.671876906939,283.139353077351,2.2736791162154,2.0145335814533323,87.8903570268286,87.83333569894113
LUX,Luxembourg,2012,0.03305817,54576884709.7504,53548349138.34693,3.8,3.733333333333333,1.8390106,1.7550192000000002,21.3951272024339,21.609548368201768,8843156720.0,25075613243.333332,18.65995979309085,17.09965626398725,1.400432,1.3018503333333333,587.83,478.72333333333336,308.714453874162,288.6396774409283,3.41068341068342,2.0174681749292356,86.9376874777109,87.81820890972392
LUX,Luxembourg,2013,0.02135371,55477349891.7792,54689021371.3732,4.2,3.9,1.7520668,1.7706235333333333,20.4689365773544,21.327758013961198,2824125590.0,16931937023.333334,19.117790222168,18.65995979309085,1.074278,1.173373,593.83,544.85,311.786835204686,304.724388661929,2.66284165508021,2.7824013939930095,87.1976199141495,87.34188813956301
LUX,Luxembourg,2014,0.03525845,57236974872.2606,55763736491.2634,5.7,4.566666666666666,1.7748859,1.7886544333333332,18.9995583038869,20.287874027891732,23299023840.0,11655435383.333334,19.508763631184934,19.095504548814592,0.8065181,1.0937427,765.94,649.1999999999999,320.533506316768,313.678265131872,1.73403963519162,2.6025215669850836,84.4071017401002,86.18080304398687
LUX,Luxembourg,2015,0.03452657,58738350400.0169,57150891721.352234,6.8,5.566666666666666,1.5852947,1.7040824666666665,17.6515632218206,19.040019367687297,20060313790.0,15394487740.0,19.899737040201867,19.508763631184934,1.184115,1.0216370333333333,876.26,745.3433333333334,333.42885319668,321.916398239378,0.628543985440717,1.6751417585708488,83.1188430288718,84.90785489437384
LUX,Luxembourg,2016,0.03240416,60071584216.1375,58682303162.80499,9.1,7.199999999999999,1.6718385,1.6773397,16.3436352272807,17.66491891766273,45432153560.0,29597163730.0,20.2907104492188,19.899737040201867,1.009978,1.0002037,816.06,819.4200000000001,351.13197436149,335.0314446249793,0.474743161437779,0.9457755940233721,80.557939565617,82.69462811152967
LUX,Luxembourg,2017,0.02281878,63062061883.63,60623998833.26147,13.5,9.8,1.7201424,1.6590918666666667,15.5348496771555,16.5100160420856,17580970090.0,27691145813.333332,19.9203605651856,20.036936018202088,0.8738856,1.0226595333333333,874.4,855.5733333333334,348.437409376889,344.33274564501966,0.290833333333317,0.464706826737271,NaN,NaN
LUX,Luxembourg,2018,0.0331322,63892707251.4305,62342117783.732666,15.3,12.633333333333333,1.6392801,1.677087,15.408092082316,15.762192328917399,-27369776660.0,11881115663.333334,19.5990200042725,19.936697006225632,0.6961275,0.8599970333333333,831.12,840.5266666666666,353.793991980303,351.1211252395606,1.73079959118887,0.8321253619866553,NaN,NaN
LUX,Luxembourg,2019,0.04324565,64922207640.6436,63958992258.56803,16.0,14.933333333333332,1.7344219,1.6979481333333333,15.6999753269183,15.5476390287966,-83336482550.0,-31041763040.0,19.3915195465088,19.636966705322298,1.051182,0.8737317,911.61,872.3766666666667,361.865445198667,354.698948851953,1.5281952430738,1.183276055865329,NaN,NaN
LUX,Luxembourg,2020,0.04007964,66707126419.2733,65174013770.449135,16.4,15.9,1.7336486,1.7024502000000001,15.63174898105,15.579938796761434,163717596800.0,17670445863.333332,19.3969497680664,19.4624964396159,1.181346,0.9762185000000002,955.34,899.3566666666667,382.66078058442,366.1067392544633,1.74332075653848,1.6674385302670498,NaN,NaN
LUX,Luxembourg,2021,0.05029986,66366885630.9508,65998739896.955894,20.8,17.733333333333334,1.8008159,1.7562954666666666,12.6787105084079,14.670144938792065,-3358058080.0,25674352056.666668,19.961389541626,19.5832862854004,1.022127,1.0848849999999999,980.18,949.0433333333334,375.581396376432,373.36920738650633,0.819957302127036,1.3638244339131054,NaN,NaN
LUX,Luxembourg,2022,0.03378038,70965934440.7674,68013315496.99717,20.5,19.23333333333333,1.8555011,1.7966552,13.0933781621838,13.801279217213901,24809164820.0,61722901180.0,20.7341499328613,20.030829747517902,1.443784,1.2157523333333333,1075.91,1003.8100000000001,397.506180867971,385.2494526096077,2.52692009066166,1.6967327164423918,NaN,NaN
LUX,Luxembourg,2023,0.02601096,70187142285.2316,69173320785.64993,NaN,NaN,1.8671503,1.8411557666666667,11.1248914795982,12.298993383396635,-316383115840.0,-98310669700.0,21.032600402832,20.576046625773103,0.970465,1.1454586666666666,1170.6,1075.5633333333333,412.177169924175,395.08824905619264,6.33600807777919,3.227628490189295,NaN,NaN
LVA,Latvia,1999,0.006517205,13785282610.3782,12858027230.316566,35.4,33.43333333333333,0.4973015,0.5345687,3.49279404021296,3.6268967295517567,371400000.0,392368666.6666667,NaN,NaN,1.205561,1.4008790666666666,328.14,359.93666666666667,93.0486575859765,92.17887911207764,4.64421422660783,10.234022496880247,64.9875291414941,65.09822876168933
LVA,Latvia,2000,0.01327719,14173807644.0021,13632314385.697668,36.3,34.86666666666667,0.46943655,0.5004355833333333,3.29071710224131,3.4689029272557197,348100000.0,397951333.3333333,NaN,NaN,1.638595,1.1143954,332.08,357.3833333333334,82.1505568188769,88.70845666386136,2.36481836111805,5.15213866955183,63.3217018558646,64.4626441346925
LVA,Latvia,2001,0.01881417,15001703493.7099,14320264582.696732,35.8,35.833333333333336,0.4415716,0.46943655,3.05416992249372,3.27922702164933,324184857.470563,347894952.49018764,NaN,NaN,1.711663,1.5186063333333335,292.69,317.63666666666666,83.6121321100556,86.27044883830301,2.65425477796048,3.2210957885621205,63.3812478912029,63.89682629618719
LVA,Latvia,2003,0.01210771,17195147700.3185,16055917161.124567,34.4,35.199999999999996,0.8704037,0.65598765,3.31793333226559,3.2178358961088,160090702.160432,219258758.48534536,67.8093032836914,NaN,1.986036,2.0630919999999997,371.27,339.73,85.9772056778195,85.92205520209995,1.93887573855886,2.360056850691327,63.4049323866857,63.4832233219695
LVA,Latvia,2004,0.004350664,18644549495.6873,17270199161.7837,34.3,34.699999999999996,1.0905713,0.8723208833333334,3.45946489332177,3.35293421971815,316652176.39383,216747864.79310098,71.0342407226562,67.4451014200846,1.480495,1.9860359999999997,292.97,339.8233333333333,88.5815580418672,87.57853051270382,2.94264752948478,2.4561877678660937,63.6265543078679,63.5649921275245
LVA,Latvia,2006,0.005480453,22625890637.9303,20513917770.769733,36.3,35.56666666666667,0.9713104,0.9959013333333333,3.58674450006454,3.52083412424359,809856372.419322,572699506.5187653,75.4191970825195,73.6873321533203,0.5193614,0.8425815999999999,455.19,349.85999999999996,104.517156602918,96.77799340732001,6.74845027893124,5.29449442679677,63.1742753155234,63.26018679989971
LVA,Latvia,2007,0.01280082,25527665150.2661,22808289655.629333,34.0,35.46666666666667,1.0570369,0.9847232,3.84969596868313,3.650911149364043,1705667383.81543,1035704575.6592985,74.5965118408203,74.874755859375,0.5108344,0.5193614000000001,396.55,384.3866666666667,105.695342080455,102.48258808684928,6.53619908765872,6.4923449461880836,64.7870848503663,63.64703031406583
LVA,Latvia,2008,0.008015133,28186253353.8682,25446603047.35487,33.1,34.46666666666666,1.0284669,1.0189380666666665,4.05135604967448,3.8292655061407164,2713412662.12,1742978806.1182506,73.0432968139648,74.35300191243486,1.147941,0.7260456,501.77,451.17,100.880910871828,103.697803185067,10.0929775849169,7.792542317168954,65.130814718536,64.36405829480857
LVA,Latvia,2009,0.03401752,27231101091.0587,26981673198.397663,33.7,33.6,1.0165052,1.034003,3.89409559082212,3.931715869726576,1434273758.18366,1951117934.7063634,72.3635406494141,73.3344497680664,0.5979723,0.7522492333333334,651.28,516.5333333333333,95.7681628438571,100.7814719320467,15.4023191064986,10.677165259691407,65.0803458148898,64.9994151279307
LVA,Latvia,2010,0.007497001,22863227157.4637,26093527200.796864,38.4,35.06666666666666,0.9947486,1.0132402333333335,3.61956025884485,3.85500396644715,-150022148.439266,1332554757.2881315,73.0548934936523,72.82057698567706,1.752184,1.1660324333333334,713.04,622.03,88.8320494963692,95.1603744040181,3.53410672858934,9.67646780666828,61.1162662884407,63.77580894062216
LVA,Latvia,2011,0.01231556,22026145287.9415,24040157845.487965,33.1,35.06666666666667,0.9998903,1.0037147,4.23345275809216,3.915702869253044,474983591.197692,586411733.647362,69.0510406494141,71.48982493082684,0.6699052,1.0066871666666666,810.5,724.9399999999999,110.86235386272,98.48752206764875,-1.08463595015155,5.95059662831213,65.8282571377097,64.0082897470134
LVA,Latvia,2012,0.0130704,22694935010.9107,22528102485.438633,35.5,35.666666666666664,1.027476,1.0073716333333333,3.99736079222842,3.950124603055143,1519518896.45561,614826779.738012,67.9534683227539,70.01980082194011,0.9120657,1.1113849666666666,1270.69,931.41,129.734758014485,109.80972045785806,4.37073559939223,2.27340212594334,62.8915501843165,63.27869120348897
LVA,Latvia,2013,0.01615956,24352854611.1188,23024644969.990337,40.4,36.333333333333336,0.9299474,0.9857712333333334,3.94598880509891,4.0589341184731635,1080778947.54652,1025093811.733274,66.6435470581055,67.8826853434245,1.151639,0.9112033,1147.24,1076.1433333333334,133.211503650958,124.602871842721,2.25778924374585,1.8479629643288433,58.0287169811311,62.249508101052434
LVA,Latvia,2014,0.007051689,24863312429.9055,23970367350.645,39.6,38.5,0.9497473,0.9690569,3.86525804077913,3.936202546035487,989283879.359478,1196527241.120536,69.0765991210938,67.8912048339844,1.358741,1.1408152333333332,1192.04,1203.3233333333333,129.677184929099,130.8744821981807,-0.029454778257828,2.1996900216267505,58.9125654160649,59.94427752717083
LVA,Latvia,2015,0.003551305,25384188823.064,24866785288.029434,40.2,40.06666666666667,1.0179488,0.9658811666666667,3.79876034591545,3.870002397264497,1045107101.19759,1038389976.0345293,70.8979415893555,68.8726959228516,1.144956,1.2184453333333334,1163.27,1167.5166666666667,130.042252244959,130.97698027500533,0.620490636732421,0.9496083674068143,56.7125719593452,57.88461811884707
LVA,Latvia,2017,0.006089785,27016796481.3321,26248517060.42877,38.5,38.93333333333333,0.9858411,1.0032315333333335,3.81753444818853,3.827917157018177,335420977.516689,731123966.077396,80.6048126220703,75.26754506429036,0.59827975,0.7517747166666666,1347.95,1303.3066666666666,123.330518429659,126.58426169354134,0.140633334505327,0.3117887382876447,NaN,NaN
LVA,Latvia,2018,0.003099686,27935083541.205,27098815299.8091,42.6,39.73333333333333,0.9965005,0.9960821000000001,3.82654532273942,3.8371788159595,1189985285.15419,779416694.0629295,88.0574264526367,80.98737335205077,0.6844711,0.59827975,1557.08,1434.5766666666666,128.714003328884,126.14151205484967,2.93036312374665,1.0817462339590542,NaN,NaN
LVA,Latvia,2019,0.01116017,29139005429.8548,28030295150.797302,41.0,40.699999999999996,1.0176263,0.9999893000000001,4.20714476222697,3.9504081777183067,439128427.014647,654844896.5618421,93.0244827270508,87.22890726725261,0.3912187,0.5579898499999999,1448.69,1451.24,128.234095559822,126.75953910612166,2.53445424186598,1.8684835667059856,NaN,NaN
LVA,Latvia,2020,0.01890854,29335802338.5259,28803297103.195236,41.5,41.699999999999996,1.0030074,1.0057114,4.13194121501373,4.055210433326707,1115785160.98483,914966291.0512223,94.8645324707031,91.98214721679688,1.330083,0.8019242666666666,1603.35,1536.3733333333332,125.29163170793,127.41324353221201,2.81140920075624,2.7587421887896233,NaN,NaN
LVA,Latvia,2021,0.02031341,28318076614.1623,28930961460.847668,43.8,42.1,0.9806216,1.0004184333333335,3.82914774350693,4.056077906915877,939356413.88956,831423333.9630123,94.5108337402344,94.13328297932942,1.368287,1.0298629,1549.52,1533.8533333333332,123.88319804656,125.80297510477067,0.219064904841985,1.8549761158214018,NaN,NaN
LVA,Latvia,2022,0.01751908,30284070900.4111,29312649951.0331,44.0,43.1,1.1028018,1.0288102666666668,3.99598830452802,3.9856924210162266,3734085089.75473,1929742221.54304,93.4839324951172,94.28643290201823,2.006815,1.568395,1903.51,1685.4599999999998,136.796615414819,128.65714838976967,3.27582937431165,2.1021011599699584,NaN,NaN
LVA,Latvia,2023,0.004624171,30862052747.7596,29821400087.444336,NaN,NaN,0.9590621,1.0141618333333333,3.68567769315781,3.8369379137309196,1217386449.16126,1963609317.6018498,91.3303680419922,93.10837809244794,1.467135,1.6140790000000003,1690.44,1714.4899999999998,159.892778190649,140.19086388400933,17.3102830198815,6.935059099678379,NaN,NaN
MAR,Morocco,1999,0.01194821,53833649265.2898,51676449182.53821,17.6,18.500000000000004,-0.0229276,-0.19291234999999998,1.12986017344077,1.1094349424660799,308712164.430614,581815766.0836459,9.10352039337158,NaN,1.9798684999999998,NaN,678.9,597.2966666666666,45.6723595943991,47.97268589699593,2.75311330764477,2.25937382863036,86.3848440927358,86.42173068414895
MAR,Morocco,2000,0.01043208,54747239388.7725,52926930502.5135,15.9,17.433333333333334,-0.021533049999999998,-0.07912433333333332,1.17224427046332,1.1405393372761734,826974026.933263,738342507.7982422,9.54483032226562,10.067120234171533,2.723334,1.9798685,812.79,699.6866666666666,48.578876486646,48.4671302432185,0.684782608695643,1.4920316222855174,86.9494310784941,86.61626203374153
MAR,Morocco,2001,0.007167303,56160912155.7573,54913933603.2732,15.5,16.333333333333332,-0.0201385,-0.021533049999999998,1.18101840963276,1.16104095117895,426553283.860635,520746491.74150395,10.1461200714111,9.5981569290161,2.161768,2.2883235,870.34,787.3433333333334,53.4403058388785,49.230513973307865,1.89463456763464,1.7775101613250177,86.528576405942,86.62095052572397
MAR,Morocco,2002,0.003487662,60497559620.7789,57135237055.1029,15.3,15.566666666666668,-0.1295907,-0.05708741666666667,1.28395135764826,1.2124046792481133,2824557251.52006,1359361520.7713192,10.5071296691894,10.06602668762204,1.06956,1.9848873333333332,968.97,884.0333333333333,53.4915710187871,51.8369177814372,0.619801875297975,1.0664063505427526,87.5459073565303,87.00797161365547
MAR,Morocco,2003,0.009686168,62754238001.606,59804236592.71407,15.1,15.299999999999999,-0.2390429,-0.1295907,1.3109395796486,1.25863644897654,480355698.049861,1243822077.8101852,10.6168403625488,10.423363367716433,0.3479863,1.1931047666666668,950.81,930.04,54.31012791421,53.74733492395853,2.79561966936936,1.7700187041006583,87.7954267729889,87.28997017848707
MAR,Morocco,2004,0.01268943,66626866131.8459,63292887918.076935,16.1,15.5,-0.2386893,-0.20244096666666667,1.28858561553446,1.2944921842771067,2312829823.25089,1872580924.2736034,11.0415000915527,10.7218233744303,1.314372,0.9106394333333334,929.48,949.7533333333334,52.3318582669923,53.37785239999647,1.16773367477592,1.5277184064810851,87.1454986930997,87.49561094087296
MAR,Morocco,2005,0.00302054,69672633474.8662,66351245869.43937,22.4,17.866666666666667,-0.313861499999999,-0.26386456666666636,1.42987260916412,1.34313260144906,893325392.835824,1228836971.3788583,11.1358003616333,10.9313802719116,2.345659,1.3360057666666665,968.55,949.6133333333333,55.5516384744536,54.0645415518853,1.49344403381774,1.8189324593210063,82.2449583455651,85.7286279372179
MAR,Morocco,2006,0.008768725,71896757928.9618,69398752511.8913,20.0,19.5,-0.4958568,-0.3494691999999997,1.47108136782011,1.39651319750623,1670609688.92877,1625588301.671828,11.69873046875,11.292010307312,0.3264429,1.3288246333333333,922.82,940.2833333333333,61.4938276863235,56.4591081425898,0.982641660015951,1.2146064562032037,84.9515000050297,84.78065234789817
MAR,Morocco,2007,0.01235557,77498104932.5221,73022498778.78337,18.2,20.2,-0.1473941,-0.3190374666666663,1.47482491570521,1.4585929642298134,2460787164.18439,1674907415.316328,12.1653699874878,11.666633605957033,0.9789778,1.2170265666666666,978.47,956.6133333333333,64.6721977787154,60.5725546464975,3.28476166954811,1.9202824544606003,85.5182876023709,84.23824865098857
MAR,Morocco,2008,0.01709895,80164867241.3167,76519910034.26686,16.6,18.266666666666666,-0.0858921,-0.24304766666666666,1.47563680503993,1.4738476961884166,2825801376.44064,2319066076.5179334,11.6039199829102,11.822673479716,1.151922,0.8191142333333333,1024.79,975.36,71.3496467796657,65.83855741490153,2.04208512673344,2.1031628187658336,85.9858229562004,85.48520352120033
MAR,Morocco,2009,0.03028722,84721870674.8237,80794947616.22083,14.4,16.400000000000002,-0.0413585999999999,-0.09154826666666664,1.56522177671636,1.5052278324871669,2466288357.37233,2584292299.3324533,12.6373701095581,12.135553359985366,1.213414,1.1147712666666667,1207.63,1070.2966666666669,77.8344716425602,71.2854387336471,3.71484311494064,3.013896637074063,86.9760947141484,86.1600684242399
MAR,Morocco,2010,0.0137683,87895356582.8232,84260698166.32121,14.2,15.066666666666668,0.0292961,-0.032651533333333295,1.52837686302843,1.5230784815949068,1970323920.01346,2420804551.2754765,13.0986795425415,12.446656545003266,2.574648,1.6466613333333333,1456.62,1229.68,62.3709560152269,70.5183581458176,0.971862998667636,2.2429304134472385,86.9676032310838,86.64317363381087
MAR,Morocco,2011,0.01767185,90971304769.4422,87862844009.0297,13.9,14.166666666666666,0.0236412,0.0038595666666667006,1.60291293785669,1.5655038592004933,1240625859.11403,1892412712.166607,13.9896441158412,13.241897922646933,1.609698,1.7992533333333334,1594.9,1419.7166666666665,69.541979610144,69.9158024226437,0.993557401226392,1.8934211716115559,87.0974019344422,87.01369995989147
MAR,Morocco,2012,0.02503248,95997146621.9656,91621269324.74367,11.8,13.300000000000002,-0.0756699,-0.007577533333333333,1.70993845880488,1.6137427532300002,2521362080.65559,1910770619.9276934,15.8539977340994,14.314107130827367,1.360431,1.8482589999999999,1887.25,1646.256666666667,76.8258714906247,69.57960237199853,0.9069249096918,0.9574484365286092,88.6299627852293,87.56498931691844
MAR,Morocco,2013,0.04286132,98936909179.3524,95301786856.92006,10.9,12.200000000000001,-0.0055365,-0.019188399999999998,1.75533733964027,1.6893962454339466,2841954371.38454,2201314103.7180533,19.0472282489073,16.296956699615965,1.357015,1.4423813333333333,2118.55,1866.9000000000003,78.2221018956072,74.86331766545862,1.28712240079219,1.0625349039034606,89.0918277139589,88.27306414454347
MAR,Morocco,2014,0.02252623,103015299181.348,99316451660.88867,11.6,11.433333333333332,0.0197469,-0.0204865,1.73118097184317,1.7321522567627732,3360909924.3642,2908075458.8014436,22.4068908691406,19.102705617382433,2.16881,1.6287520000000002,2160.84,2055.5466666666666,73.8577565315318,76.30190997258791,1.88065466724086,1.3582339925749498,88.3182040415514,88.67999818024653
MAR,Morocco,2015,0.02624019,105816536606.04,102589581655.58014,11.1,11.200000000000001,0.0501017,0.021437366666666666,1.73842954113431,1.741649284205917,3525384612.43801,3242749636.06225,25.3112415031422,22.255120207063367,1.116323,1.5473826666666668,2484.83,2254.7400000000002,71.8935667539398,74.65780839369292,0.442310053557048,1.203362373863366,88.3645731918633,88.59153498245787
MAR,Morocco,2016,0.02486831,110413823841.592,106415219876.32666,11.2,11.299999999999999,0.0585252,0.04279126666666667,1.76683506518859,1.7454818593886898,3252913902.35666,3379736146.38629,28.5519130573154,25.423348476532734,2.156243,1.813792,2485.77,2377.146666666667,67.2886759253849,71.0133330702855,1.5579071134626,1.2936239447535025,72.8609624298786,83.1812465544311
MAR,Morocco,2017,0.03510582,110989284688.174,109073215045.26866,11.1,11.133333333333333,0.0139184,0.04084843333333333,1.74200393753249,1.7490895146184633,2153363904.93515,2977220806.5766068,32.0952579243239,28.652804161593835,1.779134,1.6839000000000002,3652.98,2874.5266666666666,71.1226603816864,70.10163435367036,1.63531114327064,1.2118427700967627,NaN,NaN
MAR,Morocco,2018,0.01515402,116603009678.139,112668706069.30165,10.4,10.9,0.0044748,0.025639466666666666,1.80163893690506,1.7701593132087134,2680109856.21237,2695462554.5013933,33.4735433090703,31.373571430236534,2.517693,2.1510233333333333,4017.29,3385.346666666667,74.1733578786573,70.8615647285762,0.754663249323619,1.3159605020189529,NaN,NaN
MAR,Morocco,2019,0.01987905,120177639735.159,115923311367.15733,10.9,10.799999999999999,-0.1157961,-0.032467633333333336,1.81912490485427,1.78758925976394,3544387229.27821,2792620330.14191,35.319186358341,33.62932919724506,1.501614,1.9328136666666664,4792.31,4154.193333333334,77.2548875243989,74.18363526158087,1.80391671141896,1.3979637013377395,NaN,NaN
MAR,Morocco,2020,0.03005973,123651944968.713,120144198127.33699,10.7,10.666666666666666,0.0271992,-0.028040700000000002,1.9847450344921,1.8685029587504767,1720825003.13095,2648440696.2071767,37.7212021382481,35.5046439352198,2.244514,2.0879403333333335,5511.7,4773.766666666666,75.9981158798422,75.80878709429946,0.303386036590383,0.9539886657776541,NaN,NaN
MAR,Morocco,2021,0.01747598,114775951852.213,119535178852.02832,11.1,10.899999999999999,0.0648279,-0.007923,1.84742826740981,1.8837660689187266,1418713118.61153,2227975117.006897,39.6858047574445,37.57539775134453,1.844878,1.8636686666666666,6360.45,5554.82,68.8438033904364,74.03226893155916,0.705968661338261,0.9377571364492013,NaN,NaN
MAR,Morocco,2022,0.02048385,124135631043.727,120854509288.21767,10.9,10.9,-0.0751135,0.005637866666666665,1.97891230504847,1.9370285356501267,2264148625.4107,1801228915.7177267,42.531967383806,39.9796580931662,0.768836,1.6194093333333335,7388.64,6420.263333333333,75.5234171756506,73.45511214864307,1.40195883962006,0.8037711791829013,NaN,NaN
MAR,Morocco,2023,0.02011614,126385828220.594,121765803705.51134,NaN,NaN,-0.0811815999999999,-0.030489066666666637,1.93751442575683,1.9212849994050367,2294356059.17333,1992405934.3985202,45.9400219155138,42.71926468558811,1.015946,1.2098866666666666,8445.14,7398.076666666667,100.906310201651,81.75784358924601,6.65704202759067,2.92165650951633,NaN,NaN
MDA,Moldova,2001,0.01254278,3939281163.91139,3929896381.1252866,5.7,4.9,-0.5728508,-0.48988235,2.3577376987747,2.63122195747741,127540000.0,80306666.66666667,NaN,NaN,3.0717423333333334,2.219022666666667,191.46,169.42,126.163100130478,120.164719925302,31.2993015817784,26.083682482041663,91.4662878991428,92.15041065544521
MDA,Moldova,2002,0.004359578,4179577330.63921,3992274894.87839,5.6,5.400000000000001,-0.5841647999999999,-0.5489659833333332,2.46105817585547,2.4535939473714037,103440000.0,89616666.66666667,NaN,NaN,3.924462,3.071742333333333,152.9,166.6,124.500739599353,122.73059164124,9.7646628575763,26.773315042843066,90.952316315751,91.52844140619037
MDA,Moldova,2003,0.002421542,4505584348.12398,4208147614.2248597,5.8,5.699999999999999,-0.5954788,-0.5841647999999999,2.51059203781018,2.443129304146783,84050000.0,105010000.0,NaN,NaN,3.73147,3.5758914444444443,154.36,166.24,129.839525501535,126.83445507712202,5.30124390261587,15.455069447323524,89.4672499324993,90.62861804913103
MDA,Moldova,2005,0.01879447,5158371415.97847,4822302892.433406,4.8,5.5,-0.5613404,-0.5934444999999999,2.72501288836449,2.6488947418743565,151010000.0,102936666.66666667,NaN,NaN,1.7396313499999998,2.0488143500000002,133.25,149.18333333333334,132.69906968032,134.19837503563568,12.5242768428228,9.857199983754024,89.2781419280911,88.84498137260319
MDA,Moldova,2006,0.001826818,5545249279.88205,5168857869.686096,4.3,5.0,-0.588108,-0.5909875666666666,2.88374636766892,2.7732795184939367,190700000.0,138486666.66666666,NaN,NaN,2.803921,1.7396313499999998,206.59,166.59333333333333,143.023568469138,138.59305602483667,11.9591837222127,12.076513256952966,88.753252100702,88.60698209533744
MDA,Moldova,2007,0.00640041,5811421236.26146,5505013977.373993,5.0,4.7,-0.4967545,-0.5487342999999999,2.81572124915002,2.8081601683944766,258680000.0,200130000.0,NaN,NaN,0.4127696,1.6521073166666664,147.08,162.30666666666667,137.154763819994,137.62580065648402,12.7777557830351,12.420405449356869,87.9941128939812,88.6751689742581
MDA,Moldova,2008,0.00748079,5985763886.4747,5780811467.539403,4.4,4.566666666666666,-0.3737606,-0.4862077,2.79219385317951,2.8305538233328167,536020000.0,328466666.6666667,NaN,NaN,1.849155,1.6886151999999999,143.57,165.74666666666667,142.720539023021,140.96629043738434,12.3671668414302,12.368035448892668,89.1464591387097,88.63127471113097
MDA,Moldova,2009,0.0023956,6452653478.32394,6083279533.6867,4.9,4.766666666666667,-0.2929637,-0.3878262666666667,2.76331874319628,2.7904112818419367,726610000.0,507103333.3333333,NaN,NaN,2.366789,1.5429045333333333,163.87,151.50666666666666,134.4216013477,138.09896806357168,12.783047261882,12.642656628782433,88.892670932427,88.6777476550393
MDA,Moldova,2011,0.003518731,6496144351.04957,6338097360.664483,20.0,9.9,-0.201061599999999,-0.24710403333333297,2.97129565385693,2.8199057359696034,297050000.0,429206666.6666667,38.1453631147397,NaN,1.390345,1.8396583333333332,173.69,172.99333333333334,87.9378518951573,110.90759336445076,7.48385086350851,6.734726509559874,84.9973480310305,88.7726277386693
MDA,Moldova,2012,0.0007643507,6874100822.53274,6478579808.734082,20.4,15.066666666666665,-0.1975832,-0.21531053333333303,2.98346662826114,2.893288364324557,372880000.0,311296666.6666667,39.4480430115419,NaN,1.018849,1.390345,188.17,181.09333333333333,98.6175965326556,98.9729250927693,7.6872510335619,5.036127766786507,83.1697575508078,86.86498994479625
MDA,Moldova,2013,0.005771273,6833561915.89765,6734602363.159986,22.1,20.833333333333332,-0.286980199999999,-0.22854166666666598,2.92022861745732,2.9583302998584635,251200000.0,307043333.3333333,40.1086414991241,39.234015875135235,0.3622324,0.9238087999999999,203.1,188.32000000000002,96.3064098336294,94.28728608714744,4.54633427355302,6.572478723541143,82.1328180961487,83.43330789266233
MDA,Moldova,2014,0.002350563,7451580071.77113,7053080936.73384,23.8,22.100000000000005,-0.2287158,-0.237759733333333,2.62071970563283,2.84147165045043,241880000.0,288653333.3333333,41.2771708905345,40.27795180040017,2.865371,1.4154841333333332,212.96,201.41,95.6872968332383,96.87043439984109,4.59787897363127,5.610488093582063,78.2268615469202,81.17647906462555
MDA,Moldova,2015,0.002367536,7824131195.57662,7369757727.7484665,24.3,23.400000000000002,-0.1363385,-0.217344833333333,2.81365308811102,2.784867137067057,345900000.0,279660000.0,52.151516238366,44.5124428760082,1.302951,1.5101848,206.09,207.38333333333333,94.2282919690928,95.4073328786535,5.08878554625869,4.74433293114766,80.2245742858812,80.19475130965003
MDA,Moldova,2016,0.006405474,7797667196.73087,7691126154.692874,24.7,24.266666666666666,-0.199269199999999,-0.188107833333333,2.92639787755758,2.786923557100477,225870000.0,271216666.6666667,52.1000519119307,48.509579680277064,0.6558325,1.6080515000000002,190.6,203.21666666666667,88.9664154565323,92.9606680862878,9.67624033101859,6.454301616969517,81.5491493364742,80.0001950564252
MDA,Moldova,2018,0.0006888191,8500675703.95748,8152763611.775543,26.1,25.36666666666667,-0.122281199999999,-0.18438133333333231,3.01460262798668,2.98197948609601,149520000.0,154276666.66666666,51.9490291393525,52.29755447657353,0.74277925,0.9009759166666665,239.49,240.72,88.6233902754378,88.86482981694571,6.57022997455611,7.53525976198467,NaN,NaN
MDA,Moldova,2019,0.003686842,8847128857.51461,8502584165.370124,25.3,25.566666666666666,-0.1859583,-0.17994436666666602,3.27363703423792,3.0977258716561233,309640000.0,182200000.0,52.8423092059456,52.5449735745785,0.1812425,0.74277925,211.47,247.67666666666665,87.4467874275648,88.35828714062323,3.04505397337071,5.324864309435377,NaN,NaN
MDA,Moldova,2020,0.003296874,9161406662.06896,8836403741.180351,22.0,24.46666666666667,-0.113272799999999,-0.14050409999999933,3.41941968843461,3.2358864502197364,521370000.0,326843333.3333333,54.7812048030675,53.19084771612186,1.278093,0.7340382499999999,274.4,241.78666666666666,87.6322371148906,87.90080493929774,4.83778351428728,4.817689154071367,NaN,NaN
MDA,Moldova,2021,0.001128523,8403210632.93021,8803915384.171259,22.3,23.2,-0.1518578,-0.15036296666666635,3.35786090249817,3.3503058750569004,155720000.0,328910000.0,56.2498196612517,54.62444455675493,0.8639728,0.7744361000000001,298.55,261.47333333333336,79.265722119158,84.7815822205378,3.76597122245351,3.882936236703833,NaN,NaN
MEX,Mexico,1999,0.1034063,875650385843.31,823187550027.9344,12.2,12.666666666666666,0.2688993,0.21913190000000002,4.01785211222843,3.85092498558407,12756764558.0,11590721519.333334,NaN,NaN,1.625985,1.0679104666666668,4656.51,4317.48,48.0318841400179,47.430527748499365,15.9283950119353,23.644135653792265,86.4875815070503,86.05066003949845
MEX,Mexico,2000,0.03983157,899774820109.764,866690207306.4681,12.8,12.566666666666668,0.26725014999999996,0.25176044999999997,3.84179255370092,3.8987689166827697,13941043232.0,13175869263.333334,NaN,NaN,1.52289,1.3341924666666667,4873.62,4626.9800000000005,48.0122495761105,47.51200309590064,16.5856169707538,17.71321356953793,86.4042842362702,86.31020003468207
MEX,Mexico,2001,0.09514594,945027051117.631,906817419023.5684,12.2,12.4,0.265601,0.26725014999999996,4.02272121123337,3.9607886257209066,18382284821.0,15026697537.0,20.5259704589844,NaN,0.5545401,1.2344717,5026.99,4852.373333333334,49.9104091872497,48.651514301126035,9.49156149435403,14.001857825681043,86.0908383850131,86.32756804277786
MEX,Mexico,2002,0.0930334,940766441516.06,928522770914.485,11.3,12.1,0.40430285,0.31238466666666664,3.94395058441036,3.9361547831148833,30060020323.0,20794449458.666668,21.3776397705078,NaN,1.211347,1.0962590333333333,5434.53,5111.713333333333,44.7401090123173,47.554255925225824,6.36773806235037,10.8149721758194,87.6162816142776,86.70380141185363
MEX,Mexico,2003,0.07522924,938540700989.319,941444731207.6699,10.7,11.4,0.5430047,0.40430284999999994,3.94830756150866,3.9716597857174634,20160111120.0,22867472088.0,22.3153591156006,21.406323115030933,1.240677,1.0021880333333333,5962.27,5474.596666666667,45.209829259652,46.62011581973966,5.03072733151295,6.96334229607245,87.3977597247212,87.03495990800396
MEX,Mexico,2004,0.1015155,949667522095.5,942991554866.9596,10.2,10.733333333333334,0.5160342,0.48778058333333335,4.08541432161845,3.992557489179157,18157929031.0,22792686824.666668,23.0477905273438,22.24692980448407,1.0858,1.1792746666666667,6705.18,6033.993333333333,48.700416880838,46.21678505093576,4.54690012118718,5.315121838350167,86.7869443947079,87.26699524456892
MEX,Mexico,2005,0.09410659,983527357381.896,957245193488.9049,10.2,10.366666666666665,0.3851401,0.481393,4.12339368005276,4.05237185439329,25142732841.0,21153590997.333332,23.7031497955322,23.022099812825534,1.246168,1.1908816666666666,7301.35,6656.266666666667,52.0406200335632,48.6502887246844,4.68840884843143,4.75534543371052,86.0209350511092,86.73521305684609
MEX,Mexico,2006,0.09438558,1004311720993.85,979168866823.7487,10.3,10.233333333333333,0.3326887,0.41128766666666666,4.22758379844974,4.145463933373651,25161667683.0,22820776518.333332,24.130989074707,23.627309799194336,1.078207,1.136725,8304.1,7436.876666666667,52.5626446517886,51.10122718872993,3.98805714597437,4.407788705197659,87.0676089708095,86.62516280554222
MEX,Mexico,2007,0.09993385,1052569035045.56,1013469371140.4354,9.8,10.1,0.3855941,0.36780763333333333,4.32571227914951,4.22556325255067,22128838519.0,24144413014.333332,24.5689697265625,24.134369532267232,1.114203,1.1461926666666666,9437.14,8347.529999999999,54.4821160886169,53.02846025798957,3.62946762439132,4.101977872932373,88.0590606902929,87.0492015707372
MEX,Mexico,2008,0.1208415,1074439987409.3,1043773581149.57,9.5,9.866666666666667,0.359664,0.3593156,4.32899168517287,4.29409592092404,31020143997.0,26103550066.333332,25.1474304199219,24.6157964070638,1.150192,1.1142006666666668,9586.6,9109.279999999999,55.2585243944498,54.10109504495176,3.96684905458235,3.8614579416493466,87.5819597899737,87.5695431503587
MEX,Mexico,2009,0.06851415,1084575522159.75,1070528181538.2035,9.8,9.700000000000001,0.3449351,0.36339773333333336,4.27910076303278,4.31126824245172,29771543941.0,27640175485.666668,25.7789402008057,25.165113449096697,1.233362,1.165919,10353.88,9792.539999999999,56.3652818862573,55.368640789774666,5.12498274575896,4.240433141577544,86.9967690140248,87.54592983143046
MEX,Mexico,2010,0.1220583,1016298775551.17,1058438095040.0732,9.2,9.5,0.3417056,0.3487682333333333,4.12122098054155,4.243104476249067,19652900330.0,26814862756.0,26.2105903625488,25.7123203277588,0.6507941,1.0114493666666668,10632.1,10190.86,54.5917421313503,55.40518280401914,5.29735584228856,4.796395880876624,89.9829429574913,88.1872239204966
MEX,Mexico,2011,0.1246022,1066822388048.98,1055898895253.2999,9.4,9.466666666666667,0.1160396,0.2675601,4.19755809286418,4.199293278812837,30534439564.0,26652961278.333332,27.1670207977295,26.38551712036133,1.138685,1.0076137,11244.42,10743.466666666667,59.2733845293851,56.74346951566423,4.15672722680174,4.859688604949754,87.9924242877659,88.32404541976068
MEX,Mexico,2012,0.1100337,1103564231781.62,1062228465127.2567,9.1,9.233333333333333,0.1727169,0.21015403333333335,4.22179978144365,4.180192951616461,23894805893.0,24694048595.666668,28.0361595153809,27.137923558553066,1.187026,0.9921683666666667,11751.8,11209.44,62.1623872764498,58.675837979061725,3.40737824605742,4.287153771715906,88.2900712146278,88.755146153295
MEX,Mexico,2013,0.08618435,1142776194808.08,1104387604879.56,9.0,9.166666666666666,0.2864858,0.19174743333333333,4.33350424276325,4.250954039023694,18231597858.0,24220281105.0,29.3496494293213,28.184276580810565,1.065009,1.13024,12602.76,11866.326666666666,64.2579318900113,61.89790123194873,4.11150981070289,3.8918717611873497,90.4460324837664,88.90950932872003
MEX,Mexico,2014,0.1347656,1152513808584.62,1132951411724.7734,9.2,9.1,0.2862275,0.2484767333333333,4.17443117084187,4.243245065016256,50929783746.0,31018729165.666668,30.3301601409912,29.2386563618978,0.7749206,1.0089852,13186.8,12513.786666666667,62.6916747735807,63.037331313347266,3.80639069747204,3.7750929180774495,90.0283119349979,89.58813854446403
MEX,Mexico,2015,0.09284125,1181370028689.69,1158886677360.7966,9.8,9.333333333333334,0.2083406,0.2603513,4.01481960973153,4.17425167444555,28438489737.0,32533290447.0,31.2052898406982,30.295033137003568,1.183039,1.0076562,14167.62,13319.06,64.0984090351215,63.682671899571176,4.01861608078679,3.97883886298724,89.516999817291,89.99711474535177
MEX,Mexico,2016,0.121704,1213294467716.88,1182392768330.3967,9.2,9.4,0.1825598,0.2257093,4.05069677949307,4.079982520022157,36251271532.0,38539848338.333336,31.9718608856201,31.1691036224365,0.7681685,0.9087093666666667,14570.29,13974.903333333335,70.412974676264,65.73435282832207,2.72064064964023,3.515215809299687,90.902229466453,90.1491804062473
MEX,Mexico,2017,0.1253779,1234800030119.7,1209821508842.09,9.2,9.4,0.1610393,0.18397989999999997,4.06104469144067,4.042187026888423,38902371602.0,34530710957.0,38.589771270752,33.922307332356766,0.967382,0.9728631666666666,15194.65,14644.186666666668,75.6903034088551,70.06722904008019,2.8217078474766,3.1869881926345403,NaN,NaN
MEX,Mexico,2018,0.1087498,1257912134612.3,1235335544149.6267,10.1,9.499999999999998,0.1640815,0.16922686666666667,4.05743329599921,4.05639158897765,33138670924.0,36097438019.333336,40.3390693664551,36.96690050760907,1.071366,0.9356388333333333,16177.94,15314.293333333335,76.9521260407254,74.35180137528151,6.04145724018986,3.86126857910223,NaN,NaN
MEX,Mexico,2019,0.08576889,1282719194577.95,1258477119769.9834,10.3,9.866666666666665,-0.0031766999999999,0.10731470000000003,3.83831705872518,3.985598348721686,37867130066.0,36636057530.666664,41.6382789611816,40.18903986612957,1.114878,1.0512086666666667,17182.13,16184.906666666668,80.2126616568975,77.61836370215933,4.89935015356551,4.587505080410657,NaN,NaN
MEX,Mexico,2020,0.08798128,1277682078094.17,1272771135761.4734,10.3,10.233333333333334,-0.0417639999999999,0.039713600000000064,3.92542377851696,3.9403913777471167,29948988013.0,33651596334.333332,43.0441398620605,41.673829396565736,0.9751493,1.0537977666666667,18991.67,17450.58,77.4619722571128,78.2089199849119,3.63596142127046,4.858922938341943,NaN,NaN
MEX,Mexico,2021,0.08141485,1170944075446.26,1243781782706.1267,12.3,10.966666666666669,-0.1196879,-0.05487619999999993,3.46247141559905,3.742070750947063,31546860667.0,33120992915.333332,45.1654510498047,43.282623291015604,1.121996,1.0706744333333333,20363.28,18845.693333333333,76.8545557056016,78.17639653987064,3.39683415570006,3.9773819101786763,NaN,NaN
MEX,Mexico,2022,0.08678684,1241768434200.36,1230131529246.93,13.0,11.866666666666667,-0.191282199999999,-0.11757803333333296,3.54662489893704,3.6448400310176834,35617195058.0,32371014579.333332,45.6506195068359,44.62007013956703,0.9232178,1.0067877,21753.88,20369.61,83.0692976357895,79.12860853283463,5.68920847683753,4.240668017936017,NaN,NaN
MEX,Mexico,2023,0.0551047,1287835026749.81,1233515845465.4766,NaN,NaN,-0.156337,-0.155769033333333,3.52183828963573,3.5103115347239395,39206366288.0,35456807337.666664,46.4061317443848,45.7407341003418,0.9222376,0.9891504666666666,21027.1,21048.086666666666,88.7984855867186,82.90744630936989,7.8962761916855,5.660772941407696,NaN,NaN
MKD,North Macedonia,2002,0.01569448,6449202687.04079,6488752401.355587,15.2,17.433333333333334,-0.4170604999999995,-0.4936032499999993,4.53166326106379,4.545067676474186,469570706.3984,259467845.99224004,24.3628692626953,22.710959752400736,6.7035426000000005,7.0986322,141.39,119.64666666666665,71.4782105684389,74.7544455387518,5.19888525744048,3.50900719736652,89.8050359399317,88.60647814753706
MKD,North Macedonia,2004,0.0008701327,6691013307.97393,6561916065.271007,17.3,15.699999999999998,-0.2719824,-0.33407159999999986,4.66800973933679,4.500456121227249,119041753.232,234268643.68326667,27.8220596313477,26.330739339192732,3.2937762,5.435257266666667,132.74,133.76333333333332,71.0693204909674,71.36033857717354,0.855562122724219,2.78968177366562,86.2174384081906,88.1429035296906
MKD,North Macedonia,2005,0.007047926,7003757263.7722,6746767590.848144,18.2,16.7,-0.1255677,-0.23690733333333336,4.56366624904647,4.511123783888142,309137638.54,180790954.39713335,28.2504692077637,27.626605987548867,0.2790994,3.2937762,137.14,132.34666666666666,80.8704849956907,74.4910967195908,-0.448650206551934,0.9071699523348151,85.0137737692074,86.54581613944917
MKD,North Macedonia,2007,0.000834836,7711402289.66945,7349926839.542114,19.8,19.0,0.0721402999999999,-0.07990516666666637,4.83751837122741,4.739964254357774,427444589.2688,293970609.7802667,29.2525997161865,29.0979061126709,0.8791251,0.8586231666666665,196.89,169.59666666666666,92.5516664675666,86.42105164732497,3.21362929606345,1.0968316800752542,82.9670516765207,83.09675858802596
MKD,North Macedonia,2008,0.003206053,8210598903.42197,7752207386.092036,15.7,18.166666666666668,0.1270314,0.004294533333333628,5.2251891516254,4.9604718885507495,733466879.0,435413689.9336,35.2432899475098,31.428846359252933,0.3406052,0.8791251,259.48,210.37666666666667,106.092966003288,94.82854531652407,2.2517579830545,1.9969677432773991,83.7025618073884,82.6596879340863
MKD,North Macedonia,2009,0.0009582399,8659882989.55735,8193961394.216256,15.6,17.03333333333333,0.1611044,0.12009203333333329,5.14447680006979,5.0690614409742,611688378.605769,590866615.6248564,39.6388511657715,34.711580276489265,1.635053,0.9515944333333334,294.38,250.25,111.570054713298,103.40489572805086,8.33189666968108,4.599094649599677,83.3184821495113,83.32936521114013
MKD,North Macedonia,2011,0.0007819403,8918648175.61246,8735786175.90985,22.3,18.76666666666667,-0.1118569,0.08186996666666667,4.71412907992507,4.838425059182714,301441681.708,390886793.9332563,38.147590637207,39.208053588867166,0.6229152499999999,0.9687752166666667,355.48,324.7333333333333,97.8810691156562,98.87595919834503,1.50997522027613,3.0340793089653393,81.3500108939044,83.011920032453
MKD,North Macedonia,2012,0.0007643507,9127334379.6944,8891603305.955534,18.6,19.76666666666667,-0.0874218,-0.0009720999999999943,5.28745255234082,4.886083643273056,507920732.789,356297578.661,38.971849441528306,38.985719680786104,0.5974731,0.62291525,462.76,380.85999999999996,113.19191013947,99.41657767373572,3.9047542206974,1.5583651593041126,81.6682681970045,82.46184871495073
MKD,North Macedonia,2015,0.001183768,9690853712.45803,9376009261.214546,21.2,20.233333333333334,0.2802096,0.21166753333333332,4.35528122501704,4.6384992109911805,60879915.45137,267083157.816609,39.3214912414551,39.355833689371735,1.1993926666666666,1.3603843333333334,493.09,479.27,112.537928969299,109.86999787591965,-0.281705032928494,1.9397837337363553,77.3329688873115,79.23985780409022
MKD,North Macedonia,2018,0.004132914,10463154366.0785,10292950823.832533,19.0,21.433333333333334,0.3426424,0.29574873333333335,4.20312884317705,4.116289002091114,380738977.544776,408904759.82571965,43.5097694396973,42.79547500610355,1.361321,1.1998609999999998,467.11,462.97333333333336,124.13728389629,118.00704539780634,1.35161889677442,0.2708025444861524,NaN,NaN
MKD,North Macedonia,2022,0.0005390487,11141955229.994,10996172919.697966,19.5,18.833333333333332,0.2238642,0.2400087333333333,4.15543074626833,4.288157389861083,696255528.136466,417816712.57262063,44.3020210266113,43.7610969543457,0.7479318500000001,1.0062149,440.8,450.88000000000005,146.721411484074,137.84629588228998,3.23074912132928,1.7324207278912584,NaN,NaN
MKD,North Macedonia,2023,0.002312085,11449348867.2054,11084124230.868301,NaN,NaN,0.2225911,0.2499351,4.47897922817561,4.23946812091663,854152514.519015,519367274.1196959,53.1601181030273,47.081436157226534,0.4896488,0.74793185,532.17,472.35999999999996,166.147357379878,147.03667106206967,14.2047173195833,6.2118466432657575,NaN,NaN
MLT,Malta,2000,0.005690224,5599089764.8863,5343950357.93625,0.0,0.0,0.9113500000000001,0.8197066833333334,6.23797016342517,6.29890688753176,667032818.087456,375770513.774288,NaN,NaN,2.6908123333333336,3.416381666666666,57.01,53.75666666666666,165.170976831894,159.29222654516434,2.13476888806386,2.5440327205910633,NaN,NaN
MLT,Malta,2001,0.005375477,6701061697.46334,5882292354.87022,0.0,0.0,0.9427853,0.9113500000000001,5.47313804356464,5.966234476071503,743185324.698102,577834302.9606926,NaN,NaN,1.965243,2.6908123333333336,45.34,52.01,189.601219315487,170.606234985814,2.36959287531806,2.2965377058528436,NaN,NaN
MLT,Malta,2004,0.01160177,7084965036.70896,6855967142.726897,0.1,0.06666666666666667,1.2282799,1.1224924166666668,6.55699454566438,6.258179915502524,911474591.335864,276855749.9056023,30.0867691040039,26.445802688598633,2.9202656666666664,2.257289333333333,82.7,64.88333333333334,154.574161735034,159.47453273468867,1.30383777442602,2.140606899424183,99.9646947118706,NaN
MLT,Malta,2005,0.006041079,7113825958.52369,7010468778.255826,0.1,0.10000000000000002,1.1172908,1.1524801666666666,6.49665560174248,6.307767186504116,7469040204.51317,2627572762.647415,26.6235694885254,26.988676071167003,3.583242,2.920265666666667,60.88,66.68333333333334,155.889918335599,157.66271874162368,2.79082848067754,2.094385578569683,99.9516347360218,99.96211877115503
MLT,Malta,2006,0.001217878,7318792018.88191,7172527671.371521,0.1,0.10000000000000002,1.1386504,1.1614070333333333,6.52471064843475,6.526120265280537,21801420447.3893,10060645081.079447,32.2053604125977,29.638566335042338,1.380679,2.6280622222222223,81.15,74.91000000000001,157.548497842721,156.00419263778466,3.00796652450313,2.3675442598688967,98.99531548355264,99.63721497714835
MLT,Malta,2007,0.01113115,7489772865.91576,7307463614.440454,0.2,0.13333333333333333,1.293102,1.1830144,6.56142982620624,6.527598692127824,25035392674.1693,18101951108.69059,31.2252807617188,30.018070220947298,0.3426847,1.7688685666666666,92.55,78.19333333333333,182.434055594702,165.29082392434066,2.77378006481472,2.8575250233317964,98.0389962310835,98.99531548355264
MLT,Malta,2008,0.005343422,7866987912.46552,7558517599.08773,0.2,0.16666666666666666,1.320609,1.2507871333333334,6.69594122795803,6.594027234199674,35591477412.0333,27476096844.530636,34.6690711975098,32.6999041239421,1.88447,1.2026112333333334,107.77,93.82333333333334,184.831334251527,174.93796256298333,1.24921923797629,2.3436552757647138,96.40916314601635,97.8144916202175
MLT,Malta,2009,0.0007186799,8213969014.31483,7856909930.898704,0.2,0.20000000000000004,1.3577334,1.3238148,6.675232486278,6.644201180147423,14837770104.3279,25154880063.510166,33.3216094970703,33.07198715209964,0.9411385,1.0560977333333332,179.3,126.54,185.749523785473,184.33830454390068,4.25862171897073,2.7605403405872466,94.7793300609492,96.40916314601635
MLT,Malta,2010,0.002499,8099363633.43337,8060106853.4045725,0.3,0.2333333333333333,1.3200741,1.3328055,6.10579498978125,6.492322901339094,1444871046.00599,17291372854.122395,35.7878684997559,34.592849731445334,0.2272281,1.0176122,168.7,151.92333333333332,163.556848449111,178.045902162037,2.08432746082343,2.5307228059234834,96.4938566118259,95.89411660626382
MLT,Malta,2011,0.0004691642,8601309578.86681,8304880742.205003,1.2,0.5666666666666667,1.3373913,1.3383996,6.25971030715933,6.346912594406194,9244998119.92181,8509213090.085233,36.8344192504883,35.3146324157715,0.9541496,0.7075054000000001,194.46,180.82000000000002,178.232955302139,175.846442512241,1.51563513618532,2.619528105326493,99.16131000769,96.81149889348838
MLT,Malta,2012,0.004586104,8686651936.95873,8462441716.419636,2.0,1.1666666666666667,1.2161781,1.2912145,6.20225431693044,6.189253204623673,7806911229.55313,6165593465.16031,39.4486618041992,37.35698318481447,0.1364621,0.4392799333333333,197.48,186.88,192.027341380783,177.9390483773443,2.9629852819288,2.1876492929791835,98.7958101788154,98.15032559944376
MLT,Malta,2013,0.004617018,9042950074.18784,8776970530.00446,2.7,1.9666666666666668,1.2325928,1.2620540666666666,6.48623425104993,6.316066291713233,3323599814.67225,6791836388.049064,42.5473289489746,39.61013666788737,1.267813,0.7861415666666667,248.87,213.60333333333335,199.213865142839,189.824720608587,2.37582057760386,2.2848136652393265,98.4548454744568,98.80398855365407
MLT,Malta,2014,0.01410338,9611962674.48564,9113854895.210737,3.2,2.6333333333333333,1.2084197,1.2190635333333335,5.60886043172242,6.099116333234264,510057778.082709,3880189607.4360294,44.4813919067383,42.15912755330404,0.7827355,0.7290035333333335,292.87,246.40666666666667,187.432252850045,192.89115312455567,1.1802843636655,2.1730300743993864,97.9992576524298,98.41663776856733
MLT,Malta,2015,0.009470145,10345486496.085,9666799748.252827,4.5,3.466666666666667,0.8732281,1.1047468666666667,5.4659835148484,5.8536927325402495,155878728.130936,1329845440.2952983,45.4103507995605,44.14635721842447,1.676188,1.2422455000000001,289.77,277.17,181.301127112959,189.31574836861432,0.310306472181665,1.288803804483675,97.3823335627365,97.94547889654103
MLT,Malta,2016,0.02486831,11340795042.0881,10432748070.886246,6.0,4.566666666666666,0.9916351,1.0244276333333333,3.76435099725361,4.946398314608143,3640705146.70853,1435547217.6407251,48.0389709472656,45.976904551188134,1.471388,1.3101038333333335,330.89,304.51,207.196019855244,191.97646660608265,1.10054826378929,0.8637130332121518,82.3987161613524,92.59343579217291
MLT,Malta,2017,0.003224004,11803273067.5598,11163184868.577633,9.2,6.566666666666666,1.0656325,0.9768319,3.00436738869759,4.0782339669332,2776034107.55999,2190872660.7998185,49.2171897888184,47.55550384521484,3.67647,2.274682,359.9,326.8533333333333,213.359473242677,200.61887340362668,0.642702771527304,0.6845191691660863,NaN,NaN
MLT,Malta,2018,0.004821734,13334316042.9201,12159461384.189331,7.3,7.5,1.2566571,1.1046415666666667,3.33585952653145,3.3681926374942166,42459309426.166,16292016226.811506,54.0890197753906,50.44839350382487,0.4772756,1.8750445333333337,422.04,370.9433333333333,213.047591025756,211.20102804122567,1.36435448150708,1.0358685056078913,NaN,NaN
MLT,Malta,2019,0.006277595,14292948664.8282,13143512591.769365,7.6,8.033333333333333,1.2462056,1.1894984,3.23907890630974,3.1931019405129266,73050789630.2723,39428711054.6661,57.8407592773438,53.7156562805176,0.9721191,1.7086215666666666,445.9,409.28000000000003,228.098550737111,218.16853833518132,1.15782362451517,1.054960292516518,NaN,NaN
MLT,Malta,2020,0.002909006,14876823596.3021,14168029434.683466,7.4,7.433333333333334,0.8271849,1.1100158666666666,3.32002413119751,3.2983208546795666,32381439863.0004,49297179639.8129,58.4985084533691,56.809429168701165,0.6108781,0.6867576,426.22,431.3866666666667,233.070441910537,224.738861224468,1.6420600176894,1.38807937457055,NaN,NaN
MLT,Malta,2021,0.007416006,14362489738.4331,14510753999.854467,9.2,8.066666666666668,1.0901554,1.0545153,3.14341694310268,3.2341733268699766,31484121888.7381,45638783794.00359,61.4767112731934,59.2719930013021,0.2731679,0.6187217,506.7,459.60666666666674,242.361190735857,234.510061127835,0.638544956776712,1.146142866327094,NaN,NaN
MLT,Malta,2022,0.003234292,16288744391.3981,15176019242.044434,8.6,8.399999999999999,0.7210401,0.8794601333333333,3.14078934671427,3.201410140338153,85551145633.2069,49805569128.31513,70.2313537597656,63.402191162109354,0.828786,0.570944,528.43,487.1166666666666,220.165634087757,231.8657555780503,1.49789217934724,1.2594990512711173,NaN,NaN
MLT,Malta,2023,0.003468128,16693210193.3434,15781481441.058199,NaN,NaN,0.5640572,0.7917508999999999,3.3821427831742,3.222116357663717,21777714703.2213,46270994075.05543,74.5901336669922,68.76606623331708,0.3665502,0.4895013666666667,593.57,542.9,245.160375092004,235.89573330520602,6.15375621933037,2.7633977851514406,NaN,NaN
MMR,Myanmar,2008,0.00480908,31364521323.9023,28046082884.946335,80.5,80.46666666666667,-2.1230815,-2.186931366666663,0.226987849132935,0.22759256577755368,709922015.309805,406879682.449598,11.0508098602295,11.156473159790048,NaN,NaN,37.23,39.13,NaN,NaN,35.0245970717698,21.463234183219413,30.3297907249508,28.9946770449331
MMR,Myanmar,2010,0.0037485,38229352561.5845,34724974218.73397,85.8,83.96666666666665,-2.1529061,-2.1332408,0.160062197522633,0.18660546086628468,1078972200.98264,884258221.2017576,12.687705039978049,11.869257450103774,2.3737245,NaN,87.8,61.93,NaN,NaN,1.47234311385647,21.098825793009492,22.2830222737527,26.614318704461066
MMR,Myanmar,2011,0.0004691642,41912536387.039,38240979239.77953,84.6,85.33333333333333,-1.67502889999999,-1.9838899333333302,0.176083810704641,0.16963744805685335,901133534.876797,947995394.390755,13.506152629852325,12.687705039978049,2.008736,2.3737245,50.98,66.51333333333334,NaN,NaN,7.71838195873614,11.996754088664938,20.5770488161455,23.3634047348593
MMR,Myanmar,2015,0.0004735073,55711475877.0092,51572123142.18766,72.0,75.23333333333333,-1.3316118,-1.5177099666666634,0.350073559191087,0.294990829987523,2175015283.77713,1921158462.1802967,15.949243545532234,14.843472003936768,1.8361576500000003,1.2988263000000002,45.94,39.62,NaN,NaN,4.953299184844,4.0213070819486,46.627396905069,34.4978699930127
MMR,Myanmar,2016,0.0007535852,59607290408.4359,55607479902.545265,70.0,72.53333333333333,-1.110113,-1.3000421,0.386395865290602,0.339798390090313,4083839111.71186,2837819453.660814,17.0550150871277,15.949243545532234,2.373489,1.8361576500000003,73.41,51.22333333333333,NaN,NaN,9.45417189526018,6.683503304786396,44.6343081667411,40.56798201808677
MMR,Myanmar,2017,0.0003582226,63101751664.1065,59473505983.18386,68.8,70.26666666666667,-0.8822049,-1.1079765666666666,0.446262538135226,0.39424398753897166,3278096409.87385,3178983601.7876134,18.160786628723166,17.0550150871277,2.323656,2.1777675500000004,86.18,68.51,NaN,NaN,6.92882525816076,7.112098779421646,NaN,NaN
MMR,Myanmar,2019,0.002092532,71172235146.7291,67082576753.55377,59.4,62.56666666666666,-0.8166314,-0.8472840666666664,0.641233195886911,0.5793077781648203,1768195522.55912,3283521473.2509437,20.3723297119141,19.266558170318635,1.3115271499999999,1.3205084833333334,233.92,156.64000000000001,NaN,NaN,6.87232865662935,6.12456348932177,NaN,NaN
MMR,Myanmar,2020,0.0009696687,75854734834.642,71333571143.73225,58.5,59.13333333333333,-0.8502984,-0.8366485666666664,0.653317518704581,0.648326105021272,1735589412.93376,2769352474.2709136,NaN,NaN,2.296712,1.3115271499999999,289.25,224.33,NaN,NaN,8.82506696804558,6.756644059283377,NaN,NaN
MMR,Myanmar,2021,0.00064487,68991135074.4517,72006035018.60759,59.2,59.03333333333333,-0.7286511,-0.7985269666666667,0.654863780011824,0.6498048315344387,1907154040.0,1803646325.1642933,NaN,NaN,2.135676,1.9146383833333331,429.75,317.64,NaN,NaN,NaN,NaN,NaN,NaN
MNE,Montenegro,2003,0.004035904,2736912434.92843,2693082817.40415,NaN,NaN,NaN,NaN,NaN,NaN,NaN,NaN,17.7185001373291,18.253770192464202,NaN,NaN,0.0,0.0,95.2294000160253,94.52132941188653,NaN,NaN,NaN,NaN
MNE,Montenegro,2004,0.003625553,2804860644.07795,2742516673.3921967,NaN,NaN,NaN,NaN,NaN,NaN,NaN,NaN,18.6800899505615,18.4433765411377,12.42629,NaN,0.0,0.0,77.5983890107329,91.07905836735739,NaN,NaN,NaN,NaN
MNE,Montenegro,2005,0.013089,2929005198.73866,2823592759.248347,NaN,NaN,NaN,NaN,NaN,NaN,NaN,NaN,22.1096992492676,19.502763112386067,8.622177,NaN,0.0,0.0,100.109654967142,90.97914799796673,NaN,NaN,NaN,NaN
MNE,Montenegro,2011,0.0004691642,3665724040.98962,3675538491.32109,49.1,45.70000000000001,-0.0475861999999999,-0.013935933333333301,NaN,NaN,758254398.556855,1094603968.581844,55.2963485717773,50.17120615641273,2.4838640000000005,4.3403812,110.51,83.64333333333333,98.8684992495822,110.39153866222784,0.654946570148479,4.293465999371463,64.7379028213157,61.3704254399644
MNE,Montenegro,2013,0.002308509,3696429855.69991,3717623786.9076867,45.9,45.93333333333333,0.0226967,-0.026550599999999966,NaN,NaN,618126498.733883,644347634.939295,60.3092498779297,58.205702463785805,1.4598219000000001,1.5236775666666669,159.13,135.99,108.779987603414,104.80040503923307,4.14524724981119,2.7501123108155228,61.4906694226065,63.199377882874536
MNE,Montenegro,2015,0.001183768,3912179230.87999,3810068231.89123,46.0,47.06666666666666,0.2298046,0.1047515,NaN,NaN,496993506.510356,520525667.7505636,63.2196388244629,61.32121912638346,1.4500709,1.7340632666666667,199.17,182.79333333333332,100.438431458711,104.33479514443466,-0.710514051710227,1.8802086265042475,64.7132992578143,63.389627890671306
MNE,Montenegro,2017,0.001074668,4148832618.17872,4023965946.6328564,43.9,44.300000000000004,0.2705951,0.2538570666666667,NaN,NaN,226702405.905001,474517202.5823047,59.1839218139648,62.1136105855306,0.6817655499999999,0.9132270833333332,241.08,221.48666666666668,104.135954584294,102.89983163747831,-0.271385023385176,0.18893083570981897,NaN,NaN
MNE,Montenegro,2019,0.001046266,4484964786.60981,4305361633.812103,40.6,40.76666666666667,0.2925708,0.30182346666666665,NaN,NaN,485653127.823428,424340317.58680326,58.1831512451172,59.425764719645166,1.7494906499999998,1.0623141666666667,256.39,260.5966666666667,111.098935509174,107.315418927528,2.611223782638,1.5733582499280414,NaN,NaN
MNE,Montenegro,2021,0.0009673051,3980071397.73552,4382355513.65981,39.6,39.63333333333333,0.2464903,0.27780413333333337,NaN,NaN,530903011.481089,478048666.4610946,58.0944709777832,57.51364771525067,3.3625355,2.618440383333333,317.08,284.8933333333333,87.8612027134909,102.9920873640883,-0.255655699848551,0.9057105957767386,NaN,NaN
MNE,Montenegro,2023,0.003468128,4847549017.67011,4442314101.810933,NaN,NaN,0.2592331,0.24223343333333336,NaN,NaN,872558550.293814,699067452.4962443,57.4317893981934,57.82921727498373,NaN,NaN,294.93,308.6466666666667,125.455937754994,106.34546321450996,13.0403036347004,5.065149972961167,NaN,NaN
MNG,Mongolia,2005,0.001342462,4872245746.85238,4464161655.076267,5.8,6.133333333333333,-0.3539886,-0.1170037333333333,3.81795335056602,3.8453975720764766,92920000.0,100737000.0,39.5999908447266,37.0923169453939,NaN,NaN,35.14,33.64333333333334,131.329318233554,123.38198828745935,8.24115449417619,4.762408058528217,93.1036026152431,93.03419265195446
MNG,Mongolia,2008,0.001603027,6254129712.42599,5717524647.40643,4.7,4.833333333333333,-0.182848999999999,-0.16919229999999932,5.07731037530988,4.80630537347128,372759900.0,268613300.0,46.9772300720215,45.75836054484049,2.088795,2.3517810000000003,112.66,68.62666666666667,117.880426425377,117.73062313737766,9.63096309630964,9.147565706515502,94.5852506150421,94.3034692261899
MNG,Mongolia,2011,0.001005352,7152385862.09146,6895841679.855514,4.5,4.533333333333334,-0.2778251,-0.2781932666666664,5.44277377454793,5.20493287268475,1691421731.58405,1053242966.436934,56.0776786804199,52.81098302205404,1.3347923333333334,1.5803006666666668,89.87,95.29,103.350031656557,110.78726740797232,10.0462065881651,15.207125849329934,94.8466294407001,94.76274020450724
MNG,Mongolia,2012,0.001146526,8389088993.66654,7421947921.638023,4.0,4.3,-0.3091131,-0.2944715333333333,5.82704695840423,5.48187691988371,4571161962.8089,2295397637.5468764,56.7482133834947,55.33552125193637,1.089284,1.3347923333333334,101.83,97.25999999999999,126.999228633482,112.72100581873867,8.41121495327101,8.692309158876737,95.217059061471,94.96866493451667
MNG,Mongolia,2013,0.001154255,9422609644.69237,8321361500.150124,3.0,3.8333333333333335,-0.3833453,-0.32342783333333336,6.21877976761671,5.829533500189624,4272473222.93624,3511685639.10973,61.3067016601562,58.0441979080236,0.9836482,1.1359081777777777,127.91,106.53666666666668,109.588564338415,113.31260820948467,14.3303348325838,10.929252124673303,95.9248333970395,95.32950729973686
MNG,Mongolia,2014,0.002350563,10520241544.9149,9443980061.09127,3.0,3.3333333333333335,-0.4706872,-0.3877152,6.61573895373284,6.220521893251259,2059702972.91977,3634446052.8883033,64.8171691894531,60.95736141103466,0.7079152,0.9269491333333333,162.96,130.9,100.311989662943,112.29992754494667,10.4906567588241,11.077402181559636,94.981707547976,95.37453333549551
MNG,Mongolia,2015,0.0004735073,11349786311.9875,10430879167.198256,3.3,3.1,-0.309591,-0.38787449999999996,6.59114249102211,6.475220404123886,337768268.083171,2223314821.3130603,66.6792297363281,64.26770019531246,2.019574,1.2370458,115.38,135.41666666666666,109.322311877187,106.407621959515,12.2539808129759,12.3583241347946,94.7929366779645,95.23315920766
MNG,Mongolia,2016,0.001130378,11619892590.6941,11163306815.8655,3.5,3.266666666666667,-0.3044292,-0.36156913333333335,5.95530555717072,6.387395667308557,94319767.4741563,830597002.8256992,70.3587265014648,67.285041809082,0.5538141,1.0937677666666665,101.76,126.7,89.653663477814,99.76265500598134,5.73568281938327,9.493440130394424,98.5560606798718,96.1102349686041
MNG,Mongolia,2017,0.002149336,11793003947.8926,11587560950.1914,3.4,3.4,-0.0277123,-0.21391083333333336,6.18895798314975,6.245135343780859,-4156404703.77687,-1241438889.4065142,65.2477111816406,67.42855580647783,0.5421864,1.0385248333333335,117.4,111.51333333333334,101.055237224997,100.01040419333266,0.733272227314397,6.24097861989119,NaN,NaN
MNG,Mongolia,2019,0.001743776,13422599720.3616,12557788223.6658,2.1,2.4333333333333336,0.0263885,-0.012395033333333333,7.1556569765684,6.679162487199124,1951528195.81852,-236842048.16304335,65.1030502319336,64.9187774658203,1.6261275,1.1833799666666667,152.35,140.1966666666667,126.355873241513,114.44800411149099,6.82424790145522,3.952983727264346,NaN,NaN
MNG,Mongolia,2020,0.0006464458,14174566537.4555,13351642420.186768,2.3,2.066666666666667,-0.0663774999999999,-0.0252834333333333,7.75337679137417,7.20063542327393,2443343095.41814,1963073884.9019601,67.970817565918,65.82647959391277,1.870429,1.6261275,193.54,165.57666666666668,124.396514621165,122.22842991021366,7.30106953550729,6.142249496661978,NaN,NaN
MOZ,Mozambique,2008,0.001068684,9410189984.44687,8701668306.221087,87.5,91.43333333333334,-0.502107699999999,-0.5456898666666663,0.152388933763661,0.13989409425775168,416689348.42081,263414918.08360302,3.03946995735169,2.1997333367665637,NaN,NaN,42.63,42.02,66.1203821840516,68.49318028313957,8.48948675497455,9.38737581425844,9.29156906767425,7.1167568570703805
MOZ,Mozambique,2009,0.0009582399,10057425620.5829,9403045257.440796,88.1,89.56666666666666,-0.4237415,-0.49192853333333303,0.144341849016611,0.14424449494745797,641399415.784251,436410138.15168667,3.51939988136292,2.895523309707647,9.129044,NaN,48.7,45.296666666666674,64.981416499828,66.15056545704951,14.5028053002268,12.079126654100415,8.81605230433053,8.082376241237379
MUS,Mauritius,2003,0.003228723,7159641799.80767,7007710870.713689,17.9,19.466666666666665,0.2670391,0.31988245,2.18923628261503,2.1358404772258,32073116.0847954,90012929.93743187,15.1241102218628,14.082903544108069,NaN,NaN,63.47,54.32333333333333,118.230470380251,122.32423271136234,6.41933372221149,5.335988746911546,75.418393851183,74.26838944452273
MUS,Mauritius,2005,0.004363002,7912266088.68308,7551930120.129284,19.1,18.633333333333333,0.4758764,0.4046927333333333,2.28082977683101,2.2486529403095066,13894736.4049871,36199505.92209884,17.2851009368896,16.0556468963623,2.105246,NaN,56.68,54.07333333333333,107.027698267505,111.304582653728,4.71037060105883,5.0169192996174,75.4605190821502,75.57269223451686
MUS,Mauritius,2006,0.001217878,8052910022.29355,7849686194.291244,17.6,18.533333333333335,0.4588987,0.4686459333333333,2.42563834516313,2.3274536278255398,41776995.7786911,39434132.48673073,21.0529594421387,18.0319299697876,2.553654,2.1052459999999997,75.47,58.07333333333333,121.608743996836,112.43067385925633,4.93717004981795,4.522864742152887,77.3956688228626,76.2317838917434
MUS,Mauritius,2007,0.01029631,8444727951.65064,8136634687.542423,16.4,17.7,0.5745073,0.5030941333333333,2.69231018577046,2.466259435921533,106758059.108919,54143263.764199056,23.6054592132568,20.647839864095033,1.144411,1.934437,59.03,63.72666666666667,124.782280192468,117.80624081893633,8.91350105650142,6.187013902459401,79.5417086116658,77.46596550555954
MUS,Mauritius,2008,0.002671711,8928358886.09423,8475332286.679473,15.7,16.566666666666666,0.6667863,0.5667307666666667,2.75428958640885,2.6240793724474796,340763853.718088,163099636.20189935,24.5238494873047,23.06075604756673,6.57737,3.425145,53.09,62.53,118.624058148821,121.67169411270834,8.82729272393294,7.55932127675077,80.3241122707703,79.08716323509957
MUS,Mauritius,2009,0.00215604,9409326234.90993,8927471024.218266,12.7,14.933333333333332,0.8694135,0.7035690333333333,2.80350544681747,2.7500350729989265,377724738.06254,275082216.96318233,27.0272006988525,25.05216979980467,1.630186,3.1173223333333335,69.89,60.669999999999995,113.492663899724,118.96633408033767,9.73228317146887,9.157692317301077,79.4250364846658,79.7636191223673
MUS,Mauritius,2011,0.002932276,10146771628.6992,9759116836.063555,12.8,12.766666666666666,0.8089043,0.8394349666666666,2.93961932181702,2.8331179268220104,429941790.0,354782413.29448503,33.0799908955061,30.50219044152773,1.961643,1.6648416666666668,84.8,78.09666666666665,111.508202075575,109.15296192665134,2.93236301369857,5.06024582220619,81.865719929465,80.7784522351019
MUS,Mauritius,2012,0.002866315,10560510104.34,10142844792.540247,12.0,12.533333333333333,0.7545106,0.8011340000000001,2.9195850540241,2.87181112922422,433331010.0,373317837.2736383,34.2265053809565,32.90195866889574,2.52059,1.9616429999999998,63.59,75.99666666666666,115.552473002804,109.83956496101133,6.52249254869341,3.9903156146143703,82.4359426688858,81.7820876298419
MUS,Mauritius,2015,0.007102609,11729333766.0201,11318684250.882133,10.6,11.133333333333333,1.1372839,1.0225640333333332,3.16403004104002,3.0696139882677898,455562150.0,445983203.3333333,40.0382004235695,40.60518183824967,4.4680040000000005,3.1848620000000003,122.34,119.69333333333334,135.099064765426,129.6996072692297,3.21769191994684,3.53771599748502,85.0556234220937,84.26627428895124
MUS,Mauritius,2016,0.002260756,12162211503.0793,11729515406.073668,11.5,11.166666666666666,1.0125431,1.0371555666666668,3.16000186874594,3.1293036371690897,216455190.0,321795500.0,37.760738643162,39.7337781397567,5.751146,4.4680040000000005,120.65,121.37,133.135069083677,134.92875060277967,1.28654970760232,2.682512455632517,83.3412463635896,84.28927238862563
MUS,Mauritius,2017,0.000537334,12631973062.5133,12174506110.537567,10.3,10.799999999999999,1.062971,1.0709326666666668,3.21654571682465,3.1801925422035366,378764430.0,350260590.0,38.4107692617261,38.736569442819196,1.814007,4.011052333333334,155.07,132.6866666666667,126.310008998042,131.51471428238165,0.977675134718965,1.8273055874227084,NaN,NaN
MUS,Mauritius,2019,0.002511038,13655479838.659,13138957005.768831,9.2,9.633333333333335,1.0408014,1.0568182333333336,3.29636205462015,3.2796585445444264,460511370.0,439757230.0,40.4078098261963,39.49348591467086,0.82847765,1.04737065,133.59,151.93,123.538984386544,125.60435108982466,3.2160538314457,2.620241997641305,NaN,NaN
MUS,Mauritius,2020,0.00775735,14050298678.0198,13611732210.937668,8.9,9.166666666666666,0.9600603,1.0225146666666667,3.32168232640987,3.3147040810728328,444077760.0,461528340.0,42.9878710798151,41.019186520700536,1.157328,0.82847765,236.54,179.08666666666667,127.940899064133,126.147981111855,0.405655190309553,2.4295686828381675,NaN,NaN
MUS,Mauritius,2021,0.00064487,12006466620.7709,13237415045.816568,9.4,9.166666666666666,0.9972365,0.9993660666666667,2.95810314893832,3.192049176656113,224668080.0,376419070.0,42.5378418595105,41.97784092184063,2.364019,1.44994155,193.23,187.78666666666666,121.12522550435,124.20170298500902,2.5808007718283,2.067503264527851,NaN,NaN
MYS,Malaysia,1999,0.01303441,128328802476.716,131974609784.74602,4.5,4.533333333333333,0.3917479,0.4260622,5.05105900643332,5.1032629838125425,2163401815.57572,4126110446.375937,22.9279899597168,NaN,1.071442,1.3740963333333334,921.2,869.6566666666666,209.492202808189,192.308098818672,5.27034200348766,3.80713868639876,95.9343724587437,95.8848978875809
MYS,Malaysia,2000,0.03793483,136205126470.557,134352412259.92601,4.9,4.533333333333334,0.40074624999999997,0.40618545,5.334257522142,5.2278001686704165,3895263157.89473,3731726516.38172,24.1853408813477,NaN,0.3897589,1.1517929666666669,993.41,933.9133333333334,217.570919391949,204.24274445416935,2.74456130240604,3.5591393010043864,95.4141893487032,95.89267438859963
MYS,Malaysia,2001,0.03538856,148271359064.948,137601762670.74033,4.4,4.6000000000000005,0.4097446,0.40074625,5.69323613529471,5.359517554623344,3787631578.94736,3282098850.805937,27.5522994995117,24.888543446858733,0.7177133,0.7263047333333335,1327.34,1080.6499999999999,220.406788982074,215.82330372740398,1.53474023697699,3.18321451429023,96.055404890036,95.80132223249431
MYS,Malaysia,2002,0.03531258,149038923296.259,144505136277.25467,4.2,4.500000000000001,0.4886591,0.4330499833333333,5.88304152527669,5.6368450609044665,553947368.421052,2745614035.0877137,26.960880279541,26.23284022013347,0.9319327,0.6798016333333333,1170.75,1163.8333333333333,203.364636010653,213.7807814615587,1.41678473206098,1.8986954238146698,96.2589364827721,95.90951024050376
MYS,Malaysia,2003,0.06215291,157073594223.932,151461292195.04636,3.5,4.033333333333334,0.5675736,0.4886591,6.08030867532827,5.8855287786332235,3192894736.8421,2511491228.070171,28.92991065979,27.814363479614233,0.5326764,0.7274408000000001,1484.43,1327.506666666667,199.356232695655,207.70921922946067,1.80787246281536,1.5864658106177767,96.7383693231336,96.3509035653139
MYS,Malaysia,2004,0.06272206,166165798103.902,157426105208.031,3.3,3.6666666666666665,0.7165569,0.5909298666666667,6.34316955354466,6.102173251383206,3218947368.42105,2321929824.561401,31.2641696929932,29.051653544108067,0.8349719,0.766527,1761.55,1472.243333333333,194.195129056831,198.97199925437965,1.08967632577286,1.4381111735497332,97.1158619603588,96.7043892554215
MYS,Malaysia,2005,0.04709804,177437551536.374,166892314621.40268,3.2,3.3333333333333335,0.5752968,0.6198091,6.71466646648273,6.379381565118554,4376052631.57894,3595964912.280697,29.779899597168,29.991326649983733,0.6936429,0.6870970666666666,2093.36,1779.78,210.374265897124,201.30854254987,1.42127115937402,1.4396066493207467,97.2544908005391,97.03624069467718
MYS,Malaysia,2006,0.1198784,186898768708.901,176834039449.72568,3.0,3.1666666666666665,0.5598434,0.6172323666666667,7.01024161142768,6.689359210485023,3924786634.73868,3839928878.2462234,27.1163005828857,29.3867899576823,0.461475,0.6633632666666667,2508.56,2121.1566666666668,203.854644595624,202.808013183193,2.97507092684449,1.8286728039971234,97.8511960598598,97.40718294025258
MYS,Malaysia,2007,0.08813483,197336779111.682,187224366452.319,3.1,3.1,0.6788802,0.6046734666666668,7.10605067191351,6.943652916607974,7690731245.66746,5330523503.995027,27.6703605651856,28.188853581746432,1.169491,0.7748696333333335,3210.77,2604.23,202.577146840398,205.60201911104866,3.60923564224389,2.668525909487467,97.7617229386596,97.6224699330195
MYS,Malaysia,2008,0.09270836,209766600383.972,198000716068.18497,2.8,2.966666666666667,0.7212038,0.6533091333333334,7.58861945429411,7.234970579211766,9071369834.83859,6895629238.414909,29.375789642334,28.054150263468433,0.6761507,0.7690389,3763.96,3161.0966666666664,192.465506357652,199.63243259789132,2.02735317779569,2.870553248961357,98.39798793142356,98.00363564331433
MYS,Malaysia,2009,0.1120182,219902039818.778,209001806438.144,3.0,2.966666666666667,0.6129115,0.6709985,7.83922878075814,7.511299635655253,7572512432.33634,8111537837.614131,32.9037017822266,29.983283996582063,0.7301695,0.8586037333333335,5859.36,4278.03,176.668324785148,190.57032599439933,5.44078221100769,3.69245701034909,99.0342529241875,98.39798793142354
MYS,Malaysia,2010,0.1064574,216573759299.08,215414133167.2767,2.3,2.6999999999999997,0.5057859,0.6133004,7.03693732266971,7.488261852573987,114664434.56228,5586182233.912403,35.0602111816406,32.4465675354004,0.724032,0.7101174,7850.72,5824.68,162.558970452699,177.23093386516632,0.583308405623702,2.683814598142361,99.3834880612657,98.93857630562559
MYS,Malaysia,2011,0.1300758,232654030399.227,223043276505.69498,2.0,2.433333333333333,0.6535173,0.5907382333333334,7.52034773024468,7.465504611224176,10885801851.6194,6190992906.172673,36.6774305573553,34.8804478404075,0.6004667,0.6848894,10937.69,8215.923333333334,157.944764886771,165.72402004153932,1.62285235577035,2.548980990800581,98.010935473404,98.80955881961906
MYS,Malaysia,2012,0.1118136,244970531973.676,231399440557.32764,2.2,2.1666666666666665,0.5248523,0.5613851666666666,7.48482299197254,7.3473693482956435,15119439203.9543,8706635163.37866,35.5661790570975,35.767940265364466,0.8251093,0.716536,13550.23,10779.546666666667,154.937684607226,158.48047331556532,3.1744709215131,1.793543894302384,97.953034477695,98.44915267078822
MYS,Malaysia,2013,0.1327297,258378881826.473,245334481399.792,2.5,2.2333333333333334,0.754922,0.6444305333333333,7.40984230399317,7.471671008736796,8895774250.70401,11633671768.759237,36.825516807355,36.356375473935934,0.7498538,0.7251432666666667,14203.57,12897.163333333332,147.841754766013,153.57473475333668,1.66357102479206,2.15363143402517,98.067135498206,98.01036848310167
MYS,Malaysia,2014,0.1041131,270506469604.101,257951961134.75,2.8,2.5,0.844693,0.7081557666666667,7.85952532729463,7.584730207753446,11296279513.9209,11770497656.19307,38.0700970900265,36.820597651493,0.8402128,0.8050586333333335,15008.95,14254.25,142.720991464873,148.500143612704,2.10501231233612,2.3143514195470933,98.0400758329794,98.02008193629347
MYS,Malaysia,2015,0.07846692,286755041078.03,271880130836.2014,3.0,2.766666666666667,0.8827965,0.8274705,8.18962008151058,7.819662570932793,10619431582.9781,10270495115.86767,38.3919142029325,37.76250936677133,0.7153561,0.7684742333333333,16608.39,15273.636666666667,138.312231176843,142.95832580257635,3.14299050879095,2.30385794863971,97.9403237804626,98.01584503721601
MYS,Malaysia,2016,0.08767964,301355266964.947,286205592549.02606,3.4,3.0666666666666664,0.7623928,0.8299607666666667,8.09596053481984,8.048368647875018,9857162111.82329,10590957736.240763,44.289909239243,40.25064017740067,0.6512561,0.7356083333333334,18099.96,16572.433333333334,131.37007244526,137.467765028992,2.10438980238359,2.45079754117022,67.090436989764,87.69027886773533
MYS,Malaysia,2017,0.06705928,314764917575.088,300958408539.35504,4.4,3.6,0.729094,0.7914277666666667,7.78504411100645,8.023541575778957,13470089920.807,11315561205.202795,45.4034659569972,42.6950964663909,0.7424778,0.70303,18747.44,17818.596666666665,126.8990100257,132.19377121593433,2.09056659525742,2.4459823021439866,NaN,NaN
MYS,Malaysia,2018,0.06137378,333061328477.268,316393837672.4343,5.2,4.333333333333334,0.7662252,0.7525706666666666,7.35056919281223,7.743857946212839,9368469822.66145,10898573951.763914,42.293211695146,43.9955289637954,0.6139059,0.6692132666666666,19900.96,18916.12,133.155173371956,130.47475194763868,3.87120115774237,2.6887191851277934,NaN,NaN
MYS,Malaysia,2019,0.08976961,349191778300.005,332339341450.787,5.3,4.966666666666667,0.7479363,0.7477518333333334,7.72644571640815,7.62068634007561,8304480741.65266,10381013495.040369,43.3100279300797,43.66890186074097,0.5526317,0.6363384666666666,19992.49,19546.963333333333,130.402625502126,130.15226963326066,0.884709160571235,2.282158971190342,NaN,NaN
MYS,Malaysia,2020,0.06823236,364602265936.14,348951790904.471,5.7,5.3999999999999995,0.755754,0.7566385000000001,7.63039929073035,7.569138066650243,9154921685.03934,8942624083.117817,40.8082966813944,42.13717876887336,0.7675892,0.6447089333333332,21651.72,20515.056666666667,123.028562027943,128.862120300675,0.662891865764326,1.8062673946926437,NaN,NaN
MYS,Malaysia,2021,0.08705746,344706479641.244,352833507959.1297,7.0,6.0,0.637551,0.7137471,7.46778698028461,7.60821066247437,4058769678.64231,7172724035.111436,39.7445667367633,41.28763044941247,0.5926192,0.6376133666666667,21993.06,21212.423333333336,116.788182437638,123.40645665590233,-1.1387021539305,0.13629962413502036,NaN,NaN
MYS,Malaysia,2022,0.04416605,356134704342.139,355147816639.841,7.5,6.733333333333333,0.7295908,0.7076319333333334,7.5232628848407,7.540483051951887,20245157326.8023,11152949563.49465,38.1899993008367,39.580954239664806,0.8483746,0.7361943333333333,26302.68,23315.820000000003,134.035994690727,124.61757971876932,2.47710241465447,0.6670973754960986,NaN,NaN
MYS,Malaysia,2023,0.05518177,388299855024.742,363047013002.7083,NaN,NaN,0.6557654,0.6743023999999999,7.98329915646393,7.658116340529747,15027992710.6144,13110639905.353004,36.9853099297291,38.30662532244303,0.516834,0.6526092666666666,26506.35,24934.03,146.424604753908,132.41626062742435,3.37869862549928,1.5723662954077502,NaN,NaN
NAM,Namibia,2001,0.002687739,5607973667.33031,5422944877.097473,34.8,33.06666666666667,0.1750081,0.21563524999999997,1.05320053864219,1.1277851835053667,196350763.262586,114562032.45649777,7.11417325337728,6.82564655939738,NaN,NaN,20.76,31.99666666666667,85.1322442947268,89.45431679032397,NaN,NaN,60.4602806325182,63.10163981506967
NAM,Namibia,2011,0.004300672,8787636883.68937,8445830514.00356,31.2,32.36666666666667,0.1608353,0.25869566666666666,1.27238885378833,1.3970842518562436,287528974.44129,622336590.6675459,13.19927492385832,11.346482230453331,3.0437594999999997,3.02049,37.81,34.25666666666667,108.072477173606,117.159939883789,4.8749198764395,7.80709648786155,74.9548630221052,66.44374459958424
NAM,Namibia,2012,0.004012841,9235045191.83414,8769945666.21596,31.6,32.06666666666666,0.0071335,0.16403116666666664,1.32617380871956,1.3564652771241132,803600584.603823,640061344.1345171,15.052067617263312,13.19927492385832,3.067029,3.0437595,49.14,39.61333333333334,102.189147754138,111.34148974024,5.005595180812,6.444080524156184,74.8010361924744,70.50811118035763
NAM,Namibia,2013,0.0007695031,9702493818.43111,9241725297.984873,31.9,31.566666666666666,0.1789728,0.11564719999999999,1.36313058914982,1.3205644172192368,1041555413.14222,710894990.7291111,16.9048603106683,15.052067617263312,3.014047,3.041611833333333,64.47,50.473333333333336,100.2134087743,103.49167790068134,6.72199777334886,5.534170943533453,74.2970863836578,74.6843285327458
NAM,Namibia,2014,0.001175281,10247261642.7308,9728266884.332018,30.7,31.399999999999995,0.2217774,0.13596123333333335,1.37810831304484,1.3558042369714067,777073646.376716,874076548.0409197,17.4603999838663,16.47244263726597,1.130005,2.403693666666667,85.49,66.36666666666666,97.7249042303832,100.04248691960707,5.60092502290401,5.776172659021623,76.7202703534569,75.27279764319637
NAM,Namibia,2016,0.003391133,11335161083.5061,10818000249.301268,29.3,30.066666666666666,0.2438319,0.21454946666666666,1.50195847197069,1.4222205406968798,838879062.715929,687178318.9840235,19.6551504993361,18.526952470436367,1.680974,1.458173333333333,100.28,92.58,97.2390317873478,99.34802434232832,3.39401538410559,4.781703358535207,75.6400926172033,75.95400321144398
NAM,Namibia,2018,0.0006888191,11222512162.9739,11298888328.451433,30.2,29.566666666666666,0.0957317999999999,0.16237589999999996,1.49737539456841,1.5325590888813234,280476974.998847,492694362.4402334,22.4801755471009,21.19067655524567,1.2306077500000001,1.56999625,114.24,105.03666666666668,81.2196661011436,90.80829528288446,6.14579981111164,5.422799180383536,NaN,NaN
NAM,Namibia,2019,0.001046266,11341464002.1253,11300989301.3245,30.9,30.099999999999998,0.0632488,0.1021815333333333,1.47819814870212,1.5246389811251333,234372724.533504,291192249.71275836,23.7001690404035,22.5390160689348,0.6628085,1.2306077500000001,160.59,125.13999999999999,81.7138652963804,85.63323978589534,4.29159105337875,5.721991070141256,NaN,NaN
NAM,Namibia,2023,0.001156043,11285723332.8927,10776184940.9978,NaN,NaN,0.0818334,0.10263086666666667,1.23886461461583,1.2853745522361235,1056043502.65037,582052552.577219,26.1092654658031,26.234016149532966,NaN,NaN,219.77,218.00333333333333,99.2625547814064,86.57736675913843,6.08128114112413,3.969189603848987,NaN,NaN
NER,Niger,2003,0.0009686168,5089376067.96136,4820761700.15161,87.7,87.66666666666667,-0.894995099999999,-0.8821697499999989,0.0593968294482597,0.05986261392531903,7827441.93508379,15394036.46262523,NaN,NaN,NaN,NaN,20.16,23.64,30.8343857497549,32.85361117947227,2.62886597938136,3.17817666629974,14.2733322007109,14.133957092678768
NER,Niger,2006,0.0009134088,5601396628.31908,5340002313.01242,87.5,87.16666666666667,-0.7243621,-0.8437878666666663,0.0580683956722907,0.06103444289407397,49753596.8290224,30898007.56783453,0.951579988002777,0.858489990234375,1.9380547999999997,3.2989564,21.52,22.633333333333336,38.3477418070736,36.23154646506234,7.7974978178644,2.1485446278004257,14.0235622136193,15.069373421369633
NER,Niger,2009,0.00383296,6593265446.85522,6215659740.041206,86.1,86.56666666666668,-0.5745441,-0.599580366666666,0.0592504254840624,0.05807767581522347,283076206.886465,140819974.3199319,1.03770005702972,0.9677933454513536,1.8808150666666665,1.2289841333333333,27.05,28.626666666666665,39.7112440540383,37.24847336179397,11.3051098827019,3.799851657806521,15.266899161823,14.397069812591766
NER,Niger,2012,0.001146526,7471447186.58798,7164486154.27543,77.2,80.36666666666667,-0.5324314,-0.5210027999999998,0.0858043617469507,0.0813512343307143,1067186136.05028,832547163.6894509,1.34816649944538,1.3020125401067633,1.6449393333333333,2.088792666666667,31.39,50.916666666666664,50.2463951569345,50.568212720953234,2.9423851401332,1.4431216039389936,24.1512073469988,20.843181758200565
NER,Niger,2013,0.0007695031,8259606009.352,7676799845.9552355,72.7,76.86666666666667,-0.7242274,-0.5878820333333333,0.11521705528619,0.09604845823381997,841227436.917787,901683243.6171287,1.54284142561837,1.3975096685009565,1.201086,1.6449393333333333,30.76,43.31333333333333,45.08596447308,49.0927819775924,0.455089820359289,1.4005160137917159,29.5136642854157,24.91923786903817
NER,Niger,2016,0.0007535852,9683867926.44282,9219623843.212027,78.9,78.56666666666666,-0.7183876,-0.7298375333333333,0.108819188928427,0.11113564816511767,529476871.090611,690594121.6285596,3.24257822413642,2.6759992912970705,0.9640518,0.7408335999999999,52.98,44.203333333333326,44.727430371186,45.5880601190361,-0.576090369833189,0.2636178399118383,NaN,NaN
NER,Niger,2017,0.003940449,10239808436.9433,9733355035.993652,80.2,79.06666666666668,-0.6537562,-0.7063555999999999,0.104777428213515,0.10939638882392366,301332480.592526,551258791.6610173,3.45043638449437,3.123004633309287,1.18727,0.9640518,51.13,50.80666666666667,36.4881092245519,42.31904681077703,1.65388922387806,0.04917053135346835,NaN,NaN
NER,Niger,2018,0.001033229,10752347793.0235,10225341385.469873,82.0,80.36666666666666,-0.639687999999999,-0.6706105999999997,0.0920857909837752,0.10189413604190574,338710710.13916,389840020.60743237,3.66741981878978,3.4534781424735232,3.821862,1.9910612666666667,57.14,53.75,39.0711117370149,40.09555044425094,2.79637318871284,1.2913906809192373,NaN,NaN
NER,Niger,2021,0.00064487,12646096746.8881,12128772285.896133,81.9,81.53333333333335,-0.749712199999999,-0.686290533333333,0.101595383987419,0.09880000005850813,360653574.571152,514614495.65559,NaN,NaN,0.7191763666666667,0.7241328333333333,67.78,65.77,35.5129906570841,36.7181351604666,2.8981937602627,1.12533492319957,NaN,NaN
NER,Niger,2022,0.001078097,12821067681.4111,12559879999.6455,79.6,80.73333333333333,-0.694466399999999,-0.6964716333333327,0.116675523035947,0.10722802137832466,594829131.824508,557543448.5981187,NaN,NaN,0.7142199,0.7191763666666667,56.76,62.72666666666667,37.0158935503713,36.54381687751184,3.8378680284051,1.4154230459864163,NaN,NaN
NGA,Nigeria,1999,0.002172402,170099910681.03,165669317353.14334,87.2,86.63333333333333,-1.0626256,-1.0677485,0.762241596637639,0.8455996434889209,299566658.25891,422806829.1790533,NaN,NaN,1.2356927,NaN,884.83,905.8699999999999,NaN,NaN,9.99637812386806,15.931515006877168,43.0098517293954,45.780025546122666
NGA,Nigeria,2000,0.001422556,171093510004.149,169004367996.37332,87.2,86.66666666666667,-1.1325062,-1.0876267666666666,0.73132271389576,0.7857004858951183,1004915630.70931,591353102.9251547,5.80225992202759,NaN,0.5886804,1.2356927,962.82,923.9666666666667,NaN,NaN,6.61837339479751,8.38154191083397,43.9635050389237,44.621426599643165
NGA,Nigeria,2003,0.001210771,219480696548.007,196488073563.1157,84.5,85.0,-1.1555737,-1.1789802500000002,0.720895078592108,0.7775277098996637,1874070753.14013,1401618984.2492101,8.41275489330292,7.54258990287781,0.357087,0.3795343,1208.14,1101.0733333333333,NaN,NaN,12.8765792031099,12.89450585604927,48.6425199395357,47.786072898807866
NGA,Nigeria,2004,0.001450221,235606371240.502,215131714362.15836,82.9,83.96666666666667,-1.1482554,-1.16093645,0.7843536892773,0.7747152830165707,2005353563.06397,1690014319.9319031,9.28291988372803,8.41275489330292,0.3346397,0.357087,1321.22,1196.03,NaN,NaN,14.0317836131437,15.2606696752133,52.2384004250419,49.92329418001757
NGA,Nigeria,2005,0.002013693,257401275803.762,237496114530.757,84.0,83.8,-1.23811999999999,-1.1806496999999965,0.736921009510727,0.7473899257933784,1874060886.97608,1917828401.0600598,9.52007961273193,9.07191812992096,0.6578227,0.44984979999999997,1475.89,1335.0833333333333,NaN,NaN,14.9980338183251,13.9687988781929,53.3757013166669,51.41887389374816
NGA,Nigeria,2006,0.001826818,273974099482.935,255660582175.733,83.9,83.60000000000001,-1.0189616,-1.13511233333333,0.710050686175941,0.7437751283213228,4982533930.21737,2953982793.41914,10.0968999862671,9.633299827575685,0.997157,0.6632064666666667,1784.91,1527.3400000000001,NaN,NaN,17.8634933661605,15.631103599209768,51.4942470712643,52.369449604324366
NGA,Nigeria,2007,0.006122131,290575362867.503,273983579384.7333,85.8,84.56666666666666,-0.8992521,-1.0521112333333298,0.621989926382773,0.689653874023147,4854353979.09082,3903649598.761423,9.919895085213948,9.845624894737659,1.38809,1.0143565666666667,1958.42,1739.74,NaN,NaN,8.22522152017047,13.695582901552022,48.7205960552684,51.1968481477332
NGA,Nigeria,2008,0.002671711,309727563830.139,291425675393.52563,87.1,85.59999999999998,-0.8413883,-0.9198673333333334,0.550572897626193,0.6275378367283023,6036021404.82068,5290969771.376289,9.742890184160796,9.919895085213948,2.772526,1.7192576666666666,2141.08,1961.47,NaN,NaN,5.38800796858626,10.492240951639078,44.7556611740074,48.323501433513364
NGA,Nigeria,2009,0.006707679,330679000570.779,310327309089.47363,85.7,86.2,-0.7606817,-0.8337740333333333,0.581139578438694,0.5845674674825533,8194071895.46246,6361482426.457986,9.565885283107644,9.742890184160796,0.6968735,1.6191631666666666,2267.25,2122.25,NaN,NaN,11.5810751748252,8.39810155452731,46.0359425783847,46.5040666025535
NGA,Nigeria,2010,0.006747301,357255424171.356,332553996190.758,88.1,86.96666666666665,-0.751041499999999,-0.7843704999999996,0.499337659024901,0.5436833783632627,8555990006.71681,7595361102.333317,9.388880382054491,9.565885283107644,1.990571,1.819990166666667,2871.93,2426.7533333333336,NaN,NaN,12.5378277304689,9.83563695796012,41.7913297763623,44.19431117625147
NGA,Nigeria,2011,0.001642075,385856064172.786,357930162971.6404,86.0,86.60000000000001,-0.911270199999999,-0.807664466666666,0.566502430832841,0.5489932227654787,6026253091.34715,7592104997.84214,9.21187548100134,9.388880382054491,1.308548,1.3319975000000002,3173.35,2770.843333333333,NaN,NaN,13.7400521363694,12.6196516805545,38.8208724133662,42.21604825603774
NGA,Nigeria,2012,0.004395016,406337011591.35,383149499978.4973,84.1,86.06666666666666,-0.875506399999999,-0.8459393666666658,0.606966647220167,0.5576022456926363,8841062050.7726,7807768382.945521,9.74153350922586,9.447429790760564,0.4615807,1.2535665666666667,3410.07,3151.7833333333333,NaN,NaN,10.8261371880017,12.368005684946667,37.4934846352277,39.3685622749854
NGA,Nigeria,2013,0.006874227,423525315758.055,405239463840.7303,83.9,84.66666666666667,-0.752841499999999,-0.8465393666666657,0.580337328542393,0.5846021355318004,7069908427.9365,7312407856.685416,NaN,NaN,1.110141,0.9600899000000002,3114.14,3232.52,NaN,NaN,12.2242413020584,12.2634768754765,39.8116176583737,38.70865823565587
NGA,Nigeria,2014,0.004648891,451780110046.799,427214145798.7347,81.4,83.13333333333334,-0.740966799999999,-0.7897715666666657,0.63302873569183,0.6067775704847967,5562857987.46966,7157942822.059586,NaN,NaN,1.622773,1.0648315666666666,3137.77,3220.66,NaN,NaN,8.49551838265669,10.515298957572263,39.1181750391859,38.807759110929105
NGA,Nigeria,2015,0.003551305,480286163931.15,451863863245.33466,79.9,81.73333333333333,-0.7940186,-0.762608966666666,0.660183629190404,0.6245165644748757,4693828631.89583,5775531682.433997,NaN,NaN,2.422809,1.7185743333333334,3554.04,3268.6499999999996,NaN,NaN,8.04741087967907,9.589056854798054,39.1677770531867,39.365856583582094
NGA,Nigeria,2016,0.003391133,493026682800.63,475030985592.8597,81.3,80.86666666666666,-0.740200099999999,-0.758395166666666,0.621244733321397,0.6381523660678771,3064168904.45333,4440285174.606274,NaN,NaN,2.748709,2.2647636666666666,3561.88,3417.896666666667,NaN,NaN,9.00943498007706,8.517454747470941,41.6855609438584,39.99050434541033
NGA,Nigeria,2017,0.0007164453,485055087455.821,486122644729.2004,81.1,80.76666666666667,-0.8149879,-0.7830688666666662,0.631791150085677,0.6377398375324926,3453258407.9848,3737085314.7779865,NaN,NaN,1.487707,2.2197416666666667,3958.74,3691.5533333333333,NaN,NaN,15.6968126387972,10.917886166184443,NaN,NaN
NGA,Nigeria,2018,0.001033229,488964081500.903,489015283919.118,81.6,81.33333333333333,-0.7780788,-0.7777555999999998,0.579461406473008,0.6108324299600273,2412974916.23263,2976800742.8902535,NaN,NaN,0.3582513,1.5315557666666664,4502.59,4007.736666666666,NaN,NaN,16.5022662139641,13.736171277612785,NaN,NaN
NGA,Nigeria,2019,0.0006975106,498365674277.734,490794947744.81934,80.8,81.16666666666666,-0.830018399999999,-0.8076950333333329,0.592412108680957,0.6012215550798806,775247400.003029,2213826908.0734863,NaN,NaN,0.4653762,0.7704448333333334,5528.59,4663.306666666666,NaN,NaN,12.0951065173432,14.7647284567015,NaN,NaN
NGA,Nigeria,2022,0.003306165,482220722020.13,489507603215.93994,80.3,80.73333333333333,-0.8726579,-0.8748892666666664,0.599006670437755,0.585562308565503,3313210000.0,2667862492.5398803,NaN,NaN,1.0517330666666667,0.6842641333333334,9422.75,8162.396666666667,NaN,NaN,16.9528457221608,13.865097162544032,NaN,NaN
NIC,Nicaragua,2011,0.002345821,9778787862.00226,9609722814.096254,54.4,54.26666666666667,-0.4466148,-0.4268062333333327,0.814142171173605,0.8170668938976333,489900000.0,517033333.3333333,NaN,NaN,NaN,NaN,30.46,28.603333333333335,100.364058423919,94.71721786648963,5.45513425887423,9.656112997535033,45.681738710692,46.02616126193774
NLD,Netherlands,1999,1.346563,591560723040.107,566366036183.1776,1.6,1.4666666666666668,1.7807289,1.67107555,11.5143371429004,11.715918002145633,37618898706.316,21752210130.159935,NaN,NaN,0.8751573,0.9237047666666666,18778.35,18666.27333333333,112.408095451564,111.78925425298934,1.95913632274257,2.0607232736017136,95.9642365132752,96.27269679430974
NLD,Netherlands,2000,1.363188,621395031368.011,592747712459.2207,1.6,1.5666666666666667,1.97861185,1.8101387666666664,11.1402681290415,11.3974223535095,41161898489.8175,29938052762.0003,NaN,NaN,0.7926391,0.8585662333333334,17751.63,18394.943333333333,114.327740793016,113.676954702674,2.1571791805505,2.075187043562633,95.0587231353958,95.81962360787911
NLD,Netherlands,2001,1.255084,647616371669.345,620190708692.4877,1.7,1.6333333333333335,2.1764948,1.97861185,11.1051053739996,11.2532368819805,63109732334.5287,47296843176.8874,NaN,NaN,0.8106729,0.8261564333333333,18865.25,18465.076666666668,125.667030082421,117.46762210900033,2.36052233801958,2.1589459471042165,94.7201854364255,95.2477150283655
NLD,Netherlands,2002,1.262272,662664228363.74,643891877133.6986,1.8,1.7,2.1177091,2.090938583333333,11.3084173304799,11.184596944507,51998915897.6427,52090182240.662964,52.9789810180664,NaN,0.7171625,0.7734915,18769.03,18461.97,119.47546387654,119.82341158399232,4.15584127195612,2.8911809301754,95.3072256643712,95.02871141206417
NLD,Netherlands,2003,1.262315,664292962005.237,658191187346.1073,1.9,1.8,2.0589234,2.1177091000000003,11.2597436028111,11.224422102430202,25485041348.3329,46864563193.501434,54.2512283325195,NaN,0.6801484,0.7359946,19627.11,19087.13,112.750024358671,119.29750610587733,3.28753104712766,3.26796488570112,95.328627327859,95.11867947621856
NLD,Netherlands,2004,1.1981,664942855515.362,663966681961.4464,1.9,1.8666666666666665,1.9869442,2.0545255666666664,11.3578841244373,11.308681685909434,20456442247.9522,32646799831.309265,54.9959297180176,54.07537968953451,0.7407206,0.7126771666666666,20265.99,19554.043333333335,111.30450319576,114.509997143657,2.09199838997655,3.1784569030201104,95.4930417368105,95.37629824301355
NLD,Netherlands,2005,1.171611,678350164553.838,669195327358.1458,2.2,2.0,1.9272495,1.9910390333333332,11.4700426777688,11.3625568016724,139920688181.89,61954057259.3917,56.7709884643555,55.33938217163087,0.7008052,0.7072247333333334,21716.81,20536.63666666667,116.958160026939,113.67089586045667,1.26364739183177,2.2143922763119934,95.9073096275993,95.57632623075627
NLD,Netherlands,2006,1.251801,692147558366.871,678480192812.0237,2.7,2.266666666666667,1.9779286,1.9640407666666668,11.1632826932179,11.330403165141334,209888825342.073,123421985257.30507,58.7895011901855,56.85213979085287,0.7482467,0.7299241666666667,24421.03,22134.61,122.255849523252,116.83950424865033,1.6881301786962,1.6812586535015068,94.8766743108031,95.42567522507096
NLD,Netherlands,2007,1.327031,716631413729.704,695709712216.8043,3.1,2.6666666666666665,1.793438,1.8995387000000001,10.8698765534362,11.167733974807634,375506013118.292,241771842214.085,59.8265113830566,58.4623336791992,0.8210378,0.7566965666666667,25054.53,23730.789999999997,127.195613539333,122.13654102984133,1.10150106517709,1.3510928785683534,94.3671499627051,95.05037796703584
NLD,Netherlands,2008,1.390091,744474740255.869,717751237450.8146,3.7,3.1666666666666665,1.8554736,1.8756134,10.9184543529559,10.98387119987,733826501994.516,439740446818.2937,60.3940391540527,59.67001724243159,0.9221182,0.8304675666666667,25817.72,25097.76,129.798241740597,126.41656826772733,1.61385859802102,1.4678299472981033,94.5858117822196,94.6098786852426
NLD,Netherlands,2009,1.440768,760233900200.237,740446684728.6034,3.9,3.5666666666666664,1.7453699,1.7980938333333334,10.9418188812042,10.910049929198768,195530109750.281,434954208287.6963,61.0170593261719,60.41253662109373,0.9119754,0.8850438,26794.65,25888.966666666664,130.152049980117,129.04863508668234,2.48650198289457,1.7339538820308933,94.1282842160803,94.36041532033501
NLD,Netherlands,2010,1.175554,732369119343.411,745692586599.839,4.4,4.0,1.6683007,1.7563814000000002,10.5716574831758,10.8106435724453,203201497699.408,377519369814.73505,61.4280090332031,60.94636917114257,1.007247,0.9471135333333334,28747.75,27120.039999999997,115.109660363107,125.01998402794034,1.18977687021548,1.7633791503770233,94.0069143661391,94.24033678814634
NLD,Netherlands,2011,1.270733,742031413974.447,744878144506.0316,3.9,4.066666666666667,1.646277,1.6866492,11.2017265434693,10.905067635949768,55216217341.4169,151315941597.0353,63.7049789428711,62.05001576741537,0.9517888,0.9570037333333333,29400.04,28314.146666666667,130.081707935343,125.11447275952234,1.27530569556679,1.6505281828922798,94.5484584126118,94.22788566494374
NLD,Netherlands,2012,1.204546,755190192159.834,743196908492.564,4.7,4.333333333333333,1.7926864,1.7024213666666668,10.4278277326273,10.7337372530908,356497878982.879,204971864674.56796,75.518798828125,66.88392893473306,0.9335251,0.9641869666666666,30229.23,29459.006666666668,141.757099325776,128.98282254140864,2.34107017751373,1.6020509144320003,92.6810741771211,93.745482318624
NLD,Netherlands,2013,1.175608,747805361887.684,748342322673.9883,4.9,4.500000000000001,1.7611187,1.7333606999999998,10.2418555171895,10.6238032644287,261353750744.147,224355949022.8143,75.8141632080078,71.67931365966797,0.9092329,0.9315156,31031.95,30220.406666666666,149.393223058131,140.41067677308334,2.45554765291614,2.0239745086655536,92.1672502420073,93.13226094391341
NLD,Netherlands,2014,1.159986,747579281182.565,750191611743.361,5.0,4.866666666666667,1.759796,1.7712003666666665,10.0780436970437,10.249242315620167,324371071610.922,314074233779.316,77.26282501220703,76.19859568277995,0.9116073,0.9181217666666667,31621.17,30960.78333333333,150.651850226949,147.26739087028534,2.50689852657875,2.434505452336207,93.8302506850123,92.8928583680469
NLD,Netherlands,2015,1.249586,759634819525.581,751673154198.61,5.6,5.166666666666667,1.663238,1.7280509000000002,9.59164086966339,9.970513361298863,144140814142.929,243288545499.33264,78.71148681640626,77.26282501220703,0.8708826,0.8972409333333333,31939.52,31530.88,151.715891056501,150.58698811386031,0.976035079699679,1.9794937530648564,93.2981887679315,93.09856323165036
NLD,Netherlands,2016,1.220695,775743675302.734,760985925336.96,5.8,5.466666666666666,1.7856938,1.7362426,9.99734178248626,9.88900878306445,376007766143.543,281506550632.46466,80.1601486206055,78.71148681640626,0.9381171,0.906869,31744.65,31768.446666666667,160.325812564809,154.23118461608635,0.600248147278776,1.3610605845190682,92.0358227419405,93.05475406496144
NLD,Netherlands,2017,1.080668,794549918521.022,776642804449.7789,5.6,5.666666666666667,1.9568543,1.8019287000000002,10.028805106001,9.872595919383551,277348123316.99,265832234534.4873,79.8454895019531,79.57237497965495,0.9983025,0.9357674,31496.18,31726.783333333336,150.96552921165,154.33574427765333,0.316666666666652,0.6309832978817024,NaN,NaN
NLD,Netherlands,2018,1.07995,816650691531.918,795648095118.558,6.4,5.933333333333334,1.9684193,1.9036558000000001,9.81688717537774,9.947678021288333,201143110342.962,284832999934.49835,83.2009887695312,81.0688756306966,0.9793451,0.9719215666666666,31643.49,31628.10666666667,159.646059656847,156.979133811102,1.38145871407216,0.7661245093391958,NaN,NaN
NLD,Netherlands,2019,1.051283,835096710412.613,815432440155.1842,7.4,6.466666666666666,1.9366985,1.9539907,9.46486529650368,9.77018585929414,-285034722651.706,64485503669.41534,83.652473449707,82.23298390706377,1.015586,0.9977445333333333,32093.15,31744.273333333334,163.559146573044,158.056911813847,1.70349794744479,1.1338744427278673,NaN,NaN
NLD,Netherlands,2020,1.049749,854304699526.719,835350700490.4166,8.6,7.466666666666666,1.8629208,1.9226795333333333,9.10784361996519,9.463198697282204,-127784845859.2,-70558819389.31467,84.49477767944336,83.78274663289385,0.9701689,0.9883666666666667,32282.4,32006.346666666668,160.676671884999,161.29395937163,2.63369910249591,1.9062185880042868,NaN,NaN
NLD,Netherlands,2021,0.8459405,821260592382.701,836887334107.3444,10.7,8.899999999999999,1.7647356,1.854784966666667,8.15069804775965,8.907802321409507,-220886475395.815,-211235347968.90698,85.3370819091797,84.49477767944335,0.9924725,0.9927424666666665,33060.81,32478.786666666667,152.233230409706,158.8230162892497,1.27246037789161,1.8698858092774364,NaN,NaN
NLD,Netherlands,2022,0.6497334,872809729132.839,849458340347.4196,12.2,10.5,1.8243489,1.8173351,8.32113351224123,8.526558393322022,-115702946625.041,-154791422626.68533,89.3898620605469,86.40724054972333,0.777357,0.9133328000000001,34933.42,33425.543333333335,163.154842689698,158.68824832813434,2.67572008805385,2.193959856147123,NaN,NaN
NLD,Netherlands,2023,0.5949941,916513359459.671,870194560325.0703,NaN,NaN,1.7233662,1.7708169,7.52014775225465,7.9973264374185105,15457596582.8886,-107043941812.6558,NaN,NaN,0.5280821,0.7659705333333333,34311.17,34101.799999999996,184.107484252682,166.498519117362,10.0012078753473,4.649796113764253,NaN,NaN
NOR,Norway,1999,0.3226017,288922351936.679,279207316297.06964,59.5,58.73333333333333,1.340771,1.3489685499999997,10.1779682741415,9.784415131947696,5645870320.85841,4662658397.19305,NaN,NaN,1.26118,1.1775526666666665,5207.28,5051.84,71.6226841846104,71.32600562174888,2.25241329996429,2.0272897168706066,54.0349060277142,53.6867130511273
NOR,Norway,2000,0.3395167,294908959350.633,288414549942.41,59.4,59.23333333333333,1.29064305,1.3267942,10.4707330689774,10.159673557041565,5822113545.61373,5327531082.03404,NaN,NaN,0.9463666,1.1122625333333331,4792.49,5052.656666666667,69.5067285818851,71.09436976621397,2.36596736596733,2.3951013416447133,55.196027502561,54.5993223833874
NOR,Norway,2001,0.3005788,304696827580.115,296176046289.14233,60.2,59.699999999999996,1.2405151,1.29064305,9.30078087859475,9.983160740571217,8332062185.99552,6600015350.822553,NaN,NaN,1.072823,1.0934565333333333,5063.27,5021.013333333333,74.3125187193698,71.81397716195511,3.08550609131279,2.5679622524148034,54.3436032668985,54.524845599057905
NOR,Norway,2002,0.3234807,310995308438.91,303533698456.5527,59.6,59.73333333333334,1.33363435,1.2882641666666668,9.367707700314,9.713073882628718,3190216069.0008,5781463933.536683,69.9630813598633,NaN,1.052031,1.0237402,5159.27,5005.01,73.1583039085777,72.32585040327753,3.00419703998233,2.8185568324208163,55.6490266586801,55.06288580937987
NOR,Norway,2003,0.3156076,315279446147.563,310323860722.196,59.5,59.76666666666667,1.4267536,1.3336343499999999,9.16323116929134,9.277239916066696,3011752930.34114,4844677061.779153,72.3173294067383,NaN,1.113474,1.0794426666666668,5168.99,5130.51,67.5170140875686,71.66261223850536,1.28672528415184,2.4588094718156532,53.5206112714822,54.504413732353605
NOR,Norway,2004,0.3347836,318258551154.607,314844435247.0266,56.2,58.43333333333334,1.4191127,1.3931668833333333,9.73649765436142,9.422478841322253,4179380423.17369,3460449807.5052094,77.970588684082,73.41699981689453,1.265578,1.1436943333333334,5343.55,5223.936666666667,66.3207509412935,68.99868964581326,2.48782553461781,2.2595826195839934,58.8746410565072,56.01475966222316
NOR,Norway,2005,0.3499799,331035320834.205,321524439378.7917,56.9,57.53333333333333,1.5761098,1.4739920333333334,9.7760844615857,9.558604428412819,4918494986.32395,4036542779.94626,78.612548828125,76.30015563964844,1.223481,1.2008443333333334,5842.12,5451.553333333333,68.671953774992,67.5032396012847,0.454498502220863,1.4096831069968376,51.7425762356891,54.71260952122617
NOR,Norway,2006,0.3501401,339924026052.237,329739299347.01636,58.6,57.23333333333333,1.6422973,1.5458399333333332,9.3683698473663,9.62698398777114,10058759829.6279,6385545079.708512,78.4450302124023,78.34272257486977,1.296416,1.2618250000000002,6829.89,6005.186666666667,70.4694504909023,68.48738506906261,1.53213367609249,1.4914859043103876,50.4825403147943,53.69991920233019
NOR,Norway,2007,0.4164162,348291164569.533,339750170485.325,57.0,57.5,1.4781227,1.5655099333333335,9.44326328556989,9.529239198173963,11877923790.1756,8951726202.042482,77.9310684204102,78.32954915364583,1.274767,1.264888,7248.79,6640.266666666666,71.6599299465003,70.26711140413154,2.3293498075755,1.438660661962951,52.3316708020658,51.51892911751639
NOR,Norway,2008,0.3769784,358440508444.307,348885233022.0257,57.4,57.666666666666664,1.554125,1.5581816666666668,9.5358549616035,9.449162698179896,24806091102.6882,15580924907.497232,77.0373611450195,77.80448659261066,1.42145,1.3308776666666666,7799.09,7292.59,71.9420263082298,71.35713558187747,0.712589073634201,1.5246908524340637,56.1688546234192,52.99435524675977
NOR,Norway,2009,0.441557,360167903328.752,355633192114.1973,58.5,57.63333333333333,1.6201132,1.5507869666666665,9.87892316868461,9.619347138619332,20578219685.1148,19087411525.992867,73.5914688110352,76.18663279215497,1.286164,1.3274603333333335,7992.95,7680.276666666668,74.7852799340995,72.79574539627653,3.75393081761005,2.2652898996065836,64.944290529186,57.81493865155701
NOR,Norway,2010,0.3431544,353179332378.308,357262581383.789,56.7,57.53333333333333,1.6011759,1.5918047,9.34509433751263,9.58662415593358,8635762892.0964,18006691226.633133,73.0674514770508,74.5654271443685,1.284469,1.3306943333333334,8868.25,8220.096666666666,67.4643154601855,71.3972072341716,2.19738586853568,2.2213019199266437,65.9968201450269,62.369988432544034
NOR,Norway,2011,0.3247007,355959036888.204,356435424198.4213,56.0,57.06666666666666,1.6371606,1.619483233333333,9.81436424221947,9.67946058280557,21634265662.593,16949416079.934732,72.1170806884766,72.9253336588542,1.127056,1.232563,9078.32,8646.506666666666,68.2395193584281,70.16303825090436,2.41890639481003,2.7900743603185862,67.7236818992226,66.2215975244785
NOR,Norway,2012,0.2850864,359894719457.521,356344362908.011,56.0,56.23333333333333,1.7953532,1.6778965666666668,9.47669413505272,9.545384238261606,10296323075.6965,13522117210.128632,71.0614166259766,72.08198293050134,1.134261,1.1819286666666666,9707.54,9218.036666666667,69.5987336334833,68.4341894840323,1.2849515880916,1.9670812838124363,58.8607482371614,64.19375009380364
NOR,Norway,2013,0.2345061,369676511271.49,361843422539.07166,56.9,56.300000000000004,1.8217161,1.7514099666666667,9.2436037096601,9.511554028977429,27897968327.9334,19942852355.407635,71.7047576904297,71.62775166829431,1.052782,1.1046996666666666,10328.16,9704.673333333334,68.4985528389766,68.77893527696267,0.696864111498263,1.4669073647999642,58.8096111320329,61.79801375613897
NOR,Norway,2014,0.1655188,373433130118.312,367668120282.441,56.6,56.5,1.91434,1.8438031,9.22857857758341,9.31629214076541,-1368607170.8397,12275228077.596733,75.8635787963867,72.87658437093101,0.8636345,1.0168925,10371.73,10135.81,67.9727925936832,68.69002635538104,2.12048620353112,1.3674339677069944,65.6116716169172,61.09401032870384
NOR,Norway,2015,0.2164717,381081533571.259,374730391653.687,55.8,56.43333333333334,1.7656125,1.8338895333333332,9.1470465028638,9.206409596702436,3242240088.15462,9923867081.74944,78.109977722168,75.22610473632812,0.6609044,0.8591069666666667,10660.66,10453.516666666666,69.1373772209037,68.53624088452116,2.04170286707211,1.6196843940338308,58.7135472017842,61.044943316911436
NOR,Norway,2016,0.2122096,388159512245.53,380891391978.367,56.5,56.300000000000004,1.7813823,1.8204449333333335,9.24221086700149,9.205945315816233,7274086872.47209,3049239929.929003,79.206428527832,77.7266616821289,0.8852708,0.8032699,10715.99,10582.793333333333,70.431856540017,69.18067545153463,2.17113665389527,2.1111085748328335,67.1990935878789,63.8414374688601
NOR,Norway,2017,0.2555919,392680500171.757,387307181996.18207,57.7,56.666666666666664,1.8051537,1.7840495,9.04975223129384,9.14633653371971,-18668572814.4236,-2717415284.5989633,81.8827285766602,79.73304494222006,0.7909673,0.7790474999999999,11388.28,10921.643333333333,69.1168423974699,69.5620253861302,3.55000000000007,2.5876131736558166,NaN,NaN
NOR,Norway,2018,0.2867209,402355151331.034,394398387916.107,58.9,57.699999999999996,1.8376808,1.8080722666666666,8.98402264330578,9.091995247200371,5900604723.78859,-1831293739.38764,83.7353363037109,81.60816446940103,0.9493062,0.8751814333333333,11973.4,11359.223333333333,69.1087817621061,69.552493566531,1.87510059552545,2.5320790831402635,NaN,NaN
NOR,Norway,2019,0.298674,405690399924.369,400242017142.3867,58.9,58.5,1.8168864,1.8199069666666665,8.78033462878555,8.93803650112839,-5664319361.82195,-6144095817.485653,85.3883514404297,83.66880544026692,1.178315,0.9728628333333335,12413.22,11924.966666666667,70.0031957894984,69.40960664969147,2.76483134528797,2.729977313604497,NaN,NaN
NOR,Norway,2020,0.3286207,410249333418.695,406098294891.36597,59.8,59.199999999999996,1.7665668,1.8070446666666669,8.47933467666537,8.747897316252233,16329824317.6769,5522036559.88118,85.7633819580078,84.9623565673828,1.392501,1.1733740666666665,12827.31,12404.643333333333,70.8958205272987,70.0025993596344,2.16773003305411,2.269220657955843,NaN,NaN
NOR,Norway,2021,0.2947056,405005642242.722,406981791861.9287,60.9,59.86666666666667,1.6975606,1.7603379333333333,8.12493784244745,8.461535715966123,-3281320956.65563,2461394666.3997736,87.1685333251953,86.10675557454427,1.472405,1.3477403333333333,13480.21,12906.913333333332,65.3539790413323,68.7509984527098,1.28658490707996,2.0730487618073465,NaN,NaN
NOR,Norway,2022,0.2596418,420836044191.958,412030339951.125,61.4,60.699999999999996,1.6492378,1.704455066666667,8.21471362641264,8.27299538184182,18355008694.1956,10467837351.738956,93.9243011474609,88.95207214355467,1.206619,1.357175,14194.52,13500.68,71.2227137759599,69.15750444819697,3.48388055266669,2.3127318309335863,NaN,NaN
NOR,Norway,2023,0.2159873,434497344228.607,420113010221.09564,NaN,NaN,1.5730046,1.6399343333333334,7.9798582660803,8.10650324498013,14278134699.4272,9783940812.32239,97.6419830322266,92.91160583496094,1.160226,1.27975,14068.95,13914.56,82.6094798361389,73.06205755114371,5.76412317852272,3.5115295460897897,NaN,NaN
NPL,Nepal,2000,0.002845112,12648180059.6101,12173598746.487467,88.0,89.73333333333333,-0.6777698,-0.6407086333333332,0.138286942213409,0.11690097197735867,4351068.68212705,13144065.448750615,4.273859977722168,4.425869941711425,NaN,NaN,85.08,78.86666666666666,52.5669812534353,57.77070581271064,7.45111260957546,7.568522998889557,12.5042255442993,10.695792074796266
NPL,Nepal,2006,0.003044696,15869604827.464,15285224866.775534,89.5,89.73333333333335,-0.493822999999999,-0.596335666666666,0.124510356693779,0.12296724720844066,2451784.70709983,5604174.643236379,7.15422010421753,5.920116583506267,3.385901833333333,3.5465356666666668,295.24,251.4333333333333,44.0629474798613,44.819372605363164,6.83633265892877,5.128384430055317,10.6450887850954,10.318978619685456
NPL,Nepal,2007,0.001669672,16403555897.1058,15869732360.514135,91.2,90.33333333333333,-0.5144183,-0.537890566666666,0.102106403341938,0.11303925569429833,-6647983.90370767,-1537848.5268373785,7.62671995162964,6.825239976247153,3.225268,3.3859018333333335,361.82,293.9433333333333,44.7619877569242,44.99074065246473,6.92033580707589,5.532826592831487,8.82874408100488,9.725826209869783
NPL,Nepal,2008,0.009671593,16963173094.5667,16412111273.045502,91.3,90.66666666666667,-0.503731199999999,-0.5039908333333326,0.104220125567352,0.11027896186768966,5741706.05320872,515168.95220029325,9.50374031066895,8.094893455505373,0.765715,2.458961611111111,388.75,348.6033333333333,44.5792750200254,44.468070085603635,2.26921924439074,5.341962570131801,8.61367092596663,9.362501264022303
NPL,Nepal,2009,0.005749439,17998713599.3171,17121814196.996536,90.5,91.0,-0.6423609,-0.5535034666666664,0.114316256772823,0.10688092856070434,995123.930669508,29615.360056852613,10.4749002456665,9.201786835988363,2.819721,2.2702346666666666,353.61,368.06,46.0362063511913,45.12582304271363,9.9078300530648,6.36579503484381,9.88526963445909,9.1092282138102
NPL,Nepal,2010,0.0029155,18814609456.1982,17925498716.694,88.9,90.23333333333333,-0.7285532,-0.6248817666666664,0.149560032583773,0.12269880497464934,38271269.9748301,15002699.98623611,10.4467401504517,10.141793568929051,2.43134,2.005592,387.07,376.4766666666667,47.0794477633688,45.8983097115285,11.0948237386987,7.757291012051414,11.0396266206227,9.846189060349474
NPL,Nepal,2011,0.005082612,19720799061.8121,18844707372.442467,87.3,88.89999999999999,-0.835548499999999,-0.735487533333333,0.175005793295226,0.14629402755060736,87741711.6305985,42336035.17869937,13.3236488235053,11.415096406541167,0.9714978,2.0741862666666666,381.93,374.2033333333334,45.9849057742707,46.36685329627693,9.32650410745395,10.10971929973915,12.5967441070587,11.173880120713498
NPL,Nepal,2012,0.004296743,20395607080.0478,19643671866.019363,87.0,87.73333333333335,-0.8068972,-0.7903329666666664,0.195186556140448,0.17325079400648236,94022157.1167851,73345046.2407379,13.2867385971183,12.3523758570251,1.439207,1.6140149333333333,390.74,386.58,36.296758890097,43.12037080924549,9.2270754612596,9.88280110247075,12.9857142706057,12.2073616660957
NPL,Nepal,2013,0.00512773,21348110877.0432,20488172339.63437,84.7,86.33333333333333,-0.7926961,-0.811713933333333,0.226080233042303,0.198757527492659,91954196.0964528,91239354.94794546,14.37934746619035,13.663244962271316,1.064602,1.1584356,395.9,389.5233333333333,37.921906058758,40.06785690770857,9.45980980357125,9.337796457428267,15.1088351639047,13.563764513856365
NPL,Nepal,2014,0.0005876407,22100664484.6361,21281460813.909035,86.0,85.89999999999999,-0.813687899999999,-0.8044270666666663,0.228209529280106,0.21649210615428569,74179632.6147952,86718661.94267769,15.4719563352624,14.379347466190351,1.585796,1.3632016666666666,458.01,414.8833333333334,41.8653757376722,38.6946802288424,9.04016311917645,9.242349461335769,13.4529612543368,13.849170229615732
NPL,Nepal,2015,0.003748599,23429242138.2095,22292672499.962933,84.0,84.89999999999999,-0.716785799999999,-0.7743899333333327,0.265694626083707,0.23999479613537197,30402676.784735,65512168.498661004,13.2380540463977,14.363119282616816,0.2262828,0.9588936,507.32,453.74333333333334,45.9826416115927,41.923307802674294,8.36415469659563,8.954709206447777,15.1763198580422,14.579372092094568
NPL,Nepal,2016,0.0007535852,24360801286.7638,23296902636.53647,85.2,85.06666666666666,-0.6993283,-0.7432673333333327,0.263161214520219,0.2523551232946773,51895699.9282915,52159336.442607224,12.282886814704,13.6642990654547,0.8271142,0.8797309999999999,539.03,501.4533333333333,46.6657303895158,44.837915912926896,7.86890895590891,8.424408923893663,14.4302812274562,14.353187446611734
NPL,Nepal,2017,0.004298672,24466311259.2881,24085451561.420467,79.4,82.86666666666667,-0.6483257,-0.6881465999999996,0.385041034199327,0.30463229160108435,105996375.590658,62764917.4345615,11.0932748536215,12.204738571574401,0.1550229,0.40280663333333333,627.01,557.7866666666666,42.115486124737,44.9212860419485,8.7903433200464,8.34113565751698,NaN,NaN
NPL,Nepal,2018,0.004132914,26662720369.2492,25163277638.4337,76.8,80.46666666666665,-0.656910099999999,-0.6681880333333331,0.471231959664218,0.3731447361279214,196265098.563574,118052391.36084116,11.4357824790838,11.603981382469767,0.9577015,0.6466128666666667,693.49,619.8433333333334,44.6424106224996,44.47454237891747,2.77703998300211,6.478764086319139,NaN,NaN
NPL,Nepal,2020,0.0009696687,30605298792.5448,28654357452.3799,78.2,76.66666666666667,-0.5734193,-0.607301033333333,0.473751308506942,0.49217943356910365,185563265.634425,150030052.71399918,13.8072821953912,12.618920179346667,0.82889015,1.0596402166666667,1054.19,862.7833333333334,49.2495265874454,47.44644138535057,5.56616035243723,4.249931479065493,NaN,NaN
NPL,Nepal,2021,0.00128974,29880069318.7261,29726807102.205536,73.1,75.43333333333334,-0.663949999999999,-0.6096476666666663,0.568109987739662,0.5244721095942517,126626337.460302,126817132.34624188,14.2002391888535,13.540405749269901,0.2654513,0.82889015,1513.19,1136.0166666666667,40.9188741243442,46.2052625526321,5.05635826238499,5.009704238859786,NaN,NaN
NPL,Nepal,2022,0.002156195,31325711777.1674,30603693296.1461,73.7,75.0,-0.6375284,-0.6249658999999997,0.589753828751882,0.5438717083328287,196326024.034829,169505209.04318535,15.243139284484,14.416886889576233,0.3495524,0.4812979499999999,1797.2,1454.86,43.0538047919129,44.40740183456751,4.12676744440695,4.9164286864097235,NaN,NaN
NZL,New Zealand,1999,0.1216545,109799263892.122,108437099920.48833,27.3,26.933333333333337,1.7168967,1.6941823999999999,7.981625163827,8.08520293982538,1825772780.0,2553948870.0,NaN,NaN,0.8979783,1.0875474333333333,4110.31,3962.5833333333335,57.8960178233763,56.08635076752463,1.26524409915406,1.57936849474411,68.905308850181,69.7620554174035
NZL,New Zealand,2000,0.1128561,115703970647.011,111455998800.045,26.4,26.53333333333333,1.6680727499999999,1.6930506166666666,8.35222028108785,8.20724528432519,941464110.0,1561564560.0,NaN,NaN,0.6403237,0.902243,4361.2,4166.493333333333,61.4012311333669,58.1813708260619,-0.114267129777524,0.7793751001442853,70.4522975229278,70.21142987414724
NZL,New Zealand,2001,0.2212905,119024733715.31,114842656084.81433,26.4,26.7,1.6192488,1.6680727499999997,8.55385333229644,8.295899592403764,-1507812033.25805,419808285.58065003,NaN,NaN,0.5562891,0.6981970333333334,4324.72,4265.41,68.5169268768932,62.6047252778788,2.6152344624632,1.2554038106132452,68.8881845242933,69.41526363246736
NZL,New Zealand,2002,0.1229401,123084659196.388,119271121186.23633,24.6,25.8,1.6884817,1.6586010833333333,8.99577374049736,8.63394911796055,259321576.79631,-102342115.48724668,NaN,NaN,1.144089,0.7802339333333334,4412.78,4366.233333333334,67.2338243520418,65.71732745410063,2.62581630392903,1.7089278788715685,71.942121277583,70.42753444160137
NZL,New Zealand,2003,0.16749,128886227124.252,123665206678.65001,26.6,25.866666666666664,1.7577146,1.6884816999999999,8.864910725592,8.804845932795267,2848556986.63851,533355510.0589234,NaN,NaN,0.6794284,0.7932688333333333,4373.95,4370.483333333334,62.6559945554479,66.13558192812762,2.67709257711605,2.63938111450276,69.9539287425898,70.26141151482203
NZL,New Zealand,2004,0.1580741,134980022138.236,128983636152.95866,25.9,25.7,1.8612532,1.7691498333333335,8.91989471593166,8.92685972734034,-3363941288.04299,-85354241.53605665,NaN,NaN,0.8647889,0.8961020999999999,4522.51,4436.413333333333,57.914769345753,62.601529417747564,1.75357444759557,2.3521611095468833,70.3017045464529,70.7325848555419
NZL,New Zealand,2005,0.1471338,140497957984.618,134788069082.36867,28.2,26.899999999999995,1.8965959,1.8385212333333332,8.69032415902141,8.82504320018169,2319819298.42871,601478332.34141,NaN,NaN,0.8268211,0.7903461333333333,4947.7,4614.72,58.7995522745359,59.79010539191227,2.29024902847571,2.2403053510624433,68.49680449223,69.58414592709089
NZL,New Zealand,2006,0.1823773,145208752801.012,140228910974.62198,26.8,26.96666666666667,1.8626031,1.8734840666666666,8.75495294999879,8.788390608317286,1906665963.75812,287514658.04794663,NaN,NaN,0.7833224,0.8249774666666667,5448.08,4972.763333333333,58.0187434407163,58.244355020335064,3.03702332617012,2.3602822674137998,68.5324652619446,69.11032476687583
NZL,New Zealand,2007,0.1821056,149245237527.889,144983982771.173,27.0,27.333333333333332,1.7941668,1.8511219333333333,8.67562013095636,8.706965746658852,2912645686.56863,2379710316.25182,NaN,NaN,0.9624295,0.8575243333333334,5769.72,5388.5,59.6032650403479,58.80718691853337,3.36540196171993,2.8975581054552535,67.8399329256327,68.28973422660243
NZL,New Zealand,2008,0.1503639,153806793428.762,149420261252.55432,27.0,26.933333333333334,1.7955232,1.8174310333333334,8.30766134760169,8.579411476185612,4335506075.93739,3051605908.7547135,NaN,NaN,0.9809522,0.9089013666666667,6148.62,5788.806666666666,58.4251605749091,58.68238968532443,2.37614310290659,2.9261894635988797,67.5348520825046,67.96908342336063
NZL,New Zealand,2009,0.1912715,152242519171.133,151764850042.5947,26.1,26.7,1.8177911,1.8024937,8.49532841917461,8.492869965910886,2591966537.02926,3280039433.1784267,NaN,NaN,0.9239981,0.9557932666666668,6434.48,6117.606666666667,64.2611448527979,60.763190156018304,3.9589493731206,3.2334981459157066,66.5570031724143,67.31059606018387
NZL,New Zealand,2010,0.1398429,152185479818.28,152744930806.05832,28.5,27.2,1.828573,1.8139624333333335,7.7665829963278,8.189857587701367,-52385533.2387366,2291695693.242638,NaN,NaN,1.12724,1.0107301,6683.61,6422.236666666667,55.0143501856026,59.2335518711032,2.1156511055456,2.81691452719093,64.1345744862483,66.07547658038906
NZL,New Zealand,2011,0.149507,154405312544.983,152944437178.132,29.4,28.0,1.7182417,1.7882019333333332,7.68715379134392,7.983021735615442,286306902.975605,941962635.5887095,NaN,NaN,0.9019307,0.9843896,6962.2,6693.43,58.1047406012087,59.126745213203066,2.30202385958572,2.79220811275064,62.1988970278748,64.29682489551247
NZL,New Zealand,2012,0.1378506,157637781921.494,154742858094.91898,30.3,29.400000000000002,1.9708492,1.8392213000000002,7.46138229927007,7.638373028980596,1378410924.39878,537444098.0452162,NaN,NaN,1.025573,1.0182479,7675.32,7107.043333333334,59.1724105593848,57.43050044873203,4.0279066739204,2.815193879683907,60.7590230039947,62.3641648393726
NZL,New Zealand,2013,0.1258138,161367975232.595,157803689899.69067,28.8,29.5,1.9928169,1.8939692666666668,7.89151788752524,7.6800179927130765,3846884018.51781,1837200615.2973983,NaN,NaN,0.9559951,0.9611662666666666,7759.43,7465.650000000001,56.9087671962042,58.06197278559924,1.05991318445632,2.4632812393208137,63.3596612779002,62.1058604365899
NZL,New Zealand,2014,0.2041464,165546666710.166,161517474621.41833,28.3,29.133333333333336,1.9265097,1.9633919333333332,7.78476396299048,7.712554716595264,-69519935.42003,1718591669.16552,80.388542175293,NaN,0.7822904,0.9212861666666666,7808.07,7747.606666666667,55.9861241102171,57.35576728860203,1.13442266445817,2.0740808409449634,61.7042443053812,61.94097619575871
NZL,New Zealand,2015,0.1193633,171881119396.758,166265253779.83963,29.0,28.7,2.0123173,1.9772146333333334,7.81374958485553,7.830010478457083,3251563602.30938,2342975895.13572,80.7100067138672,NaN,1.182206,0.9734971666666667,7997.3,7854.933333333333,55.0986550961851,55.9978488008688,1.227507505974,1.1406144516294967,60.8657651177121,61.97655690033116
NZL,New Zealand,2016,0.08044522,178224167087.99,171883984398.30466,29.3,28.866666666666664,2.0128965,1.9839078333333333,7.67750683386124,7.758673460569082,-73372796.4211761,1036223623.4893913,82.1818466186523,81.09346516927083,0.8791627,0.9478863666666667,7892.26,7899.21,54.851331734287,55.31203698022973,0.292704628136101,0.8848782661894236,59.8676753319445,60.812561585012595
NZL,New Zealand,2017,0.107825,184959455627.068,178354914037.272,30.1,29.46666666666667,2.059195,2.028136266666667,7.36993275492671,7.620396391214492,2008111275.18133,1728767360.3565114,81.8633575439453,81.58507029215492,0.6919575,0.9177754,8203.8,8031.12,52.4062478142589,54.118744881576994,0.646240284454524,0.7221508061882083,NaN,NaN
NZL,New Zealand,2018,0.0565176,191208740301.496,184797454338.85132,28.4,29.266666666666666,2.0795821,2.050557866666667,7.53415323250789,7.527197607098613,2390035935.47737,1441591471.412508,81.2698593139648,81.7716878255208,0.9720608,0.8477269999999999,8178.13,8091.396666666667,54.1432970416804,53.8002921967421,1.85078767452536,0.929910862371995,NaN,NaN
NZL,New Zealand,2019,0.09786074,197844796498.754,191337664142.43933,28.9,29.133333333333336,1.9706404,2.0364725,7.27125249969391,7.391779495709503,2456550920.15587,2284899376.93819,81.2513122558594,81.46150970458984,0.633261,0.7657597666666667,8396.44,8259.456666666667,55.7664814899437,54.10534211529433,1.59829703801696,1.3651083323322812,NaN,NaN
NZL,New Zealand,2020,0.1008456,202429793153.827,197161109984.69235,28.0,28.433333333333334,1.970839,2.0070205,7.49357181659055,7.432992516264117,3074896211.8177,2640494355.81698,77.5843734741211,80.03518168131511,0.9413069,0.8488762333333333,8890.78,8488.45,54.4542971758367,54.78802523582027,1.61963190184048,1.6895722047942667,NaN,NaN
NZL,New Zealand,2021,0.08180176,201807833897.729,200694141183.43668,28.7,28.53333333333333,1.9329931,1.9581574999999998,6.83500906868543,7.199944461656631,4800458072.43248,3443968401.4686832,75.7348327636719,78.19017283121747,0.7754638,0.7833439000000001,8813.47,8700.230000000001,43.9772422862431,51.39934031734117,1.71456170007245,1.6441635466432967,NaN,NaN
NZL,New Zealand,2022,0.07187316,210960637812.921,205066088288.15903,28.9,28.53333333333333,1.8534819,1.9191046666666667,6.8263580222633,7.051646302513093,5304581495.29245,4393311926.51421,79.4128875732422,77.5773646036784,0.611361,0.7760439,9152.02,8952.089999999998,48.5412477650846,48.99092907572146,3.94112060778728,2.425104736566736,NaN,NaN
NZL,New Zealand,2023,0.06288872,218336637842.863,210368369851.171,NaN,NaN,1.8604747,1.8823165666666668,6.32162465316725,6.660997248038659,9806744153.22003,6637261240.314987,77.0104675292969,77.38606262207034,0.7017894,0.6962047333333334,9213.62,9059.703333333333,53.4761627655817,48.664884272303134,7.17222476016441,4.275969022674713,NaN,NaN
OMN,Oman,2003,0.004843084,47093635557.5669,46644069696.02549,0.0,0.0,0.7170181,0.37505910000000003,13.0297714300384,12.296778916837965,109232769.830949,65478110.09969648,12.90854787826534,11.485735893249482,NaN,NaN,247.47,230.76666666666665,83.6537485764543,83.19801110232733,-0.279578822571373,NaN,99.5617165080443,99.69642793468796
OMN,Oman,2004,0.001450221,46060087700.6298,46873189914.715126,0.0,0.0,0.7088289,0.6003020333333334,13.6147958622487,12.991093090142,24967490.2470741,46467273.51538784,14.3313598632812,12.908547878265338,2.553347,NaN,303.69,262.39666666666665,84.846636733578,84.3424626015775,0.231328682267143,-0.2883056023236287,99.3409440490517,99.53302949726132
OMN,Oman,2012,0.0007643507,64593279186.5623,62877066086.16583,0.0,0.0,0.7404489,0.8098656999999999,19.4168676625401,18.545561632056,1629144343.30298,1460343302.9908898,31.5563508791784,27.125645212761167,1.39899,1.4750439999999998,600.64,541.7900000000001,101.641731939942,96.5520739654968,4.0421886711639,3.5891928331663565,99.9907878576013,99.82019644932886
OMN,Oman,2015,0.001183768,74950483987.1606,73087678513.4309,0.0,0.0,0.7762583,0.8082722666666666,18.7456448430569,18.726844969432836,1286345903.77113,1421135418.29215,41.1818561581842,36.5614851417593,0.9947927333333333,1.1588643666666667,691.48,655.01,102.27872108813,105.63233441873466,1.01401483924156,1.6717659981576567,99.9851725001285,99.77626196606269
OMN,Oman,2017,0.002149336,82682873555.7961,78781383593.6427,0.0,0.0,0.6980709,0.7079488,18.3626186750392,18.687731827247166,2266070221.06632,459994798.4395334,46.8235059845958,44.398418912910394,1.31098855,1.0455007944444443,771.58,741.6933333333333,82.8642642018901,93.84018849175159,1.10920805807027,0.7295043434468299,NaN,NaN
OMN,Oman,2018,0.005166143,82934277088.5646,81442647960.77737,0.0,0.0,0.7080042,0.6851974333333333,17.9309674535791,18.416172697421235,2878543563.06892,990727351.5387969,43.5767818520195,45.19672747752217,1.791256,1.31098855,787.97,773.8566666666667,88.9531480182956,89.39833080180681,1.58909413567799,0.9211974422589733,NaN,NaN
OMN,Oman,2019,0.003138798,84001727416.2074,83206292686.85603,0.0,0.0,0.527985,0.6446867000000001,18.3513173579893,18.214967828869202,5600780234.07022,3581798006.0684867,44.9540216505645,45.118103162393275,3.084609,2.062284516666667,846.25,801.9333333333334,89.2792178262847,87.03221001549012,0.889312370970404,1.1958715215728881,NaN,NaN
OMN,Oman,2020,0.0113128,83053651985.4157,83329885496.72923,0.0,0.0,0.5010361,0.5790084333333333,18.6062766036459,18.296187138404765,1998179453.83615,3492501083.65843,45.1723183863131,44.567707296299034,1.424403,2.1000893333333335,982.36,872.1933333333333,86.4782010313236,88.23685562530129,0.490815362820671,0.9897406231563549,NaN,NaN
OMN,Oman,2021,0.002418263,80246670660.8581,82434016687.49373,0.1,0.03333333333333333,0.4719412,0.5003207666666666,18.1682818142278,18.375291925287666,1909492847.85435,3169484178.5869064,48.3754397440909,46.167259926989495,2.713648,2.407553333333333,1074.58,967.73,91.8758908014472,89.21110321968517,-0.40640291946585,0.3245749381084084,NaN,NaN
OMN,Oman,2022,0.00431239,82318780120.4001,81873034255.55797,0.1,0.06666666666666667,0.4254017,0.46612633333333325,19.4931188705775,18.755892429483733,8745643693.10793,4217771998.2661433,43.8433613964625,45.79703984228883,0.9480419,1.6953642999999998,1399.09,1152.01,95.9494877293305,91.43452652070043,1.68221185876085,0.5888747673718904,NaN,NaN
PAK,Pakistan,1999,0.002606882,150405247842.758,147420773596.28433,51.6,51.9,-0.806956999999999,-0.7224929499999995,0.682884187311321,0.6907605857185196,506000000.0,714743102.6535794,NaN,NaN,0.5770209,1.30192245,954.57,828.1033333333334,34.011725180531,36.39803937180563,6.22800415424543,9.325768543085944,57.5149804120954,57.48662285093106
PAK,Pakistan,2001,0.001791826,162552194688.572,156289240697.40167,51.0,50.93333333333334,-0.961433099999999,-0.8841950499999992,0.722433695019472,0.7110344648003583,308000000.0,448666666.6666667,NaN,NaN,0.4774218,0.5681730666666667,1036.55,993.5333333333333,21.4599638884654,29.26388395947433,4.36666451291681,4.912435282661317,58.8705902393189,58.526543197399896
PAK,Pakistan,2004,0.00413313,182196165734.208,174514399234.965,50.1,51.0,-0.935701599999999,-0.9315725833333328,0.703114269808277,0.704355001838361,534000000.0,579333333.3333334,2.37435007095337,NaN,0.5484471,0.4266071,1465.01,1349.756666666667,24.6501585248398,23.7854606364052,2.91413470059479,3.1175802908775,57.8858472589712,57.879056782414004
PAK,Pakistan,2005,0.007383541,196464413110.888,183840022096.25,47.9,49.800000000000004,-1.0151869,-0.9565849666666665,0.767369779199701,0.7216066997845236,1118000000.0,826000000.0,2.97886991500854,NaN,0.6702871,0.5484471000000001,1730.34,1515.4233333333334,24.8083348519064,24.195836443758434,7.44462469342739,4.549701373384569,59.7043390885215,58.3662196300113
PAK,Pakistan,2006,0.005175984,210760292372.08,196473623739.0587,48.0,48.666666666666664,-0.5838514,-0.8449132999999996,0.763286111855279,0.7445900536210855,2201000000.0,1284333333.3333333,4.32808017730713,3.2271000544230133,0.9402416,0.7196586000000001,2356.02,1850.4566666666667,29.8784940550747,26.445662477273633,9.06332737030417,6.474028921442117,60.083301790677,59.22449604605657
PAK,Pakistan,2007,0.001669672,223514741630.685,210246482371.21768,47.0,47.63333333333333,-0.470710099999999,-0.689916133333333,0.808708952431645,0.7797882811622084,4273000000.0,2530666666.6666665,4.39564990997315,3.900866667429607,0.6461396,0.7522227666666667,2796.17,2294.1766666666667,33.0497193672284,29.245516091403164,7.92108440058789,8.14301215477315,60.8864803722742,60.22470708382423
PAK,Pakistan,2008,0.002671711,233449556918.441,222574863640.40198,44.9,46.63333333333333,-0.522979299999999,-0.5258469333333328,0.877889118869624,0.8166280610521826,5590000000.0,4021333333.3333335,4.95792007446289,4.5605500539143895,0.1758985,0.5874265666666667,3335.15,2829.1133333333332,30.7878814312746,31.2386982845259,7.59868441050774,8.194365393799934,62.1988320192988,61.05620472741666
PAK,Pakistan,2009,0.01281646,238399717138.761,231788005229.29565,46.6,46.166666666666664,-0.6345983,-0.5427625666666659,0.825212305875015,0.837270125725428,5438000000.0,5100333333.333333,4.87824010848999,4.7439366976420105,0.2880733,0.3700371333333334,4076.38,3402.566666666667,34.3489608135242,32.72885387067573,20.2861210929554,11.935296634683676,61.3362219013266,61.47384476429986
PAK,Pakistan,2010,0.012495,246678267936.347,239509180664.51633,46.4,45.96666666666667,-0.6691879,-0.6089218333333329,0.823532021617383,0.8422111487873406,2338000000.0,4455333333.333333,5.97273015975952,5.269630114237466,1.478817,0.6475962666666667,4827.6,4079.7099999999996,33.3268872863988,32.82124317706587,13.6477650639761,13.844190189146412,60.7374726975706,61.42417553939867
PAK,Pakistan,2011,0.04034812,250382678707.751,245153554594.28635,47.4,46.800000000000004,-0.687742299999999,-0.6638428333333329,0.781255493557947,0.809999940350115,2022000000.0,3266000000.0,7.03303843576596,5.9613362346718235,1.414366,1.0604187666666667,5470.45,4791.4766666666665,31.9890020462315,33.22161671538483,12.9388705634889,15.624252240140132,59.9071928989717,60.66029583262297
PAK,Pakistan,2012,0.01861194,257093227079.837,251384724574.64502,46.8,46.86666666666667,-0.758093999999999,-0.7050080666666659,0.761925389822866,0.7889043016660654,1326000000.0,1895333333.3333333,7.31739557390399,6.774388056476489,2.606818,1.8333336666666666,6069.82,5455.956666666667,32.3626382751438,32.559509202591364,11.9160927116277,12.834242779697567,59.3461352338047,59.99693361011567
PAK,Pakistan,2013,0.01545419,264876940258.885,257450948682.15768,47.2,47.13333333333333,-0.80848,-0.751438766666666,0.756547286914094,0.766576056764969,859000000.0,1402333333.3333333,8.33303617018241,7.561156726617454,1.280712,1.7672986666666668,6483.15,6007.806666666666,31.3189732760076,31.89020453246097,9.68235186055684,11.512438378557812,59.161983175232,59.47177043600281
PAK,Pakistan,2014,0.01561818,276443758787.987,266137975375.56967,48.1,47.366666666666674,-0.8058791,-0.7908176999999997,0.761812998094914,0.760095224943958,1333000000.0,1172666666.6666667,8.71835995772812,8.122930567271506,1.420745,1.769425,7175.1,6576.0233333333335,30.8902743401844,31.5239619637786,7.69215611899565,9.76353356372673,59.1260941889175,59.211404199318075
PAK,Pakistan,2015,0.0115502,287823367553.405,276381355533.4257,47.2,47.5,-0.7484896,-0.7876162333333333,0.78969023760602,0.7693501742050093,1887000000.0,1359666666.6666667,8.74569228544475,8.599029471118428,1.4731,1.391519,7322.71,6993.653333333333,29.4698256903998,30.559691102197267,7.18938402847028,8.187964002674256,59.605298246196,59.29779187011516
PAK,Pakistan,2016,0.01285939,299963590534.773,288076905625.38837,45.9,47.06666666666666,-0.6860082,-0.7467923,0.820485873767654,0.7906630364895294,1673000000.0,1631000000.0,8.43556648904153,8.633206244071467,1.188236,1.360693666666667,8116.95,7538.253333333334,26.6881860172247,29.016095349269634,2.52932817254229,5.803622773336073,45.0901791226781,54.60719051926387
PAK,Pakistan,2017,0.007576409,319682711890.74,302489889992.97266,43.7,45.6,-0.6596324,-0.6980434,0.893970251114536,0.8347154541627367,2576000000.0,2045333333.3333333,8.31973903550878,8.500332603331687,0.8234971,1.1616110333333334,9294.65,8244.769999999999,24.7015780480573,26.95319658522727,3.7651191635658,4.4946104548594565,NaN,NaN
PAK,Pakistan,2018,0.01291536,333853050597.697,317833117674.4033,42.1,43.900000000000006,-0.664221899999999,-0.6699541666666663,0.955309760765795,0.8899219618826617,2496000000.0,2248333333.3333335,8.62228080260493,8.459195442385079,0.6734143,0.8950491333333334,11152.3,9521.3,25.472035002344,25.62059968920867,4.08537368032608,3.4599403388113896,NaN,NaN
PAK,Pakistan,2019,0.005405707,354390697428.203,335975486638.88,43.4,43.06666666666666,-0.662304799999999,-0.6620530333333327,0.891523323526385,0.9136011118022388,1737000000.0,2269666666.6666665,8.20683057963381,8.382950139249173,1.291905,0.9296054666666667,12370.03,10938.993333333334,27.6260570796337,25.93322337667833,5.07805725868917,4.30951670086035,NaN,NaN
PAK,Pakistan,2020,0.008533085,363242090361.647,350495279462.5157,45.9,43.800000000000004,-0.620266299999999,-0.6489309999999989,0.861524807145574,0.9027859638125847,2234000000.0,2155666666.6666665,11.103638528678,9.310916636972246,0.8575679,0.9409624000000001,15378.21,12966.846666666665,28.9055769867032,27.334556356226965,10.5780305672025,6.58048716873925,NaN,NaN
PAK,Pakistan,2021,0.00838331,358614068499.253,358748952096.3676,42.7,44.0,-0.7006155,-0.6610621999999994,0.947225728271823,0.900091286314594,2057000000.0,2009333333.3333333,11.7245978752314,10.345022327847737,0.8726086,1.0073605,16977.89,14908.71,26.7162807328814,27.749304933072764,9.74011619320125,8.46540133969764,NaN,NaN
PAK,Pakistan,2022,0.009882559,381973779235.3,367943312698.73334,41.6,43.400000000000006,-0.6543467,-0.6584094999999996,0.956817705203498,0.9218560802069651,2147000000.0,2146000000.0,12.3810012807012,11.736412561536866,0.5917351,0.7739705333333333,20753.75,17703.283333333333,27.0304204125548,27.5507593773798,9.49641577285205,9.938187511085266,NaN,NaN
PAK,Pakistan,2023,0.002830553,400224894618.857,380270914117.8033,NaN,NaN,-0.7653493,-0.7067705000000001,0.965826244537936,0.9566232260044188,1462000000.0,1888666666.6666667,10.5057175294292,11.537105561787266,0.7415774,0.7353070333333332,22642.68,20124.773333333334,33.031353478032,28.926018207822736,19.8738599646655,13.0367973102396,NaN,NaN
PAN,Panama,2002,0.00784724,20835595580.2716,20427013919.366436,24.0,28.46666666666667,0.48064465,0.5205545,2.02167297543571,1.8139051625955434,606800000.0,826033333.3333334,41.646728515625,41.2387555440267,NaN,NaN,59.24,50.85,135.584350668206,135.44656072356966,0.307062436028722,1.0177353738609507,80.6861401984075,76.08575916449236
PAN,Panama,2003,0.007264626,21358328188.2411,20944487580.854965,28.7,26.8,0.4404317,0.48064465000000006,1.72892465641361,1.8249128088497468,247100000.0,560566666.6666666,40.7841186523438,41.655985514322936,1.122743,NaN,50.59,50.86000000000001,126.024482739773,133.6022559032457,1.00583090379039,0.9372848186256274,75.3801786870994,77.27078192865768
PAN,Panama,2004,0.002175332,22446932303.4442,21546952023.985634,27.4,26.7,0.2683754,0.39648391666666666,1.71837982674187,1.8229924861970634,1050600000.0,634833333.3333334,44.2729110717773,42.23458607991537,1.152415,NaN,64.62,58.150000000000006,117.267478912327,126.29210410676866,0.391666666666657,0.5681866688285897,78.1730582998129,78.0797923951066
PAN,Panama,2005,0.009061619,24282115712.163,22695792067.949432,28.2,28.099999999999998,0.2422318,0.3170129666666666,1.69444397452598,1.7139161525604865,1277900000.0,858533333.3333334,43.0450782775879,42.700702667236335,0.5486839,0.9412806333333332,65.36,60.190000000000005,124.761756836196,122.684572829432,0.474723078204336,0.6240735495537943,74.2749020436312,75.94271301018117
PAN,Panama,2006,0.009134089,26291748099.167,24340265371.5914,22.8,26.133333333333336,0.3128875,0.2744982333333333,2.1436596030336,1.85216113476715,1104400000.0,1144300000.0,41.6649894714355,42.99432627360023,2.762558,1.4878856333333335,79.6,69.86,139.211164757519,127.080133502014,2.85588324760959,1.2407576641601943,77.2659980640766,76.57131946917356
PAN,Panama,2008,0.004007566,32682439429.3783,29285858668.8737,22.8,22.566666666666666,0.4048484,0.3451731,2.17542451032585,2.179561048119643,2224000000.0,2090900000.0,42.9214782714844,42.4263229370117,2.1925285,2.5970324999999996,100.21,87.78000000000002,148.665601032972,143.11644565774833,4.16863300298887,3.1608032383398066,78.4143080386412,78.10480019549875
PAN,Panama,2009,0.00167692,36015209145.404,32527012350.9527,23.4,22.76666666666667,0.5432735,0.42196843333333334,2.07330185725614,2.1561084661938232,2390000000.0,2519433333.3333335,43.0992698669434,42.904416402181,1.549046,2.1925285,118.4,100.71333333333332,164.586286421944,151.57481954589,8.75868317728784,5.128403214899223,76.5236411875146,77.85734790331144
PAN,Panama,2010,0.0012495,36595725399.5183,35097791324.76687,20.4,22.2,0.417007,0.45504296666666666,2.43388683757432,2.227537735052103,1085500000.0,1899833333.3333333,43.0278511047363,43.01619974772137,0.7857516,1.5091086999999999,118.74,112.44999999999999,137.046021377188,150.0993029440347,2.409053040822,5.11212307369957,81.521835280367,78.81992816884093
PAN,Panama,2011,0.003127761,38818327773.9434,37143087439.621895,20.6,21.46666666666667,0.5004366,0.48690570000000005,2.52989154024971,2.34569341169339,2549100000.0,2008200000.0,43.9639480204278,43.36368966403584,0.6599306,0.9982427333333334,118.76,118.63333333333333,145.448718647896,149.027008815676,3.491288726188,4.88634164809928,85.3170135188025,81.12082999556138
PAN,Panama,2012,0.003821753,43441154768.9962,39618402647.48597,19.7,20.23333333333333,0.5428985,0.4867807,2.7068055952273,2.5568613243504434,4395600000.0,2676733333.3333335,41.8858795918623,42.95922623900881,1.229088,0.8915900666666667,130.16,122.55333333333334,158.20839556043,146.90104519517135,5.8758024367877,3.9253814012659003,84.4313951277259,83.7567479756318
PAN,Panama,2013,0.004617018,47623362260.1488,43294281601.02947,21.2,20.5,0.4723529,0.5052293333333333,2.77914034053547,2.671945825337493,3381900000.0,3442200000.0,43.6626516529234,43.170826421737836,2.817363,1.5687938666666665,155.83,134.91666666666666,153.208620289839,152.28857816605498,5.69819959165992,5.021763584878539,82.2963302830021,84.01491297651016
PAN,Panama,2014,0.003525845,50635232150.0252,47233249726.390076,20.7,20.53333333333333,0.4205556,0.47860233333333335,2.68272349907681,2.722889811613193,3799000000.0,3858833333.3333335,44.1440009233499,43.23084405604521,2.69682,2.247757,155.37,147.12,133.071568994167,148.162861614812,4.0271599157106,5.200387314719407,82.7709127768107,83.16621272917958
PAN,Panama,2015,0.001183768,52977523729.7984,50412039379.99081,19.8,20.566666666666666,0.3858888,0.42626576666666666,2.76763115859532,2.743164999402533,4984400000.0,4055100000.0,44.6253501937764,44.14400092334989,1.004472,2.1728850000000004,166.51,159.23666666666668,114.970604967371,133.750264750459,2.62652699929151,4.117295502220677,84.4099938740646,83.15907897795914
PAN,Panama,2016,0.0154485,55767806073.1781,53126853984.3339,22.0,20.833333333333332,0.4212846,0.40924299999999997,2.68464798922232,2.7116675489648165,5119300000.0,4634233333.333333,47.5819435584313,45.4504315585192,0.791163,1.497485,164.37,162.08333333333334,96.5791573893461,114.87377711696138,0.137492058461504,2.2637263244878714,83.0773809320924,83.41942919432256
PAN,Panama,2017,0.007522676,58317491742.8782,55687607181.95157,22.1,21.3,0.4184474,0.40854026666666665,2.64685340546218,2.6997108510932732,5248354450.21,5117351483.403333,48.3799959758914,46.86242990936637,0.9314097,0.9090149,154.78,161.88666666666666,84.3959718486228,98.64857806844664,0.739734025300033,1.1679176943510157,NaN,NaN
PAN,Panama,2018,0.01963134,61667283149.9355,58584193655.3306,23.6,22.566666666666666,0.3409116,0.3935478666666667,2.47597596022355,2.602492451636017,4082062468.94,4816572306.383333,47.519320698075695,47.8270867441328,0.8899776,0.8708501000000001,175.99,165.04666666666665,84.0475372059131,88.34088881462735,0.875585918759878,0.5842706675071384,NaN,NaN
PAN,Panama,2019,0.003836308,64083529457.2571,61356101450.0236,24.5,23.400000000000002,0.3136844,0.35768113333333335,2.38158191493956,2.5014704268750965,4304245890.55,4544887603.233334,46.65864542026,47.519320698075695,0.5830855,0.8014909333333334,175.81,168.86,86.1309615270001,84.858156860512,0.761578359399944,0.7922994344866184,NaN,NaN
PAN,Panama,2020,0.00226256,66072084910.0035,63940965839.06537,19.0,22.366666666666664,0.3190176,0.3245378666666667,3.10862634897395,2.6553947413790198,4684615504.15,4356974621.213334,45.7979701424443,46.65864542026,1.308219,0.9270940333333333,261.7,204.5,80.4286505707227,83.5357164345453,-0.355083821021245,0.4273601523795256,NaN,NaN
PAN,Panama,2021,0.001450958,54297226728.12,61484280365.12687,28.5,24.0,0.2697187,0.3008069,2.2623129597758,2.5841737412297694,-1631797634.11,2452354586.863333,44.9372948646286,45.797970142444306,1.274783,1.0553625,264.98,234.16333333333333,68.7004234799646,78.42001185922912,-1.5502754080376,-0.3812602898863003,NaN,NaN
PAN,Panama,2022,0.0009702877,63238418849.185,61202576829.10284,28.0,25.166666666666668,0.2114141,0.2667168,2.47873328262843,2.6165575304593935,1833062357.12,1628626742.3866665,52.7147829654218,47.816682657498234,0.721046,1.1013493333333333,290.26,272.31333333333333,80.1334636057057,76.42084588546435,1.63070337301898,-0.09155195201328836,NaN,NaN
PAN,Panama,2023,0.005086588,70219021768.6549,62584889115.31997,NaN,NaN,0.0393931,0.17350863333333333,2.60024772920576,2.447097990536663,2466522438.3,889262387.1033335,57.8162831217614,51.82278698393727,0.6781707,0.8913332333333334,376.12,310.4533333333333,93.4752688168442,80.7697186341715,2.85965128834711,0.9800264177761632,NaN,NaN
PER,Peru,1999,0.009775808,83862369616.8153,82375040851.29546,39.4,34.266666666666666,0.5218164,0.43203404999999995,1.05969381183806,1.1096095882013,1643949119.92647,2418119373.308823,31.69956970214845,27.480669657389317,3.182236,NaN,93.7,111.10666666666667,32.9530217853936,32.69225724244691,7.24782175213469,9.115984551062972,62.9860221438362,67.03450328571836
PER,Peru,2000,0.005690224,85116037105.7632,84390139896.39015,36.7,35.93333333333333,0.36462039999999996,0.43949028333333323,1.11945450984981,1.1005595957685201,1940008799.99999,1907739306.6421535,38.0124893188477,31.69956970214845,3.405936,3.182236,160.92,124.12333333333333,33.2057765558493,33.2094480639752,3.46965996293019,6.42655706820047,65.0240103092882,65.54175498425434
PER,Peru,2001,0.002687739,87409379264.7108,85462595329.09644,38.6,38.23333333333334,0.2074244,0.3646204,1.08978642306542,1.0896449149177634,809696760.032968,1464551559.986476,33.4137687683105,34.37527592976888,1.808917,2.7990296666666663,172.38,142.33333333333331,35.5380321623178,33.8989435011869,3.75733833344474,4.824940016169873,63.4816128459794,63.8305484330346
PER,Peru,2002,0.005231494,87949475111.0632,86824963827.17906,41.2,38.833333333333336,0.02423990000000001,0.19876156666666667,0.999072821437261,1.069437918117497,1144260000.0,1297988520.010986,29.9192008972168,33.781819661458336,1.594313,2.2697220000000002,196.66,176.6533333333333,35.0644014310212,34.6027367163961,1.97709878502053,3.0680323604651534,61.1617765169853,63.222466557417626
PER,Peru,2003,0.009686168,92745825187.2292,89368226521.00108,40.2,40.0,-0.1589446,0.02423990000000001,1.02982177252548,1.0395603390093868,2155836814.73345,1369931191.588806,30.2558097839356,31.19625981648763,2.085534,1.829588,191.96,187.0,35.2491813317695,35.28387164170283,0.193135003853722,1.9758573741063306,61.3437648524691,61.99571807181127
PER,Peru,2004,0.003625553,96608710264.5646,92434670187.61902,40.9,40.766666666666666,-0.0742275999999999,-0.06964409999999996,0.999006906693826,1.0093005002188555,1335007073.0402,1545034629.2578833,30.319580078125,30.1648635864258,5.73521,3.1383523333333336,267.77,218.79666666666665,37.6246103251002,35.979397695963634,2.25937753363072,1.4765371075016571,60.4401393447747,60.9818935714097
PER,Peru,2005,0.004027386,101398766434.291,96917767295.36159,37.8,39.63333333333333,0.0691972,-0.05465833333333329,1.1424738952305,1.0571008581499353,1599038388.965,1696627425.5795498,32.1658897399902,30.913759867350265,1.350229,3.056991,265.08,241.60333333333332,41.9360782679273,38.269956641599,3.66247320092233,2.038328579468924,64.4936749571151,62.092526384786304
PER,Peru,2006,0.005724029,107771740073.589,101926405590.81487,38.4,39.03333333333333,0.0032096,-0.0006069333333333001,1.13303782972815,1.0915062105508253,2578719365.11,1837588275.7050667,32.4608917236328,31.648787180582662,1.206816,2.764085,302.14,278.33,47.3573174768394,42.30600202328896,1.61630193862544,2.5127175577261633,66.163638661769,63.69915098788627
PER,Peru,2007,0.006122131,115885765581.756,108352090696.54533,38.7,38.3,0.1525912,0.07499933333333335,1.11175872498468,1.1290901499811101,3466531061.27321,2548096271.782737,33.9184188842773,32.84840011596677,2.756138,1.7710609999999998,441.15,336.1233333333333,51.7850560338442,47.026150592870295,2.00225801248819,2.427011050678653,64.0823055091979,64.91320637602733
PER,Peru,2008,0.005877764,125757364463.195,116471623372.84666,36.0,37.699999999999996,0.2283845,0.12806176666666666,1.20481100024924,1.1498691849873568,5490961307.08951,3845403911.1575737,37.84880905151363,34.74270655314125,1.998217,1.987057,402.49,381.9266666666667,55.6881132836815,51.610162264788364,1.77998644680372,1.7995154659724502,66.4855652497566,65.57716980690783
PER,Peru,2009,0.006707679,137234696225.05,126292608756.66699,33.7,36.13333333333333,0.2285396,0.20317176666666667,1.3577960350417,1.22478858675854,6923651284.62578,5293714550.996167,41.77919921874996,37.84880905151363,0.956376,1.903577,406.39,416.6766666666667,58.4337673899053,55.30231223581033,5.78587598206755,3.189373480453153,68.920273091886,66.49604795028017
PER,Peru,2010,0.009579501,138738546494.974,133910202394.40633,32.9,34.199999999999996,0.2839239,0.24694933333333333,1.4525720502515,1.3383930285141468,6430652960.91184,6281755184.209043,45.70958938598629,41.77919921874996,1.022646,1.3257463333333332,491.52,433.4666666666667,48.1119296153519,54.07793676297956,2.936231535967,3.5006979882794234,68.658734821226,68.02152438762288
PER,Peru,2011,0.003714216,150298879148.001,142090707289.34164,32.2,32.93333333333333,0.3099239,0.27412913333333333,1.57630028365174,1.4622227896483133,8454627587.91059,7269643944.482738,49.63997955322262,45.709589385986284,1.636956,1.2053260000000001,553.93,483.94666666666654,51.6728089370033,52.739501980753495,1.52832059732901,3.416809371787853,72.5877016164486,70.05556984318687
PER,Peru,2012,0.009172209,159808578409.161,149615334684.04532,30.6,31.900000000000002,0.3419375,0.31192843333333337,1.67824036552445,1.5690375664758964,7682261108.57854,7522513885.8003235,53.57036972045895,49.639979553222624,1.014433,1.2246783333333333,596.78,547.41,55.9882802838607,51.92433961207197,3.36931095333853,2.6112876955448465,69.601954079051,70.28279683890854
PER,Peru,2013,0.01038829,169620385179.423,159909280912.19498,30.8,31.200000000000003,0.2530528,0.3016380666666667,1.6622975160443,1.6389460550734967,14182387604.3103,10106425433.59981,57.50075988769528,53.57036972045895,1.472893,1.3747606666666667,641.35,597.3533333333334,52.6198952632294,53.426994828031134,3.61121294940163,2.836281500023057,72.4558807551906,71.54851215023007
PER,Peru,2014,0.01567042,179547449111.361,169658804233.315,28.4,29.933333333333337,0.2335481,0.27617946666666665,1.68769322902782,1.6760770368655233,9570622714.00791,10478423808.965584,61.43115005493161,57.500759887695274,1.790265,1.4258636666666664,667.12,635.0833333333334,49.7871424471444,52.79843933141151,2.76789666082002,3.2494735211867263,74.6030867951097,72.22030720978377
PER,Peru,2015,0.01538899,183824551906.256,177664128732.34668,28.6,29.266666666666666,0.2603805,0.24899380000000004,1.76825633140529,1.7060823588258034,4262751633.55747,9338587317.291893,65.36154022216795,61.43115005493161,2.146241,1.8031329999999999,745.61,684.6933333333333,46.8531210912899,49.75338626722123,3.41194579807465,3.2636851360987666,86.1902367660519,77.7497347721174
PER,Peru,2016,0.01657887,189802976285.619,184391659101.07864,27.4,28.133333333333336,0.3176036,0.27051073333333336,1.80255174406388,1.7528337681656634,7336859044.51778,7056744464.02772,69.29193038940427,65.36154022216795,2.028505,1.9883369999999998,899.29,770.6733333333333,45.1627686891148,47.26767740918303,3.39809194746308,3.19264480211925,32.8482212292054,64.547181596789
PER,Peru,2017,0.01289602,197306492869.139,190311340353.67136,27.2,27.73333333333333,0.3221782,0.3000541,1.86289055051085,1.811232875326673,6805247718.18016,6134952798.751803,73.2223205566406,69.29193038940427,2.033199,2.069315,1071.41,905.4366666666666,45.3888411964154,45.80157699227337,3.55717663556279,3.455738127033507,NaN,NaN
PER,Peru,2018,0.009299058,202276318741.548,196461929298.76868,27.6,27.399999999999995,0.2708614,0.30354773333333335,1.76274029927306,1.8093941979492634,7413409959.49823,7185172240.732057,71.2404708862305,71.25157394409179,0.704329,1.5886776666666667,1389.87,1120.1899999999998,47.5135503619971,46.02172008250909,2.99490045809443,3.3167230137067665,NaN,NaN
PER,Peru,2019,0.008370127,210305376512.78,203296062707.82236,27.9,27.566666666666666,0.2978144,0.29695133333333334,1.73514081818861,1.7869238893241732,5872657139.17008,6697104938.94949,NaN,NaN,0.8222722,1.1866000666666667,1700.86,1387.3799999999999,48.631470171736,47.177953910049496,1.50915423024742,2.687077107968213,NaN,NaN
PER,Peru,2020,0.01470664,215017545590.315,209199746948.21432,27.1,27.53333333333333,0.3449805,0.3045521,1.79270106356368,1.7635273936751166,4775376809.84597,6020481302.838094,NaN,NaN,0.8945239,0.8070417000000001,2332.04,1807.59,46.9435053754409,47.696175303058,2.25212191358027,2.252058867307373,NaN,NaN
PER,Peru,2021,0.009028181,191509018299.917,205610646801.004,31.6,28.866666666666664,0.2250935,0.2892961333333333,1.44746823545562,1.65843670573597,663417504.946494,3770483817.9875145,NaN,NaN,1.350396,1.0223973666666668,2892.98,2308.6266666666666,44.245967197744,46.60698091497363,2.00241205759292,1.9212294004735366,NaN,NaN
PER,Peru,2022,0.002156195,217099648514.382,207875404134.87134,30.6,29.76666666666667,0.0848324999999999,0.21830216666666666,1.79843805693361,1.6795357853176365,7142277305.62546,4193690540.1393075,NaN,NaN,1.158507,1.1344756333333335,4064.96,3096.66,55.427249365522,48.87224064623564,4.27166381536798,2.8420659288470564,NaN,NaN
PER,Peru,2023,0.008477646,223198050485.251,210602239099.85,NaN,NaN,0.0716412999999999,0.12718909999999992,1.90408262918024,1.71666297385649,11201435821.3347,6335710210.635551,NaN,NaN,0.2444647,0.9177892333333334,4584.96,3847.633333333333,57.2969759649721,52.3233975094127,8.33370630096231,4.86926072464107,NaN,NaN
PHL,Philippines,1999,0.003258603,132370986792.543,130640160740.42134,32.8,33.99999999999999,0.1816514,0.08468079999999999,0.997227587266798,0.9962711918324697,2287000000.0,1675333333.3333333,26.6495494842529,27.58627986907955,1.19815075,1.18523875,302.08,288.18,80.077201518421,73.72038366218821,9.23493432267121,7.433765832352106,57.5149551685991,58.594250478197694
PHL,Philippines,2000,0.008535337,136800717247.312,134075571377.16632,33.6,33.26666666666667,0.07165815,0.11266345,0.951638591808443,0.9962916019741005,1829000000.0,1779333333.3333333,27.5217990875244,27.25254281361895,0.3458305,1.19815075,281.43,293.92,77.1614937122172,78.1557803826348,5.93904901780808,6.921414245661766,54.6544101056771,57.29421277605096
PHL,Philippines,2001,0.01720153,142796015521.852,137322573187.23567,33.9,33.43333333333333,-0.0383351,0.07165814999999999,0.932672272893032,0.9605128173227576,1487000000.0,1867666666.6666667,28.0847396850586,27.41869608561197,0.4693868,0.6711226833333334,345.72,309.74333333333334,85.1533684600039,80.79735456354736,3.9771250324928,6.3837027909906965,54.6827053747894,55.61735688302187
PHL,Philippines,2002,0.002615747,147150196386.034,142248976385.066,32.9,33.46666666666667,-0.10290965,-0.023195533333333334,0.880719772591872,0.9216768790977823,760000000.0,1358666666.6666667,28.6476802825928,28.084739685058597,1.036776,0.6173310999999999,304.03,310.3933333333334,84.9003886237531,82.40508359865807,5.34550195567142,5.0872253353241,56.2263356629365,55.187817047801
PHL,Philippines,2003,0.03390159,152618672919.07,147521628275.652,31.8,32.86666666666667,-0.1674842,-0.10290965,0.878079638214495,0.8971572278997996,1769000000.0,1338666666.6666667,28.3481502532959,28.360190073649097,0.1460514,0.5507380666666667,407.82,352.5233333333333,83.8448040937789,84.6328537258453,2.72277227722765,4.015133088463957,57.8505571856623,56.25319940779607
PHL,Philippines,2004,0.02972953,160382249186.079,153383706163.7277,30.9,31.866666666666664,-0.1020846,-0.12415948333333333,0.882480593038024,0.8804266679481302,492000000.0,1007000000.0,27.230110168457,28.075313568115234,2.13109,1.1046391333333334,375.35,362.40000000000003,87.5746443636636,85.43994569373187,2.28915662650607,3.4524769531350468,59.3731854255561,57.81669275805163
PHL,Philippines,2005,0.03819305,170918125627.487,161306349244.212,30.2,30.966666666666665,-0.0696963999999999,-0.11308839999999998,0.876070774131651,0.8788770017947233,592000000.0,951000000.0,26.5457592010498,27.374673207600903,1.51907,1.2654037999999999,389.09,390.75333333333333,87.1252848232048,86.18157776021576,4.82921083627795,3.280379913337223,58.8613474692002,58.6950300268062
PHL,Philippines,2006,0.04296501,179365762735.543,170222045849.703,31.3,30.8,0.1743161,0.0008450333333333698,0.896249932483837,0.8849337665511706,1664000000.0,916000000.0,25.823429107666,26.533099492390935,2.04057,1.89691,457.51,407.3166666666666,83.8456745708051,86.18186791922449,6.51685393258433,4.545073798456117,58.7396547703402,58.9913958883655
PHL,Philippines,2007,0.02969631,188901594317.393,179728494226.80768,33.3,31.599999999999998,0.157936,0.0875185666666667,0.792914802989724,0.8550785032017374,2707414996.79964,1654471665.5998802,26.2468109130859,26.2053330739339,2.051461,1.8703670000000001,445.82,430.8066666666666,80.8505386728775,83.94049935562914,5.4852320675105,5.610432278790927,57.1833077868609,58.2614366754671
PHL,Philippines,2008,0.02083934,201216639993.9,189827999015.61197,32.4,32.33333333333333,0.158648,0.16363336666666664,0.845028213173854,0.8447309828824716,2918724840.50407,2430046612.43457,26.687900543212848,26.25271352132158,1.308361,1.8001306666666668,492.66,465.33,73.6449799920629,79.44706441191516,2.90000000000003,4.9673620000316205,57.1017834849578,57.6749153473863
PHL,Philippines,2009,0.0339696,209958471374.167,200025568561.81998,33.9,33.199999999999996,0.075357,0.13064699999999999,0.838866873511548,0.8256032965583754,1340027563.20325,2322055800.168987,27.1289901733398,26.687900543212848,1.193939,1.5179203333333333,545.02,494.5,67.6810707730401,74.0588631459935,8.26044703595725,5.548559701155927,56.7837243698851,57.022938547234595
PHL,Philippines,2010,0.03873451,212999348337.291,208058153235.11935,34.1,33.46666666666667,0.0167422,0.0835824,0.833249191469975,0.839048092718459,2064620677.76657,2107791027.1579635,26.6055793762207,26.807490030924452,1.911079,1.4711263333333335,595.33,544.3366666666667,60.8865907869758,67.40421385069293,4.21903052064628,5.126492518867853,54.1056583239041,55.99705539291566
PHL,Philippines,2011,0.01552152,228621785456.625,217193201722.69434,32.7,33.56666666666667,-0.0305694,0.02050993333333333,0.881994350568382,0.8513701385166349,1070386939.91896,1491678393.6295936,27.7549235195177,27.163164356359403,1.834334,1.6464506666666667,679.82,606.7233333333334,66.1042785137797,64.8906466912652,3.78983634797591,5.423104634859814,58.4211484270004,56.436843706929864
PHL,Philippines,2012,0.02270121,237442546234.973,226354560009.62967,33.8,33.53333333333333,0.0117513,-0.0006919666666666673,0.860953621187979,0.858732387742112,2007150725.40003,1714052781.0285199,29.0709151463153,27.81047268068457,0.6741891,1.4732006999999998,878.82,717.9900000000001,60.7958366999075,62.595568666887665,4.7184170471842,4.242427971935464,57.8658576912655,56.79755481405667
PHL,Philippines,2013,0.02327747,253818843989.004,239961058560.20068,34.1,33.53333333333334,0.1322559,0.0378126,0.893452882976031,0.8788002849107973,3215415155.43566,2097650940.2515497,29.6298942276846,28.818577631172534,1.206999,1.2385073666666666,820.31,792.9833333333335,57.8420055133082,61.58070690899846,3.02696391124796,3.8450724354693566,58.7117806174172,58.33292891189436
PHL,Philippines,2014,0.03858841,270952964501.391,254071451575.12268,33.1,33.666666666666664,0.0316296,0.0585456,0.955039177738511,0.9031485606341737,3737371739.84519,2986645873.560293,31.8704183328366,30.190409235612165,1.002259,0.9611490333333333,935.46,878.1966666666667,55.8247812320298,58.15420781508183,2.58268766141795,3.442689539950037,60.7977232655894,59.125120524757364
PHL,Philippines,2015,0.02217592,288153024771.696,270974944420.697,32.4,33.199999999999996,0.0596485,0.07451133333333333,1.00237329489598,0.9502884518701741,5739574024.13183,4230786973.13756,33.8741923214799,31.7915016273337,1.676242,1.2951666666666666,1038.82,931.5300000000001,57.4681720875945,57.04498627764417,3.59782343864211,3.069158337102673,61.6031589108653,60.3708875979573
PHL,Philippines,2016,0.01733246,306445871242.322,288517286838.46967,30.8,32.1,0.0878094,0.05969583333333334,1.07477147738809,1.0107279833408604,5639155961.87389,5038700575.283637,35.8745887819664,33.87306647876097,1.013823,1.2307746666666666,1365.11,1113.1299999999999,59.1415921053094,57.478181808311234,0.674192536845408,2.2849012123018224,43.3024656739363,55.234449283463654
PHL,Philippines,2017,0.0252547,328355086268.976,307651327427.66473,28.6,30.600000000000005,0.1261455,0.09120113333333334,1.13642556715245,1.0711901131455066,8279548274.88501,6552759420.29691,38.3447414525513,36.03117418533253,0.8686062,1.1862237333333334,1654.64,1352.8566666666666,61.7760657653871,59.46194331943033,1.25369880080982,1.841904925432446,NaN,NaN
PHL,Philippines,2018,0.03478536,351113338965.581,328638098825.62634,27.8,29.066666666666666,0.1368136,0.11692283333333332,1.25459105770861,1.1552627007497167,10256442398.8834,8058382211.880767,33.6841018682349,35.96781070091753,1.04118,0.9745364,1992.04,1670.5966666666666,68.1683697426727,63.02867587112306,2.85318772590947,1.5936930211882325,NaN,NaN
PHL,Philippines,2019,0.02371536,373379140695.818,350949188643.4583,27.6,28.0,-0.0051077,0.08595046666666667,1.29114721089618,1.2273879452524132,9948598823.96867,9494863165.91236,28.1166228592308,33.38182206000567,1.522877,1.1442210666666666,2121.3,1922.66,72.1633982990273,67.3692779356957,5.30934661627707,3.1387443809987867,NaN,NaN
PHL,Philippines,2020,0.01839138,396224439236.642,373572306299.347,26.9,27.433333333333334,0.0586419,0.06344926666666667,1.33500133744347,1.2935798686827533,8671365873.65689,9625469032.169653,30.0548680110365,30.618530912834064,1.058659,1.2075719999999999,3379.76,2497.7000000000003,68.8418422595678,69.72453676708928,2.39206534422404,3.518199895470193,NaN,NaN
PHL,Philippines,2021,0.01666989,358510629276.391,376038069736.2837,29.1,27.866666666666664,0.0141421,0.022558766666666664,1.21683584867494,1.2809947990048631,6822133290.81919,8480699329.481584,31.6317598507085,29.93441690699193,0.917024,1.1661866666666667,3262.82,2921.2933333333335,58.1695603022281,66.39160028694107,2.3931623931624,3.3648581178878367,NaN,NaN
PHL,Philippines,2022,0.01516524,378998554988.857,377911207833.9634,28.0,28.0,0.0148496,0.029211199999999996,1.28744630350143,1.2797611632066133,11983363327.4771,9158954163.984394,33.6166173848126,31.767748415519204,0.7750567,0.9169132333333333,4052.93,3565.17,63.4846098136712,63.49867079182237,3.92718022100332,2.9041359861299205,NaN,NaN
PHL,Philippines,2023,0.002312085,407730367707.393,381746517324.2137,NaN,NaN,0.0048008999999999,0.011264199999999966,1.33112167071071,1.2784679409623598,9492234668.1091,9432577095.468464,38.4011392706768,34.5498388353993,0.6911208,0.7944005000000001,3961.49,3759.08,72.4296836107599,64.6946179088864,5.82115811213955,4.047166908768424,NaN,NaN
POL,Poland,1999,0.07320994,258431144714.153,245897643365.61,6.5,6.133333333333333,0.558081,0.43540730000000005,8.64038341503705,9.222248870015276,6383000000.0,5264333333.333333,NaN,NaN,1.274485,1.484828,11369.23,11170.11,56.5460556555084,50.76638958046363,11.5978554257236,15.435326986784766,96.0624101119391,95.98335601377555
POL,Poland,2000,0.07492129,270575301764.16,258673838263.25333,6.4,6.3,0.56593425,0.5198075166666667,8.39754589407819,8.807136336182854,7407000000.0,6233333333.333333,NaN,NaN,1.236302,1.3483913333333335,11933.1,11459.300000000001,53.8980187624686,53.60681768617099,7.15407291179853,11.221695650827376,96.3192609131481,96.1241650916673
POL,Poland,2001,0.1039259,283174187558.032,270726878012.115,6.9,6.6000000000000005,0.5737875,0.5659342500000001,8.18187708712719,8.406602132080812,9335000000.0,7708333333.333333,NaN,NaN,1.254212,1.2549996666666667,12984.35,12095.56,60.6107209423297,57.01826512010223,9.90017538843065,9.550701241984259,96.1618342970366,96.18116844070794
POL,Poland,2002,0.1233761,286667833930.23,280139107750.8073,7.3,6.866666666666667,0.60514225,0.5816213333333333,8.09869495134866,8.226039310851348,5677000000.0,7473000000.0,56.3456916809082,NaN,1.743868,1.4114606666666667,14359.62,13092.356666666667,57.8785312712895,57.46242365869594,5.4083354556615,7.487527918630227,95.9112338969273,96.13077636903733
POL,Poland,2003,0.07668217,292117946677.278,287319989388.51337,7.5,7.233333333333334,0.636497,0.60514225,7.912937998707,8.064503345727617,4091000000.0,6367666666.666667,59.5361404418945,NaN,1.276609,1.4248963333333335,15613.41,14319.126666666665,60.7967990573911,59.76201709033677,1.90528215048054,5.737930998190897,95.9366825717253,96.00325025522973
POL,Poland,2004,0.1446596,302410346199.761,293732042269.08966,7.3,7.366666666666667,0.7142139,0.65195105,8.25299957570521,8.088210841920292,5371000000.0,5046333333.333333,60.6214714050293,58.83443450927734,0.9016247,1.3073672333333333,16749.52,15574.183333333334,69.2134479841788,62.62959277095314,0.682701375787632,2.6654396606432242,96.2313322597413,96.02641624279796
POL,Poland,2005,0.09021345,317805438387.054,304111243754.6977,7.3,7.366666666666667,0.6420823,0.6642644,8.31504253471681,8.160326703043006,13868000000.0,7776666666.666667,61.7436981201172,60.63376998901367,1.58156,1.2532645666666666,18896.41,17086.446666666667,70.9815765694162,66.99727453699536,3.38264681884699,1.9902101150383873,95.9495764200299,96.03919708383216
POL,Poland,2006,0.09712581,328168510412.522,316128098333.1123,7.2,7.266666666666667,0.7800228,0.7121063333333333,8.30851048638369,8.292184198935237,11041000000.0,10093333333.333334,63.7791404724121,62.04810333251953,1.137219,1.2068012333333333,20405.04,18683.656666666666,70.3114790902584,70.16883454795114,2.18379872390251,2.083048972845711,95.9891454308751,96.05668470354875
POL,Poland,2007,0.1199938,348521872927.444,331498607242.34,7.2,7.233333333333333,0.6906126,0.7042392333333334,8.67173342720891,8.431762149436471,21473000000.0,15460666666.666666,65.0900726318359,63.53763707478839,1.168996,1.295925,22224.04,20508.49666666667,77.7008035402352,72.9979530666366,1.28469394366416,2.2837131621378863,95.7530399962097,95.89725394903822
POL,Poland,2008,0.2195078,372083512402.176,349591298580.714,7.3,7.233333333333333,0.7734317,0.7480223666666667,8.66464448581028,8.548296133134293,25031000000.0,19181666666.666668,66.9424667358398,65.27055994669594,0.9867396,1.0976515333333332,22093.36,21574.146666666667,80.745399056691,76.25256056239486,2.4587431238539,1.9757452638068564,95.1288585597673,95.6236813289507
POL,Poland,2009,0.1866172,388394800371.402,369666728567.0073,8.0,7.5,0.7867103,0.7502515333333334,8.5133492030939,8.61657570537103,14574000000.0,20359333333.333332,70.2946319580078,67.44239044189449,1.624764,1.2601665333333334,23900.02,22739.140000000003,80.5746815569207,79.67362805128231,4.16497193524779,2.636136334255283,94.1575926727468,95.01316374290792
POL,Poland,2010,0.1504398,398551823849.317,386343378874.29834,8.8,8.033333333333333,0.8694733,0.8098717666666667,8.16161512269878,8.446536270534319,14025000000.0,17876666666.666668,72.6793594360352,69.97215270996094,1.304225,1.3052428666666667,23783.14,23258.84,74.9685965264269,78.76289238001287,3.79539242483399,3.47303582797856,93.277100180319,94.18785047094435
POL,Poland,2011,0.1654977,411181642127.603,399376088782.774,9.5,8.766666666666667,0.9204541,0.8588792333333334,8.65823367232175,8.44439933270481,18861000000.0,15820000000.0,76.5571212768555,73.17703755696617,0.956026,1.295005,24723.17,24135.443333333333,82.2258523219922,79.25637680177992,2.58069370250548,3.5136860208624197,92.3871757018563,93.27395618497401
POL,Poland,2012,0.2915925,432791139408.41,414174868461.7767,10.4,9.566666666666666,0.8434692,0.8777988666666667,8.58934161043243,8.469730135150986,18851000000.0,17245666666.666668,75.8021011352539,75.0128606160482,0.9892302,1.0831604,25612.69,24706.333333333332,86.9236892837618,81.37271271072696,4.23940149625932,3.5384958745329302,92.129475924644,92.59791726893975
POL,Poland,2013,0.2262339,439333996551.267,427768926029.0933,10.9,10.266666666666667,0.8536768,0.8725333666666667,8.39990338165267,8.549159554802282,7616000000.0,15109333333.333334,75.0382919311523,75.79917144775389,1.322459,1.0892384,27711.05,26015.63666666667,88.8299033066583,85.99314830413743,3.56037151702793,3.46015557193091,91.0808435925342,91.86583173967817
POL,Poland,2014,0.2692178,442340098156.254,438155078038.6436,11.4,10.9,0.902271,0.8664723333333333,8.28307772126095,8.42410757111535,1342000000.0,9269666666.666666,73.317268371582,74.71922047932941,1.152565,1.1547514,29634.94,27652.89333333333,90.4175072415629,88.72369994399433,0.991982606332335,2.930585206539862,91.0927368428709,91.43435212001636
POL,Poland,2015,0.3043693,459682079851.439,447118724852.98676,11.6,11.299999999999999,0.8657653,0.8739043666666667,7.95991816737647,8.214299756763364,20877000000.0,9945000000.0,70.2389678955078,72.86484273274736,1.252727,1.2425836666666668,31104.41,29483.466666666664,92.0340197113178,90.42714341984633,0.0538213132399802,1.5353918122000818,90.0737317204914,90.74910405196549
POL,Poland,2016,0.1852375,480054118583.367,460692098863.6867,11.9,11.633333333333333,0.8123641,0.8601334666666668,8.05009433373176,8.097696740789727,15820000000.0,12679666666.666666,69.3731994628906,70.97647857666013,1.253179,1.2194903333333333,32723.75,31154.36666666667,92.2554272741942,91.5689847423583,-0.874125874125862,0.057226015148817755,89.981789775162,90.38275277950811
POL,Poland,2017,0.2349071,494605411858.337,478113870097.71436,11.3,11.600000000000001,0.811158,0.8297624666666668,8.34151367627891,8.11717539246238,18060000000.0,18252333333.333332,69.8503799438477,69.8208491007487,0.9374916,1.1477992,34267.43,32698.53,96.8659028060623,93.71844993052476,-0.664767331433962,-0.4950239641066146,NaN,NaN
POL,Poland,2018,0.1477861,520089746650.75,498249759030.81793,11.1,11.433333333333332,0.7219296,0.7818172333333333,8.69581601242887,8.362474674146513,12565000000.0,15481666666.666666,70.6174621582031,69.94701385498045,1.155552,1.1154075333333333,33886.6,33625.926666666666,100.56589524628,96.56240844217882,2.07593553673859,0.179014110392922,NaN,NaN
POL,Poland,2019,0.1634616,552573816155.989,522422991555.0253,15.1,12.5,0.7623048,0.7651308,8.68031784277711,8.572549177161628,19908000000.0,16844333333.333334,71.0217437744141,70.4965286254883,0.6904429,0.9278288333333333,35457.24,34537.09,102.442462168005,99.95808674011577,1.81295156542689,1.0747065902438393,NaN,NaN
POL,Poland,2020,0.1535309,577884228677.544,550182597161.4276,15.6,13.933333333333332,0.8277446,0.7706596666666666,8.21985501300853,8.531996289404837,19012000000.0,17161666666.666666,70.9065017700195,70.84856923421223,0.8754051,0.9071333333333333,36493.83,35279.223333333335,101.581033817373,101.52979707721933,2.22747880938291,2.0387886371827966,NaN,NaN
POL,Poland,2021,0.1891726,566120997479.772,565526347437.7683,16.1,15.600000000000001,0.6854992,0.7585162,7.91347409626485,8.271215650683496,20086000000.0,19668666666.666668,70.9730377197266,70.96709442138673,0.6890067,0.7516182333333333,38445.19,36798.753333333334,99.2590912303436,101.09419573857387,3.37446972618589,2.4716333669985633,NaN,NaN
POL,Poland,2022,0.1628286,605337233054.782,583114153070.6993,15.2,15.633333333333333,0.6736094,0.7289510666666666,8.76145594619199,8.298261685155124,37512000000.0,25536666666.666668,72.2060623168945,71.3618672688802,0.8466219,0.8036779,41280.7,38739.90666666667,110.874283021945,103.9048026898872,5.05502704719272,3.55232519425384,NaN,NaN
POL,Poland,2023,0.1666243,637150470884.733,602869567139.7623,NaN,NaN,0.6870197,0.6820427666666667,8.36357881859441,8.346169620350416,41780000000.0,33126000000.0,75.2911071777344,72.82340240478517,0.6841562,0.7399282666666668,37368.15,39031.34666666667,123.021332860345,111.05156903754454,14.4294507575758,7.619649176984804,NaN,NaN
PRK,"Korea, Dem. People's Rep.",2001,0.001343869,NaN,NaN,8.7,9.333333333333334,-1.86397899999999,-1.914781999999995,3.11867576611252,2.9111925790946067,NaN,NaN,NaN,NaN,0.760073225,0.91278915,1.6,1.12,NaN,NaN,NaN,NaN,90.454782703013,89.78598961028165
PRK,"Korea, Dem. People's Rep.",2002,0.002092598,NaN,NaN,8.6,8.899999999999999,-1.99519224999999,-1.924651083333325,3.21947711220633,3.085390053900573,NaN,NaN,NaN,NaN,0.6073573,0.7600732250000001,0.17,0.7766666666666667,NaN,NaN,NaN,NaN,90.567085693379,90.26254964534347
PRK,"Korea, Dem. People's Rep.",2003,0.00920186,NaN,NaN,9.0,8.766666666666667,-2.12640549999999,-1.99519224999999,3.06728962649599,3.1351475016049464,NaN,NaN,NaN,NaN,0.4438601,0.6037635416666667,1.33,1.0333333333333334,NaN,NaN,NaN,NaN,90.1248577461832,90.38224204752505
PRK,"Korea, Dem. People's Rep.",2005,0.01006847,NaN,NaN,9.4,9.233333333333334,-2.1888186,-2.1675580666666634,3.1550105065182,3.1116110065285034,NaN,NaN,NaN,NaN,1.375432,1.0269107,1.89,1.5166666666666666,NaN,NaN,NaN,NaN,89.7014760043892,89.88780238793947
PRK,"Korea, Dem. People's Rep.",2006,0.008220679,NaN,NaN,9.2,9.3,-2.0646651,-2.1469779333333334,3.2684040326715,3.17864914192034,NaN,NaN,NaN,NaN,1.489424,1.375432,4.31,2.51,NaN,NaN,NaN,NaN,89.8157462209863,89.78476521287384
PRK,"Korea, Dem. People's Rep.",2007,0.003339344,NaN,NaN,9.0,9.200000000000001,-1.99609599999999,-2.0831932333333296,3.31295140815675,3.2454553157821504,NaN,NaN,NaN,NaN,2.050007,1.6382876666666668,2.18,2.7933333333333334,NaN,NaN,NaN,NaN,90.0888320081914,89.8686847445223
PRK,"Korea, Dem. People's Rep.",2008,0.006412106,NaN,NaN,10.9,9.7,-2.034291,-2.03168403333333,2.7584412690495,3.1132655699592497,NaN,NaN,NaN,NaN,0.3560417,1.2984909,6.4,4.296666666666667,NaN,NaN,NaN,NaN,87.9885267931291,89.29770167410226
PRK,"Korea, Dem. People's Rep.",2009,0.02021886,NaN,NaN,10.2,10.033333333333333,-2.0349443,-2.0217770999999964,3.00746007873007,3.026284251978774,NaN,NaN,NaN,NaN,0.5994213,1.0018233333333333,10.46,6.346666666666667,NaN,NaN,NaN,NaN,88.7385754797623,88.93864476036093
PRK,"Korea, Dem. People's Rep.",2010,0.01228675,NaN,NaN,10.4,10.5,-2.2693429,-2.1128593999999996,2.88086837976115,2.8822565758469065,NaN,NaN,30.1253795623779,NaN,1.536291,0.8305846666666667,6.74,7.866666666666667,NaN,NaN,NaN,NaN,69.6682323947004,82.1317782225306
PRK,"Korea, Dem. People's Rep.",2011,0.004691642,NaN,NaN,11.0,10.533333333333333,-1.8343177,-2.046201633333333,2.76311230307863,2.88381358718995,NaN,NaN,29.97171974182125,NaN,1.138131,1.0912811,8.31,8.503333333333334,NaN,NaN,NaN,NaN,66.8867071879039,75.09783835412219
PRK,"Korea, Dem. People's Rep.",2012,0.006060209,NaN,NaN,14.8,12.066666666666668,-1.8375062,-1.980388933333333,2.02453403025292,2.5561715710309,NaN,NaN,29.8180599212646,29.97171974182125,0.5087619,1.0610613000000002,7.52,7.523333333333333,NaN,NaN,NaN,NaN,62.946501955071,66.50048051255844
PRK,"Korea, Dem. People's Rep.",2013,0.006925527,NaN,NaN,15.4,13.733333333333334,-2.4263935,-2.032739133333333,1.94440063767148,2.2440156570010097,NaN,NaN,29.3483824729919,29.712720712025916,0.9947734,0.8805554333333333,17.88,11.236666666666666,NaN,NaN,NaN,NaN,66.6709069486018,65.50137203052556
PRK,"Korea, Dem. People's Rep.",2014,0.008562765,NaN,NaN,20.8,17.0,-2.4267817,-2.2302271333333334,1.49661356655539,1.8218494114932635,NaN,NaN,28.8787050247192,29.348382472991897,1.841689,1.1150747666666667,9.11,11.503333333333332,NaN,NaN,NaN,NaN,58.3689002219054,62.6621030418594
PRK,"Korea, Dem. People's Rep.",2015,0.008624597,NaN,NaN,18.5,18.23333333333333,-2.0615378,-2.304904333333333,1.63490910588245,1.6919744367031067,NaN,NaN,28.409027576446498,28.8787050247192,1.577712,1.4713914666666665,16.73,14.573333333333332,NaN,NaN,NaN,NaN,61.6343181279316,62.22470843281294
PRK,"Korea, Dem. People's Rep.",2016,0.004682994,NaN,NaN,22.6,20.633333333333336,-2.1049346,-2.1977513666666666,1.27678018091639,1.4694342844514099,NaN,NaN,27.9393501281738,28.4090275764465,1.56914,1.662847,39.01,21.616666666666664,NaN,NaN,NaN,NaN,56.0040350150796,58.6690844549722
PRK,"Korea, Dem. People's Rep.",2017,0.003940449,NaN,NaN,24.0,21.7,-2.10435649999999,-2.0902762999999966,1.40192400080846,1.4378710958691,NaN,NaN,27.5331064860026,27.960494730207632,1.021664,1.3895053333333334,42.06,32.6,NaN,NaN,NaN,NaN,NaN,NaN
PRK,"Korea, Dem. People's Rep.",2018,0.003788505,NaN,NaN,10.2,18.933333333333334,-2.1037448,-2.1043452999999968,2.84853702549672,1.8424137357405233,NaN,NaN,27.1268628438314,27.5331064860026,0.854506,1.1484366666666668,56.6,45.88999999999999,NaN,NaN,NaN,NaN,NaN,NaN
PRK,"Korea, Dem. People's Rep.",2019,0.002790042,NaN,NaN,11.9,15.366666666666667,-2.0268175,-2.078306266666663,2.56049221424721,2.2703177468507967,NaN,NaN,26.7206192016602,27.1268628438314,1.025812,0.9673273333333333,89.9,62.85333333333333,NaN,NaN,NaN,NaN,NaN,NaN
PRK,"Korea, Dem. People's Rep.",2020,0.008727019,NaN,NaN,10.0,10.699999999999998,-2.0261356,-2.052232633333333,2.81942305659747,2.7428174321138,NaN,NaN,NaN,NaN,0.5579584,0.8127588,144.61,97.03666666666668,NaN,NaN,NaN,NaN,NaN,NaN
PRK,"Korea, Dem. People's Rep.",2021,0.00193461,NaN,NaN,11.2,11.033333333333333,-1.9455234,-1.9994921666666665,2.64172695826404,2.6738807430362397,NaN,NaN,NaN,NaN,1.632679,1.0721498,177.26,137.25666666666666,NaN,NaN,NaN,NaN,NaN,NaN
PRK,"Korea, Dem. People's Rep.",2022,0.002156195,NaN,NaN,14.7,11.966666666666667,-1.9459904,-1.9725498000000001,2.18395218700565,2.548367400622387,NaN,NaN,NaN,NaN,0.9358399,1.0421591,245.09,188.98666666666668,NaN,NaN,NaN,NaN,NaN,NaN
PRK,"Korea, Dem. People's Rep.",2023,0.003468128,NaN,NaN,NaN,NaN,-1.94723499999999,-1.9462495999999965,2.27140993081922,2.3656963586963036,NaN,NaN,NaN,NaN,1.542611,1.3703766333333334,263.49,228.61333333333334,NaN,NaN,NaN,NaN,NaN,NaN
PRT,Portugal,1999,0.04301355,179544008821.687,171645996396.241,22.4,24.133333333333336,1.146074,1.0408926,5.71047054604065,5.363460553914311,6071328302.64666,3451143848.9883666,NaN,NaN,1.267704,1.283772,2840.16,2556.64,63.8308988570361,62.115218468887,2.5727522590913,2.6595308557767834,83.4975147850639,81.6914458509909
PRT,Portugal,2000,0.04077994,186558035204.778,179136548795.281,19.0,22.0,1.0823072,1.0897579333333336,6.33573984608079,5.782631410712696,740701804.322356,3174228495.564459,NaN,NaN,1.542235,1.3169906666666666,3129.07,2862.78,63.3143298172237,63.150060058906035,2.34009490312169,2.4165700484513835,86.5123718190898,83.67769709212017
PRT,Portugal,2001,0.07122507,193677420299.115,186593154775.19336,20.1,20.5,1.0185404,1.0823072,6.24348268563984,6.096564359253759,7292581671.38613,4701537259.451715,NaN,NaN,1.311292,1.3737436666666667,3328.54,3099.2566666666667,67.4529979863247,64.86607555352816,2.85303039287157,2.5886258516948533,84.0329774347754,84.68095467964304
PRT,Portugal,2002,0.05318685,197441874347.86,192559109950.58432,20.8,19.96666666666667,1.1488162499999999,1.0832212833333335,6.12752132113551,6.235581284285381,6113785653.77637,4715689709.828285,NaN,NaN,2.123969,1.6591653333333334,3822.28,3426.6299999999997,65.0919551771122,65.2864276602202,4.36990330551793,3.1876762005037302,83.3821344213172,84.64249455839413
PRT,Portugal,2003,0.03955185,198964002685.767,196694432444.2473,18.3,19.733333333333334,1.2790921,1.14881625,6.50103636107651,6.290680122617286,587893729.664139,4664753684.942213,NaN,NaN,1.599973,1.6784113333333333,4058.67,3736.4966666666674,62.3082594169772,64.95107086013803,3.60034658290914,3.6077600937662133,85.252844018606,84.22265195823287
PRT,Portugal,2004,0.03915597,197112600768.677,197839492600.76797,22.1,20.400000000000002,1.2183508,1.2154197166666667,6.00482597417051,6.211127885460844,10354679114.3825,5685452832.60767,NaN,NaN,1.078114,1.6006853333333335,4672.02,4184.323333333334,61.1389474883653,62.846387360818234,3.21899090682895,3.7297469317520062,81.7702115921695,83.46839667736423
PRT,Portugal,2005,0.07417103,200638423891.103,198905009115.18234,19.9,20.099999999999998,1.1580703,1.2185043999999998,6.15858031692713,6.22148088405805,2485161769.22788,4475911537.758173,NaN,NaN,1.152469,1.276852,5230.92,4653.87,63.2045936670279,62.2172668574568,2.36536204097302,3.061566510237036,82.7521455661086,83.2584003922947
PRT,Portugal,2006,0.07489952,202207110531.023,199986045063.60098,18.1,20.033333333333335,1.2535744,1.2099985,6.4581042393222,6.207170176806613,3367937006.69595,5402592630.10211,NaN,NaN,1.465336,1.231973,5961.16,5288.033333333334,62.944504560452,62.429348571948395,2.27716394887834,2.62050563222677,84.1176496096756,82.88000225598456
PRT,Portugal,2007,0.08793607,205493047516.038,202779527312.72134,22.3,20.1,1.0892238,1.1669561666666668,5.98192142241307,6.1995353262208,13394502768.4966,6415867181.473476,NaN,NaN,1.328612,1.3154723333333334,7264.79,6152.290000000001,68.5470531182009,64.89871711522693,3.1076654587105,2.58339714952062,80.8117457463199,82.56051364070136
PRT,Portugal,2008,0.08896797,210643893867.297,206114683971.45264,23.1,21.166666666666668,1.1711639,1.1713206999999999,5.8179179972539,6.085981219663057,6014642426.68108,7592360733.957877,NaN,NaN,1.571325,1.4550910000000001,7678.64,6968.196666666667,69.9461175817991,67.14589175348401,2.45396528138743,2.6129315629920904,79.2377381074368,81.38904448781076
PRT,Portugal,2009,0.07977347,211316368904.681,209151103429.33865,23.2,22.866666666666664,1.1807886,1.1470587666666667,5.61287237370618,5.804237264457716,7820637675.50865,9076594290.228777,NaN,NaN,1.485584,1.4618403333333332,8752.22,7898.55,72.0757429221604,70.18963787405346,2.58850657657959,2.716712438892507,78.6291549058914,79.55954625321603
PRT,Portugal,2010,0.08792316,204718906458.637,208893056410.205,24.9,23.73333333333333,1.1725096,1.1748207,5.53453188594097,5.655107418967017,5752968835.13299,6529416312.440907,NaN,NaN,1.255907,1.4376053333333332,9560.16,8663.673333333332,61.4926935267759,67.8381846769118,-0.835530021504157,1.402313945487621,78.0825122576696,78.64980175699927
PRT,Portugal,2011,0.07391198,208276152407.912,208103809257.07666,27.8,25.3,0.9446209,1.0993063666666667,5.03622400242124,5.394542754022797,8998318741.70269,7523975084.114777,NaN,NaN,1.337594,1.359695,10632.46,9648.279999999999,67.6892401927983,67.08589221391154,1.40257289895369,1.0518498180097078,75.1256305091658,77.27909922424227
PRT,Portugal,2012,0.07116105,204707283345.749,205900780737.43265,27.2,26.633333333333336,0.7471259,0.9547521333333333,4.86833131897901,5.146362402447073,10397474492.0791,8382920689.63826,NaN,NaN,1.050811,1.2147706666666667,11915.85,10702.823333333332,73.0075756700531,67.39650312987577,3.65301100430724,1.4066846272522577,75.6547897799797,76.2876441822717
PRT,Portugal,2013,0.05721255,196414790526.28,203132742093.31363,25.5,26.833333333333332,0.7084467,0.8000645,4.73413585593852,4.87956372577959,15623883335.1177,11673225522.966497,NaN,NaN,1.109424,1.1659430000000002,13001.8,11850.036666666667,75.9411067187813,72.21264086054424,2.77333854051586,2.6096408145922636,75.8065422397965,75.52898750964734
PRT,Portugal,2014,0.03592444,194481859660.111,198534644510.71335,30.2,27.633333333333336,0.7338698,0.7298141333333333,4.60337018320703,4.735279119374853,14590189381.8209,13537182403.0059,NaN,NaN,0.8312197,0.9971515666666666,13889.26,12935.636666666665,78.0305056874282,75.65972935875419,0.274416666666663,2.2335887371632546,73.4307425331379,74.96402485097137
PRT,Portugal,2015,0.09130798,195923731482.461,195606793889.61734,30.5,28.733333333333334,0.5980541,0.6801235333333334,4.58326274759251,4.64025626224602,12512849286.8004,14242307334.579666,NaN,NaN,0.5563041,0.8323159333333333,14438.03,13776.363333333333,80.220669072079,78.06409382609617,-0.278153367467428,0.923200613238365,72.7805736947789,74.0059528225711
PRT,Portugal,2016,0.09589371,199038523119.639,196481371420.73697,27.2,29.3,0.8500702,0.7273313666666666,4.99335011637296,4.726661015724166,1264336592.67287,9455791753.764723,61.7960205078125,NaN,1.027101,0.8048749333333333,14810.29,14379.193333333335,80.6346756266443,79.62861679538383,0.48793862390472,0.16140064103465165,77.4088504318053,74.54005555324069
PRT,Portugal,2017,0.07858211,203027536357.754,199329930319.95132,29.0,28.900000000000002,0.8398464,0.7626569000000001,4.89305456071076,4.823222474892076,7350311647.43462,7042499175.635963,63.2387504577637,NaN,1.069469,0.8842913666666666,14398.94,14549.086666666668,79.5223464844001,80.12589706104113,0.607397074641719,0.27239411035967026,NaN,NaN
PRT,Portugal,2018,0.07643022,209757330876.906,203941130118.0997,24.4,26.866666666666664,0.924473,0.8714632,5.35359164296186,5.079998773348527,11088239861.7227,6567629367.27673,64.2040176391602,63.079596201578795,0.825579,0.9740496666666667,14405.2,14538.143333333333,84.8077923069539,81.65493813933277,1.36861411643472,0.8213166049937196,NaN,NaN
PRT,Portugal,2019,0.07951621,215937376369.165,209574081201.27502,27.5,26.96666666666667,0.9348161,0.8997118333333334,4.96972818082616,5.072124794832927,8390559335.10071,8943036948.08601,65.1127395629883,64.18516921997073,0.8234646,0.9061708666666667,14906.3,14570.146666666667,86.7356954918399,83.6886114277313,0.993715683468326,0.9899089581815884,NaN,NaN
PRT,Portugal,2020,0.1029465,221866335067.158,215853680771.07632,28.2,26.7,0.9999205,0.9530698666666666,4.51358282400518,4.945634215931066,10814567640.9901,10097788945.937838,66.0920562744141,65.1362711588542,0.7916447,0.8135627666666666,16534.56,15282.019999999999,86.7709889083586,86.10482556905079,0.338178410046034,0.90016940331636,NaN,NaN
PRT,Portugal,2021,0.05997292,203663019645.466,213822243693.9297,31.3,29.0,0.8031995,0.9126453666666666,3.94717687468905,4.476829293173463,4165618741.23914,7790248572.443316,68.1568908691406,66.45389556884766,1.082179,0.8990961,17269.64,16236.833333333334,76.5086407209215,83.33844170704002,-0.0124383299575305,0.43981858785227645,NaN,NaN
PRT,Portugal,2022,0.06576394,214984151437.597,213504502050.07364,32.3,30.599999999999998,0.7505542,0.8512247333333333,3.76014625214405,4.073635316946093,9239418034.41564,8073201472.214961,72.5122375488281,68.92039489746094,0.514017,0.7959469,19600.42,17801.539999999997,85.8735452148975,83.05105828139254,1.26565719069044,0.5304657569263145,NaN,NaN
PRT,Portugal,2023,0.08377456,230002603240.143,216216591441.0687,NaN,NaN,0.8086012,0.7874516333333332,3.8017191709062,3.836347432579766,13059930355.7495,8821655710.468092,75.0714797973633,71.91353607177733,0.5386693,0.7116217666666667,19622.76,18830.94,101.364146479435,87.91544413841801,7.83269124233323,3.0286367010220463,NaN,NaN
PRY,Paraguay,2003,0.004843084,20605676606.0555,20666399317.676464,67.7,69.3,-0.728997999999999,-0.9195476499999945,0.75363102243388,0.7325743335449723,90400000.0,99133333.33333333,28.3164596557617,21.64827982584637,NaN,NaN,12.65,14.636666666666668,79.4415656482927,76.897331473755,10.5102420856612,8.920154046336556,30.445598434941,29.11096272651787
PRY,Paraguay,2006,0.001826818,22845400902.1627,22236524754.8169,68.8,67.53333333333333,-0.759452199999999,-0.7506300666666661,0.701070483877214,0.745974709269126,7300000.0,14526333.333333334,27.7761993408203,27.2744598388672,9.381654666666666,7.797399333333334,25.96,22.996666666666666,85.0219636540457,82.08459134657205,6.80738203116377,8.455814670250993,28.971056896894,30.285612764494868
PRY,Paraguay,2010,0.007497001,26811317495.2224,26311523594.04527,65.4,66.53333333333333,-0.5287986,-0.5365287,0.831000508531121,0.7827339473908889,192405074.519124,249701422.669744,39.7724685668945,35.915139516194664,7.221831999999999,8.469858,29.67,30.286666666666665,70.8419818624334,76.8735646466631,2.59194673430567,6.95906852006458,30.2452192804409,30.26114024058243
PRY,Paraguay,2011,0.00117291,29786095177.4612,27826309279.455566,63.6,64.93333333333334,-0.5035793,-0.5142038666666666,0.913894475939317,0.8528611254050543,752873109.973014,465659125.994082,37.6179261040957,38.09186124246224,5.973806,7.221831999999999,34.25,31.97666666666667,81.2575233746789,77.62569329812379,4.65116279069765,5.79929805796854,32.27525896179,30.775444484255164
PRY,Paraguay,2018,0.003099686,39573101423.9484,37847170350.84156,60.1,61.03333333333333,-0.1580121,-0.16633886666666634,1.33605525458062,1.2065546702979366,759201269.701266,794573295.807663,NaN,NaN,1.1690365142857144,1.6015439285714284,140.84,112.65333333333332,71.0801344038459,68.5848383873345,3.60247741348943,3.6061009880003634,NaN,NaN
PRY,Paraguay,2019,0.002092532,40841122661.1912,39390395291.2044,59.2,60.6,-0.1217096,-0.14501186666666666,1.3602583446884,1.2994779012481434,316757299.336565,631770904.984574,NaN,NaN,0.7365291,1.1690365142857144,104.89,116.03666666666668,72.0692236259495,70.30289108733577,3.97561015740694,3.8883034588895935,NaN,NaN
PRY,Paraguay,2021,0.00064487,40343536418.8014,40620553202.195305,61.5,60.26666666666667,-0.172904,-0.15176179999999997,1.1894625150994,1.2859122812274466,289383009.978369,363890351.857512,NaN,NaN,3.51666925,3.4752041166666667,173.48,148.7,62.7602174748575,68.68386761168343,1.76751592356698,2.8334077855338897,NaN,NaN
QAT,Qatar,2005,0.001342462,46392367816.5645,40941303010.8049,0.0,0.03333333333333333,0.1337505,0.1942104,53.2363848903188,51.8421064480622,1198970000.0,815936666.6666666,16.8915996551514,16.6433963775635,NaN,NaN,136.67,110.95,90.3724288385622,89.6690337193614,6.79933665008279,3.101300564659144,99.9576673286656,99.95558897618696
QAT,Qatar,2009,0.005749439,87348184124.9853,74834286241.64061,0.1,0.10000000000000002,0.7048315,0.47995269999999995,43.3504469009866,46.720793597574236,3778626370.0,3992875456.6666665,11.3421602249146,11.999123255411801,2.455443675,1.96380835,296.22,235.32000000000002,89.4328416546905,94.7059555594577,15.0501451570333,13.548039117590934,99.9578779052492,99.96762585273791
QAT,Qatar,2010,0.0012495,97792023154.8808,86458584601.18327,0.1,0.10000000000000002,0.8928752,0.6765503666666667,39.7629937914219,43.1900923120487,8124736260.0,5534454210.0,10.1654901504517,11.109106699625665,2.947079,2.455443675,323.5,279.69666666666666,80.1441629727012,88.56370344583411,-4.86327801622565,7.981676572268017,99.9937246093105,99.96958632189238
QAT,Qatar,2011,0.01485687,116951606956.59,100697271412.15204,0.1,0.10000000000000002,0.8609387,0.8195484666666667,44.6630200292918,42.5921535739001,4670329670.0,5524564100.0,9.64273278083432,10.383461052066872,1.214372,2.2056315583333332,400.2,339.97333333333336,87.1111970364642,85.56273388795198,-2.42525675161714,2.5872034630635032,92.15308123508169,97.36822791654713
QAT,Qatar,2012,0.008598945,132594158696.499,115779262935.98993,0.1,0.10000000000000002,0.8503316,0.8680484999999999,51.1981146765586,45.2080428324241,938516483.516483,4577860804.505494,12.6008552690979,10.803026066794638,2.025992,2.062481,459.57,394.42333333333335,98.7216351018991,88.65899837035484,1.13836623529202,-2.0500561775169235,84.31243786085287,92.15308123508169
QAT,Qatar,2013,0.005386522,138865975290.062,129470580314.38367,0.0,0.06666666666666667,0.9514299,0.8875667333333332,53.5992587251326,49.820131143661,395879120.879121,2001575091.4652014,12.2866942772156,11.510094109049275,0.9922016,1.4108552,610.64,490.1366666666667,105.746286433535,97.1930395239661,2.31534853431661,0.3428193393304966,76.47179448662405,84.31243786085287
QAT,Qatar,2014,0.01527866,146581512800.909,139347215595.82333,0.0,0.03333333333333333,0.9455132,0.9157582333333334,53.2936831372565,52.697018846315906,-840384615.384615,164670329.67032966,14.8707295209095,13.252759689074333,0.6006553,1.2062829666666668,798.6,622.9366666666666,102.383154379024,102.28369197148602,3.22197756829293,2.22523077930052,68.63115111239523,76.47179448662405
QAT,Qatar,2015,0.02308348,154400671412.79,146616053167.92032,0.0,0.0,0.7014796,0.8661409,51.4766852020105,52.7898756881332,1040384615.38461,198626373.626372,17.3063613126932,14.8212617036061,1.415971,1.0029426333333333,1120.5,843.2466666666666,99.0343138952759,102.38791823594495,3.34972085659523,2.96234898640159,60.79050773816642,68.63115111239523
QAT,Qatar,2016,0.0256219,161739835164.835,154240673126.178,0.0,0.0,0.7674283,0.8048070333333334,48.6591283555913,51.14316556495277,1070879120.87912,423626373.6263717,15.9339905308662,16.037027121489633,3.066068,1.6942314333333333,1192.34,1037.1466666666668,93.7076739370818,98.37504740379389,1.8140772393776,2.7952585547552533,52.9498643639376,60.79050773816641
QAT,Qatar,2017,0.01844847,166695713593.11,160945406723.57834,0.1,0.03333333333333333,0.7654833,0.7447970666666666,46.043357731359,48.7263904296536,773901098.901099,961721611.7216097,14.8163562584538,16.018902700671067,2.965309,2.4824493333333333,1437.58,1250.14,89.5476231430097,94.09653699178914,2.6765917009819,2.6134632656515766,NaN,NaN
QAT,Qatar,2018,0.01498182,164199341779.27,164211630179.07166,0.1,0.06666666666666667,0.560855,0.6979221999999999,44.8208042988114,46.50776346192057,985989010.989011,943589743.5897433,16.7774362605473,15.842594349955766,2.74009,2.9238223333333333,1424.46,1351.46,91.4945574785855,91.58328485289233,0.394878914083005,1.628515951480835,NaN,NaN
QAT,Qatar,2019,0.005231329,166226927746.608,165707327706.3293,0.0,0.06666666666666667,0.6770845,0.6678076000000001,44.520899868022,45.12835396606414,-2186263736.26373,-142124542.12454,17.4458250857575,16.3465392015862,3.024253,2.909884,1555.68,1472.5733333333335,91.838343273294,90.96017463162973,0.255815382724408,1.1090953325964377,NaN,NaN
QAT,Qatar,2020,0.01422181,167370994374.124,165932421300.00064,0.1,0.06666666666666667,0.7893471,0.6757622,44.592192164423,44.6446321104188,-2812637362.63736,-1337637362.6373599,21.0931416049405,18.438800983748436,0.9830176,2.2491202,1838.24,1606.1266666666668,90.0462934117559,91.12639805454512,-0.666641124861147,-0.005315609351244662,NaN,NaN
QAT,Qatar,2021,0.01160766,161416766491.661,165004896204.131,0.0,0.03333333333333333,0.8435123,0.7699813,41.2780926421936,43.46372822487953,-2434065934.06593,-2477655677.6556735,23.7649212314763,20.767962640724765,2.10095,2.0360735333333335,2333.06,1908.9933333333336,90.0189857283633,90.63454080447106,-2.5403150300476,-0.983713590728113,NaN,NaN
QAT,Qatar,2022,0.00431239,164042913770.979,164276891545.588,0.0,0.03333333333333333,0.8424347,0.8250980333333334,47.2839742745248,44.38475302704713,-1093406593.40659,-2113369963.36996,31.2813974439236,25.3798200934468,1.473974,1.5193138666666668,2655.23,2275.5099999999998,92.7790897626963,90.94812296760517,2.30446565742003,-0.3008301658295724,NaN,NaN
QAT,Qatar,2023,0.002312085,170908060803.633,165455913688.75766,NaN,NaN,0.8839637,0.8566368999999999,45.1959539884538,44.586006968390734,76098901.0989008,-1150457875.457873,35.0854901088778,30.0439362614259,0.7417659,1.4388966333333333,2649.64,2545.976666666667,100.213640845612,94.33723877889054,4.99527553740761,1.5864753882600133,NaN,NaN
ROU,Romania,1999,0.01846541,100463958892.948,103593579221.46501,16.3,14.666666666666666,-0.0202141,-0.22111515,4.84219728458409,5.463946956991144,2031000000.0,1169666666.6666667,NaN,NaN,0.86947045,0.6860919166666667,2138.49,1981.0166666666664,53.838795710082,59.27513580489413,59.0965827541167,84.22978817623697,85.1255128287889,87.25230043248166
ROU,Romania,2000,0.04552179,100085550636.348,101031649662.19067,17.7,16.599999999999998,-0.20950809999999997,-0.15027911666666668,4.14686428112446,4.833744432927916,1041000000.0,1429000000.0,NaN,NaN,1.162469,0.86947045,2070.08,2083.063333333333,57.9736750449875,58.3392376958175,45.8037811326363,86.554614774354,84.3202441492128,85.12301525284266
ROU,Romania,2001,0.008959129,102548919722.127,101032809750.47432,16.4,16.799999999999997,-0.3988021,-0.2095081,4.34452283523425,4.4445281336476,1037000000.0,1369666666.6666667,NaN,NaN,2.993601,1.6751801499999999,2269.76,2159.443333333333,48.5213253850786,53.4445987133827,45.6665940440238,50.1889859769256,84.7575261615033,84.73442771316833
ROU,Romania,2002,0.01743831,107900062083.039,103511510813.83801,13.4,15.833333333333334,-0.2738062,-0.2940388,4.71753757121485,4.402974895857853,1157000000.0,1078333333.3333333,28.0544300079346,NaN,0.5631127,1.5730609,2281.16,2207.0,51.9285910211481,52.80786381707139,34.4770123493527,41.982462508670935,86.3803315482411,85.1527006196524
ROU,Romania,2003,0.05932778,114053593614.452,108167525139.87267,14.4,14.733333333333334,-0.1488103,-0.2738062,4.75824850017229,4.606769635540464,1144000000.0,1112666666.6666667,33.7016906738281,NaN,0.821165,1.4592929000000001,2320.07,2290.33,53.7102478139376,51.38672140672143,22.5398862605386,34.227830884638365,86.7348112101134,85.95755630661927
ROU,Romania,2004,0.04800232,116723756275.208,112892470657.56633,15.7,14.5,-0.1683709,-0.19699579999999997,4.99887690581852,4.824887659068553,1844000000.0,1381666666.6666667,38.9063987731934,33.55417315165203,2.468132,1.2841365666666669,2516.91,2372.713333333333,56.1795270470243,53.93945529403666,15.2734889936255,24.09679586783893,86.4242217637348,86.51312150736311
ROU,Romania,2005,0.06672037,128895841498.556,119891063796.07198,17.3,15.799999999999999,-0.115300099999999,-0.144160433333333,4.92175276345778,4.892959389816197,6443000000.0,3143666666.6666665,41.7997398376465,38.135943094889335,1.522744,1.6040136666666667,2691.68,2509.5533333333333,60.6264786669408,56.838751175967566,11.8743635936399,16.562579615934666,84.3127768576308,85.82393661049302
ROU,Romania,2006,0.05541347,134912890211.095,126844162661.61967,18.5,17.166666666666668,-0.0097726999999999,-0.09781456666666628,4.90116528457151,4.94059831794927,6498650462.86646,4928550154.288819,45.4637298583984,42.05662282307943,1.963333,1.9847363333333334,3323.06,2843.883333333333,59.3605494490555,58.7221850543402,9.01491283343835,12.054255140234583,83.9659248300028,84.90097448378947
ROU,Romania,2007,0.06266836,145744791283.304,136517840997.65166,17.4,17.733333333333334,0.3232718,0.06606633333333368,5.22993560368712,5.01761788390547,11006614841.8417,7982755101.5693865,54.1389312744141,47.134133656819664,1.717679,1.7345853333333334,3642.27,3219.0033333333336,61.6836259265159,60.55688468083739,6.55851412276983,9.149263516616026,85.1866701176946,84.48845726844274
ROU,Romania,2008,0.06941105,156287689281.09,145648456925.163,18.2,18.03333333333333,0.393314,0.23560436666666673,5.12802242514982,5.086374437802816,10103086514.314,9202783939.674053,60.2831192016602,53.295260111490904,1.694833,1.7919483333333333,4987.51,3984.28,63.5051566734658,61.51644401634573,4.83732928313989,6.803585413116022,83.337642892141,84.16341261327948
ROU,Romania,2009,0.08638532,170834114652.888,157622198405.76065,20.4,18.666666666666664,0.398715,0.3717669333333333,5.13050644236563,5.162821490400856,13667824244.7472,11592508533.6343,73.4470672607422,62.6230392456055,1.744906,1.7191393333333334,6995.64,5208.473333333334,65.1752009979412,63.45466119930763,7.85080255714482,6.415548654351514,80.0037855591767,82.8426995230041
ROU,Romania,2010,0.05027156,161409698529.133,162843834154.37033,22.1,20.233333333333334,0.3389556,0.37699486666666665,4.20729371276879,4.821940860094746,4637684879.54339,9469531879.534863,81.5331497192383,71.75444539388023,2.144483,1.8614073333333334,8722.51,6901.886666666668,58.4700583666529,62.38347201268663,5.58742004264393,6.09185062764288,76.8063490739037,80.0492591750738
ROU,Romania,2011,0.04124735,155105339843.99,162449717675.337,24.1,22.2,0.4222283,0.38663296666666663,4.11641877898071,4.484739644705043,3213737651.98387,7173082258.758153,75.2290267944336,76.73641459147136,1.223542,1.7043103333333336,9877.38,8531.843333333332,69.9549354932718,64.5333982859553,6.09141668601891,6.5098797619358875,75.305526736979,77.37188712335313
ROU,Romania,2012,0.06447298,162078238594.701,159531092322.608,21.1,22.433333333333337,0.3748876,0.3786905,4.45806056206995,4.2605910179398165,2370097222.61814,3407173251.3818,66.7865829467773,74.51625315348305,0.8726197,1.4135482333333333,9663.13,9421.006666666666,76.271356441629,68.23211676718456,5.7892532881588,5.822696672273881,77.8886269020266,76.66683423763644
ROU,Romania,2013,0.04882497,165163587446.019,160782388628.23666,21.5,22.233333333333334,0.3076837,0.3682665333333333,4.36901221879411,4.314497186614923,3047569714.39733,2877134862.99978,54.9534912109375,65.65636698404946,1.548173,1.2147782333333332,9844.05,9794.853333333333,76.5943239913672,74.27353864208935,3.33492267693442,5.071864217037377,76.6536954892439,76.6159497094165
ROU,Romania,2014,0.02989133,165624017079.639,164288614373.453,23.1,21.900000000000002,0.3895279,0.3573663999999999,3.9798049339529,4.26895923827232,3854819397.63757,3090828778.21768,51.3826103210449,57.7075614929199,1.257164,1.2259855666666666,9740.94,9749.373333333331,81.3976131747183,78.08776453590484,3.9847123554813,4.369629440191507,73.7616168137928,76.10131306835443
ROU,Romania,2015,0.02624019,172441103432.375,167742902652.6777,24.3,22.96666666666667,0.3877013,0.3616376333333333,3.96756659394738,4.10546124889813,3869197075.10542,3590528729.0467734,51.0950393676758,52.477046966552734,0.5588088,1.1213819333333335,9746.12,9777.036666666667,83.3751429575201,80.4556933745352,1.06830987684298,2.7959816364195667,73.0867018814082,74.50067139481496
ROU,Romania,2016,0.0357953,177885131240.315,171983417250.77634,23.7,23.7,0.4527497,0.4099929666666667,4.0525613738175,3.9999776339059268,4317731472.30632,4013915981.6831036,49.3609886169434,50.612879435221366,0.5272784,0.7810837333333334,10357.99,9948.35,83.5205767017155,82.76444427798464,-0.594156437495203,1.486288598276359,39.0055100121455,61.95127623578217
ROU,Romania,2017,0.06161429,182972525962.275,177766253544.9883,24.4,24.13333333333333,0.4475166,0.4293225333333333,3.99479410161277,4.004974023125883,6252035766.42822,4812988104.613319,49.911319732666,50.12244923909507,0.7401243,0.6087371666666667,9456.26,9853.456666666667,85.8925282906884,84.26274931664133,-1.54479666813897,-0.35688107626373095,NaN,NaN
ROU,Romania,2018,0.04146691,197967999561.02,186275218921.20334,23.4,23.833333333333332,0.4191612,0.43980916666666664,4.17578692629915,4.074380800576473,5952909608.10491,5507558948.946484,50.5108184814453,49.9277089436849,1.184118,0.8171735666666667,9734.81,9849.686666666666,87.1560645667801,85.52305651972802,1.3390212110439,-0.26664396486342434,NaN,NaN
ROU,Romania,2019,0.03250399,208647427408.285,196529317643.86,23.0,23.599999999999998,0.3852803,0.41731936666666664,4.26219717910626,4.144259402339393,7343560129.25216,6516168501.261764,51.9943504333496,50.80549621582029,0.845497,0.9232464333333334,9295.6,9495.556666666665,87.0911701095809,86.71325432234981,4.62548443137779,1.4732363247609068,NaN,NaN
ROU,Romania,2020,0.02973651,216910469745.256,207841965571.52036,23.5,23.3,0.3572005,0.387214,4.18922540818417,4.209069837863193,7365441773.73218,6887303837.02975,52.4439697265625,51.649712880452476,0.8398789,0.9564979666666668,10705.93,9912.113333333333,84.9063630584793,86.38453257828012,3.82785432599438,3.264119989472023,NaN,NaN
ROU,Romania,2021,0.03520991,209105975817.662,211554624323.73434,24.1,23.53333333333333,0.3027167,0.34839916666666665,3.92941176470588,4.12694478399877,3602418172.35715,6103806691.780496,53.4911117553711,52.64314397176107,0.7402757,0.8085505333333334,10334.95,10112.160000000002,78.3616463562709,83.4530598414437,2.63107311184743,3.6948039564065334,NaN,NaN
ROU,Romania,2022,0.02371814,220789460074.341,215601968545.75302,23.6,23.733333333333334,0.3145916,0.32483626666666665,4.22268857135102,4.1137752480803575,11768726824.985,7578862257.024777,55.2656097412109,53.733563741048165,0.8795335,0.8198960333333334,12021.69,11020.856666666667,87.0711965460145,83.44640198692157,5.05232876096582,3.8370853996025436,NaN,NaN
ROU,Romania,2023,0.03121315,230035489109.198,219976975000.4003,NaN,NaN,0.3937269,0.33701173333333334,3.97277959180202,4.04162664261964,11477511658.9305,8949552218.757551,58.2390403747559,55.66525395711263,0.5590742,0.7262944666666667,11669.69,11342.11,93.9496509383447,86.46083128021003,13.7954887432521,7.159630205355118,NaN,NaN
RUS,Russian Federation,1999,0.4904197,666808805066.777,688447421571.19,3.6,3.7000000000000006,-0.8033636,-0.7208374000000001,10.9244418990828,11.149646271891767,2761360000.0,3401780000.0,47.279411315918,45.48749033610026,1.427353,1.5366503333333332,34621.11,34356.136666666665,55.7722532849766,50.31722517149014,27.6856798076742,30.066340425824702,92.0976380432083,92.1443443303906
RUS,Russian Federation,2000,0.6041121,709483999746.068,693473361853.9711,3.8,3.733333333333333,-0.79324995,-0.7724836499999999,11.2822316151199,11.024523746528333,3256530000.0,3627513333.3333335,52.1262397766113,48.23049036661783,1.41267,1.4181286666666668,32578.24,33658.28,69.393281498812,57.47415206462114,85.7464940960636,42.73116772418127,91.2874023893533,91.81214928598324
RUS,Russian Federation,2001,0.5164937,780432873752.842,718908559521.8956,3.5,3.6333333333333333,-0.7831363,-0.79324995,11.4678581573253,11.224843890509334,2678030000.0,2898640000.0,55.2136611938477,51.53977076212567,1.72169,1.5205710000000001,32706.64,33301.996666666666,68.0939070373555,64.41981394038136,20.7987606558704,44.74364485320273,91.1110205316524,91.49868698807133
RUS,Russian Federation,2002,0.4080565,820235350096.64,770050741198.5166,3.6,3.633333333333333,-0.5768196499999996,-0.7177352999999999,11.5380010322485,11.429363601564566,2847300000.0,2927286666.6666665,60.3866996765137,55.90886688232424,1.453485,1.5292816666666667,36554.8,33946.560000000005,61.1108586644206,66.1993490668627,21.4770072117159,42.67408732121663,90.8961829600663,91.09820196035734
RUS,Russian Federation,2003,0.410855,858786345187.109,819818189678.8636,3.5,3.533333333333333,-0.370502999999999,-0.5768196499999996,11.5293860535362,11.511748414369999,3473830000.0,2999720000.0,65.0104217529297,60.2035942077637,1.359006,1.5113936666666665,36335.6,35199.01333333333,59.6454457319607,62.95007047791227,15.7887307914463,19.354832886344198,90.7264337760126,90.9112124225771
RUS,Russian Federation,2004,0.4031615,921477339133.556,866833011472.435,3.3,3.466666666666667,-0.3141585,-0.4204937166666662,12.0101555342893,11.692514206691333,7928630000.0,4749920000.0,69.0352096557617,64.8107770284017,1.331792,1.3814276666666665,34851.82,35914.073333333334,59.1282690076014,59.96152446799423,13.6632930228666,16.976343675342935,90.9048070760044,90.84247460402777
RUS,Russian Federation,2005,0.4591891,987823227180.876,922695637167.1803,3.5,3.4333333333333336,-0.153804599999999,-0.2794886999999993,12.0698465708905,11.869796052905334,15402990000.0,8935150000.0,69.818717956543,67.9547831217448,1.184173,1.291657,35079.43,35422.28333333333,56.5818523984055,58.45185571265586,10.8886157326216,13.446879848978165,90.6739889796587,90.76840994389191
RUS,Russian Federation,2006,0.4853594,1051043572407.72,986781379574.0507,3.6,3.4666666666666663,-0.2338844,-0.23394916666666632,12.1189832296134,12.066328444931067,15508050000.0,12946556666.666666,72.2228012084961,70.3589096069336,1.299518,1.2718276666666666,34561.84,34831.03,56.7132484905422,57.474456632183035,12.6853039507349,12.4124042354077,90.6824544655467,90.7537501737366
RUS,Russian Federation,2007,0.3998308,1137229862730.35,1058698887439.6488,3.5,3.533333333333333,-0.314386799999999,-0.23402526666666598,12.4166473767424,12.201825725748767,37594770000.0,22835270000.0,73.4398880004883,71.82713572184245,1.287971,1.2572206666666665,30269.91,33303.72666666666,54.733401867266,56.0095009187379,9.66865454789265,11.08085807708305,90.6067697792849,90.65440440816343
RUS,Russian Federation,2008,0.4281226,1233894148246.74,1140722527794.9365,3.7,3.6,-0.1586062,-0.23562579999999966,12.4578591772281,12.331163261194632,55873680000.0,36325500000.0,76.1305465698242,73.9310785929362,1.164033,1.2505073333333334,30957.09,31929.61333333333,51.7061227454606,54.38425770108959,9.00729868861079,10.453752395746113,90.53764909573,90.60895778018721
RUS,Russian Federation,2009,0.4332511,1298056264706.47,1223060091894.52,3.3,3.5,-0.2972532,-0.256748733333333,12.3604193305861,12.411641961518868,74782910000.0,56083786666.666664,77.5339736938477,75.70146942138673,1.201472,1.2178253333333335,32732.4,31319.800000000003,53.3824660408908,53.27399688453912,14.1107677840442,10.928907006849213,90.9616244467454,90.70201444058677
RUS,Russian Federation,2010,0.3767779,1196807955075.78,1242919456009.6633,3.6,3.5333333333333337,-0.3406416,-0.26550033333333334,11.6405620274147,12.1529468450763,36583100000.0,55746563333.333336,77.8685607910156,77.17769368489583,1.112013,1.1591726666666666,33541.86,32410.45,48.4350610278181,51.174549938056494,11.6473295764118,11.58846534968893,90.2040492745402,90.56777427233853
RUS,Russian Federation,2011,0.4085861,1250664313044.7,1248509510942.3167,3.3,3.4,-0.3620188,-0.3333045333333333,12.2289345872818,12.076638648427533,43167780000.0,51511263333.333336,79.015767216146,78.13943390033643,0.9036118,1.0723656000000001,34294.25,33522.83666666667,50.3555054872589,50.7243441853226,6.84939230255025,10.869163221002083,89.8894516557171,90.3517084590009
RUS,Russian Federation,2012,0.3612522,1304443243520.47,1250638503880.3167,3.2,3.3666666666666667,-0.381015899999999,-0.36122543333333307,12.8138402250147,12.227778946570401,55083630000.0,44944836666.666664,80.1629736412764,79.01576721614599,0.928435,0.9813532666666666,36397.08,34744.39666666667,48.0353994077919,48.9419886409563,8.4404648593257,8.979062246095916,91.6925475612423,90.59534949716652
RUS,Russian Federation,2013,0.3351786,1356935163515.02,1304014240026.7302,3.2,3.233333333333333,-0.4318993,-0.39164466666666636,12.6922981666833,12.578357659659934,50587560000.0,49612990000.0,80.5323453975492,79.90369541832386,0.8568788,0.8963085333333334,36531.93,35741.08666666667,47.1513903857957,48.514098426948834,5.07474300799149,6.78820005662248,92.7448881852914,91.44229580075027
RUS,Russian Federation,2014,0.3733869,1380755103919.45,1347377836984.9797,3.6,3.3333333333333335,-0.405733599999999,-0.406216266666666,12.2682756012668,12.591471330988268,69218890000.0,58296693333.333336,82.8009567260742,81.16542525496659,0.9442662,0.90986,38952.94,37293.98333333333,46.287149400499,47.1579797313622,6.75466833903486,6.756625402117351,92.2077778085416,92.21507118502511
RUS,Russian Federation,2015,0.2690141,1390921151162.46,1376203806198.9768,3.3,3.366666666666667,-0.450162599999999,-0.429265166666666,12.1341694161707,12.364914394706934,22031340000.0,47279263333.333336,84.5181387513356,82.61714695831967,1.024873,0.942006,44778.75,40087.87333333333,47.8013412628116,47.0799603497021,7.82016970013845,6.549860349054934,92.3829682310696,92.44521140830086
RUS,Russian Federation,2016,0.3005298,1363482182197.71,1378386145759.8733,3.2,3.3666666666666667,-0.5155363,-0.45714416666666596,12.1481277789029,12.1835242654468,6852970000.0,32701066666.666668,84.2355651240256,83.8515535338118,0.7720073,0.9137154999999999,51956.58,45229.42333333334,49.3593493116887,47.815946658333104,15.5343959935701,10.036411344247805,49.9404108669885,78.1770523021999
RUS,Russian Federation,2017,0.3275767,1366123111808.03,1373508815056.0667,3.4,3.2999999999999994,-0.4243033,-0.4633340666666663,11.961746699283,12.081347964785534,32538900000.0,20474403333.333332,83.860044350614,84.20458274199173,0.7814853,0.8594551999999999,61137.3,52624.21,46.5181198396096,47.892936804703304,7.04243725413707,10.13233431594854,NaN,NaN
RUS,Russian Federation,2018,0.3158777,1391065651845.68,1373556981950.4734,3.2,3.266666666666667,-0.3965476,-0.4454624,12.1357322425004,12.081868906895432,28557440000.0,22649770000.0,81.7051021681418,83.26690388092713,0.8850829,0.8128584999999999,68641.1,60578.32666666667,46.8765243371311,47.58466449614313,3.68333072334495,8.753387990350708,NaN,NaN
RUS,Russian Federation,2019,0.2723978,1430116278515.49,1395768347389.7334,3.2,3.266666666666667,-0.357656,-0.3928356333333333,12.5939247104085,12.230467884063964,8784850000.0,23293730000.0,81.5681115998523,82.3777527062027,0.8404585,0.8356755666666666,77629.6,69136.0,51.5809003703964,48.325181515712366,2.87831382614981,4.534693934543943,NaN,NaN
RUS,Russian Federation,2020,0.3158581,1461551317106.21,1427577749155.7932,3.2,3.2000000000000006,-0.3542324,-0.3694786666666667,12.7738739166789,12.501176956529266,31974770000.0,23105686666.666668,80.9520697471091,81.40842783836774,0.7416368,0.8223927333333334,90819.89,79030.19666666667,49.2287536619033,49.22872612314361,4.47202631837903,3.677890289291263,NaN,NaN
RUS,Russian Federation,2021,0.2115711,1422766794794.99,1438144796805.5635,3.7,3.366666666666667,-0.4450265,-0.38563829999999993,12.2840530273686,12.550617218152,9478810000.0,16746143333.333334,57.2232854739754,73.24782227364561,0.8473073,0.8098008666666666,94909.93,87786.47333333334,45.9669082029127,48.9255207450708,3.38219796948068,3.57751270466984,NaN,NaN
RUS,Russian Federation,2022,0.1397933,1506233291759.56,1463517134553.5867,3.5,3.466666666666667,-0.3720054,-0.3904214333333333,13.3920757412176,12.816667561755033,40450000000.0,27301193333.333332,54.9542479280814,64.3765343830553,0.7492592,0.7794011,100841.94,95523.92,50.5861954621752,48.5939524423304,6.69445891957612,4.849561069145277,NaN,NaN
RUS,Russian Federation,2023,0.1051999,1484605556957.56,1471201881170.7034,NaN,NaN,-0.8919419,-0.5696579333333333,13.1413838368291,12.939170868471768,-39800944226.9805,3375955257.6731668,53.9151941239211,55.364242508659295,0.6238115,0.7401260000000001,84251.73,93334.53333333333,42.7827864294811,46.44529669818966,13.7436797398232,7.940112209626666,NaN,NaN
SAU,Saudi Arabia,1999,0.01737921,345894131084.973,336712499236.02594,0.0,0.0,-0.2693391,-0.31567744999999997,16.7202591309517,16.537008866552767,4283466666.66666,2065155555.5555532,23.2514591217041,22.642886479695633,3.131111,NaN,1709.29,1688.9566666666667,56.0883926105725,62.643426540858464,-0.37126675171199,0.30264813404273966,99.8538811279055,NaN
SAU,Saudi Arabia,2000,0.01707067,343703259654.365,342019268298.44196,0.0,0.0,-0.16402124999999995,-0.24967926666666665,16.4371876428986,16.460429498737998,-778933333.333333,2181333333.3333287,27.5408992767334,24.488126118977863,1.77343,1.8829422666666666,1554.64,1653.6966666666667,57.8460488194196,59.70750279134567,-1.33375489653896,-0.5492903477294337,99.9074120213463,99.8141432762789
SAU,Saudi Arabia,2001,0.01343869,359919640768.117,349839010502.485,0.0,0.0,-0.0587033999999999,-0.16402124999999995,16.3953985610582,16.517615111636164,-1881066666.66666,541155555.5555555,28.3759498596191,26.389436086018865,2.956991,2.6205106666666667,1595.72,1619.8833333333332,68.1664488005167,60.70029674350294,-1.12499838517645,-0.9433400111424666,92.8266137377291,97.52930229566029
SAU,Saudi Arabia,2002,0.04010812,361159899361.903,354927599928.12836,0.0,0.0,-0.15216219999999944,-0.1249622833333331,16.1835734476463,16.3387198838677,19640000.0,-880119999.9999977,27.2377300262451,27.7181930541992,1.406747,2.045722666666667,1584.38,1578.246666666667,63.5605836794513,63.19102709979586,-1.12094804896791,-1.1932337768944399,92.8414028936432,95.19180955090621
SAU,Saudi Arabia,2003,0.007264626,358673710260.03,359917750130.01666,0.0,0.0,-0.245620999999999,-0.15216219999999944,16.3991276825131,16.326033230405866,-614133333.333333,-825186666.6666645,25.1049709320068,26.90621693929033,2.652736,2.338824666666667,1640.28,1606.7933333333333,64.5927974099254,65.43994329663114,0.247186492339686,-0.6662533139348913,90.9781075604879,92.21537473062006
SAU,Saudi Arabia,2004,0.03190487,390124853185.866,369986154269.26636,0.0,0.0,-0.1704605,-0.18941456666666615,16.4119297375647,16.3315436225747,-586506666.666666,-393666666.6666663,26.6230297088623,26.3219102223714,0.5794642,1.5463157333333333,1778.5,1667.72,69.831170708742,65.9948505993729,0.612195358172966,-0.08718873281841932,90.3510468817452,91.39018577862544
SAU,Saudi Arabia,2005,0.03389717,423796550560.486,390865038002.1274,0.0,0.0,-0.0935170999999999,-0.16986619999999963,16.6257165924061,16.478924670827965,-334320000.0,-511653333.333333,26.2631301879883,25.99704360961913,2.837212,2.0231374,1773.82,1730.8666666666666,75.0828366569341,69.83560159186716,0.5155078977673,0.45829658275998403,95.5293561353782,92.2861701925371
SAU,Saudi Arabia,2006,0.03988552,448990815757.244,420970739834.532,0.0,0.0,-0.0157996,-0.09325906666666663,16.8475463633317,16.628397564434167,4385456396.44642,1154876576.5932512,25.1983699798584,26.028176625569667,2.233857,1.8835110666666666,1799.39,1783.9033333333334,81.9540759410158,75.62269443556397,0.479231671630955,0.5356449758570737,92.4498597465877,92.77675425457038
SAU,Saudi Arabia,2007,0.04491418,463868057904.565,445551808074.0984,0.0,0.0,-0.0911401,-0.06681893333333329,17.0903135744837,16.854525510073834,5975887388.89812,3342341261.781513,24.5137691497803,25.32508977254233,2.414344,2.495137666666667,1914.28,1829.1633333333332,89.9446046768984,82.32717242494942,2.20902314069647,1.0679209033649084,95.7970762394107,94.59209737379219
SAU,Saudi Arabia,2008,0.03526658,474136491554.825,462331788405.5447,0.0,0.0,0.0553877,-0.017184,17.3405924711443,17.092817469653237,6175321114.57165,5512221633.305396,24.3000392913818,24.670726140340165,2.197166,2.281789,2053.72,1922.4633333333334,94.8633170967657,88.92066590489328,4.16782358431579,2.2853594655477383,93.6687943169107,93.97191010096971
SAU,Saudi Arabia,2009,0.04791199,503713066804.231,480572538754.54034,0.0,0.0,0.2717268,0.07865813333333332,18.0563174565032,17.495741167377066,5505983968.58641,5885730824.018726,24.4659805297852,24.426596323649097,1.432177,2.0145623333333336,2265.61,2077.87,96.1026308742185,93.63685088262753,9.87024816760266,5.415698297538307,96.2986608323185,95.25484379621331
SAU,Saudi Arabia,2010,0.05143776,498339873323.225,492063143894.0937,0.0,0.0,0.263414,0.19684283333333333,18.3345628771474,17.910490934931634,436351281.582906,4039218788.2469883,25.0353107452393,24.600443522135436,1.631991,1.7537779999999998,2883.94,2401.09,84.8583415624843,91.9414298444895,5.0572227614833,6.3650981711339165,96.5720622997293,95.51317248298618
SAU,Saudi Arabia,2011,0.1005575,523453786400.721,508502242176.059,0.0,0.0,0.3480315,0.2943907666666667,20.3047423300728,18.8985408879078,4878894395.25169,3607076548.4736686,29.3244802795728,26.275257184865765,1.058619,1.3742623333333333,3626.81,2925.4533333333334,82.5496850227537,87.83688581981885,5.33941733020905,6.755629419765004,97.1141605250732,96.66162788570699
SAU,Saudi Arabia,2012,0.1245127,585005778521.172,535599812748.37274,0.0,0.0,0.3943428,0.3352627666666667,20.2940259487267,19.644443718648965,4683855881.26771,3333033852.700769,28.9419498443604,27.767246956390835,1.232412,1.3076740000000002,4831.03,3780.5933333333337,84.3594342438995,83.92248694304583,5.8262163739404,5.407618821877583,88.2559935839333,93.98073880291194
SAU,Saudi Arabia,2013,0.1545547,618711318317.787,575723627746.5599,0.0,0.0,0.2391932,0.32718916666666664,20.6100945700312,20.402954282943565,5035060850.94588,4865937042.488426,36.0444107055664,31.436946943166532,1.794974,1.3620016666666668,5832.1,4763.3133333333335,81.74067854616,82.88326593760439,2.86627029905053,4.677301334399994,96.8982298785652,94.08946132919057
SAU,Saudi Arabia,2014,0.2046949,636936313349.28,613551136729.413,0.0,0.0,0.2721716,0.30190253333333333,19.8087286694572,20.2376163960717,3371408456.52722,4363441729.58027,43.163501739502,36.04995409647626,1.992703,1.6733630000000002,7117.79,5926.973333333332,80.2515014286783,82.11720473957926,3.51104209799866,4.067842923663196,93.5954421193098,92.9165551939361
SAU,Saudi Arabia,2015,0.2695045,662570908159.594,639406179942.2203,0.0,0.0,0.1946553,0.23534003333333334,20.6973806780556,20.372067972514667,1509063087.30334,3305177464.92548,53.1803840195563,44.129432154874905,1.928753,1.9054766666666667,8119.83,7023.240000000001,78.000111117736,79.99743036419143,2.24185348779063,2.8730552949466066,94.6812895083609,95.05832050207863
SAU,Saudi Arabia,2016,0.2297681,693414400000.0,664307207169.6246,0.0,0.0,0.2373094,0.2347121,20.5071259148746,20.337745087462466,3970644084.62136,2950371876.15064,57.0892771397236,51.144387632927305,2.101495,2.0076503333333333,8838.53,8025.383333333334,67.1052692300592,75.11896059215783,1.22269318552328,2.32519625710419,7.12657787813047,65.13443650193373
SAU,Saudi Arabia,2017,0.389997,705230509999.152,687071939386.2487,0.0,0.0,0.1880057,0.2066568,19.6907023725829,20.298402988504364,21954833889.956,9144847020.626902,63.9826623355369,58.0841078316056,1.830975,1.953741,9340.69,8766.35,57.9216635110364,67.6756812862772,2.05347076823965,1.8393391471845202,NaN,NaN
SAU,Saudi Arabia,2018,0.2594093,713567089638.542,704070666545.898,0.0,0.0,0.1004204,0.17524516666666667,19.4764691820848,19.891432489847436,1014062501.14036,8979846825.23924,70.7471342981424,63.93969125780097,2.000966,1.9778120000000001,9944.06,9374.426666666666,59.5319791578229,61.5196372996395,-0.834845735027162,0.8137727395785893,NaN,NaN
SAU,Saudi Arabia,2019,0.2927801,736593549189.516,718463716275.7367,0.0,0.0,0.0805221,0.12298273333333333,19.2090840590601,19.4587518712426,12141122232.9039,11703339541.33342,73.1971736383918,69.30899009069036,1.429841,1.7539273333333334,10745.38,10010.043333333333,59.1029104697141,58.852184379524466,2.46594308994843,1.2281893743869727,NaN,NaN
SAU,Saudi Arabia,2020,0.2942945,748759049109.6,732973229312.5526,0.0,0.0,0.1793192,0.12008723333333333,19.2859458646594,19.3238330352681,3079217251.32355,5411467328.455937,77.9664942011008,73.97026737921168,1.413459,1.6147553333333333,13007.68,11232.373333333331,56.7938204886513,58.476236705396104,-1.19298644533328,0.14603696986266265,NaN,NaN
SAU,Saudi Arabia,2021,0.1900755,720270347023.097,735207648440.7377,0.1,0.03333333333333333,0.1732095,0.14435026666666667,18.2902881577409,18.928439360486802,1621264195.43532,5613867893.220923,73.7510866368859,74.9715848254595,1.17833,1.3405433333333334,17012.12,13588.393333333333,47.533159225048,54.4766300611378,3.37234961012303,1.5484354182460602,NaN,NaN
SAU,Saudi Arabia,2022,0.132606,767229070838.89,745419488990.5289,0.1,0.06666666666666667,0.3876301,0.2467196,19.1759893319934,18.9174077847979,28350373333.3333,11016951593.364058,74.3924865722656,75.3700224700841,1.021435,1.2044080000000001,21610.2,17210.0,50.8839263398787,51.736968684526005,3.06328988941548,1.7475510180684102,NaN,NaN
SAU,Saudi Arabia,2023,0.1056623,859301066620.788,782266828160.9249,NaN,NaN,0.554186,0.37167519999999993,19.282874301046,18.9163839302601,26710062133.3333,18893899887.367306,73.7492065429688,73.96425991737344,1.30816,1.1693083333333334,25825.3,21482.539999999997,56.8241647749332,51.74708344661997,2.47407371925372,2.9699044062640767,NaN,NaN
SDN,Sudan,2004,0.002175332,45131259048.7124,42549100883.814835,77.0,77.73333333333333,-1.47043939999999,-1.4321587166666616,0.274762188363775,0.2593491673330423,1349190000.0,878790000.0,8.65738010406494,8.742583274841307,NaN,NaN,85.07,73.39666666666666,26.4402280670553,24.119711803567203,6.48943208673338,10.216483985759071,18.5870437094531,17.905969974106867
SDN,Sudan,2005,0.01275339,47451406763.008,45014545302.535164,75.4,76.39999999999999,-1.1810323,-1.3419406999999968,0.302186395708402,0.28353353257433134,1511070000.0,1191146666.6666667,10.5490598678589,9.506513277689619,0.8832474,NaN,99.9,85.63666666666666,30.4323376195052,27.499375802621902,9.65754628605945,12.79056750746111,20.2698944454726,19.3277954690237
SDN,Sudan,2007,0.00222623,53403487491.79,50328076173.2734,69.2,72.3,-1.1506794,-1.1658330666666668,0.415110634748496,0.354984596917898,1841833814.08367,1638197936.9926732,13.3374099731445,11.903263409932466,4.661153499999999,3.835356633333333,102.21,103.92,36.2025936172703,34.168840879656706,7.19912990114709,8.454175648845903,27.4314487027204,23.56499811713623
SDN,Sudan,2009,0.00191648,58638439292.8844,56169416912.01697,63.5,66.10000000000001,-1.2923713,-1.2179708666666667,0.457313500662325,0.437314786934539,1653120315.475,1666444655.9815032,14.3921899795532,13.582050005594866,3.1538585,3.7252166666666664,149.7,128.75666666666666,36.7410978273835,35.78234253540567,14.2971224481434,12.08350980909963,32.58098441286,30.264538233524533
SDN,Sudan,2010,0.00312375,57015500648.426,57373421297.562294,63.1,64.06666666666666,-1.2320392,-1.2450908,0.460761026758193,0.4525315842711047,1726298402.95145,1627932852.2707634,14.6098203659058,14.006186803181967,2.947079,3.1538585,191.14,158.4,32.7808783344833,34.64177077447667,11.256758706301,13.436052744150933,31.6529892839001,31.671718427251097
SDN,Sudan,2013,0.002308509,47566600027.2224,54698096898.12217,63.7,62.9,-1.39933059999999,-1.3468220333333267,0.474625992378013,0.4671771573728983,2311460739.75953,2036522910.6351802,14.8181400299072,14.711246490478501,4.200985333333334,4.390451666666666,243.74,251.87666666666667,21.8561745247301,27.365607832761032,35.5590574147024,22.21111364221297,32.5924638687515,31.557922093310868
SDN,Sudan,2018,0.003099686,53900054790.1369,53049090349.33727,59.4,60.06666666666666,-1.4265577,-1.4327380333333333,0.553975991088325,0.5575797766009246,1065298481.41867,1285813140.0617368,NaN,NaN,2.5521182,2.9169684,321.71,313.0466666666667,17.8313898297102,17.163777524903466,32.3516260968437,22.33715017771247,NaN,NaN
SDN,Sudan,2019,0.003138798,52455031754.9093,53291848042.05114,59.8,59.36666666666667,-1.50539159999999,-1.4479604666666634,0.53463218085508,0.5562476638305494,1135787164.04941,1088284393.6013167,NaN,NaN,2.187268,2.5521182000000002,400.53,362.60999999999996,21.8679187274323,18.326992815829534,63.2925073455888,37.7981290912095,NaN,NaN
SDN,Sudan,2021,0.0004836525,49449890489.355,51072450573.886475,62.6,60.6,-1.50085769999999,-1.5119312333333266,0.463108701230845,0.5043456830919797,716939710.59488,892693955.6515211,NaN,NaN,6.450742,4.525314,385.69,392.1333333333334,9.95514507626151,19.314228086318767,163.257782355458,92.51478040044776,NaN,NaN
SEN,Senegal,2001,0.001791826,10450471990.9721,9991551253.2127,47.5,47.13333333333333,-0.1420157,-0.1434102499999995,0.400180171865501,0.4006164019745917,81643690.1235186,104812146.0350585,3.51491003036499,3.292825039227804,2.2613866666666667,2.9284603333333337,145.79,167.10999999999999,48.680089723263,48.7546755687569,0.731981981981597,0.9053377647225013,50.2974367881108,49.48364068986
SEN,Senegal,2004,0.002175332,11518679089.4187,11109373439.599133,43.7,44.43333333333334,-0.2573671,-0.15897436666666667,0.423806119776413,0.43764222108020534,86499780.3681952,71425293.91621587,4.4427499294281,4.13346996307373,1.951561,1.772937,206.16,173.23000000000002,50.8212198933376,51.2286991407673,-0.0519970242714495,1.7532685631557337,51.7691248150694,52.54128110644757
SEN,Senegal,2008,0.001603027,13229850430.9674,12889673832.004232,40.0,41.233333333333334,-0.4223972,-0.3818734,0.528404267538825,0.5094129927436263,351458732.442619,269747754.41803,6.1223201751709,5.616493542989093,3.1000895,2.776788,207.76,192.97333333333333,59.2713043549794,56.10359524439641,5.85330428467681,3.2256411273343333,53.906142361549,54.8984475209922
SEN,Senegal,2009,0.00287472,13719774159.3291,13271911583.487036,39.8,41.06666666666666,-0.3152857,-0.3811946,0.534842885597005,0.517144822361001,455739867.976293,365679633.5703974,7.75537014007568,6.447813510894773,3.423391,3.1000894999999997,208.91,194.95666666666662,62.7617698176319,58.72310399395753,7.34720236578406,5.104264163077347,53.6716865241819,54.24919354907323
SEN,Senegal,2010,0.0013328,14097356679.2382,13682327089.8449,51.3,43.699999999999996,-0.364481,-0.3673879666666667,0.534391839310571,0.532546330815467,331473910.250357,379557503.556423,7.9150800704956,7.264256795247394,3.601985,3.375155166666667,179.1,198.59,52.3072908773365,58.11345501664926,-2.2480214785534,3.650828390635823,44.5191780774917,50.699002321074204
SEN,Senegal,2011,0.00117291,14575382431.8826,14130837756.816633,49.5,46.86666666666667,-0.3780439,-0.35260353333333333,0.552265288044008,0.5405000043171947,272092888.456612,353102222.22775406,7.62979751289774,7.76674924115634,1.864598,2.963324666666667,189.46,192.49,52.4578551962948,55.842305297087734,1.22868119673344,2.1092873613213667,44.5835751521468,47.59147991794013
SEN,Senegal,2012,0.001146526,14769831308.7257,14480856806.6155,48.0,49.6,-0.326021499999999,-0.35618213333333304,0.577132451936303,0.554596526430294,338661995.579347,314076264.7621053,10.121109956384,8.55532917992578,1.851187,2.4392566666666666,261.02,209.86,57.5768785989578,54.11400822419637,3.40322829786971,0.7946293386832499,46.8346586129019,45.312470614180135
SEN,Senegal,2015,0.001183768,16710783797.4248,15934495304.5771,42.5,44.93333333333334,-0.2657641,-0.24700776666666666,0.592328969929697,0.5724865756581506,403098056.387862,330208119.40391964,10.8787568632408,10.571616778187368,2.4410463333333334,2.8052896666666665,296.3,277.57,58.4425289760992,60.3481997799368,-1.09025507446895,0.34607304133492195,52.9270738548489,50.267248570932225
SEN,Senegal,2018,0.002066457,20304894471.3123,18994734741.117935,36.8,37.53333333333333,-0.187129699999999,-0.1693502999999997,0.659314939022302,0.658632617459337,588292997.958708,489956307.87346435,11.3494415127099,11.025992474427033,2.636505666666667,2.356654333333333,339.19,333.49333333333334,57.7052798455617,56.64126224232577,1.31815314847789,0.7635500082234964,NaN,NaN
SEN,Senegal,2019,0.002092532,21565674310.7132,20258370612.630367,34.2,35.9,-0.2225558,-0.191252733333333,0.674573586926839,0.672928545690313,847841574.790215,636181457.5318997,12.4178375059947,11.551626087109701,2.916357,2.636505666666667,384.95,352.4166666666667,61.7898394793183,57.8677628440313,0.460985642464188,0.8721412444998373,NaN,NaN
SGP,Singapore,1999,0.1797663,121912898005.201,120543608580.48601,0.4,0.43333333333333335,1.883005,1.8734998999999999,10.4558881832995,11.051460868517466,5958646073.68738,11030931236.278826,NaN,NaN,0.6629535,0.3779940933333334,3211.31,2940.0733333333333,312.079255674686,323.61828037030597,-0.267502292876153,1.0397548057774089,98.9858823563175,99.01354141212205
SGP,Singapore,2000,0.1052691,128884330733.002,125147030834.22734,0.4,0.4000000000000001,1.9948055500000001,1.9171034833333334,10.4599892440062,10.676848292649234,18852989358.6266,13504473037.033394,NaN,NaN,0.8349261,0.5185975933333333,4040.11,3473.4366666666665,336.484846412882,324.1428414119027,0.0167098337370727,0.5842645754168466,98.8857016961617,98.98505453291682
SGP,Singapore,2001,0.09720654,140533304238.721,130443510992.308,0.3,0.3666666666666667,2.1066061,1.99480555,11.3010369953278,10.738971474211167,15515295182.2254,13442310204.846458,NaN,NaN,0.4409087,0.6462627666666666,4812.54,4021.3199999999997,364.364520468218,337.642874185262,1.36162392448456,0.37027715511515996,98.9159347702747,98.92917294091797
SGP,Singapore,2002,0.08631965,139028385430.873,136148673467.532,0.6,0.4333333333333333,2.0731199,2.0581771833333335,11.0938779297885,10.951634723040833,17006818857.2728,17125034466.041601,NaN,NaN,0.4088827,0.5615725,4917.06,4589.903333333334,349.292105694978,350.04715752535935,0.997197956155943,0.7918439047925253,98.1655898276018,98.65574209801275
SGP,Singapore,2003,0.1525571,144482970559.889,141348220076.49432,0.6,0.5,2.0396337,2.0731199,10.8280032088507,11.074306044655666,6157194143.82423,12893102727.774145,NaN,NaN,0.3492015,0.3996643,5494.59,5074.7300000000005,349.746013985676,354.46754671629066,-0.391676866585049,0.6557150046851513,98.1510210861304,98.41084856133564
SGP,Singapore,2004,0.1975201,151054425108.65,144855260366.47067,0.6,0.6,2.0697739,2.0608425,10.314555220561,10.745478786400065,17051420152.8733,13405144384.656778,NaN,NaN,0.6343926,0.4641589333333333,6216.66,5542.77,377.218564301581,358.7522279940783,0.507905300237551,0.3711421299361483,98.3991893721413,98.23860009529118
SGP,Singapore,2005,0.1938291,166069208808.394,153868868158.97766,0.5,0.5666666666666668,1.8895436,1.9996504000000002,10.6855268387372,10.609361756049633,24390254965.552,15866289754.083176,NaN,NaN,0.7755235,0.5863725333333333,7569.13,6426.793333333334,401.523712538509,376.16276360858865,1.66272719863072,0.592985210761074,98.7087163744514,98.41964227757437
SGP,Singapore,2006,0.173552,178302402123.907,165142012013.65036,0.5,0.5333333333333333,1.9437505,1.9676893333333332,9.78289459186893,10.260992217055708,19316058814.0753,20252577977.5002,NaN,NaN,0.8302516,0.7467225666666666,8104.46,7296.75,420.430512920559,399.7242632535497,0.425106276569107,0.865246258479126,94.63957691259368,97.24916088639544
SGP,Singapore,2007,0.1799906,194361682395.941,179577764442.74734,0.5,0.5,1.9733365,1.9355435333333333,9.5355418148688,10.001321081824978,39129332046.656,27611881942.094433,NaN,NaN,0.6796625,0.7618125333333333,8422.64,8032.076666666667,425.363399543019,415.7725416673623,0.965657519018511,1.0178303314061126,90.57043745073597,94.63957691259368
SGP,Singapore,2008,0.2822395,211896059498.482,194853381339.44333,0.5,0.5,2.0657181,1.9942683666666667,9.44913687162465,9.58919109278746,47337947782.7751,35261112881.1688,NaN,NaN,0.734203,0.7480390333333333,8184.89,8237.33,394.288471919078,413.3607947942187,2.10980166714574,1.1668551542444527,86.50129798887824,90.57043745073595
SGP,Singapore,2009,0.3219686,215844707508.228,207367483134.217,0.5,0.5,2.0882662,2.0424402666666666,8.86794550394306,9.284208063478838,13598298537.0174,33355192788.816166,NaN,NaN,0.9942758,0.8027137666666667,8706.65,8438.06,437.326714891057,418.992862117718,6.63544058395309,3.2369665900391134,82.43215852702052,86.50129798887822
SGP,Singapore,2010,0.2663102,216120888113.033,214620551706.58096,0.5,0.5,1.9625852,2.0388565,8.77394676729544,9.03034304762105,23436064059.7506,28124103459.8477,NaN,NaN,1.132964,0.9538142666666666,9004.41,8631.983333333332,358.192811828842,396.60266621299235,0.589142019610516,3.111461423569782,78.3630190651628,82.43215852702052
SGP,Singapore,2011,0.2992094,247501100140.018,226488898587.09302,0.5,0.5,2.0047029,2.0185181,9.62940332481604,9.090431865351514,55322434161.874,30785598919.547333,93.2696812803906,NaN,0.9668159,1.0313519,9957.9,9222.986666666666,369.685555787646,388.40169416918167,2.82884527612958,3.3511426265643958,85.0983205895334,81.96449939390557
SGP,Singapore,2012,0.2784621,262883130580.256,242168372944.43567,0.5,0.5,1.9447456,1.9706779,9.90350885315629,9.43561964842259,49155657316.2945,42638051845.97303,95.9817452372883,NaN,1.071389,1.0570563,10208.42,9723.576666666666,379.098631377539,368.99233299800903,5.25115624639373,2.889714514044609,91.833622113904,85.0983205895334
SGP,Singapore,2013,0.2655651,274543305511.611,261642512077.295,0.5,0.5,2.1253998,2.024949433333333,9.44039430491129,9.657768827627875,55310807547.7033,53262966341.95727,101.99681244982,97.08274632249963,0.9479644,0.9953897666666666,10823.23,10329.85,369.212965787665,372.66571765095,4.58084479423094,4.22028210558475,98.5689236382746,91.83362211390398
SGP,Singapore,2014,0.2688484,287769788882.221,275065408324.696,0.6,0.5333333333333333,2.0879315,2.0526923,9.74704963473961,9.696984264269064,64389514904.4993,56285326589.49903,97.4828537932812,98.48713716012982,0.8976676,0.9723403333333334,11085.5,10705.716666666667,367.041780049019,371.78445907140764,2.36439793742726,4.06546632601731,86.9946359700121,92.46572724073023
SGP,Singapore,2015,0.2326104,299095084828.978,287136059740.93665,0.6,0.5666666666666667,2.1611904,2.1248405666666668,9.84749870377372,9.678314214474874,68698472830.5907,62799598427.59777,92.96889513674239,97.4828537932812,0.9270248,0.9242189333333334,11333.21,11080.646666666667,360.467319166237,365.57402166764035,1.03316955857629,2.6594707634114965,93.0398651536326,92.86780825397311
SGP,Singapore,2016,0.2522627,307998545269.398,298287806326.86566,0.7,0.6333333333333333,2.2303413,2.1598210666666664,9.9683071478565,9.854285162123277,69774553124.9431,67620846953.34437,88.4549364802036,92.96889513674239,0.7967597,0.8738173666666667,11536.92,11318.543333333333,329.471398940262,352.326832718506,-0.521975611895763,0.958530628035929,NaN,NaN
SGP,Singapore,2017,0.2708521,319541032495.045,308878220864.4737,0.7,0.6666666666666666,2.1984368,2.196656166666667,9.44707088976961,9.754292247133277,65133174223.0873,67868733392.873695,83.9409778236648,88.45493648020359,0.866384,0.8633894999999999,12074.78,11648.303333333335,302.839656046574,330.92612471769104,-0.529809760375464,-0.0062052712316456775,NaN,NaN
SGP,Singapore,2018,0.2237629,333846562289.746,320462046684.7297,0.7,0.6999999999999998,2.1489543,2.1925774666666666,10.1364104576184,9.850596165081503,101970056302.84,78959261216.9568,84.7929138455372,85.7296093831352,0.9326254,0.8652563666666667,12189.62,11933.773333333333,316.794409287568,316.368488091468,0.576763191179996,-0.15834072703041036,NaN,NaN
SGP,Singapore,2019,0.1956368,345370865382.867,332919486722.5527,0.8,0.7333333333333334,2.1367938,2.1613949666666668,9.61426051080076,9.732580619396256,86126491248.6639,84409907258.19707,88.8864453410769,85.87344567009296,0.6881564,0.8290552666666667,12072.15,12112.183333333334,326.59658728675,315.4102175402973,0.438784215129623,0.16191254864471835,NaN,NaN
SGP,Singapore,2020,0.2607485,349888458531.086,343035295401.233,0.9,0.8000000000000002,2.1809946,2.1555809,9.79870673958709,9.849792569335417,106174185547.865,98090244366.4563,91.0889904414776,88.25611654269723,0.5675974,0.7294597333333334,12086.28,12116.016666666668,324.394985115301,322.59532722987296,0.567829988405447,0.527792464905022,NaN,NaN
SGP,Singapore,2021,0.2456955,336541232520.503,343933518811.48535,0.9,0.8666666666666667,2.1222024,2.1466636,9.4756645802434,9.62954394354375,79322385229.1189,90541020675.21593,93.134767179468,91.03673432067417,0.688148,0.6479672666666666,12347.41,12168.613333333335,332.040805481913,327.6774592946547,-0.172111865925382,0.278167445869896,NaN,NaN
SGP,Singapore,2022,0.1973278,369376902514.865,351935531188.81793,1.1,0.9666666666666667,2.1352444,2.1461471333333333,10.2167829269876,9.830384748939364,142313339701.522,109269970159.50197,97.0989103061521,93.7742226423659,0.5880983,0.6146145666666666,12611.05,12348.246666666666,329.161383683762,328.532391426992,2.31610315765146,0.9039404267105082,NaN,NaN
SGP,Singapore,2023,0.2277789,384550906479.006,363489680504.7913,NaN,NaN,2.049181,2.1022092666666667,9.99582758413928,9.896091697123426,144147823984.526,121927849638.38896,98.02222650098,96.0853013288667,0.5217139,0.5993200666666666,12700.34,12552.933333333334,332.34956775484,331.183918973505,6.13095418919732,2.758315160307799,NaN,NaN
SLV,El Salvador,1999,0.002172402,17056150528.9746,16593850099.851202,51.7,53.86666666666667,-0.0558404999999999,-0.21454724999999994,0.997809644671345,0.914506068127062,1102684180.4683,NaN,20.4799194335938,20.18828487396245,1.1383338,NaN,2.14,3.47,60.8722907509534,59.90374674507414,2.54705977554151,5.608705485297737,49.2083798179636,46.64980314975454
SLV,El Salvador,2000,0.005690224,17424910257.6837,17032174392.767334,51.0,51.9,-0.08852429999999994,-0.11963734999999993,0.985187439760564,0.9805088370643057,215800000.0,459175906.93221235,20.4824199676514,20.383541425069218,0.5860756,1.1383338,4.79,3.6566666666666663,60.9904896201298,61.806624375340505,0.514827130192979,2.517341061428843,46.5247552801126,47.78407058124534
SLV,El Salvador,2002,0.002615747,17776447691.3707,17607601661.742,33.1,39.199999999999996,-0.07251079999999996,-0.09408106666666664,1.01143420139878,0.990765904760066,278900000.0,222700000.0,18.9663391113281,19.734699885050464,1.4250055,1.2774720333333331,8.39,5.376666666666666,65.8907385362251,65.19710568694867,3.7508205747202,2.1789784244001367,54.1123722366261,52.16134224894457
SLV,El Salvador,2003,0.002421542,18056056716.4359,17817983814.6594,34.0,33.53333333333333,-0.0238134999999999,-0.07251079999999994,1.01123653687692,0.9994489371321847,470000000.0,307433333.3333333,19.7187805175781,19.4801534016927,1.028676,1.4250055,13.78,8.373333333333333,65.9190907767708,66.83997273916233,1.86552503610077,2.629211059702733,53.6494924783026,54.536254648341234
SLV,El Salvador,2004,0.006525995,18338704970.0344,18057069792.613667,33.9,33.666666666666664,0.0454783,-0.016948666666666622,1.09683944534382,1.0398367278731733,141200000.0,296700000.0,20.5764999389648,19.75387318929033,1.656838,1.3701731666666666,6.68,9.616666666666667,68.23698247861,66.68227059720198,2.1203909173333,2.578912176051423,53.2710248272676,53.67762984739877
SLV,El Salvador,2008,0.003206053,20187974224.9399,19669177914.3027,28.2,32.36666666666667,0.2663139,0.30617429999999995,1.29431410969772,1.23212210961673,1550510000.0,767593333.3333334,24.743709564209,23.4840596516927,3.1191455,4.209614999999999,14.88,16.296666666666667,77.6210560347995,73.59747840562797,4.57808572377153,4.4353860090351125,51.3173185998995,51.18669751574873
SLV,El Salvador,2013,0.0005771273,22019127752.9422,21347719890.88667,30.3,30.8,0.2304693,0.3905868666666667,1.14454180790729,1.1353156611842767,430126687.532424,146488669.37430897,28.0979076272602,27.2459809061736,0.83363064,1.13239198,19.87,19.150000000000002,77.6485716222883,76.82083433244443,1.72973481581383,2.679331450455553,47.7459212671036,47.54487294494993
SLV,El Salvador,2015,0.002367536,22888906230.2134,22469276265.774868,24.0,27.266666666666666,0.1904279,0.21854533333333334,1.10571957770258,1.1103615495902899,506295970.34993,393867252.05416065,27.5441027812368,27.971713437456867,2.3442371499999997,1.2375790299999998,18.89,18.05,78.1044257477935,78.73473062030297,1.14134467538233,1.2095828919063776,49.2268560591848,48.04008818608279
SLV,El Salvador,2017,0.002149336,24033351541.724,23453499257.31247,20.7,21.900000000000002,-0.0119876,0.09425723333333334,1.18183137659657,1.1541340962278064,479469380.713821,493435689.718683,27.1794802471695,27.372169755295733,2.9106635,3.1361685499999994,29.01,24.173333333333336,72.8190933731491,75.82792995266483,0.60404908699661,0.338003091663661,NaN,NaN
SLV,El Salvador,2018,0.004132914,24573529736.8617,24015040426.195232,25.0,22.233333333333334,-0.063322,0.009673933333333334,1.06736376872868,1.14134882656984,503801415.183001,492604171.32970667,27.6409104549006,27.40443897985033,1.667722,2.9106634999999996,29.67,27.76666666666667,74.3046511916519,74.56133843395097,1.0123540331558,0.2950062109214843,NaN,NaN
SLV,El Salvador,2023,0.002312085,27356823619.6966,25891168728.18717,NaN,NaN,-0.3858311,-0.25006606666666664,1.34798885215862,1.2063906872120667,26235086.5900005,404403726.4090998,31.4538910186841,30.918953524064936,NaN,NaN,54.79,35.80666666666667,88.7011093776867,79.00189743582384,7.19861615609867,3.4313172656351316,NaN,NaN
SRB,Serbia,2003,0.004843084,30290019038.036,28448649972.329468,18.0,19.900000000000002,-0.915482199999999,-1.3975575499999946,NaN,NaN,562525836.0,263326777.66666666,35.6637191772461,NaN,NaN,NaN,0.0,0.0,54.302882889577,43.1023351293905,19.4908321579689,61.872228920874534,87.0232843425714,86.4592506761532
SRB,Serbia,2004,0.002175332,31671150000.8568,30130514720.43973,15.7,17.76666666666667,-0.917880399999999,-1.0769733833333308,NaN,NaN,1516418093.0,752204957.3333334,39.6133613586426,37.67965316772463,3.326349,NaN,0.0,0.0,58.2946720222191,55.49754450988153,9.87617889729578,41.45741228842176,89.1523410668398,87.5360520916771
SRB,Serbia,2006,0.02173913,35783687980.3426,33747932031.149033,16.1,15.466666666666669,-0.717118199999999,-0.7649516999999993,NaN,NaN,2211650937.0,1601518487.0,44.205249786377,41.58413696289063,1.27992405,1.78094905,0.0,0.0,71.9925488520017,67.52494570659525,16.1199806482826,12.340840754641592,89.9030069619616,89.8923813880474
SRB,Serbia,2007,0.02515639,37179490290.6082,35584045461.06617,15.3,15.333333333333334,-0.5817702,-0.6529149666666664,NaN,NaN,5247573105.0,2845236824.3333335,46.819580078125,43.986209869384766,1.823274,1.27992405,0.0,0.0,75.529235364472,73.26980015401286,11.7240229980834,12.956788788237466,90.423682195613,90.31616176430514
SRB,Serbia,2008,0.0302972,40091414081.4273,37684864117.45936,14.0,15.133333333333335,-0.420551299999999,-0.573146566666666,NaN,NaN,4423192680.1188,3960805574.0396004,47.966869354248,46.33056640625,1.489363,1.5308536833333335,2990.22,996.7399999999999,72.7165875771534,73.41279059787571,6.39170644391413,11.41190336342671,90.1992468300016,90.17531199585873
SRB,Serbia,2009,0.01964392,42160489173.533,39810464515.1895,15.5,14.933333333333332,-0.4003176,-0.4675463666666664,NaN,NaN,4055798181.8009,4575521322.306567,48.6653785705566,47.817276000976534,1.519912,1.6108496666666667,3116.55,2035.5900000000001,75.7432462868839,74.66302307616978,12.410986775178,10.175572072391843,90.1640019488033,90.26231032480598
SRB,Serbia,2010,0.03474206,40835549106.7566,41029150787.23896,20.7,16.733333333333334,-0.3494237,-0.39009753333333297,NaN,NaN,2929226709.60338,3802739190.507693,49.8496704101562,48.8273061116536,0.9331175,1.3141308333333332,3735.46,3280.7433333333333,63.5017226157541,70.65385215993047,8.11695092238082,8.973214713824317,87.6756620425311,89.346303607112
SRB,Serbia,2011,0.03514822,41493398701.5159,41496478993.93516,20.5,18.900000000000002,-0.2818969,-0.3438794,NaN,NaN,1693250318.85146,2892758403.4185796,49.0825119018555,49.1991869608561,1.67199,1.3750064999999998,4072.49,3641.5,73.7088615865295,70.98461016305583,6.14255360247248,8.8901637666771,86.7621804379112,88.20061480974853
SRB,Serbia,2012,0.007070244,41515918199.5454,41281622002.605965,17.4,19.53333333333333,-0.2779936,-0.3031047333333334,NaN,NaN,4930532020.14552,3184336349.5334535,51.5937690734863,50.17531712849933,1.76498,1.4566958333333335,4820.0,4209.316666666667,75.7493613069523,70.98664850307863,11.1373976342129,8.465634053022066,88.8909490241107,87.77626383485101
SRB,Serbia,2013,0.01058067,41331605760.2741,41446974220.44514,19.5,19.133333333333333,-0.276922499999999,-0.27893766666666636,NaN,NaN,1275339755.6278,2633040698.20826,53.5000305175781,51.3921038309733,0.5812774,1.3394158,5912.23,4934.906666666667,82.0766814348254,77.17830144276907,7.33038589596646,8.203445710883948,86.9123239402812,87.52181780076769
SRB,Serbia,2014,0.01371162,41518250531.7903,41455258163.869934,20.0,18.966666666666665,-0.248264699999999,-0.2677269333333327,NaN,NaN,2059297316.504,2755056364.09244,56.3808784484863,53.82489267985023,0.6794998,1.0085857333333335,5274.97,5335.733333333334,84.3322563766638,80.7194330394805,7.69426362896655,8.720682386381972,88.411746008287,88.07167299089296
SRB,Serbia,2015,0.01262686,40769149019.8676,41206335103.97733,23.2,20.900000000000002,0.0017785,-0.17446956666666602,NaN,NaN,1999539187.45686,1778058753.1962202,58.0549697875977,55.9786262512207,0.9097182,0.7234984666666667,5069.3,5418.833333333333,88.3815023270446,84.9301467128446,2.08244793880154,5.70236582124485,83.7593645706375,86.36114483973523
SRB,Serbia,2016,0.01770925,41297410634.9586,41194936728.87217,21.2,21.46666666666667,0.0774729,-0.05633776666666634,NaN,NaN,2343139735.74774,2133992079.9028664,58.2876892089844,57.574512481689474,1.247112,0.9454433333333333,4895.14,5079.803333333333,93.5281477663237,88.74730215667738,1.39235822000187,3.7230232625899866,64.5530819537914,78.90806417757197
SRB,Serbia,2017,0.02049034,42526090399.794,41530883351.54006,20.9,21.766666666666666,-0.0089099,0.023447166666666668,NaN,NaN,2355214636.94213,2232631186.7155766,62.1369705200195,59.49320983886721,1.28626,1.1476967333333332,5030.89,4998.443333333334,97.6906940431804,93.2001147121829,1.12231397417769,1.5323733776603667,NaN,NaN
SRB,Serbia,2018,0.02307544,43531153349.2666,42451551461.33974,20.0,20.7,0.0175701,0.028711033333333334,NaN,NaN,2894615965.2376,2530990112.64249,66.4867401123047,62.303799947102874,1.479209,1.337527,4918.08,4948.036666666667,102.740445166934,97.98642899214603,3.13106248590115,1.8819115600269034,NaN,NaN
SRB,Serbia,2019,0.01185768,45555069182.0072,43870770977.022606,21.0,20.633333333333333,0.0896661,0.03277543333333333,NaN,NaN,4071895067.82105,3107241890.00026,67.1586608886719,65.2607905069987,1.450307,1.4052586666666667,4837.37,4928.78,105.563713028559,101.99828407955779,1.95984076293801,2.071072407672283,NaN,NaN
SRB,Serbia,2020,0.008403796,47719029694.9033,45601750742.05903,21.4,20.8,0.064278,0.057171400000000004,NaN,NaN,4268709249.60984,3745073427.5561633,67.7898406982422,67.14508056640626,0.7301637,1.2198932333333332,5062.2,4939.216666666666,107.577309546092,105.29382258052833,1.84922984511086,2.31337769798334,NaN,NaN
SRB,Serbia,2021,0.009673051,47265687464.123,46846595447.01117,26.0,22.8,0.0652905,0.0730782,NaN,NaN,3485786682.97844,3942130333.4697766,68.1431121826172,67.69720458984376,0.7683061,0.9829256000000001,4736.72,4878.763333333333,100.324460810129,104.48849446159333,1.57553290083415,1.7948678362943398,NaN,NaN
SRB,Serbia,2022,0.00934351,51022863667.9918,48669193609.006035,27.2,24.866666666666664,0.0556174,0.06172863333333334,NaN,NaN,4600176721.12403,4118224217.9041038,69.1800231933594,68.3709920247396,0.7464497,0.7483065,5275.05,5024.656666666667,112.342298324945,106.74802289372201,4.08510285335102,2.5032885330986767,NaN,NaN
SRB,Serbia,2023,0.02003807,52402255080.2826,50230268737.4658,NaN,NaN,0.0892565999999999,0.0700548333333333,NaN,NaN,4612248811.51068,4232737405.2043834,69.8046798706055,69.04260508219403,0.5237248,0.6794935333333333,5379.47,5130.413333333334,131.913292283516,114.86001713953,11.9815117344703,5.880715829551824,NaN,NaN
SUR,Suriname,2009,0.004312079,4367326198.30964,4183511786.97446,26.2,24.3,-0.464786,-0.4965082999999997,2.7177544695623,2.7663500058486097,-231400000.0,-213833333.33333334,9.144180108917478,9.496891817957765,NaN,NaN,4.37,6.313333333333333,109.166838523407,102.90401068930846,14.6671427437912,10.791575471964647,69.8863314285702,72.57612229124699
SVK,Slovak Republic,1999,0.02606882,48332548393.0038,46338166458.873665,3.6,3.8000000000000003,0.2451241,0.162847,8.28618262147817,8.436265737177417,646612354.420817,391381790.4227147,NaN,NaN,1.46599,1.386318,2038.94,1971.8400000000001,101.906217751394,110.00401857073366,6.66565123195824,6.1944896964914165,78.4760607162378,78.2863890838501
SVK,Slovak Republic,2000,0.02939949,48103809189.8384,47662599241.195,3.8,3.766666666666667,0.2952053,0.23439213333333334,8.13349468682473,8.294529689285557,338895206.310938,387404779.1803427,NaN,NaN,1.118534,1.3459466666666666,2028.39,1959.6599999999999,97.530252180251,105.57486789225133,10.5704416075225,7.792694278479087,75.9392956578198,77.53235432364629
SVK,Slovak Republic,2001,0.03583651,48483456226.779,48306604603.20707,3.7,3.6999999999999997,0.3452865,0.29520529999999995,7.73551047373031,8.051729260677737,2183119136.13343,1056208898.9550616,NaN,NaN,1.215929,1.2668176666666666,2108.08,2058.47,108.939262958746,102.79191096346365,12.0357805974299,9.75729114563688,72.5121185354678,75.64249163650847
SVK,Slovak Republic,2002,0.00784724,49901675269.4696,48829646895.362335,6.0,4.5,0.5789082,0.4064666666666666,7.80433872040338,7.89111462698614,1532584052.08437,1351532798.176246,30.8164901733398,NaN,1.942063,1.4255086666666668,2093.67,2076.7133333333336,121.931131222912,109.46688212063634,7.3296201911553,9.978614132035899,73.0742774982646,73.8418972305174
SVK,Slovak Republic,2003,0.04358776,52105958758.2435,50163696751.49737,5.5,5.066666666666666,0.8125299,0.5789082,7.8021734408151,7.780674211649597,4212437461.031,2642713549.7496,32.7422409057617,NaN,0.3211899,1.1597273,2095.06,2098.9366666666665,120.599168045888,117.15652074251534,3.12714222984608,7.4975143394770924,72.437852990907,72.6747496748798
SVK,Slovak Republic,2004,0.04169386,54636588083.9574,52214740703.89017,5.3,5.6000000000000005,1.0261829,0.8058736666666667,7.89001472817638,7.832175629798287,969200518.93397,2238074010.683113,34.5505905151367,32.7031071980794,1.746537,1.3365966333333332,2145.43,2111.3866666666668,125.998506220804,122.84293516320133,8.55414305406645,6.336968491689277,72.1778643885614,72.563331625911
SVK,Slovak Republic,2005,0.02013693,57581226217.4214,54774591019.87411,6.2,5.666666666666667,1.1272442,0.9886523333333334,7.78810858704312,7.826765585344867,4063498784.60235,3081712254.8557734,36.6599617004395,34.65093104044596,1.803521,1.2904159666666666,2280.44,2173.6433333333334,140.222460021585,128.94004476275902,7.54850088183423,6.409928721915587,72.2129572736407,72.2762248843697
SVK,Slovak Republic,2006,0.02822868,61315329710.646,57844381337.341606,6.3,5.933333333333334,1.2054326,1.1196199,7.86263120934737,7.846918174855624,3923508331.49578,2985402545.0107,40.7710609436035,37.32720438639323,0.8402608,1.4634396,2502.81,2309.56,148.705461161746,138.30880913471168,2.70908494588384,6.2705762939281735,72.1064714755209,72.165764379241
SVK,Slovak Republic,2007,0.03673279,66788144152.8851,61894900026.98417,6.6,6.366666666666666,1.1492357,1.1606375,7.86450312987735,7.838414308755946,5701436726.94246,4562814614.346864,45.0326881408691,40.82123692830404,0.9326514,1.1921443999999999,2594.59,2459.28,164.992205726236,151.30670896985566,4.48333120449611,4.91363901073806,70.8887299250196,71.73605289139374
SVK,Slovak Republic,2008,0.0238851,74013706023.7143,67372393295.74847,8.2,7.033333333333332,1.061458,1.1387087666666666,7.69077341625141,7.805969251825377,5058234422.17002,4894393160.202754,50.5563583374023,45.453369140624964,1.139478,0.9707967333333333,2829.29,2642.23,166.580025216882,160.09256403495468,2.7567237163814,3.3163799555871165,70.9152089855755,71.30347012870533
SVK,Slovak Republic,2009,0.02587248,77983340266.5833,72928396814.39424,7.6,7.466666666666666,1.0827558,1.0978165000000002,7.65205745874923,7.735778001625996,4640891412.00326,5133520853.705246,54.1637115478516,49.917586008707666,0.8270536,0.9663943333333335,3317.19,2913.69,162.464472991641,164.67890131158632,4.59817976325028,3.946078228042597,70.3237102085815,70.70921637305888
SVK,Slovak Republic,2010,0.04478367,73690093871.6194,75229046720.63899,10.0,8.6,1.0313574,1.0585237333333335,6.91125028451253,7.418027053171056,1521083444.32739,3740069759.500223,56.7700996398926,53.830056508382164,1.012908,0.9931465333333334,3119.94,3088.806666666667,136.714352092364,155.25295010029566,1.61510464058238,2.9900027067380197,70.0015411930368,70.41348679573126
SVK,Slovak Republic,2011,0.05683403,78694079820.7688,76789171319.65717,10.3,9.299999999999999,0.9984709,1.0375280333333334,7.40271408613822,7.3220072764666595,2115832960.23964,2759269272.1900964,58.0442390441895,56.3260167439779,1.39979,1.0799172,3566.62,3334.5833333333335,155.108497681586,151.42910758853034,0.957018132975143,2.390100845602601,67.4935623228433,69.27293790815386
SVK,Slovak Republic,2012,0.03229382,80710556384.8384,77698243359.07552,10.4,10.233333333333334,0.968592,0.9994734333333334,7.01956363237591,7.111176001008886,5431592591.91496,3022836332.1606636,57.1524887084961,57.32227579752607,1.700662,1.3711200000000001,3824.54,3503.7000000000003,169.178076311066,153.666975361672,3.9192859914629,2.1638029216734744,65.9437906439508,67.81296471994364
SVK,Slovak Republic,2013,0.03231913,81977043067.5237,80460559757.7103,10.5,10.4,0.9748175,0.9806268,6.67699907851554,7.033092265676555,1776566141.06018,3107997231.071593,57.0384407043457,57.411722819010436,1.051917,1.384123,4189.34,3860.1666666666665,176.968958181431,167.085177391361,3.6061026352289,2.827468919888981,63.932103013836,65.78981866021003
SVK,Slovak Republic,2014,0.03878429,82553606913.1151,81747068788.49239,10.7,10.533333333333333,0.8521623,0.9318572666666668,6.72042469482633,6.805662468572593,1003901887.84675,2737353540.2739635,55.253978729248,56.48163604736326,0.848617,1.2003986666666666,4390.13,4134.670000000001,180.903136491458,175.683390327985,1.40047368963025,2.9752874387740165,63.7857583121428,64.55388398997654
SVK,Slovak Republic,2015,0.05405875,84789118561.7889,83106589514.14256,12.2,11.133333333333333,0.7273531,0.8514442999999999,6.27281818770694,6.556747320349603,-362915353.373398,805850891.8445107,53.8843002319336,55.392239888509096,1.146597,1.0157103333333335,4941.0,4506.823333333334,176.756316098132,178.20947025700698,-0.0761653295419871,1.6434703317723878,62.4581924695215,63.392017931833436
SVK,Slovak Republic,2016,0.05423929,89178548717.3324,85507091397.41212,13.4,12.1,0.7078663,0.7624605666666667,6.36564652722325,6.452963136585507,1520379416.31372,720455316.9290241,52.7206687927246,53.9529825846354,1.545265,1.1801596666666667,5066.29,4799.14,179.42602289503,179.02849182820668,-0.325219777427673,0.33302952755353,61.4679956079545,62.570648796539594
SVK,Slovak Republic,2017,0.04329718,90915584911.6973,88294417396.93953,13.1,12.9,0.8392119,0.7581437666666666,6.5265914880281,6.388352067652764,4768259092.47383,1975241051.8047173,50.3014488220215,52.30213928222656,1.287482,1.326448,5485.35,5164.213333333333,182.757379596201,179.646572863121,-0.520010196278266,-0.30713176774930867,NaN,NaN
SVK,Slovak Republic,2018,0.03630077,93529165482.8938,91207766370.64116,12.4,12.966666666666667,0.7416212,0.7628998,6.93642043582623,6.60955281702586,4222907458.3899,3503848655.725817,49.1256103515625,50.71590932210287,1.333269,1.3886720000000004,5691.88,5414.506666666667,186.644687399549,182.94269663026,1.31194588223228,0.15557196950878036,NaN,NaN
SVK,Slovak Republic,2019,0.03180648,97328432250.4869,93924394215.026,12.4,12.633333333333333,0.6851503,0.7553278,6.83757404157436,6.76686198847623,2252379829.31736,3747848793.3936973,47.8138313293457,49.0802968343099,1.056425,1.2257253333333333,5237.95,5471.7266666666665,188.732964699496,186.04501056508198,2.51403712883812,1.1019909382640447,NaN,NaN
SVK,Slovak Republic,2020,0.03086779,99543529164.3085,96800375632.56306,17.6,14.133333333333333,0.7272442,0.7180052333333333,6.3818228588265,6.718605778742362,2279811254.28143,2918366180.6628966,48.1902389526367,48.37656021118163,1.020226,1.13664,5845.98,5591.936666666667,183.722608631236,186.36675357676032,2.66456133425431,2.163514781774903,NaN,NaN
SVK,Slovak Republic,2021,0.03756368,96969818857.1148,97947260090.63673,17.6,15.866666666666667,0.6096002,0.6739982333333333,5.98002098252976,6.399805960976874,-1141703441.49018,1130162547.3695366,48.3790016174316,48.127690633138,0.922124,0.9995916666666668,5671.55,5585.16,167.534173320366,179.99658221703262,1.93694126694223,2.37184657667822,NaN,NaN
SVK,Slovak Republic,2022,0.02120258,102454294896.646,99655880972.68977,17.9,17.7,0.7412158,0.6926867333333333,6.72785720933896,6.363233683565073,2719672546.6337,1285926786.4749832,50.7342491149902,49.101163228352824,1.006022,0.9827906666666667,5844.28,5787.2699999999995,181.97948448512,177.745422145574,3.14960629921268,2.5837029668030733,NaN,NaN
SVK,Slovak Republic,2023,0.01965272,103012252413.418,100812122055.72627,NaN,NaN,0.7261799,0.6923319666666666,6.11012800289851,6.272668731589076,4827084865.74814,2135017990.29722,52.4959106445312,50.536387125651004,0.6078907,0.8453455666666666,5390.39,5635.406666666667,204.056318531151,184.52332544554565,12.7741463637611,5.953564643305337,NaN,NaN
SVN,Slovenia,1999,0.02606882,29475325366.1332,28422429301.084366,11.1,10.799999999999999,0.8117076,0.75287765,8.0904145024119,8.052828297872859,215700000.0,241166666.66666666,NaN,NaN,0.6260687,0.6992657666666666,1232.88,1192.86,97.068081542623,95.72202085458946,7.89116682856684,8.705099117026117,73.5051636285497,73.91745391990573
SVN,Slovenia,2000,0.02465764,31028087570.9532,29700837230.604168,10.9,10.733333333333334,0.71555535,0.7600468666666668,7.80264693942901,8.019080101941267,106600000.0,218933333.33333334,NaN,NaN,0.744467,0.5076044333333334,1425.5,1298.3,92.9581874247278,95.4852694902395,6.15558754451559,7.468811426708477,74.1650783412317,73.98492763187197
SVN,Slovenia,2001,0.02418965,32113425072.0193,30872279336.368572,18.0,13.333333333333334,0.6194031,0.7155553499999999,7.58902422162726,7.827361887822723,135800000.0,152700000.0,NaN,NaN,0.7145229,0.6950195333333333,1717.04,1458.4733333333334,104.620348581459,98.2155391829366,8.91174418658769,7.652832853223373,68.9261812746353,72.19880774813889
SVN,Slovenia,2002,0.03008109,33021812643.9619,32054441762.311466,18.7,15.866666666666667,0.7179689499999999,0.6843091333333332,8.51691214120057,7.969527767418946,501200000.0,247866666.66666666,60.8455085754395,NaN,0.7202919,0.7264272666666667,1679.44,1607.3266666666666,105.583223530684,101.05391984562358,8.37966587492204,7.815665868675107,68.3079226490656,70.46639408831088
SVN,Slovenia,2003,0.03148005,34105781287.8601,33080339667.947098,16.3,17.666666666666668,0.8165348,0.7179689499999999,8.66214095551333,8.256025772780387,1849800000.0,828933333.3333334,66.6545715332031,NaN,0.6692683,0.7013610333333333,1806.9,1734.46,104.880458289416,105.028010133853,7.48077770703754,8.25739592284909,68.6571546067497,68.63041951015019
SVN,Slovenia,2004,0.02610398,35195471631.5843,34107688521.135433,16.9,17.3,0.8902951,0.8082662833333334,8.58065683134969,8.586569976021197,535600000.0,962200000.0,69.6047668457031,65.70161565144856,0.5652266,0.6515955999999999,2165.76,1884.0333333333335,103.280027127626,104.58123631590865,5.54416421752901,7.134869266496197,68.2491633814806,68.40474687909862
SVN,Slovenia,2005,0.05034233,36795465565.4736,35365572828.306,17.8,17.0,0.7743765,0.8270688,8.71266672408578,8.6518215036496,763100000.0,1049500000.0,73.348876953125,69.86940511067706,0.4548437,0.5631128666666667,1935.95,1969.5366666666669,112.399933466762,106.853472961268,3.59297594249509,5.539305955687213,68.0076645580717,68.30466084876734
SVN,Slovenia,2006,0.02740226,38213609800.3921,36734848999.149994,18.6,17.76666666666667,0.7821715,0.8156143666666668,8.81606059363931,8.703128049691594,970800000.0,756500000.0,81.2728118896484,74.74215189615883,0.9308902,0.6503201666666666,2363.2,2154.97,121.127284217914,112.26908160410066,2.45150132316475,3.862880494396283,66.4204558682174,67.5590946025899
SVN,Slovenia,2007,0.01235557,40471568430.3753,38493547932.08033,17.4,17.933333333333334,0.8533908,0.8033129333333333,8.94159456426631,8.823440627330468,692021551.718703,808640517.2395678,85.2738876342773,79.9651921590169,0.4892099,0.6249812666666666,2387.62,2228.923333333333,130.517913086158,121.34837692361133,2.45792444195865,2.8341339025394965,67.8793771723533,67.43583253288081
SVN,Slovenia,2008,0.03019033,43360927307.906,40682035179.5578,18.4,18.133333333333333,0.9051826,0.8469149666666667,8.88722287354283,8.881626010482817,1884506372.67515,1182442641.4646177,87.2651672363281,84.60395558675127,0.2076816,0.5425939,2750.26,2500.36,137.66309435102,129.76943055169733,3.65749563284099,2.8556404659881305,66.9853840774413,67.09507237267066
SVN,Slovenia,2009,0.03329884,44823161262.4126,42885219000.2313,17.6,17.8,0.9187388,0.8924373999999999,9.34821670634379,9.05901138138431,1080741791.92196,1219089905.4386044,88.5987091064453,87.04592132568355,0.4116448,0.36951209999999995,3048.87,2728.9166666666665,135.387093664802,134.52270036732665,5.64742380573935,3.9209479601796633,67.4760011050571,67.44692078495056
SVN,Slovenia,2010,0.03123751,41420820595.9101,43201636388.7429,19.6,18.533333333333335,0.9919833,0.9386348999999999,8.28055924760341,8.83866627583001,-346971372.900937,872758930.565391,87.96533203125,87.94306945800781,0.4379261,0.3524175,3231.92,3010.35,114.482301023638,129.17749634648666,0.839262246793887,3.381393895124743,67.0809932827031,67.18079282173383
SVN,Slovenia,2011,0.05043515,41881476947.431,42708486268.584564,20.1,19.1,0.8166176,0.9091132333333333,8.37691223640926,8.66856273011882,319143932.57504,350971450.53202105,90.2514877319336,88.93850962320964,0.4680263,0.4391990666666667,3230.1,3170.2966666666666,128.606575425363,126.158656704601,1.80117022137134,2.7626187579681925,66.4834972551072,67.01349721428913
SVN,Slovenia,2012,0.04509669,42155984116.073,41819427219.804695,19.1,19.6,0.7441693,0.8509234000000001,7.83269836027402,8.163389948095563,875946337.67601,282706299.1167043,87.1887130737305,88.46851094563802,0.7664475,0.5574666333333332,3661.52,3374.513333333334,140.332355750319,127.80707739977333,1.8028517194191,1.4810947291947756,64.7047693522433,66.08975329668453
SVN,Slovenia,2013,0.05348046,40926910455.6051,41654790506.3697,20.2,19.8,0.6434133,0.7347334,7.54292692008736,7.917512505590213,33537889.4917907,409542719.91428024,89.0215606689453,88.82058715820312,0.7375264,0.6573334000000001,3561.91,3484.51,143.656448572975,137.53179324955235,2.59741386039003,2.0671452670601567,64.9898173529082,65.39269465341955
SVN,Slovenia,2014,0.04877418,40589764218.782,41224219596.82003,22.5,20.6,0.6176146,0.6683990666666667,7.52978344651553,7.635136242292304,104022716.628649,337835647.9321499,87.8572082519531,88.02249399820964,0.8343576,0.7794438333333332,3573.94,3599.1233333333334,145.168789432403,143.052531251899,1.76920085881907,2.0564888128760663,63.6772669823709,64.45728456250747
SVN,Slovenia,2015,0.04537778,41711191731.4298,41075955468.60563,22.9,21.866666666666664,0.5399771,0.600335,6.85069690297675,7.3078024231932135,1019380613.49719,385647073.2058766,84.3780288696289,87.0855992635091,0.8559558,0.8092799333333334,3516.41,3550.7533333333336,146.471705096746,145.09898103404134,0.19934382657075,1.5219861819266167,59.6566780751409,62.774587470140006
SVN,Slovenia,2016,0.04888884,42709468274.8137,41670141408.341835,21.4,22.266666666666666,0.574156,0.5772492333333333,6.92739774687175,7.102626032121344,1730147099.28225,951183476.4693629,82.1997833251953,84.81167348225911,0.9596477,0.8833203666666667,3602.54,3564.2966666666666,147.218367714503,146.28628741455069,-0.525552285820877,0.48099746652298103,60.7201711919896,61.35137208316713
SVN,Slovenia,2017,0.04406139,44005450729.606,42808703578.61651,21.0,21.766666666666666,0.6430131,0.5857154,7.27283028626052,7.016974978703007,1446274234.68465,1398600649.1546967,79.4747467041016,82.01751963297527,1.021866,0.9458231666666667,3440.93,3519.9599999999996,148.238448080388,147.309506963879,-0.054999541670474,-0.12706933364020034,NaN,NaN
SVN,Slovenia,2018,0.03547418,46282469720.8281,44332462908.41593,19.7,20.7,0.6069226,0.6080305666666667,7.42566255708028,7.208630196737516,1196228604.6928,1457549979.5532334,79.2703475952148,80.31495920817058,0.7650355,0.9155164,3502.91,3515.4600000000005,158.70213584467,151.386317213187,1.42910743319306,0.2828518685672363,NaN,NaN
SVN,Slovenia,2019,0.04028124,48309217703.4135,46199046051.28253,20.6,20.433333333333334,0.6514111,0.6337822666666667,7.44975394113682,7.382748928159207,1538137615.35452,1393546818.2439902,77.3015975952148,78.6822306315104,0.8175094,0.8681369666666666,3390.46,3444.7666666666664,162.613493975851,156.51802596696965,1.7386086198818,1.0375721704681287,NaN,NaN
SVN,Slovenia,2020,0.02618106,50002578162.6734,48198088528.97167,20.9,20.400000000000002,0.8847728,0.7143688333333333,7.0993135844205,7.324910027545866,2151537534.12248,1628634584.7232666,76.4720077514648,77.68131764729814,0.7773658,0.7866369000000001,3765.7,3553.023333333333,160.044275685249,160.45330183525667,1.63052260754344,1.5994128868727666,NaN,NaN
SVN,Slovenia,2021,0.03192107,47959972369.9892,48757256078.69204,22.7,21.399999999999995,0.8216029,0.7859289333333335,6.44048593548669,6.996517820348004,506269486.820005,1398648212.0990016,75.8166809082031,76.53009541829424,0.5857613,0.7268788333333335,3964.77,3706.976666666667,147.549008584942,156.73559274868066,-0.05485681576061,1.1047581372215434,NaN,NaN
SVN,Slovenia,2022,0.02677275,51996698295.6593,49986416276.1073,23.4,22.333333333333332,0.8294744,0.8452833666666666,6.57475360268757,6.70485104086492,2219247755.80674,1625684925.5830748,82.2400436401367,78.17624409993486,0.788234,0.7171203666666667,4471.29,4067.2533333333326,161.788727511439,156.46067059387667,1.91706506089259,1.1642436175584734,NaN,NaN
SVN,Slovenia,2023,0.02807532,53384233078.3164,51113634581.32163,NaN,NaN,0.7372169,0.7960980666666666,6.3394025593776,6.45154736585062,2180392923.46605,1635303388.6975985,82.3922576904297,80.1496607462565,0.5898113,0.6546022000000001,4073.69,4169.916666666667,186.647076274632,165.32827079033765,8.83369886749452,3.5653023708755,NaN,NaN
SWE,Sweden,1999,1.441606,338210969503.89,325811559696.0383,35.5,34.13333333333333,1.1449404,1.1716504499999998,7.11836911960198,7.255964818907512,23334866534.9283,13032605517.277992,NaN,NaN,1.02382,1.0378306666666666,14004.0,13730.89,74.3347541033848,70.94539158595745,-0.267132668354971,0.3081365222182643,34.9642219887152,35.749387886768865
SWE,Sweden,2000,1.208793,352419615811.858,338355516500.1767,34.6,35.199999999999996,1.30149355,1.2060281333333334,6.9638944965801,7.022668280683949,62910430888.1708,32172121230.678066,NaN,NaN,0.8735297,0.9736335666666666,14202.82,14003.480000000001,74.8479171666973,73.72585661818222,0.462175756339138,0.2844844480758977,34.7654008496108,35.09839821271387
SWE,Sweden,2001,1.04123,368740595935.982,353123727083.91,39.8,36.63333333333333,1.4580467,1.30149355,6.53554865027019,6.872604088817423,22817836820.9439,36354378081.347664,NaN,NaN,0.759802,0.8857172333333333,14569.85,14258.89,81.4721590850121,76.88494345169806,0.899143734041715,0.364728940675294,34.7280706383957,34.81923115890723
SWE,Sweden,2002,1.136978,373758441664.22,364972884470.6866,37.4,37.26666666666666,1.6182799,1.4592733833333333,6.52637826608933,6.675273804313207,18217810086.486,34648692598.53357,70.0115203857422,NaN,0.7420264,0.7917860333333332,14742.17,14504.946666666665,80.5691828117714,78.9630863544936,2.40595834145436,1.2557592772784043,33.8603126919706,34.4512613933257
SWE,Sweden,2003,1.110842,382271644878.765,374923560826.3223,35.9,37.699999999999996,1.7785131,1.6182799,6.65422739244263,6.572051436267383,18381645407.9826,19805764105.1375,74.7414321899414,NaN,0.9039408,0.8019230666666667,14576.2,14629.406666666668,77.0853186972402,79.70888686467457,2.15848213589266,1.8211947371295782,37.2905104617541,35.29296459737347
SWE,Sweden,2004,1.034515,389462280395.789,381830788979.5913,34.6,35.96666666666667,1.8290292,1.7419407333333332,6.65964221276326,6.6134159570984075,6007683415.88432,14202379636.784307,80.4902877807617,75.08108011881511,0.9716505,0.8725392333333333,14968.22,14762.196666666665,75.3282174864238,77.6609063318118,1.92565534892383,2.1633652754236166,36.3538217470206,35.834881633581766
SWE,Sweden,2005,0.9069674,405740184306.611,392491369860.38837,35.5,35.333333333333336,1.79214,1.7998941000000002,6.45636291240893,6.590077505871608,16854649893.5473,13747992905.80474,83.0349807739258,79.42223358154297,1.016104,0.9638984333333332,15467.25,15003.89,78.7358819187356,77.0498060341332,0.373659828721824,1.4859324378461045,34.6799932864759,36.10810849841687
SWE,Sweden,2006,0.9653862,417073066879.505,404091843860.635,39.3,36.46666666666667,1.7023499,1.7745063666666667,6.03944461597958,6.385149913717257,20782686615.8206,14548339975.084074,81.7390899658203,81.75478617350261,0.897413,0.9617224999999999,16626.71,15687.393333333333,84.167923018031,79.41067414106347,0.453170852576138,0.917495343407264,33.8084613343195,34.94742545593867
SWE,Sweden,2007,0.9201006,436575715827.722,419796322337.94604,40.1,38.300000000000004,1.6759915,1.7234938,6.06777926998554,6.187862266124683,22052656378.599,19896664295.988968,79.3352279663086,81.36976623535156,0.8829742,0.9321637333333334,16930.72,16341.56,88.3302608918239,83.74468860953017,1.36021468627693,0.7290151225249639,33.3903321065287,33.9595955757747
SWE,Sweden,2008,0.912977,450654706998.622,434767829901.9497,41.8,40.4,1.7696028,1.7159813999999998,5.77642857111625,5.9612174856937905,46143507532.9674,29659616842.46233,75.3943710327148,78.82289632161456,0.8051609,0.8618493666666667,16896.47,16817.966666666667,89.5469236610223,87.34836919029239,2.21216883436733,1.3418514577401328,32.4980777330026,33.232290391283605
SWE,Sweden,2009,0.9291608,446494653686.263,444575025504.20233,43.2,41.699999999999996,1.7864323,1.7440088666666667,5.60895184918886,5.81771989676355,41436553995.9454,36544239302.50393,71.158073425293,75.29589080810547,0.7943208,0.8274853000000001,16772.64,16866.61,92.8083687095596,90.22851775413527,3.43704910602875,2.3364775422243365,33.0892332801611,32.99254770656414
SWE,Sweden,2010,0.9357784,427493565399.86,441547642028.24835,45.7,43.56666666666666,1.760236,1.7720903666666665,5.04604229815191,5.47714090615234,8960871620.904,32180311049.938934,71.0115814208984,72.5213419596354,0.8825588,0.8273468333333334,17638.1,17102.403333333332,81.958313967393,88.10453544599163,-0.494460544378051,1.718252465339343,31.930431160513,32.505914057892234
SWE,Sweden,2011,0.8619198,452077714777.655,442021977954.5927,44.7,44.53333333333334,1.7481133,1.7649272,5.63902638970728,5.431340179016016,625102142.469452,17007509253.106283,73.0818328857422,71.75049591064453,0.9240364,0.866972,17935.11,17448.616666666665,85.0914849272733,86.61938920140864,1.15798802715626,1.366858862935653,34.3258714447529,33.11517862847567
SWE,Sweden,2012,0.898001,466380936831.165,448650739002.8934,45.4,45.26666666666667,2.0657526,1.8580339666666668,5.12869166987769,5.27125345257896,6979353755.44351,5521775839.605654,71.9184112548828,72.00394185384113,0.9068149,0.9044700333333333,18466.61,18013.273333333334,86.3907448060188,84.48018123356171,2.9611507382214,1.208226073666536,34.1704113041566,33.47557130314083
SWE,Sweden,2013,0.9400662,464448264944.252,460968972184.35736,48.3,46.133333333333326,2.0214291,1.9450983333333334,4.80375075083719,5.190489603474053,4273531542.41647,3959329146.7764773,68.742301940918,71.24751536051433,0.9171613,0.9160042,19421.58,18607.766666666666,85.2980605424359,85.59343009190934,0.888377506923735,1.6691720907671315,30.8443799229645,33.113554223958
SWE,Sweden,2014,1.041299,469732138276.917,466853780017.44464,47.3,47.0,1.9712278,2.0194698333333334,4.579871273832,4.837437898182293,1487752726.3122,4246879341.3907266,65.7820892333984,68.81426747639973,1.093512,0.9724960666666668,20023.76,19303.983333333334,81.6402521329964,84.4430191604837,-0.044292970148682,1.268411758332151,29.8282242213684,31.614338482829833
SWE,Sweden,2015,1.014952,480516119003.081,471565507408.0833,48.6,48.06666666666666,1.7257536,1.9061368333333337,4.41199615103377,4.598539391900986,-6039792919.86722,-92836217.04618311,64.9541931152344,66.49286142985027,1.21478,1.0751511,21042.01,20162.45,83.8229810483527,83.58709790792834,-0.179638494114635,0.22148201422013933,29.5874205091071,30.086674884480004
SWE,Sweden,2016,1.018896,501602351911.6,483950203063.86597,51.9,49.26666666666667,1.7858201,1.8276005,4.37800649972355,4.456624641529774,9777569491.28413,1741843099.243037,66.4283218383789,65.7215347290039,1.187385,1.1652256666666667,21197.56,20754.443333333333,84.1730765958171,83.21210325905541,-0.0467847449832812,-0.09023873641553275,28.0233212225209,29.146321984332133
SWE,Sweden,2017,1.056775,512292396637.964,498136955850.88165,50.9,50.46666666666667,1.8059922,1.7725219666666667,4.2819344992006,4.357312383319306,15470455705.9977,6402744092.471538,68.306037902832,66.56285095214844,1.167905,1.1900233333333334,21161.98,21133.850000000002,83.4519478574149,83.81600183386156,0.984269244577992,0.25261533516002527,NaN,NaN
SWE,Sweden,2018,0.9708068,521937949816.044,511944232788.53595,51.8,51.53333333333333,1.7455157,1.7791093333333332,4.15961982553065,4.2731869414849335,24305209924.7369,16517745040.672913,70.4342498779297,68.38953653971355,1.233778,1.196356,21174.66,21178.066666666666,86.0693088740521,84.56477777576136,1.79449904665599,0.9106611820835671,NaN,NaN
SWE,Sweden,2019,0.9732913,531177584320.755,521802643591.5877,51.6,51.43333333333334,1.7593836,1.7702971666666667,3.89655686848453,4.112703731071927,-714153381.400277,13020504083.11144,73.4083786010742,70.71622212727864,1.136616,1.1794330000000002,21255.37,21197.336666666666,90.4087142361701,86.64332365587903,1.95353530127028,1.5774345308347542,NaN,NaN
SWE,Sweden,2020,0.9918742,545031918111.884,532715817416.2276,52.9,52.1,1.7778065,1.7609019333333336,3.8423518032643,3.9661761657598262,15692851350.2202,13094635964.518942,75.1148529052734,72.98582712809242,1.151982,1.1741253333333335,21466.94,21298.99,92.7511390290561,89.7430540464261,1.78415097403835,1.8440617739882068,NaN,NaN
SWE,Sweden,2021,0.9232927,534492107010.626,536900536481.0884,57.8,54.099999999999994,1.715293,1.7508277,3.67402454179006,3.8043110711796295,18307766875.476,11095488281.431974,79.1196365356445,75.88095601399738,1.252903,1.1805003333333335,21766.86,21496.39,84.4745958141618,89.21148302646266,0.497367318853572,1.4116845313874007,NaN,NaN
SWE,Sweden,2022,0.8673653,562423939232.591,547315988118.36694,57.9,56.199999999999996,1.6807618,1.7246204333333335,3.88625523254982,3.800877192534727,57981119709.6784,30660579311.791534,85.9426193237305,80.0590362548828,1.127406,1.1774303333333334,22723.69,21985.83,91.1102374413042,89.4453240948407,2.16319736447143,1.4815718857877842,NaN,NaN
SWE,Sweden,2023,0.812775,569484812988.256,555466953077.1576,NaN,NaN,1.6240804,1.6733784,3.59996303974629,3.720080938028724,53782285500.4412,43357057361.8652,83.8976135253906,82.9866231282552,1.047251,1.14252,22353.75,22281.433333333334,107.111751826512,94.232195027326,8.36929098869189,3.676618557338964,NaN,NaN
SYR,Syrian Arab Republic,1999,0.007603406,21391221744.2321,20165657885.553135,1.6,1.6333333333333335,-1.3331741,-1.1949036,2.90859031303418,2.8725682844709204,82000000.0,83666666.66666667,NaN,NaN,NaN,NaN,70.26,66.61333333333333,61.424844770787,65.8540008393659,-0.797165633303916,3.1129452758806817,98.4246029011194,98.3454947897228
SYR,Syrian Arab Republic,2000,0.004741854,20631095402.7371,20684769117.8029,1.8,1.7000000000000002,-1.3317795499999998,-1.2866190833333333,2.78581033186898,2.835053324488463,263000000.0,141666666.66666666,NaN,NaN,2.809611,NaN,84.71,75.55333333333333,64.3084049166638,63.98540945963108,-3.70370370370365,-0.8715859917389018,98.4062162504677,98.39622789010475
SYR,Syrian Arab Republic,2005,0.004027386,25004519710.9876,23404165915.509567,2.6,2.033333333333333,-1.1142691,-1.0020452333333327,2.61941034118409,2.604417738784617,275000000.0,183333333.33333334,15.2420597076416,13.7074432373047,3.1718532,2.9818624000000002,135.8,107.69000000000001,78.1149285929097,70.43540893828744,4.43314136719839,3.366488511279799,98.1443195965726,98.4832731055835
SYR,Syrian Arab Republic,2010,0.0008330001,32622727886.4047,30968784563.921036,0.9,1.2,-0.8409517,-0.95828563333333,2.83975010384735,3.011682083777187,2569548271.53071,1759043590.9725134,22.903039932251,22.013916651407868,1.0213149599999998,1.6064472199999997,158.98,171.71666666666667,59.9438252393676,70.18371295136815,2.92089711805367,7.524643948153546,99.2711841829875,98.93928971804156
SYR,Syrian Arab Republic,2015,0.002367536,17185167298.4619,20781378627.970066,2.7,2.6,-1.63694459999999,-1.5290227333333302,1.52845127759128,1.6667325973568732,NaN,NaN,44.4609794616699,34.903212865193666,2.57939974,2.04359548,236.44,261.5,54.2644225210945,44.779455878680636,10.9271141804297,29.220415781971965,97.1592641439284,94.48789494871978
SYR,Syrian Arab Republic,2018,0.002066457,15300590613.0367,15726505662.717499,1.1,1.0000000000000002,-1.63923099999999,-1.6084053333333266,1.61670932366686,1.4711229652980133,NaN,NaN,NaN,NaN,4.602838,3.8590210000000003,258.29,268.4633333333333,61.0508521719631,59.74966550929761,18.0752696281771,34.7471913726809,NaN,NaN
SYR,Syrian Arab Republic,2020,0.0009696687,15703131995.8402,15505825796.724768,1.0,1.0,-1.5966464,-1.5946017999999966,1.63691966220706,1.6635086577531366,NaN,NaN,NaN,NaN,2.86278265,4.27075855,345.94,304.2733333333333,41.9994711236162,51.23647413668737,13.4175653228571,10.81127293164699,NaN,NaN
SYR,Syrian Arab Republic,2022,0.002335878,15882796969.6273,15726528623.097567,1.1,1.0666666666666667,-1.75501,-1.6665861,1.48118445007612,1.5421401870507232,NaN,NaN,NaN,NaN,2.18225215,1.8079817,543.34,454.93333333333334,61.2204850955149,49.3460971739597,NaN,NaN,NaN,NaN
TGO,Togo,2007,0.001113115,3781190459.44883,3776210720.625623,79.7,77.66666666666667,-0.958902799999999,-1.1152682333333328,0.203255278780994,0.22316683691393935,91396741.8990609,89122673.9899092,4.9507098197937,4.7159798443317404,NaN,NaN,29.75,26.27666666666667,61.6128604620733,60.3127447819362,2.22897779414027,3.134995135151693,12.0104829921543,13.511375965590966
TGO,Togo,2013,0.001154255,4881723795.11932,4604529759.54737,72.7,69.2,-0.8808248,-0.9191309333333333,0.316333405438535,0.3421288500186693,121511565.575361,325095515.2767993,10.7079137745625,9.76145909815119,3.8230236666666664,3.6345283333333334,44.02,47.26,75.7132085684163,73.41433660875657,2.57718174055848,2.5288805479689067,17.2042448956508,19.7067665995625
TGO,Togo,2015,0.007891788,5457063353.66745,5168278258.6218,81.4,76.76666666666667,-0.82983,-0.9098180666666668,0.232146083279246,0.27119450465933964,54020342.354686,119710385.62940998,10.5384945175632,10.695398286637833,5.2008410000000005,4.3451278888888885,75.07,58.553333333333335,70.9156517502517,76.25888269169583,0.19087507624975,1.5311505252999502,18.5665931102136,18.045297120968232
THA,Thailand,1999,0.003258603,202739225305.456,215981844184.74866,21.5,21.2,-0.1241654,-0.09083564999999999,2.71491319535592,2.9567279175596433,7314804931.33013,4515132492.435603,28.7875995635986,25.2596861521403,0.48813493333333324,0.8150039666666666,1179.17,1007.4133333333334,100.240473732828,93.1888041257596,7.9947287502746,6.475210589646377,78.2107376943076,78.06269847989826
THA,Thailand,2000,0.02465764,212009086618.729,211414636175.13168,21.1,21.233333333333334,0.1026056,-0.037465149999999996,2.80177979620008,2.8676660673265033,6102677671.18095,5770745891.18537,34.5813102722168,29.3822898864746,0.1612659,0.4881349333333333,1306.66,1160.3,100.706288704433,98.6661843612455,0.284726459223034,4.635084226929558,78.3164958445394,78.3351626599045
THA,Thailand,2001,0.01478256,221454615181.944,212067642368.70963,21.8,21.46666666666667,0.3293766,0.10260560000000002,2.77493831519154,2.76387710224918,3365987582.58309,5594490061.698056,35.3038711547852,32.89092699686687,0.9136429,0.5210145777777777,1667.73,1384.5200000000002,121.297955351472,107.41490592957767,1.59196917460972,3.290474794702451,78.3472723528933,78.29150196391343
THA,Thailand,2002,0.03226088,229082063572.247,220848588457.64,19.9,20.933333333333334,0.2146266,0.21553626666666667,2.88330259468562,2.8200069020257463,5067170388.09022,4845278547.284753,38.9344787597656,36.27322006225587,0.6738536,0.5829208,1791.16,1588.5166666666667,120.267966273533,114.09073677647933,1.62690887314091,1.1678681689912214,80.8128837648871,79.15888398743994
THA,Thailand,2003,0.04076263,243168402250.2,231235027001.46365,19.9,20.53333333333333,0.0998766,0.2146266,3.03535576431598,2.89786555806438,3341612007.23692,3924923325.970077,40.1257095336914,38.12135314941407,1.567604,1.0517001666666668,2144.38,1867.756666666667,114.969743021067,118.84522154869067,0.697308976625449,1.3053956747920263,81.5363710367759,80.23217571818543
THA,Thailand,2004,0.0308172,260650370324.981,244300278715.80933,20.2,19.999999999999996,0.1680068,0.16083666666666666,3.12835266531198,3.01567034143786,5232270340.1941,4547017578.50708,41.1551513671875,40.0717798868815,1.482816,1.2414245333333334,2370.8,2102.1133333333332,116.692819704865,117.31017633315498,1.80434994635721,1.3761892653745231,81.7005470969567,81.34993396620656
THA,Thailand,2005,0.02547801,277043563911.345,260287445495.50864,19.9,19.999999999999996,0.3068536,0.19157900000000003,3.37869799549585,3.1808021417079364,5860255942.60102,4811379430.01068,42.1445999145508,41.141820271809905,1.227466,1.425962,2795.66,2436.9466666666667,127.411873720393,119.69147881544167,2.7591492623108,1.7536027284311533,81.7155499081384,81.65082268062366
THA,Thailand,2006,0.02587992,288645146658.334,275446360298.22,20.1,20.066666666666666,0.3176707,0.26417703333333337,3.47218658348054,3.3264124147627903,8215637195.30001,6436054492.698377,44.3367195129395,42.5454902648926,0.9213021,1.2105280333333333,3666.24,2944.2333333333336,137.853866832247,127.31952008583501,4.54036919634535,3.03462280167112,81.3309844053647,81.58236047015328
THA,Thailand,2007,0.05509918,302984491694.587,289557734088.0886,20.5,20.166666666666668,0.2329061,0.2858101333333333,3.49792985897197,3.449604812649453,8917470351.2,7664454496.367011,44.1761817932129,43.55250040690107,0.9699298,1.0395659666666666,4425.92,3629.273333333333,134.086946191268,133.11756224796935,4.63747436011765,3.978997606257933,81.1051047199059,81.383879677803
THA,Thailand,2008,0.02778579,319452158416.903,303693932256.608,21.6,20.733333333333334,0.1040205,0.2181991,3.54477665878806,3.50496436708019,8633903440.6,8589003662.366672,47.55419921875,45.35570017496747,1.37386,1.0883639666666667,4728.42,4273.526666666667,129.873226989717,133.938013337744,2.24154095286803,3.806461503110343,81.0693752795779,81.1684881349495
THA,Thailand,2009,0.04048564,324964940636.733,315800530249.40765,22.6,21.566666666666666,0.1161174,0.15101466666666666,3.53401361701146,3.5255733782571634,8561557724.60001,8704310505.466671,46.3521308898926,46.02750396728516,0.7191802,1.02099,5490.98,4881.7733333333335,140.437011540931,134.799061573972,5.46848949649845,4.11583493649471,80.6634855256321,80.94598850837197
THA,Thailand,2010,0.05289551,322720673508.111,322379257520.58234,22.8,22.333333333333332,0.2582863,0.15947473333333334,3.40595891903064,3.49491639827672,6411458544.60001,7868973236.600006,46.2023391723633,46.7028897603353,0.8731067,0.9887156333333333,6046.99,5422.13,119.269418854589,129.859885795079,-0.845716092316721,2.288104785683253,80.2485831851192,80.66048133010973
THA,Thailand,2011,0.0340144,346967938038.265,331551184061.0363,22.8,22.733333333333334,0.1736167,0.1826734666666667,3.59232409675161,3.51076554426457,14746672919.5999,9906563062.933306,46.3783774485726,46.31094917027617,1.349973,0.9807532999999999,6801.56,6113.176666666666,127.250522638251,128.985651011257,3.24758842443723,2.6234539428729864,79.9781284182656,80.29673237633897
THA,Thailand,2012,0.03554231,349882927003.633,339857179516.6697,23.0,22.866666666666664,0.1832602,0.2050544,3.57565835731247,3.5246471243649062,2473685995.7,7877272486.633304,52.7332765596589,48.43799772686493,0.9340417,1.0523738,7243.97,6697.506666666667,139.675407224576,128.73178290580532,3.80879058139634,2.070220971172283,80.2318480725752,80.15285322532
THA,Thailand,2013,0.03443526,375224234353.836,357358366465.2447,23.6,23.133333333333336,0.0807324,0.14586976666666668,3.81363739650232,3.6605399501888,12899036062.7558,10039798326.018566,50.7403100613359,49.9506546898558,0.938249,1.0740879,7563.51,7203.013333333333,137.67493851024,134.86695612435565,3.01489950334985,3.3570928363944734,80.1292852819204,80.11308725758708
THA,Thailand,2014,0.04622774,385308369004.167,370138510120.54535,23.2,23.266666666666666,0.1317821,0.1319249,3.95099362283237,3.7800964588823867,15935960664.8073,10436227574.421034,49.6879408184566,51.05384247981713,0.9061863,0.9261590000000001,7580.72,7462.733333333334,132.462274174269,136.60420663636168,2.18488618530687,3.0028587566843528,80.6329097922326,80.33134771557606
THA,Thailand,2015,0.06905314,389101609925.933,383211404427.9787,24.4,23.73333333333333,0.159735,0.12408316666666665,3.88118627669814,3.8819390986776106,4975455660.4459,11270150796.003,49.9091820021394,50.11247762731063,1.147651,0.9973621,8203.92,7782.716666666667,130.905495444398,133.68090270963566,1.8951418189878,2.364975835881507,79.5458802851248,80.10269178642594
THA,Thailand,2016,0.05708408,401296238228.084,391902072386.06134,22.6,23.400000000000002,0.2068741,0.1661304,3.99014074054595,3.940773546692153,8927579182.16216,9946331835.80512,45.713134717198,48.436752512598,1.626028,1.2266217666666666,8535.21,8106.616666666666,124.839662152526,129.40247725706433,-0.900424963291569,1.059867680334367,28.5477759603551,62.90885534590416
THA,Thailand,2017,0.03761338,415081396923.293,401826415025.77,22.4,23.133333333333336,0.1702952,0.1789681,3.91990436444812,3.93041046056407,3486184390.30069,5796406410.969584,49.3227291503798,48.31501528990574,1.240929,1.3382026666666667,9584.81,8774.646666666666,120.57522728913,125.44012829535133,0.188149704448143,0.39428885338145797,NaN,NaN
THA,Thailand,2018,0.04597867,432422173710.333,416266602953.9033,22.2,22.399999999999995,0.2103023,0.19582386666666665,3.94997556709625,3.9533402240301068,8285169819.69135,6899644464.0514,47.427491541895,47.487785136490935,0.9283413,1.2650994333333332,11108.45,9742.823333333334,120.891427433638,122.10210562509799,0.665631893135106,-0.015547788569439983,NaN,NaN
THA,Thailand,2019,0.03208549,450682801200.339,432728790611.3217,23.7,22.766666666666666,0.1451222,0.1752399,3.87600024932723,3.9152933936238665,13747219811.1792,8506191340.390412,46.1667791174286,47.63899993656779,1.188442,1.1192374333333333,12784.69,11159.316666666666,120.841864730984,120.769506484584,1.06389754183024,0.6392263798044964,NaN,NaN
THA,Thailand,2020,0.04719055,460212749509.626,447772574806.7659,23.9,23.266666666666666,0.0906488,0.1486911,4.00533143026177,3.943769082228416,5534140214.60468,9188843281.825075,44.9880040072053,46.19409155550963,0.9136786,1.0101539666666668,13620.48,12504.539999999999,109.689514715166,117.140935626596,0.706728601314311,0.8120860120932191,NaN,NaN
THA,Thailand,2021,0.03433933,432369701127.278,447755083945.74774,20.9,22.833333333333332,0.0858661,0.10721236666666667,3.84739936431244,3.9095770146338134,-4293910676.95961,4995816449.608089,42.5900878816865,44.58162366877347,1.168539,1.0902198666666667,14020.33,13475.166666666666,97.8007432465178,109.44404089755592,-0.845937147357041,0.3082296652625034,NaN,NaN
THA,Thailand,2022,0.01689019,439080796986.82,443887749207.908,19.0,21.266666666666666,0.1032065,0.09324046666666667,3.74441224162639,3.8657143454001996,15389597696.242,5543275744.629024,43.4690405127808,43.6823774672242,0.8416377,0.9746184333333333,16705.46,14782.090000000002,117.252944620852,108.24773419417859,1.23039541318384,0.36372895571370334,NaN,NaN
THA,Thailand,2023,0.0242769,450410744554.857,440620414222.98505,NaN,NaN,0.1135856,0.10088606666666666,3.963374866518,3.8517288241522767,11854822037.8762,7650169685.719531,43.29484965617,43.117992683545765,0.5038625,0.8380130666666666,18490.53,16405.44,132.858712082871,115.9707999834136,-1.61068030486688,-0.40874067968002703,NaN,NaN
TJK,Tajikistan,2004,0.004713219,3638188647.66711,3291333860.08935,64.6,64.3,-1.31818939999999,-1.4246784666666634,0.422958365716388,0.4242464496046006,31649700.0,25737166.666666668,18.3057403564453,17.3215700785319,NaN,NaN,32.72,36.14333333333334,137.669592976856,141.003622457104,16.3034912049491,22.381788479465868,35.169747332701,35.872968229676864
TJK,Tajikistan,2005,0.001342462,4012922039.84883,3642919381.69004,61.4,63.4,-1.0397763,-1.2883000999999965,0.493642117490682,0.4461509486344477,272025100.0,113247066.66666667,19.5840606689453,18.274957021077466,6.822766,NaN,40.65,38.663333333333334,128.338170674363,134.89724416120632,7.14196508692253,11.898480358820043,38.7653491687035,36.486297725222734
TJK,Tajikistan,2018,0.002066457,9469953672.84779,8861181805.15588,44.2,45.333333333333336,-0.7906938,-0.8891905000000001,0.763156637734805,0.6656308432509851,185827080.700794,293818555.9699413,30.2374706268311,28.2740968068441,2.031787923076923,2.058579846153846,57.68,54.79,53.7861046057767,53.14952178849651,NaN,NaN,NaN,NaN
TKM,Turkmenistan,2015,0.002367536,33614755226.4132,30581818639.067535,0.1,0.06666666666666667,-1.7372842,-1.77872363333333,10.4055728761936,11.051307521573333,3830131000.0,3273722150.0,7.00093637977294,NaN,NaN,NaN,18.89,12.47,91.0934829576602,99.6733194248187,NaN,NaN,NaN,NaN
TKM,Turkmenistan,2017,0.002149336,38019296559.4106,35811255357.179375,0.1,0.10000000000000002,-1.7890027,-1.7536684999999965,10.5800733045589,10.6370704386282,2243160000.0,3038753000.0,8.620870155942004,7.810903267857472,8.183932500000001,NaN,2.98,9.356666666666667,62.0460846966262,78.14649940679077,NaN,NaN,NaN,NaN
TKM,Turkmenistan,2018,0.002066457,40490550853.5767,38103187232.900536,0.1,0.10000000000000002,-1.788368,-1.77069643333333,11.091151596704,10.865596678798333,2085944140.0,2457357380.0,9.430837044026536,8.620870155942004,8.060654,8.1839325,7.93,5.703333333333333,53.5753567069955,65.64045732323586,NaN,NaN,NaN,NaN
TKM,Turkmenistan,2022,0.00431239,51408146222.3962,48508363118.72343,0.1,0.10000000000000002,-1.7112281,-1.7103701666666666,13.4562494897451,11.758764097004333,1287334690.0,1525736206.6666667,14.5425982703266,12.667313116052599,4.6197205,5.753140999999999,12.44,6.886666666666666,33.0581170797482,37.76015677872177,NaN,NaN,NaN,NaN
TTO,Trinidad and Tobago,1999,0.001303441,11454903204.1292,10634008606.298555,0.9,0.9333333333333332,0.5354525,0.40668325,13.7026083306302,12.168875686212766,729767481.18443,694838352.2974674,NaN,NaN,3.415757,3.2029376999999997,86.1,78.53,NaN,NaN,5.61270907691201,4.214454087846353,96.6348575113063,94.8872750104204
TTO,Trinidad and Tobago,2002,0.002615747,13779539518.821,13127266631.328568,0.7,0.7999999999999999,0.63289895,0.58339865,16.3937394337668,14.984315876203732,834900044.583722,719233360.179088,6.25368022918701,5.940730094909667,5.110281333333333,9.177795666666666,107.09,91.74666666666667,NaN,NaN,5.536653263223,4.177067456237244,99.2499289441591,98.98492521435587
TTO,Trinidad and Tobago,2005,0.005504095,18374195713.2386,16756131146.901567,0.6,0.6333333333333333,0.6289755,0.6908065666666667,21.4812172025747,19.79881391891553,998100000.0,938066666.6666666,11.8308000564575,9.707359949747717,1.1301103333333333,1.0864386666666668,132.38,121.58333333333333,NaN,NaN,3.72154938995965,3.8942380835251833,99.39694533504209,99.23298890537546
TTO,Trinidad and Tobago,2006,0.001461454,19515038110.939,18303416661.662434,0.5,0.5666666666666668,0.6578673,0.6769565333333333,27.0529643242842,22.936487222052435,939700000.0,915366666.6666666,NaN,NaN,1.173782,1.1301103333333335,174.55,142.43666666666667,NaN,NaN,6.87453459583516,4.802396743254503,99.9648951632985,99.3969453350421
TTO,Trinidad and Tobago,2007,0.001780984,22092595781.4538,19993943201.877132,0.6,0.5666666666666668,0.5450022,0.610615,29.7041320734947,26.079437866784534,882700000.0,940166666.6666666,NaN,NaN,0.5861511,0.963347811111111,130.66,145.86333333333334,NaN,NaN,8.32960351465347,6.308562500149427,99.89592074692332,99.75258708175464
TTO,Trinidad and Tobago,2008,0.0009160151,23142924113.2823,21583519335.225033,0.4,0.5,0.6166944,0.6065212999999999,30.2514295711747,29.002841989651202,830000000.0,884133333.3333334,NaN,NaN,0.5203568,0.7600966333333333,169.38,158.19666666666666,NaN,NaN,7.89438834757299,7.699508819353873,99.82694633054815,99.89592074692332
TTO,Trinidad and Tobago,2009,0.001608474,23927871251.383,23054463715.37303,0.5,0.5,0.5899607,0.5838857666666666,29.5374323602481,29.83099800163917,2800800000.0,1504500000.0,NaN,NaN,0.317348,0.4746186333333333,161.74,153.92666666666665,NaN,NaN,12.0303445477177,9.418112136648054,99.75797191417298,99.82694633054815
TTO,Trinidad and Tobago,2010,0.0025823,22877023931.3411,23315939765.335464,0.5,0.4666666666666666,0.528954,0.5785363666666666,28.5737184624756,29.454193464632798,709100000.0,1446633333.3333333,NaN,NaN,0.5381604,0.4586217333333333,208.35,179.82333333333335,NaN,NaN,6.97808725251547,8.967606715935387,99.68899749779781,99.75797191417298
TTO,Trinidad and Tobago,2011,0.002345821,23637278843.6027,23480724675.442265,0.4,0.4666666666666666,0.5390951,0.5526699333333334,31.1317933937106,29.747648072144766,549400000.0,1353100000.0,NaN,NaN,1.255327,0.7036118,212.36,194.15,NaN,NaN,10.5492003179988,9.852544039410656,99.62002308142264,99.68899749779781
TTO,Trinidad and Tobago,2014,0.004309366,25996346049.5518,24904439211.86427,0.4,0.4000000000000001,0.405446,0.4511574333333333,27.8473798577755,29.143518566196633,-1129966025.63165,-997755406.81081,NaN,NaN,3.1946433333333335,2.350137666666667,158.81,195.27333333333334,NaN,NaN,5.19981740465611,6.522410555994877,99.47302860212575,99.50205050528184
TTO,Trinidad and Tobago,2017,0.002149336,24818295899.8941,26203358474.542698,0.4,0.3666666666666667,0.0143627,0.06487173333333333,24.9048855339594,26.597243958287734,-23598182.380677,271548355.98171264,NaN,NaN,1.8005044,2.9198266999999998,206.67,200.23,NaN,NaN,3.07066742464024,4.472100517193157,NaN,NaN
TTO,Trinidad and Tobago,2018,0.004821734,23608962518.1707,25089466737.093033,0.4,0.4000000000000001,0.0118333,0.024053533333333335,23.9896125186399,25.3766028961607,-470882577.73977,-105883671.74400067,NaN,NaN,0.6811821,1.8005044000000001,221.4,193.24666666666667,NaN,NaN,1.88038440183532,3.204089269152733,NaN,NaN
TTO,Trinidad and Tobago,2019,0.004185063,23385751652.6468,23937670023.570538,0.5,0.43333333333333335,-0.0646447,-0.012816233333333335,24.00159506413,24.298697705576433,-700185701.199984,-398222153.773477,NaN,NaN,2.495106,1.6589308333333335,233.13,220.39999999999998,NaN,NaN,1.01856930188822,1.9898737094545933,NaN,NaN
TUN,Tunisia,2001,0.002687739,27972115617.4879,26624940618.569996,14.2,14.4,0.1119925,0.11059795,2.16396729727336,2.0874889317556495,750720443.574374,582922837.318027,18.2472705841064,16.256100018819165,1.2231983333333334,1.3835216666666668,656.7,605.01,82.639110670191,80.17456095778846,2.96230794738605,2.92593286735349,87.1063874805083,87.19051905997703
TUN,Tunisia,2002,0.001307873,29034013115.9435,27906675659.772232,14.2,14.299999999999999,0.02465350000000005,0.08241465000000002,2.23029588506291,2.1608493011313765,451514809.247851,516518511.1815614,20.5963401794434,18.29940350850423,1.062875,1.2231983333333334,800.09,686.5333333333333,89.5522011944661,83.36547526860788,1.98333333333337,2.5452553796117403,87.3067474537991,87.18929437399997
TUN,Tunisia,2004,0.002175332,30801356639.5236,29751124762.436935,14.1,14.299999999999999,0.0056435,-0.010796166666666614,2.14118228306991,2.1851430508372736,539481939.009799,593766554.9617473,25.9742908477783,22.875907262166333,0.28306305,0.5264803833333334,1072.75,951.4266666666667,82.390340709916,85.76157262454923,2.71259247474352,2.472319552193813,86.794034883754,87.05421622729052
TUN,Tunisia,2005,0.01208216,32722064779.1709,30980475316.84607,13.9,14.200000000000001,-0.0919895,-0.04967716666666663,2.24425872376825,2.18979733040572,592147521.678619,640644125.7720033,28.3220500946045,25.451143900553365,0.332623,0.28306305,1354.71,1136.3,86.9253446966283,84.88595379193663,3.63228004956625,3.021968457604773,87.0321098897735,86.96267037261532
TUN,Tunisia,2006,0.005480453,33862934470.3211,32462118629.671864,14.2,14.066666666666668,-0.1538909,-0.08007896666666667,2.28632090263617,2.2239206364914437,712714847.262545,614781435.9836544,30.4263496398926,28.240896860758465,1.503014,0.7062333500000001,1721.41,1382.9566666666667,90.2512478803945,86.52231109564627,2.01778641357144,2.787552979293737,86.3123165472736,86.71282044026702
TUN,Tunisia,2007,0.008904918,35638740560.1483,34074579936.546764,14.3,14.133333333333333,0.2702596,0.008126399999999997,2.34264831956205,2.2910759819888233,3239909092.61659,1514923820.5192516,31.5884609222412,30.112286885579437,0.6262259,0.8206209666666666,1988.14,1688.0866666666668,93.9409304094309,90.37250766215124,3.22525337438917,2.9584399458422865,86.5740263106896,86.63948424924557
TUN,Tunisia,2008,0.009618159,38029929333.0918,35843868121.187065,14.3,14.266666666666666,0.2365949,0.11765453333333332,2.39258887104803,2.340519364415417,1515345043.99628,1822656327.9584715,32.1416816711426,31.385497411092132,1.279228,1.1361559666666665,2309.4,2006.3166666666666,104.059400976647,96.08385975549079,2.96694432477349,2.7366613709113667,86.5815470177455,86.48929662523624
TUN,Tunisia,2009,0.00910328,39641554633.3358,37770074842.19196,14.6,14.4,0.271029,0.2592945,2.41189228309621,2.38237649123543,2600674976.49755,2451976371.0368066,33.5827484130859,32.4376303354899,1.33938,1.0816113,2767.78,2355.106666666667,114.343660218696,104.11466386825798,4.34502807623045,3.5124085917977035,86.6868643189893,86.6141458824748
TUN,Tunisia,2010,0.011662,40848025576.8668,39506503181.09814,16.1,15.0,0.2524283,0.25335073333333336,2.38155663473538,2.39534592962654,1525244857.52902,1880421626.0076168,35.3081817626953,33.67753728230793,1.084401,1.2343363333333333,3227.47,2768.2166666666667,93.0168787876722,103.80664666100506,3.66490330642919,3.6589585691443762,85.9493505529652,86.4059206299
TUN,Tunisia,2011,0.008601343,42061674642.7812,40850418284.327934,12.6,14.433333333333335,0.0242836,0.1825803,2.57579895188362,2.4564159565717367,1334497694.56476,1820139176.19711,36.0425300598145,34.9778200785319,1.548765,1.3241820000000002,3459.9,3151.7166666666667,100.151009836799,102.50384961438907,3.33897963601069,3.782970339556776,87.623503353179,86.75323940837784
TUN,Tunisia,2012,0.007643507,41200826152.5875,41370175457.411835,13.2,13.966666666666667,-0.2172419,0.01982333333333333,2.41262314515799,2.4566595772589968,432666011.578487,1097469521.224089,35.942798614502,35.764503479003935,1.316531,1.3165656666666665,3699.17,3462.18,100.106379304237,97.75808930956941,3.24002842009531,3.414637120845063,87.9323940251053,87.16841597708317
TUN,Tunisia,2013,0.004232267,42938131960.3014,42066877585.223366,13.0,12.933333333333332,-0.1699356,-0.12096463333333331,2.56515036313153,2.5178574867243797,1554269128.7808,1107144278.3080156,36.0693092346191,36.018212636311866,1.744697,1.5366643333333332,3800.66,3653.2433333333333,101.550723929668,100.60270435690133,4.6118443220664,3.7302841260574664,88.2931118422049,87.94966974016306
TUN,Tunisia,2014,0.001371162,43981498924.3673,42706819012.41873,13.2,13.133333333333333,-0.231884899999999,-0.206354133333333,2.53281443802063,2.503529315436717,1058622582.18394,1015185907.5144091,34.2130088806152,35.40837224324543,0.7530156,1.2714145333333333,4230.52,3910.116666666667,98.9549566862038,100.2040199733696,5.31623531326689,4.389369351809534,88.1163344027036,88.11394675667127
TUN,Tunisia,2015,0.00631343,45340671513.9524,44086767466.20703,12.9,13.033333333333333,-0.3534173,-0.251745933333333,2.67906940110098,2.59234473408438,1024754443.57724,1212548718.18066,33.7252311706543,34.6691830952962,0.2674933,0.9217352999999999,4528.82,4186.666666666667,96.1071038558701,98.87092815724729,4.62555099534031,4.851210210224533,88.2013971230885,88.203614455999
TUN,Tunisia,2016,0.00995809,45779494041.9295,45033888160.08307,12.5,12.866666666666665,-0.376347899999999,-0.32055003333333265,2.69429825515354,2.6353940314250504,970521888.740202,1017966304.833794,33.373851776123,33.770697275797495,2.311572,1.1106936333333333,4873.17,4544.17,87.2485306596052,94.10353040055969,4.437371273215,4.7930525272740665,74.587168579937,83.6349667019097
TUN,Tunisia,2017,0.006089785,46290957182.3198,45803707579.400566,12.4,12.6,-0.4256004,-0.3851218666666663,2.59021982927091,2.65452916184181,622569482.161978,872615271.4931399,31.2128105163574,32.77063115437823,1.865762,1.4816091,5415.09,4939.026666666667,87.0926643641466,90.14943295987398,3.62939937384381,4.230773880799707,NaN,NaN
TUN,Tunisia,2018,0.008265829,47333713938.692,46468055054.313774,11.8,12.233333333333334,-0.120353499999999,-0.3074339333333327,2.60042961253673,2.62831589898706,810936482.841997,801342617.9147257,30.9277496337891,31.8381373087565,1.077289,1.7515409999999998,5614.15,5300.803333333333,95.8091979825804,90.05013100211073,5.30884839565844,4.45853968090575,NaN,NaN
TUN,Tunisia,2019,0.004882574,48567689496.9783,47397453539.33004,11.9,12.033333333333333,-0.1170001,-0.2209846666666663,2.56581225435625,2.58548723205463,991385678.114219,808297214.3727312,30.9594707489014,31.03334363301597,1.480612,1.4745543333333335,5558.13,5529.123333333333,103.871824260635,95.59122886912068,7.30759176031652,5.415279843272923,NaN,NaN
TUN,Tunisia,2020,0.003232229,49320533876.2551,48407312437.30847,12.2,11.966666666666669,-0.143639,-0.126997533333333,2.54693841667269,2.57106009452189,815012991.372017,872445050.7760777,31.4410896301269,31.109436670939132,0.9291806,1.1623605333333333,5205.26,5459.179999999999,102.332614725789,100.67121232300148,6.72007532863799,6.44550516153765,NaN,NaN
TUN,Tunisia,2021,0.003546785,44893953703.8732,47594059025.7022,12.9,12.333333333333334,-0.1095893,-0.12340946666666665,2.39839346012801,2.50371471038565,623075275.921852,809824648.4693626,32.5181999206543,31.639586766560864,0.6829764,1.030923,4955.74,5239.71,84.3333297071767,96.8459228978669,5.63415115897625,6.55393941597692,NaN,NaN
TUN,Tunisia,2022,0.001078097,47020147729.5282,47078211769.8855,11.6,12.233333333333334,-0.199470099999999,-0.15089946666666632,2.57438568493559,2.506572520578763,547411353.644915,661833206.9795947,33.2740287780762,32.41110610961913,0.5795597,0.7305722333333334,5122.21,5094.403333333334,93.6334140664079,93.4331194997912,5.706350208307,6.020192231973746,NaN,NaN
TUN,Tunisia,2023,0.002697433,48314277429.7123,46742792954.37124,NaN,NaN,-0.3336702,-0.21424319999999966,2.50498913554161,2.4925894268684035,643213141.17869,604566590.2484857,37.1276893615723,34.306639353434264,0.144517,0.46901770000000004,5730.03,5269.326666666667,116.095794384146,98.02084605257687,8.30646124447623,6.548987537253159,NaN,NaN
TUR,Turkiye,1999,0.01846541,399059372123.491,385131026634.5837,21.5,21.066666666666666,0.1031403,-0.016033099999999998,3.23222867004141,3.2083557281282533,940000000.0,822333333.3333334,22.0010604858398,NaN,1.263595,1.2618866666666666,5770.4,5400.293333333334,40.3769887377902,40.92859115164816,84.6413434846314,83.57428542447117,84.7384821700538,84.36427806985084
TUR,Turkiye,2000,0.03698646,386877005103.984,392507353322.0847,20.5,20.900000000000002,0.1590537,0.08205363333333333,3.16718237356086,3.2174130798301435,783000000.0,842666666.6666666,22.4771995544434,22.425926844278965,0.5551991,0.9465026999999999,6742.31,5967.496666666666,37.6665043273244,40.26818658260467,64.8674876350757,78.39273092322834,85.3773937694263,84.89463623038738
TUR,Turkiye,2001,0.05778638,413901474163.049,399945950463.508,17.3,19.766666666666666,0.2149671,0.1590537,3.47043278431936,3.289947942640543,982000000.0,901666666.6666666,23.75782489776615,22.74536164601645,1.004174,0.9409893666666665,6815.4,6442.703333333334,42.3746746988077,40.13938925464077,54.9153705812683,68.1414005669918,85.874120901599,85.32999894702637
TUR,Turkiye,2002,0.06582963,391304902374.343,397361127213.792,18.1,18.633333333333336,0.12552744999999998,0.16651608333333331,3.1206808144442,3.2527653241081396,3352000000.0,1705666666.6666667,25.0384502410889,23.757824897766152,1.468521,1.0092980333333332,8591.94,7383.216666666667,49.9447830679013,43.32865403134446,54.4001887619074,58.06101565941714,86.0490764554826,85.76686370883597
TUR,Turkiye,2003,0.04439494,416487363949.901,407231246829.09766,17.5,17.633333333333336,0.0360878,0.12552744999999998,3.24208511129842,3.2777329033539933,1082000000.0,1805333333.3333333,25.9334297180176,24.909901618957548,1.10665,1.193115,10971.39,8792.910000000002,48.1026101234402,46.80735596338307,44.964120947985,51.42656009705357,86.0488956692512,85.99069767544427
TUR,Turkiye,2004,0.09285559,440639854394.832,416144040239.69196,16.3,17.3,0.0851509,0.08225538333333333,3.38625448591684,3.249673470553154,1702000000.0,2045333333.3333333,29.7210502624512,26.8976434071859,0.7026637,1.0926115666666665,13376.28,10979.87,46.3681553387846,48.1385161767087,21.6024384490573,40.322249386316564,86.1488742853693,86.08228213670104
TUR,Turkiye,2005,0.1158257,484375146822.671,447167455055.8013,16.8,16.866666666666667,-0.0314,0.029946233333333336,3.43889343076092,3.3557443426587272,2785000000.0,1856333333.3333333,30.7662506103516,28.806910196940134,1.007963,0.9390922333333332,15871.77,13406.480000000001,48.9934575435266,47.821407668583795,8.59826168115262,25.054940359398305,86.7112173664004,86.30299577367363
TUR,Turkiye,2006,0.08738278,528509363515.706,484508121577.7363,15.3,16.133333333333336,0.1284345,0.06072846666666667,3.5495611200862,3.4582363455879865,10031000000.0,4839333333.333333,33.2225189208984,31.2366065979004,0.9659882,0.8922049666666666,17647.28,15631.776666666667,46.3088308846211,47.223481255644096,8.17916036802008,12.793286832743334,88.2915017730354,87.05053114160171
TUR,Turkiye,2007,0.1313475,565862429106.909,526248979815.0954,14.2,15.433333333333332,0.2843555,0.12713,3.91176721812036,3.6334072563224935,20185000000.0,11000333333.333334,37.3102416992188,33.766337076822936,0.57748,0.8504770666666666,19421.02,17646.690000000002,48.9456766641314,48.0826550307597,9.59724212288446,8.791554724019052,89.0838163402396,88.02884515989179
TUR,Turkiye,2008,0.1397432,594767729617.936,563046507413.5171,12.5,14.0,0.3245614,0.2457838,4.28079364507414,3.914040661093567,22047000000.0,17421000000.0,39.3874015808105,36.6400540669759,0.7342926,0.7592536,21483.68,19517.326666666664,48.027468179713,47.76065857615517,8.75618090972632,8.844194466876951,90.2078977284788,89.1944052805846
TUR,Turkiye,2009,0.1374732,600240295872.955,586956818199.2667,12.5,13.066666666666668,0.3175233,0.3088134,4.21593984029483,4.136166901163111,19851000000.0,20694333333.333332,40.7729606628418,39.15686798095703,0.7829897,0.6982541000000001,21787.66,20897.453333333335,50.7612500066681,49.24479828350417,10.4441283764885,9.599183803033092,90.8312552108698,90.04098975986273
TUR,Turkiye,2010,0.1151206,570932398858.345,588646808116.412,13.1,12.700000000000001,0.3810079,0.34103086666666665,4.1835136272879,4.226749037552291,8585000000.0,16827666666.666666,46.9404602050781,42.36694081624346,0.6305739,0.7159520666666667,24758.42,22676.58666666667,47.0391385732199,48.609285586533666,6.25097663090626,8.483761972373692,89.4606368500133,90.16659659645397
TUR,Turkiye,2011,0.1343988,619702577582.152,596958424104.484,14.2,13.266666666666666,0.3744715,0.35766756666666666,4.26801919276368,4.222490886782137,9099000000.0,12511666666.666666,56.7506217956543,48.15468088785806,0.4559095,0.6231577,26145.4,24230.493333333332,46.9433366709891,48.247908416959035,8.56644420552976,8.420516404308174,89.9149991031773,90.06896372135346
TUR,Turkiye,2012,0.1160694,687745688381.755,626126888274.084,12.7,13.333333333333334,0.3816131,0.3790308333333334,4.48332295905392,4.311618593035167,16182000000.0,11288666666.666666,61.516300201416,55.06912740071613,0.6265591,0.5710141666666667,26838.73,25914.183333333334,53.651583897618,49.21135304727567,6.471879671151,7.096433502529007,90.7624706486566,90.04603553394907
TUR,Turkiye,2013,0.1535264,720809935556.199,676086067173.3687,13.0,13.299999999999999,0.4714134,0.409166,4.57803809727294,4.443126749696847,13744000000.0,13008333333.333334,70.1044998168945,62.79047393798826,0.4895389,0.5240025,27961.75,26981.960000000003,53.3277612968607,51.307560621822596,8.89156996512163,7.976631280600796,89.7131431964725,90.13020431610214
TUR,Turkiye,2014,0.214959,781994134596.37,730183252844.7745,13.8,13.166666666666666,0.4789095,0.4439786666666667,4.38456228128668,4.48197444587118,13563000000.0,14496333333.333334,79.6469573974609,70.42258580525714,0.6391541,0.5850840333333333,30007.39,28269.289999999997,53.0683530043043,53.34923273292767,7.49309030547693,7.618846647249853,89.6089106816017,90.02817484224359
TUR,Turkiye,2015,0.247013,817972077517.761,773592049223.4434,11.5,12.766666666666666,0.368902,0.4397416333333333,4.60446003106117,4.522353469873597,13337000000.0,13548000000.0,86.9976806640625,78.91637929280596,0.8126526,0.6471152,30611.18,29526.773333333334,54.30677404128,53.567629447481664,8.85457271364316,8.413077661413906,91.3802710997426,90.23410832593895
TUR,Turkiye,2016,0.2535545,865460050683.656,821808754265.9291,13.3,12.866666666666667,0.2171826,0.3549980333333333,4.70276339686943,4.563928569739093,19263000000.0,15387666666.666666,95.5645065307617,87.40304819742836,0.8086619,0.7534895333333332,32539.53,31052.7,51.8749252596832,53.0833507684225,7.67085364845885,8.006172222526313,87.4279766169034,89.47238613274924
TUR,Turkiye,2017,0.3255169,894225044186.927,859219057462.7812,13.2,12.666666666666666,0.1543103,0.24679830000000003,4.93533246982308,4.747518632584559,13835000000.0,15478333333.333334,103.71558380127,95.42592366536473,0.736151,0.7858218333333333,34932.25,32694.319999999996,48.870183807987,51.68396103631673,7.7751341532833,8.10018683846177,NaN,NaN
TUR,Turkiye,2018,0.2402257,964205820086.089,907963638318.8906,11.4,12.633333333333335,0.1437151,0.171736,5.39416444458135,5.010753437091286,11190000000.0,14762666666.666666,110.534072875977,103.27138773600291,0.7188371,0.75455,33087.1,33519.62666666667,56.1356585158689,52.29358919451303,11.1443110840764,8.863432961939516,NaN,NaN
TUR,Turkiye,2019,0.2242845,997645953748.995,952025606007.3369,11.8,12.133333333333335,0.0517731,0.11659950000000001,5.27401972926131,5.201172214555247,12450000000.0,12491666666.666666,115.462463378906,109.90404001871765,0.6061158,0.6870346333333334,33902.25,33973.86666666667,62.8251323851165,55.943658236324126,16.3324638988929,11.750636378750867,NaN,NaN
TUR,Turkiye,2020,0.2532775,1010631549472.6,990827774435.8947,14.1,12.433333333333332,-0.0157501,0.059912700000000006,5.01913672458907,5.22910696614391,9507000000.0,11049000000.0,117.005470275879,114.33400217692066,0.6040328,0.6429952333333334,37976.86,34988.736666666664,62.5784589326239,60.51308327786976,15.1768215720022,14.217865518323833,NaN,NaN
TUR,Turkiye,2021,0.2938995,1028853867659.94,1012377123627.1783,13.7,13.199999999999998,-0.1651388,-0.0430386,5.07395962903497,5.12237202762845,7522000000.0,9826333333.333334,118.883682250977,117.11720530192066,0.6200469,0.6100651666666667,40923.32,37600.81,60.389853117297,61.931148145012465,12.2789574462574,14.596080972384167,NaN,NaN
TUR,Turkiye,2022,0.2866661,1150372769727.98,1063286062286.84,12.0,13.266666666666666,-0.123133799999999,-0.10134089999999966,5.47500634541911,5.189367566347717,12674000000.0,9901000000.0,125.763786315918,120.550979614258,0.6357335,0.6199377333333334,47600.4,42166.86,69.6088976086437,64.19240321952154,19.5964926913324,15.684090569864003,NaN,NaN
TUR,Turkiye,2023,0.2342913,1212967141770.11,1130731259719.3433,NaN,NaN,-0.229146699999999,-0.17247309999999935,5.22956172007378,5.259509231509287,13784000000.0,11326666666.666666,127.577972412109,124.07514699300134,0.5504169,0.6020657666666666,52657.73,47060.48333333334,79.8982722314341,69.96567431912494,72.3088359891207,34.72809537557016,NaN,NaN
TZA,Tanzania,1999,0.002172402,16866529754.0874,16279840761.5146,93.1,92.63333333333333,-0.5023673,-0.5899211,0.087932132235763,0.10169512512800233,172306244.8984,160085896.91166666,0.521799981594086,0.5437699953715006,13.66303,NaN,125.04,130.83333333333334,26.1436420608095,30.24297732703057,12.7997540479609,16.622556206447967,6.57720881033106,7.510530536705599
TZA,Tanzania,2006,0.002740226,25882267435.0187,24121670047.055866,90.3,91.33333333333333,-0.4477914,-0.5592013,0.157543974954262,0.135674542852811,935520591.71,565487146.2466667,1.42771995067596,1.1803066531817112,5.772653714285715,7.01809642857143,218.52,193.29,36.9592732894013,33.67263195033296,5.03457009267163,5.024645915753343,10.3843352882425,9.015316942474842
TZA,Tanzania,2008,0.001068684,29439239572.2798,27631487150.510204,90.6,90.26666666666667,-0.3966297,-0.4146707666666667,0.150653381572792,0.15735805551710333,581511806.98,640023796.6833334,1.46310997009277,1.4454149603843651,2.8804325000000004,4.3934324047619056,309.05,269.7733333333333,48.0583947796554,42.595278179401134,7.02551436974771,6.437019027748267,10.4851460131766,10.546055554103566
TZA,Tanzania,2009,0.00143736,31113277454.4947,29375157157.0022,90.3,90.26666666666665,-0.4547772,-0.41699936666666665,0.147505111963319,0.1540117678534557,1383260000.0,789270266.1133333,1.68845205257327,1.5323256610168017,1.233654,2.8804325,298.69,296.49666666666667,49.0265445510865,46.617701933296196,10.2783937621135,8.184960250895557,10.5969224955926,10.6169179565536
TZA,Tanzania,2010,0.0006247501,32752668789.9028,31101728605.5591,91.0,90.63333333333333,-0.419029899999999,-0.4234789333333329,0.139276768276615,0.14581175393757534,952630000.0,972467268.9933333,1.91379413505377,1.68845205257327,2.466577,2.1935545,312.61,306.7833333333333,43.5326006456317,46.872513325457874,12.1422278742988,9.815378668720003,10.0736053595431,10.385224622770766
TZA,Tanzania,2014,0.000783521,41845219654.6812,39511001683.9172,84.5,85.76666666666665,-0.435396599999999,-0.4514785999999993,0.23745636583617,0.21810341587537532,2087261309.71597,1705422821.8647099,3.67337417645482,3.563290497547317,0.90362085,0.8568538,401.29,398.50666666666666,48.6316275295495,53.055566931081394,7.87072364573959,12.187595655429861,16.9315564951166,15.957063854942367
TZA,Tanzania,2018,0.001033229,54078588995.4215,50720799198.93366,82.0,82.16666666666667,-0.5552419,-0.4678615999999997,0.255108045601944,0.25718799363233164,937700000.0,1102588298.6703331,4.78205361153138,4.164867927370143,3.245090225,2.48018945,616.07,572.3866666666667,33.1125919853124,36.43024775446913,5.31871605228931,5.3605506249657395,NaN,NaN
UKR,Ukraine,1999,0.07277546,66077735120.1257,67625337984.12927,1.6,1.1666666666666667,-0.972688799999999,-0.8500820999999995,7.23726373211481,7.508626740658653,743000000.0,629000000.0,46.2560806274414,44.66623497009275,1.632524,1.5451583333333332,6339.12,6013.813333333333,86.0497284415116,88.049263226831,10.5771611482514,35.614420672789535,84.2765516309183,84.79995161299017
UKR,Ukraine,2000,0.1119077,65945579649.8151,66460280975.49447,1.4,1.3333333333333333,-0.9373576499999995,-0.9200428499999993,7.29072251356169,7.351431160103336,496000000.0,620666666.6666666,48.1569786071777,46.359764734903955,1.05874,1.3788853333333335,5576.98,5990.593333333333,101.951706965548,90.74761718981104,22.6836718061345,16.400477456442967,85.0915811399228,84.6812783320961
UKR,Ukraine,2001,0.1581286,69836368849.3183,67286561206.4197,1.2,1.3999999999999997,-0.9020265,-0.9373576499999995,7.28514189616492,7.271042713947139,595000000.0,611333333.3333334,50.5071182250977,48.3067258199056,1.214365,1.3018763333333334,5527.45,5814.516666666666,115.735714934593,101.24571678055088,28.2030972388552,20.48797673108037,84.1717147105301,84.5132824937904
UKR,Ukraine,2002,0.1473537,75981969310.6229,70587972603.25209,1.2,1.2666666666666666,-0.868841,-0.9027417166666666,7.33438335645808,7.303415922061563,792000000.0,627666666.6666666,52.9101104736328,50.52473576863607,1.647088,1.306731,6802.16,5968.863333333334,99.9261276192731,105.87118317313804,11.9588085390459,20.9485258613452,84.3487287188532,84.53734152310203
UKR,Ukraine,2003,0.1835529,80039138412.8861,75285825524.27576,1.0,1.1333333333333335,-0.8356555,-0.8688409999999999,7.40706121198512,7.342195488202706,693000000.0,693333333.3333334,56.645679473877,53.35430272420249,1.506748,1.456067,6040.03,6123.213333333333,95.994669810112,103.88550412132604,0.75742084639286,13.63977554143132,84.2802504123054,84.26689794722957
UKR,Ukraine,2004,0.1421217,87656150954.4385,81225752892.64915,1.0,1.0666666666666667,-0.7460564,-0.8168509666666667,8.13374301585325,7.625062528098816,1424000000.0,969666666.6666666,60.2553215026855,56.60370381673177,1.562005,1.571947,5911.63,6251.2733333333335,102.590182257396,99.50365989559369,5.17967781908315,5.965302401507304,87.0965582656668,85.24184579894181
UKR,Ukraine,2005,0.1245134,97995502972.09,88563597446.47154,1.2,1.0666666666666667,-0.4457248,-0.6758122333333333,7.68697352392554,7.7425925839213035,1715000000.0,1277333333.3333333,63.4407501220703,60.1139170328776,1.687295,1.5853493333333333,5962.46,5971.373333333333,109.981708544962,102.85552020415666,9.04806786050888,4.99505550866163,84.6952301776927,85.35734628522164
UKR,Ukraine,2006,0.1586287,101005170642.605,95552274856.37785,1.3,1.1666666666666667,-0.423319499999999,-0.5383668999999996,7.50423510865356,7.774983882810784,7808000000.0,3649000000.0,66.8898620605469,63.52864456176756,1.524429,1.5912430000000002,6117.24,5997.110000000001,94.6475701087848,102.40648697038093,13.5695764909248,9.265774056838943,84.339117101029,85.37696851479616
UKR,Ukraine,2007,0.1419221,108652697104.575,102551123573.09001,1.8,1.4333333333333333,-0.3384871,-0.40251046666666634,7.53783934894648,7.576349327175194,5604000000.0,5042333333.333333,71.939811706543,67.42347462972008,1.638863,1.6168623333333334,5425.57,5835.09,89.181052639031,97.93677709759261,9.05252491133248,10.55672308758872,83.094944419608,84.04309723277656
UKR,Ukraine,2008,0.1288833,117579433691.217,109079100479.46565,2.4,1.8333333333333333,-0.3296088,-0.363805133333333,7.81301613219001,7.618363529930018,10193000000.0,7868333333.333333,76.2627563476562,71.69747670491536,1.338058,1.50045,5484.41,5675.740000000001,88.0465606718626,90.6250611398928,12.8387796190181,11.820293673758462,81.3592553003752,82.93110560700406
UKR,Ukraine,2009,0.123014,120217318405.036,115483149733.60933,2.7,2.3,-0.5991555,-0.4224171333333333,7.52327011315342,7.62470853142997,10700000000.0,8832333333.333334,79.7325210571289,75.97836303710936,1.725975,1.567632,5953.06,5621.013333333333,94.1718921417534,90.466501817549,25.226461707384,15.705922079244862,80.8476445507095,81.76728142356423
UKR,Ukraine,2010,0.1156204,102020662582.215,113272471559.48932,3.0,2.6999999999999997,-0.6679509,-0.5322383999999999,6.26790678763997,7.2013976776611335,4769000000.0,8554000000.0,82.4992523193359,79.49817657470699,1.5457,1.5365776666666668,5673.58,5703.683333333333,87.4761626200316,89.8982051445492,15.8811924594476,17.982144595283234,79.0726879660927,80.42652927239247
UKR,Ukraine,2011,0.09187799,106195352549.996,109477777845.74901,2.9,2.866666666666667,-0.5820073,-0.6163712333333333,6.8001696142477,6.863782171680363,6451000000.0,7306666666.666667,81.9082510858655,81.3800081541101,1.207107,1.4929273333333333,6069.02,5898.553333333333,95.72973045329,92.45926173835834,9.37293105078978,16.82686173920713,80.5057499776648,80.14202749815567
UKR,Ukraine,2012,0.07429489,111977987704.028,106731334278.74634,2.7,2.8666666666666667,-0.7940784,-0.6813455333333334,7.19759562163247,6.755224007840046,7207000000.0,6142333333.333333,84.7981059629784,83.06853645605993,1.116797,1.289868,6319.59,6020.7300000000005,104.805073904259,96.00365565919354,7.95572466274652,11.069949390994632,79.555745822177,79.71139458864484
UKR,Ukraine,2013,0.07891254,112148546939.271,110107295731.09834,2.9,2.8333333333333335,-0.691518299999999,-0.689201333333333,7.03131803172885,7.009694422536341,8175000000.0,7277666666.666667,83.8798999891598,83.52875234600123,0.8140294,1.0459778,6659.32,6349.31,102.622788356626,101.052530904725,0.568727971803862,5.965794561780054,79.2634775383703,79.77499111273737
UKR,Ukraine,2014,0.05621763,112199506223.487,112108680288.92867,3.5,3.0333333333333337,-0.6663049,-0.717300533333333,6.83496373147307,7.021292461611464,4509000000.0,6630333333.333333,81.5320112568844,83.4033390696742,0.861611,0.9308124666666666,7355.95,6778.286666666667,94.0016694501782,100.47651057035439,-0.238948626045407,2.7618346695016585,78.2299207808028,79.01638138045003
UKR,Ukraine,2015,0.06155594,100891035818.548,108413029660.43535,3.5,3.3000000000000003,-0.622940199999999,-0.660254466666666,5.85851548255714,6.57493241525302,847000000.0,4510333333.333333,83.7842174613245,83.06537623578957,0.8479214,0.8411872666666667,7282.92,7099.3966666666665,100.691782483624,99.10541343014273,12.0718562874251,4.133878544394518,75.3571271035037,77.61684180755894
UKR,Ukraine,2016,0.04502672,91030967789.0717,101373836610.3689,4.2,3.733333333333333,-0.6169589,-0.6354013333333329,4.93846267555134,5.87731396319385,-198000000.0,1719333333.3333333,76.8646556476929,80.72696145530061,0.804248,0.8379268,7534.41,7391.093333333333,107.806616298156,100.83335607731941,48.6998646434424,20.177590768274033,65.6881469361533,73.09173160681992
UKR,Ukraine,2017,0.07415209,93253017277.0895,95058340294.90308,5.5,4.3999999999999995,-0.522695,-0.5875313666666663,4.98162827265164,5.25953547692004,4128000000.0,1592333333.3333333,77.0398374695438,79.22957019285373,0.6841844,0.7787845999999999,7962.38,7593.236666666667,105.521204913122,104.673201231634,13.9127101997797,24.8948103768824,NaN,NaN
UKR,Ukraine,2018,0.05958285,95453762636.0202,93245915900.72713,6.5,5.3999999999999995,-0.368446699999999,-0.5027001999999997,4.52463056805499,4.814907172085989,3680000000.0,2536666666.6666665,80.1990246943391,78.03450593719194,1.166636,0.8850227999999999,9161.78,8219.523333333333,104.034982911399,105.78760137422567,14.4383227488749,25.683632530699,NaN,NaN
UKR,Ukraine,2019,0.07166921,98783535744.1445,95830105219.08473,6.9,6.3,-0.3505756,-0.41390576666666634,4.82875863377984,4.778339158162157,4975000000.0,4261000000.0,81.4946716210446,79.57784459497583,0.8108297,0.8872167000000001,10355.29,9159.816666666668,99.1998150718675,102.9186676321295,10.9518559353178,13.100962961324134,NaN,NaN
UKR,Ukraine,2020,0.0492915,101944118786.821,98727139055.66191,7.4,6.933333333333334,-0.2900464,-0.336356233333333,4.62458753784522,4.65932557989335,5796000000.0,4817000000.0,84.48135621115,82.0583508421779,1.163165,1.0468769,13299.64,10938.903333333334,90.5112342910763,97.91534409144761,7.88671745611133,11.092298713434678,NaN,NaN
UKR,Ukraine,2021,0.03353324,98118341608.386,99615332046.4505,8.7,7.666666666666667,-0.349632599999999,-0.3300848666666663,4.45159215930416,4.634979443643073,304000000.0,3691666666.6666665,82.1345992180731,82.70354235008924,0.7106363,0.894877,14058.8,12571.243333333332,79.1564523761815,89.62250057970844,2.73249209419427,7.190355161874467,NaN,NaN
UKR,Ukraine,2022,0.01958544,101499127457.564,100520529284.257,8.9,8.333333333333334,-0.3585413,-0.33274009999999965,4.38244379511425,4.486207830754544,7954000000.0,4684666666.666667,75.9079435107907,80.84129964667126,0.6528273,0.8422095333333334,15133.9,14164.113333333333,82.69796136345,84.12188267690262,9.36313917695223,6.660782909085943,NaN,NaN
UKR,Ukraine,2023,0.04046149,72309415409.6738,90642294825.20793,NaN,NaN,-0.412279199999999,-0.373484366666666,2.90739555971061,3.913810504709673,221000000.0,2826333333.3333335,NaN,NaN,0.4518909,0.6051181666666666,13205.56,14132.753333333332,87.3965139907244,83.0836425767853,20.1836366617478,10.759755977631434,NaN,NaN
URY,Uruguay,1999,0.003258603,37526894198.668,35502798637.57813,36.9,37.36666666666667,0.7197775,0.5569489,1.82271986367341,1.7750734554009302,164100000.0,138033333.33333334,35.4384002685547,32.70135974884035,2.4317923333333336,3.789640666666667,216.66,194.15333333333334,35.6400154006956,37.62494964556384,10.8110703055616,19.657309408123467,64.6499215183741,64.7729216977544
URY,Uruguay,2001,0.005375477,36242902749.5716,36908642460.24003,38.7,36.300000000000004,0.6882126,0.70399505,1.70552622829056,1.8816514067433767,262825000.0,220741666.66666666,33.8414497375488,34.29987970987957,0.9924899,1.4994087444444446,224.92,214.77666666666664,36.7137381507902,35.2467341661295,4.76382472733251,7.0778610240577295,65.0378002590183,66.63535305317819
URY,Uruguay,2002,0.001743831,34849678466.8177,36016237216.28994,41.6,37.86666666666667,0.59827235,0.6634933333333333,1.53241153472962,1.7848819637621134,310402928.18663,269509309.39554334,37.7791595458984,35.08013280232747,0.9110358,0.9924898999999999,234.78,220.8166666666667,36.3095126435057,35.46989991373287,4.3593406521727,4.927284472928097,58.6231301017177,64.6264225809594
URY,Uruguay,2003,0.004843084,32155098813.2195,34415893343.202934,43.2,41.16666666666667,0.5083321,0.5982723499999999,1.40548549239722,1.5478077518057998,179852187.798716,251026705.32844868,39.5832290649414,37.067946116129534,0.3815639,0.7616965333333333,274.53,244.7433333333333,40.02906730756,37.68410603395196,13.9724725913515,7.698545990285571,55.9394341778233,59.866788179519766
URY,Uruguay,2004,0.004350664,32414038652.1022,33139605310.713135,43.8,42.86666666666667,0.2544708,0.45369174999999995,1.40046922058061,1.4461220825691499,402717369.251732,297657495.079026,41.7629699707031,39.708452860514306,0.6747305,0.6557767333333334,282.74,264.01666666666665,51.7591995826472,42.69925984457097,19.3797301743995,12.570514472641234,55.200218723875,56.587594334471994
URY,Uruguay,2005,0.01610954,34036089123.994,32868408863.105236,39.3,42.1,0.2591788,0.34066056666666666,1.7528908230759,1.5196151786845764,352712784.345572,311760780.46533996,42.7656097412109,41.37060292561847,0.8056316,0.620642,308.34,288.53666666666663,61.4766880860242,51.08831832541046,9.15760507540997,14.16993594705366,62.4571010481136,57.8655846499373
URY,Uruguay,2006,0.003653635,36575226344.6127,34341784706.90297,41.3,41.46666666666666,0.3255794,0.279743,1.69451857722282,1.61595954029311,826626704.297552,527352285.964952,44.3836708068848,42.97075017293293,2.731091,1.4038177,353.36,314.81333333333333,58.8776963255774,57.3711946647496,4.6992773903564,11.078870880055291,62.1238930449045,59.92707093896436
URY,Uruguay,2007,0.01001803,38074290288.9132,36228535252.50664,37.6,39.4,0.3849319,0.32323003333333333,1.97248462231107,1.80663134086993,1508350268.54176,895896585.7282947,45.3399810791016,44.163087209065765,0.3571958,1.2979728,363.5,341.73333333333335,61.9715745165876,60.775319642729734,6.39764974385131,6.751510736539227,66.1359714136997,63.5723218355726
URY,Uruguay,2008,0.008015133,40564924117.3376,38404813583.62116,43.2,40.7,0.3975365,0.3693492666666667,1.85654505268799,1.8411827507406267,1358736505.93223,1231237826.2571807,50.3921318054199,46.70526123046877,1.105204,1.3978302666666667,386.57,367.80999999999995,59.2104478374095,60.01990622652483,8.11464561179313,6.40385758200028,60.2912805399314,62.85038166617853
URY,Uruguay,2009,0.00143736,43475921755.0631,40705045387.10464,44.1,41.63333333333333,0.4574726,0.41331366666666663,2.39732758116842,2.0754524187224934,2141969341.14865,1669685371.8742135,51.0627593994141,48.9316240946452,0.9315351,0.7979783,441.63,397.23333333333335,65.2080950071821,62.130039120393064,7.87707374730888,7.463123034317774,63.8749089435222,63.43405363238443
URY,Uruguay,2010,0.002499,45320819970.7986,43120555281.06643,44.6,43.96666666666667,0.3817669,0.4122586666666667,2.36627935606604,2.20671732997415,1602591812.77207,1701099219.9509833,50.9438095092773,50.79956690470377,0.2125297,0.7497562666666667,483.83,437.3433333333333,53.3944192683736,59.2709873709884,7.06221874388574,7.68464603432925,60.3102893875428,61.492159623665465
URY,Uruguay,2011,0.003518731,48857389210.184,45884710312.015236,53.3,47.333333333333336,0.5530161,0.4640852,1.94598292040572,2.2365299525467264,2191067966.51532,1978543040.1453466,51.8884303512712,51.298333086654196,0.4045864,0.5162170666666667,500.67,475.3766666666667,51.6990372012256,56.76718382559377,6.69870886978132,7.212667120325314,50.2180480220545,58.134415451039835
URY,Uruguay,2012,0.006305893,51379472633.5779,48519227271.520164,49.7,49.199999999999996,0.5344837,0.48975556666666664,2.34076033455321,2.21767420367499,2690094196.66276,2161251325.3167167,52.5558159999377,51.796018620162066,0.6761822,0.4310994333333333,577.09,520.53,53.2470340109018,52.78016349350034,8.0928320630299,7.284586558898987,56.0681618963672,55.5321664353215
URY,Uruguay,2013,0.0134663,53197370201.0395,51144744014.9338,47.9,50.29999999999999,0.673071,0.5868569333333333,2.66279826623545,2.3165138403981267,6394069821.71275,3758410661.630277,54.7069093768187,53.05038524267587,1.102377,0.7277152,584.87,554.21,55.0611541633768,53.33574179183473,8.09776580573602,7.62976891284908,57.6938931210084,54.6600343464767
URY,Uruguay,2014,0.009989892,55664418793.7377,53413753876.11837,51.9,49.833333333333336,0.7567232,0.6547592999999999,2.28942554965314,2.430994716813933,986930050.603523,3357031356.326345,59.9512588300598,55.737994735605405,1.937932,1.2388303999999999,596.79,586.25,49.7178464746233,52.675344882967295,8.57513504005397,8.255244302939964,52.7989654375318,55.5203401516358
URY,Uruguay,2015,0.002367536,57467273107.5946,55443020700.790596,56.7,52.166666666666664,0.7213547,0.7170496333333333,2.00617697761903,2.3194669311692064,4085227626.74536,3822075833.0205445,59.826704311423,58.16162417276717,1.634152,1.5581536666666667,740.37,640.6766666666666,49.0876240632174,51.28887490040584,8.87735333229828,8.516751392696088,46.4912621053106,52.328040221283594
URY,Uruguay,2016,0.007535852,57680327998.6689,56937339966.66706,59.4,56.0,0.6538176,0.7106318333333334,2.04722838394224,2.1142769704048034,2673041339.41285,2581733005.5872445,57.7897211461691,59.18922809588397,0.4245594,1.3322144666666667,697.03,678.0633333333334,45.3282408087534,48.044570448864704,8.66626987079328,8.706252747715178,5.86256741686316,35.05093165323518
URY,Uruguay,2018,0.001033229,59675827116.7172,58670388091.823975,60.8,60.166666666666664,0.697186,0.6955576,1.89093027524777,1.9863535754284367,2686509353.42749,1614633538.138407,59.7518904286933,59.062635383556426,0.94593775,0.9963213833333334,802.09,785.2533333333334,46.3780042035515,46.72560113028907,6.2180938256186,8.174592390920893,NaN,NaN
URY,Uruguay,2019,0.004882574,59774159517.7554,59368331931.51947,60.8,60.633333333333326,0.5998986,0.6775846,2.0241364499516,1.9786562640982233,1726550037.27184,1299136437.4247372,60.2781342968002,59.8921064337668,0.2734085,0.94593775,926.32,861.6833333333334,47.7913104806475,47.546624354253765,7.60653360377047,7.821346968579957,NaN,NaN
URY,Uruguay,2021,0.0009673051,55890466349.1545,58664566492.243805,61.2,60.43333333333334,0.6994509,0.6428065333333333,2.03399973168326,2.0548674984744366,973445343.93392,1388865367.58959,64.9332150107214,62.39192575140037,0.6449726,0.6684490333333334,980.26,967.2266666666668,47.7318733182088,48.4226726382733,9.75640636078194,8.414976224449534,NaN,NaN
URY,Uruguay,2022,0.005390487,59156857853.7605,58458799270.91217,57.8,59.43333333333334,0.7331802,0.6872337333333333,2.51768262973273,2.2193828917348135,5165277108.36511,2535107724.6206803,75.1713873701582,67.3563434425197,0.2029792,0.6449726,1189.05,1054.8033333333333,58.3150410230338,51.93058281906874,7.74791402314762,8.462103030908583,NaN,NaN
USA,United States,1999,21.182,12516770844481.1,11988703633632.467,4.5,4.6000000000000005,1.5702074,1.46394185,20.8257864667542,20.624222410250965,211150000000.0,143653333333.33334,70.8996200561523,75.11847686767577,0.8167806,0.8286859666666667,302600.31,309036.2233333333,22.8258909523693,22.980428011431467,1.55227909874364,2.273724411995133,86.1225512682958,86.05247102945486
USA,United States,2000,22.19368,13116127034705.4,12537534195421.432,5.7,4.8999999999999995,1.7024275,1.5788589166666664,20.6489080418578,20.792770624673267,312449000000.0,215249666666.66666,71.37548828125,72.46452840169268,0.7965595,0.8124588333333334,296940.93,303552.6866666667,23.3135637046602,23.18925858290447,2.18802719697358,2.0259987443415235,85.818935983693,86.14497755093782
USA,United States,2001,22.35317,13650948362520.0,13094615413902.166,5.4,5.2,1.8346476,1.7024275,21.0118753202743,20.82885660962877,349125000000.0,290908000000.0,72.91871134440103,71.73127322726778,0.8221078,0.8118159666666666,306472.5,302004.58,25.1029953595813,23.747483338870268,3.37685727149929,2.3723878557388365,85.8991510408803,85.94687943095636
USA,United States,2002,23.92873,13781388409036.2,13516154602087.201,4.7,5.266666666666667,1.7857688500000002,1.7742813166666667,20.6255077855762,20.7620970492361,172496000000.0,278023333333.3333,74.46193440755206,72.91871134440103,0.8275054,0.8153909,306733.89,303382.44,22.967181335596,23.794580133279165,2.82617111885407,2.79701852910898,86.3861771834025,86.03475473599194
USA,United States,2003,21.83639,14015733659783.6,13816023477113.266,4.8,4.966666666666667,1.7368901,1.7857688500000002,19.9103793387111,20.515920814853867,111055000000.0,210892000000.0,76.0051574707031,74.46193440755206,0.9085193,0.8527108333333334,320944.51,311383.63333333336,22.2863741094897,23.452183601555664,1.58603162650601,2.5963533389531235,86.2808086234009,86.18871228256121
USA,United States,2004,21.78244,14407558345762.9,14068226804860.9,5.3,4.933333333333334,1.6802584,1.7343057833333333,19.9681657791826,20.168017634489967,117106000000.0,133552333333.33333,77.54838053385413,76.0051574707031,0.8658712,0.8672986333333332,336490.55,321389.65,22.6273130062789,22.626956150454863,2.27009497336115,2.2274325729070767,86.3108491734385,86.32594499341396
USA,United States,2005,22.63963,14961928297813.8,14461740101120.102,5.5,5.2,1.6757421,1.6976302,20.0815597947275,19.986701637540396,213641000000.0,147267333333.33334,79.09160359700516,77.54838053385413,0.8883082,0.8875662333333333,360328.73,339254.5966666667,24.4480622643257,23.120583126698097,2.67723669309172,2.1777877643196266,86.1575607388529,86.24973951189743
USA,United States,2006,23.3669,15483134541390.2,14950873728322.299,5.8,5.533333333333334,1.7387257,1.6982420666666667,19.9249914215479,19.99157233181933,142344000000.0,157697000000.0,80.6348266601562,79.09160359700516,0.9210166,0.8917319999999999,390402.56,362407.28,25.6385530316517,24.237976100752096,3.3927468454955,2.7800261706494567,86.0526277747696,86.17367922902032
USA,United States,2007,24.51205,15914268559668.9,15453110466290.969,6.4,5.8999999999999995,1.673324,1.6959305999999998,19.4048177077015,19.803789641325633,298463000000.0,218149333333.33334,81.64627552032465,80.45756859249533,0.9409724,0.9167657333333333,394240.08,381657.12333333335,26.9752780973197,25.687297797765698,3.22594410070404,3.0986425464304204,85.6625948343997,85.95759444934073
USA,United States,2008,24.44589,16233167950743.9,15876857017267.666,6.3,6.166666666666667,1.5170645,1.6430380666666666,19.4956606869752,19.60848993874153,346613000000.0,262473333333.33334,82.65772438049312,81.64627552032465,1.017155,0.9597146666666667,396306.1,393649.58,28.0120176822667,26.875282937079366,2.85267248150138,3.1571211425669734,85.63845777016,85.78456012644308
USA,United States,2009,23.26648,16251606759787.8,16133014423400.201,6.8,6.5,1.5266593,1.5723492666666665,18.7089026291301,19.203127007935603,341092000000.0,328722666666.6667,83.66917324066159,82.65772438049312,1.080204,1.0127771333333333,399273.41,396606.53,29.8677957945319,28.2850305247061,3.839100296651,3.305905626285474,85.005107144923,85.4353865831609
USA,United States,2010,22.0715,15832884074310.8,16105886261614.166,7.3,6.8,1.3091242,1.4509493333333332,17.1890632001903,18.464542172098533,161083000000.0,282929333333.3333,84.68062210083005,83.66917324066158,1.048672,1.0486769999999999,404007.54,399862.3499999999,24.7595311689876,27.546448215262064,-0.355546266299747,2.112075503950878,84.1951199163177,84.94622827713357
USA,United States,2011,21.40145,16259610790677.0,16114700541591.867,7.4,7.166666666666667,1.3517357,1.3958397333333334,17.847084306938,17.915016712086135,264039000000.0,255404666666.66666,85.6920709609985,84.68062210083005,1.009806,1.0462273333333334,413704.71,405661.88666666666,28.2198952346731,27.615740732730867,1.6400434423899,1.707865824247051,84.1233868138427,84.4412046250278
USA,United States,2012,23.13055,16513977256911.2,16202157373966.334,8.4,7.7,1.3974735,1.3527778000000001,17.0203888981196,17.3521788017493,263497000000.0,229539666666.66666,86.70351982116698,85.69207096099849,0.9587765,1.0057515,426831.73,414847.99333333335,30.8424862411943,27.940637548284997,3.156841568622,1.4804462482373844,83.8876736758574,84.06872680200593
USA,United States,2013,25.1095,16892000920975.5,16555196322854.568,8.5,8.1,1.4422743,1.3971611666666668,16.1854221004814,17.017631768513,250345000000.0,259293666666.66666,87.71496868133545,86.70351982116699,0.9950696,0.9878840333333333,430163.93,423566.79,30.6818353657295,29.91473894719897,2.06933726526067,2.2887407587575237,83.9446029612371,83.9852211503124
USA,United States,2014,23.18358,17249744800617.5,16885240992834.734,8.9,8.6,1.3908667,1.4102048333333332,16.495975221911,16.567262073504,288131000000.0,267324333333.33334,88.7264175415039,87.71496868133545,0.9806101,0.9781520666666667,432033.06,429676.24,30.0079539684645,30.510758525129432,1.46483265562717,2.230337163169947,82.9728876992826,83.60172144545903
USA,United States,2015,23.03311,17685097277697.8,17275614333096.932,9.0,8.799999999999999,1.2856555,1.3729321666666667,16.4248953102317,16.3687642108747,251856000000.0,263444000000.0,88.6268692016602,88.35608514149986,0.9709132,0.9821976333333334,434412.33,432203.1066666667,30.0044781614855,30.231422498559834,1.62222297740817,1.7187976327653367,83.4019897520666,83.43982680419543
USA,United States,2016,22.35768,18206020741000.0,17713620939771.766,8.9,8.933333333333332,1.2919442,1.3228221333333334,15.9501022949136,16.290324275685435,511434000000.0,350473666666.6667,88.8894119262695,88.74756622314453,0.9911882,0.9809038333333332,436908.38,434451.25666666665,27.8235649187872,29.2786656829124,0.118627135552451,1.068560922862597,82.3258162759788,82.90023124244266
USA,United States,2017,20.80066,18537270454435.6,18142796157711.137,9.3,9.066666666666668,1.4076516,1.3284171,15.5045482189269,15.959848608024066,474388000000.0,412559333333.3333,88.8350524902344,88.78377787272137,0.9774063,0.9798359,437546.04,436288.9166666667,26.6079620604584,28.145335046910372,1.26158320570536,1.0008111062219938,NaN,NaN
USA,United States,2018,19.24624,18992846546661.7,18578712580699.098,9.7,9.299999999999999,1.509025,1.4028736000000002,15.1847127213968,15.546454411745765,380823000000.0,455548333333.3333,88.1673889160156,88.63061777750652,0.9360913,0.9682285999999999,440417.99,438290.8033333334,27.3130208877206,27.248182622322066,2.13011000365961,1.1701067816391404,NaN,NaN
USA,United States,2019,17.85233,19556270302218.3,19028795767771.867,9.9,9.633333333333335,1.484217,1.4669645333333332,15.5796456645972,15.422968868306967,214715000000.0,356642000000.0,88.2991790771484,88.43387349446614,0.8800938,0.9311971333333333,447164.41,441709.48,27.6103792720958,27.1771207400916,2.44258329692817,1.9447588354310466,NaN,NaN
USA,United States,2020,16.7884,20061570168697.6,19536895672525.87,10.2,9.933333333333334,1.3675576,1.4535998666666667,15.0439662080505,15.269441531348166,315984000000.0,303840666666.6667,87.8887100219727,88.11842600504558,0.822383,0.8795226999999999,451480.17,446354.18999999994,26.4537594940475,27.1257198846213,1.81221007526021,2.1283011252826634,NaN,NaN
USA,United States,2021,14.33043,19627632559934.5,19748491010283.47,11.0,10.366666666666667,1.2778639,1.3765461666666667,13.4715821678248,14.698398013490833,137066000000.0,222588333333.33334,87.5676574707031,87.91851552327472,0.7615129,0.8213299,457586.9,452077.16,23.4015629969394,25.821900587694234,1.23358439630629,1.8294592561648901,NaN,NaN
USA,United States,2022,12.35069,20816096100824.5,20168432943152.2,10.9,10.699999999999998,1.4642419,1.3698878,14.3161154347115,14.277221270195598,477956000000.0,310335333333.3333,84.8550872802734,86.7704849243164,0.6866745,0.7568568,472448.44,460505.17,25.6095576621932,25.154960051060034,4.69785886363742,2.581217778401307,NaN,NaN
USA,United States,2023,10.59949,21339074561820.0,20594267740859.668,NaN,NaN,1.4588295,1.4003117666666667,14.4177148825165,14.068470828350932,416890000000.0,343970666666.6667,79.361930847168,83.9282251993815,0.6273591,0.6918488333333332,457335.25,462456.8633333333,27.3139397355363,25.44168679822297,8.00279982052121,4.6447476934883065,NaN,NaN
UZB,Uzbekistan,1999,0.003258603,29060646265.527,27802840775.367863,1.2,1.4333333333333333,-2.0351444,-1.92974225,5.11435935858771,4.763672827812397,139600000.0,132133333.33333333,NaN,NaN,NaN,NaN,372.05,389.81333333333333,45.4179547762326,NaN,NaN,NaN,NaN,NaN
UZB,Uzbekistan,2000,0.005690224,30310254055.466,29077818887.832066,1.5,1.3666666666666665,-2.083371649999995,-2.0160860999999985,5.07541099022357,4.912008580153807,121200000.0,142533333.33333334,12.9796800613403,NaN,1.892187,NaN,348.26,379.22666666666663,36.6188588125863,46.41180165022437,NaN,NaN,NaN,NaN
UZB,Uzbekistan,2001,0.002687739,31472652298.5356,30281184206.509533,0.7,1.1333333333333335,-2.13159889999999,-2.083371649999995,5.30608034339216,5.165283564067813,74700000.0,111833333.33333333,13.0081100463867,NaN,8.843595,NaN,363.31,361.20666666666665,44.0540299791129,42.03028118931059,NaN,NaN,NaN,NaN
UZB,Uzbekistan,2002,0.005231494,32783122633.228,31522009662.409866,0.8,1.0,-1.928088799999995,-2.0476864499999934,5.28624567526799,5.22257900296124,82800000.0,92900000.0,13.297869682312,13.095219930013,4.251501,4.995761000000001,423.13,378.23333333333335,56.776277587152,45.8163887929504,NaN,NaN,NaN,NaN
UZB,Uzbekistan,2003,0.004843084,34085756140.1454,32780510357.302998,1.0,0.8333333333333334,-1.7245787,-1.928088799999995,5.38898455825556,5.32710352563857,65300000.0,74266666.66666667,13.7379999160767,13.347993214925133,2.5374,5.210832,372.27,386.2366666666667,58.954524710746,53.26161075900364,NaN,NaN,NaN,NaN
UZB,Uzbekistan,2004,0.007613661,35528479187.7393,34132452653.704235,1.4,1.0666666666666667,-1.6968231,-1.7831635333333316,5.01609431105649,5.230441514860013,82600000.0,76900000.0,13.8350601196289,13.6236432393392,3.172669,3.3205233333333335,317.17,370.85666666666674,70.4592746850874,62.06335899432847,NaN,NaN,NaN,NaN
UZB,Uzbekistan,2005,0.004027386,38174995817.5933,35929743715.15934,1.0,1.1333333333333333,-1.6385296,-1.6866438,5.07679600143684,5.160624956916297,176600000.0,108166666.66666667,13.8527898788452,13.808616638183599,4.155607,3.288558666666667,375.91,355.1166666666666,76.5956691950086,68.669822863614,NaN,NaN,NaN,NaN
UZB,Uzbekistan,2006,0.006393862,40828160773.8708,38177211926.40113,1.6,1.3333333333333333,-1.61280659999999,-1.64938643333333,4.76265580553155,4.951848706008294,213491019.599999,157563673.19999966,9.84444999694824,12.51076666514078,4.554756,3.9610106666666667,349.91,347.66333333333336,69.5252584247083,72.19340076826809,NaN,NaN,NaN,NaN
UZB,Uzbekistan,2007,0.003061065,43870437889.2749,40957864826.912994,0.8,1.1333333333333335,-1.5906725,-1.6140028999999967,5.03472727468172,4.95805969388337,207156423.36,199082480.98666635,9.96053028106689,11.219256718953444,5.904721,4.8716946666666665,322.62,349.48,67.4712921717973,71.1974065971714,NaN,NaN,NaN,NaN
UZB,Uzbekistan,2008,0.002671711,48026286798.048,44241628487.06457,0.9,1.1,-1.4473985,-1.5502925333333302,4.85281286665302,4.88339864895543,667503821.44,362717088.133333,9.83143043518066,9.878803571065264,1.607262,4.022246333333334,333.09,335.2066666666667,74.4141929762327,70.47024785757942,NaN,NaN,NaN,NaN
UZB,Uzbekistan,2009,0.00143736,52362657563.9371,48086460750.420006,0.8,0.8333333333333334,-1.4130371,-1.4837027,4.99330891026782,4.960283017200854,547961216.4,474207153.7333334,9.89933967590332,9.897100130716957,1.901884,3.1379556666666666,306.83,320.84666666666664,79.7479920348578,73.87782572762927,NaN,NaN,NaN,NaN
UZB,Uzbekistan,2010,0.002499,56578340212.8329,52322428191.605995,1.2,0.9666666666666667,-1.4821917,-1.4475424333333333,4.45651377155528,4.767545182825374,613093923.0,609519653.6133333,9.8161096572876,9.848959922790526,0.7067849,1.4053103,341.19,327.03666666666663,68.673142199791,74.27844240362717,NaN,NaN,NaN,NaN
UZB,Uzbekistan,2011,0.004691642,60876691748.3487,56605896508.3729,1.3,1.0999999999999999,-1.5049808,-1.4667365333333333,4.78418105352781,4.744667911783637,1662748216.26524,941267785.2217466,8.85653237012253,9.523993901104483,1.526639,1.3784359666666666,395.01,347.6766666666667,49.2689977994484,65.89671067803239,NaN,NaN,93.2411062746085,NaN
UZB,Uzbekistan,2013,0.004232267,70106848438.9456,65480429384.2284,1.3,1.1666666666666667,-1.4475479,-1.5111148333333302,4.20977063590157,4.60176394455533,744244552.244516,1340681639.4432518,7.84954008903504,8.430350644963218,1.8697054999999998,1.945970166666667,331.89,369.21000000000004,44.2393191333204,47.72086847523463,13.2088026688373,NaN,NaN,NaN
UZB,Uzbekistan,2014,0.002350563,75222229947.9017,70262275450.74606,1.2,1.1333333333333333,-1.4471998,-1.4918544999999968,4.0848046860347,4.368638488724294,691576225.994762,1016957642.6864258,7.97676963416095,8.13709639964269,1.297845,1.8697055,353.35,355.3233333333333,42.3779149727359,45.423840866330465,11.8414333622049,12.9433268929008,NaN,NaN
UZB,Uzbekistan,2016,0.003391133,86196264755.3105,80603793069.7707,1.7,1.4333333333333333,-1.4349451,-1.4496467666666633,3.49764512064744,3.7755341183013997,1041199291.09392,847150504.5530559,8.05320814639575,8.007432158203798,1.4303263,1.1658442999999998,294.17,327.2633333333334,30.7561914307089,36.4970536894497,8.75188196737508,9.958802963735645,NaN,NaN
UZB,Uzbekistan,2017,0.007522676,91309557164.505,85966235475.30513,1.6,1.5666666666666664,-1.4002382,-1.4339928999999965,3.64421845300852,3.628672040626007,1662886452.22485,1170920579.9630854,8.33958377998093,8.128370206810457,2.091291,1.4303263,377.68,335.37333333333333,29.1922970388042,32.101847711472466,8.130886695236,8.72195407474601,NaN,NaN
UZB,Uzbekistan,2018,0.001033229,95322862968.5109,90942894962.77547,1.7,1.6666666666666667,-1.2927183,-1.3759672,3.71680877488413,3.6195574495133633,1798299474.68216,1500795072.6669767,8.64750307019382,8.346764998856832,4.454572,2.6587297666666667,340.02,337.29,42.5595081895217,34.16933221967827,13.8757425441635,10.25283706892486,NaN,NaN
UZB,Uzbekistan,2020,0.001939337,107444145839.577,101129685434.56294,1.6,1.5999999999999999,-0.9215511,-1.1206538333333331,3.49213238730726,3.564372007515937,2316482962.28621,1579822990.824255,13.0316667432446,10.545908345651844,1.5942665,2.3981835,772.6,487.7133333333333,64.9639227632407,57.22052348377989,14.5257359560687,15.308552717212569,NaN,NaN
UZB,Uzbekistan,2022,0.001078097,117891622986.822,111486544984.849,1.0,1.2,-0.6939061,-0.8793182,3.9236623289729,3.70204458737629,2280290469.82797,2108340419.8987234,22.0939011675309,17.032554539754898,1.790447,1.8091781666666666,2408.47,1480.0966666666666,57.4589716973222,59.49147509852,10.8492397508122,12.747568481047168,NaN,NaN
UZB,Uzbekistan,2023,0.00154139,124966702851.263,117327397322.07768,NaN,NaN,-0.648251799999999,-0.788218433333333,3.68952648984493,3.767842621555513,2657356365.09623,2221964887.5020633,31.701936179599,23.255977685206364,1.538073,1.7904470000000001,2187.4,1951.6966666666667,62.8412525378517,58.78391835672367,11.4466436998836,11.721204395652132,NaN,NaN
VEN,"Venezuela, RB",1999,0.02281022,94085942041.8022,92029146720.92836,13.7,13.5,-0.7605649,-0.7233794000000001,5.74365765803861,5.805819711426236,5024000000.0,4469666666.666667,NaN,NaN,3.857797,3.184950666666667,887.79,858.38,43.5993929334366,50.2722857094262,NaN,NaN,89.1670540171317,89.11132625412421
VEN,"Venezuela, RB",2000,0.008535337,88468580250.5407,92121536975.80853,15.0,14.200000000000001,-0.7060002,-0.7299815000000001,5.48198076894391,5.670296421219857,2932000000.0,4719333333.333333,NaN,NaN,1.938338,3.0454726666666665,930.82,913.9366666666668,42.0702304843238,45.63821994143343,NaN,NaN,76.223754253665,84.70962084552694
VEN,"Venezuela, RB",2001,0.02418965,91730367409.6068,91428296567.31657,15.3,14.666666666666666,-0.6514355,-0.7060002,5.61613486816086,5.61392443171446,4703000000.0,4219666666.6666665,27.8114891052246,NaN,0.9949044,2.2636798000000002,1039.07,952.56,47.8572215529808,44.5089483235804,NaN,NaN,77.0338580694856,80.80822211342745
VEN,"Venezuela, RB",2002,0.00784724,94843912662.0328,91680953440.72676,14.0,14.766666666666666,-0.6884105,-0.6819487333333334,5.73575850236842,5.611291379824397,3704000000.0,3779666666.6666665,32.6652297973633,NaN,1.937938,1.6237268,1022.04,997.31,42.141268017362,44.02290668488886,NaN,NaN,86.2781954939003,79.84526927235031
VEN,"Venezuela, RB",2003,0.004035904,86444870221.0213,91006383430.88696,12.8,14.033333333333333,-0.7253855,-0.6884104999999999,5.8223547552569,5.724749375262061,761000000.0,3056000000.0,37.518970489502,32.6652297973633,1.17231,1.3683841333333333,1052.92,1038.01,48.5757106494068,46.191400073249866,NaN,NaN,76.8010102380534,80.0376879338131
VEN,"Venezuela, RB",2004,0.001450221,79740811157.8949,87009864680.31633,13.4,13.4,-1.1397629,-0.8511863000000001,5.52282625726638,5.6936465049639,1573000000.0,2012666666.6666667,39.2063407897949,36.46351369222007,0.7929263,1.3010580999999999,1159.58,1078.18,50.577007378194,47.09799534832093,NaN,NaN,74.736429009685,79.2718782472129
VEN,"Venezuela, RB",2005,0.01476708,94322699665.0565,86836127014.65758,14.6,13.6,-1.1051905,-0.9901129666666666,5.68334234468926,5.6761744524041795,1489000000.0,1274333333.3333333,41.2058296203613,39.31038029988607,0.4023682,0.7892014999999999,1089.31,1100.6033333333332,55.3674556023219,51.50672454330756,NaN,NaN,81.7270096898069,77.7548163125151
VEN,"Venezuela, RB",2006,0.02435757,104054834514.4,92706115112.45045,14.2,14.066666666666665,-1.102026,-1.1156598,5.82165836799224,5.675942323315961,2450000000.0,1837333333.3333333,50.467247962951646,43.62647279103595,2.06429,1.0865281666666669,1293.94,1180.9433333333334,60.1273297561422,55.3572642455527,NaN,NaN,77.0767628049489,77.8467338348136
VEN,"Venezuela, RB",2007,0.02114918,114327282932.275,104234939037.24384,15.6,14.799999999999999,-1.2117558,-1.1396574333333334,5.83970371595838,5.7815681428799595,198000000.0,1379000000.0,59.728666305542,50.46724796295165,2.72445,1.7303694,1384.32,1255.8566666666668,58.6655915584603,58.053458972308135,NaN,NaN,84.8451925555041,81.21632168341996
VEN,"Venezuela, RB",2008,0.02644994,124335011742.635,114239043063.10332,16.6,15.466666666666669,-1.4169013,-1.2435610333333333,5.64100518337439,5.7674557557750035,4358000000.0,2335333333.3333335,68.99008464813235,59.72866630554199,2.728723,2.5058209999999996,1388.66,1355.64,56.1990954818909,58.3306722654978,NaN,NaN,75.8387519517779,79.25356910407696
VEN,"Venezuela, RB",2009,0.005509879,130897232287.454,123186508987.45467,16.4,16.2,-1.4656249,-1.3647606666666665,5.84962138322166,5.776776760851476,2083000000.0,2213000000.0,78.2515029907227,68.99008464813234,2.988675,2.8139493333333334,1604.42,1459.1333333333332,51.8290123789932,55.5645664731148,NaN,NaN,86.1024143864305,82.2621196312375
VEN,"Venezuela, RB",2010,0.006664001,126705506739.332,127312583589.807,16.2,16.4,-1.4445751,-1.4423671,5.81077320450049,5.767133257032179,-1137000000.0,1768000000.0,78.2699203491211,75.17050266265872,0.742007,2.1531350000000002,1630.06,1541.0466666666669,38.5209296583297,48.84967917307127,27.080941446613,NaN,89.6232252048626,83.85479718102367
VEN,"Venezuela, RB",2011,0.0117291,124819126240.736,127473955089.174,13.8,15.466666666666667,-1.54685569999999,-1.48568523333333,6.13592407148401,5.9321062197353855,1583000000.0,843000000.0,NaN,NaN,0.9229386,1.5512068666666667,1477.88,1570.7866666666669,46.1368935240203,45.495611853781064,28.1874647092039,NaN,86.0729276397047,87.26618907699928
VEN,"Venezuela, RB",2012,0.01261179,130032103882.235,127185578954.101,14.8,14.933333333333332,-1.34751019999999,-1.4463136666666598,5.92634036716951,5.95767921438467,5855000000.0,2100333333.3333333,NaN,NaN,1.04337,0.9027718666666668,1257.42,1455.1200000000001,49.6381215967995,44.76531492638316,26.0902123160959,27.119539490637603,87.8419531444049,87.8460353296574
VEN,"Venezuela, RB",2013,0.007387229,137347654100.449,130732961407.80669,13.8,14.133333333333335,-1.4702376,-1.4548678333333267,6.55732695996789,6.206530466207137,4986000000.0,4141333333.3333335,NaN,NaN,1.476629,1.1476458666666667,1322.92,1352.74,50.6485838828706,48.80786633456347,21.0689956331876,25.11555755282913,95.4933493525518,89.80274337888714
VEN,"Venezuela, RB",2014,0.01010742,139192362251.361,135524040078.015,15.4,14.666666666666666,-1.5140943,-1.4439473666666636,6.45112739625486,6.311598241130753,2145000000.0,4328666666.666667,NaN,NaN,1.176794,1.2322643333333334,1201.84,1260.7266666666667,62.4795214214587,54.25540896704293,40.6394275161589,29.266211821814135,80.3272689276135,87.88752380819007
VEN,"Venezuela, RB",2015,0.003551305,133771673722.298,136770563358.03601,12.1,13.766666666666666,-1.7057535,-1.5633618,6.34368674716556,6.450713701129437,1135000000.0,2755333333.3333335,NaN,NaN,2.277815,1.643746,1240.06,1254.9399999999998,64.2074401112959,59.11184847187506,62.1686499794829,41.292357709609796,90.1216070050478,88.64740842840438
VEN,"Venezuela, RB",2016,0.009043022,125449241571.391,132804425848.35002,15.4,14.299999999999999,-1.699118,-1.6396552666666666,5.75436845431794,6.183060865912786,2956000000.0,2078666666.6666667,NaN,NaN,0.9117671,1.4554587,978.48,1140.1266666666668,60.288846101805,62.32526921151987,121.738085297503,74.84872093104826,3.02360811424354,57.82416134896829
VEN,"Venezuela, RB",2017,0.001074668,104072271054.897,121097728782.86201,14.6,14.033333333333333,-1.7645909,-1.7231541333333331,5.29608278304555,5.798045994843016,1587000000.0,1892666666.6666667,NaN,NaN,2.627979,1.9391870333333332,867.57,1028.7033333333334,41.307217198655,55.267834470585306,254.948534781816,146.28509001960063,NaN,NaN
VEN,"Venezuela, RB",2018,0.002755276,87762679935.5076,105761397520.59853,14.3,14.766666666666666,-1.83044379999999,-1.7647175666666632,4.97170927982669,5.340720172396726,-299000000.0,1414666666.6666667,NaN,NaN,0.3720302,1.3039254333333334,882.12,909.39,42.5829358408751,48.05966638044504,NaN,NaN,NaN,NaN
VEN,"Venezuela, RB",2019,0.001046266,70512625399.3064,87449192129.90367,14.6,14.5,-2.1462308,-1.9137551666666635,4.62269142706999,4.96349449664741,622000000.0,636666666.6666666,NaN,NaN,1.479799,1.4932694,707.07,818.9200000000001,54.6450667905599,46.17840661003,NaN,NaN,NaN,NaN
VEN,"Venezuela, RB",2021,0.0009673051,35707915777.1561,52410269100.39017,31.2,20.533333333333335,-2.1686654,-2.1625255333333335,2.69531333359842,3.8258853885131967,1504000000.0,896666666.6666666,NaN,NaN,0.7351698,1.0945949333333334,716.5,726.2533333333334,26.0912344958707,46.28853053736034,NaN,NaN,NaN,NaN
VEN,"Venezuela, RB",2022,0.003593658,36049081141.1399,40922421014.33466,33.7,26.900000000000002,-2.0857455,-2.1423637666666666,2.68692781094409,3.1806308498045635,1213000000.0,1093666666.6666667,NaN,NaN,0.4015236,0.7351698,672.65,714.7800000000001,29.2263400311727,37.8156216175646,NaN,NaN,NaN,NaN
VEN,"Venezuela, RB",2023,0.001156043,38933336798.9515,36896777905.74917,NaN,NaN,-1.92474099999999,-2.059717299999997,3.26104790565291,2.8810963500651403,2349000000.0,1688666666.6666667,NaN,NaN,1.870332,1.0023418000000002,512.19,633.7800000000001,27.8982770650022,27.738617197348532,NaN,NaN,NaN,NaN
VNM,Viet Nam,1999,0.002172402,83591107164.2471,78568021578.94678,59.2,60.76666666666667,-0.7799921,-0.79567855,0.662583337029676,0.5977100100325893,1671000000.0,2095333333.3333333,9.53810024261475,6.814203421274823,3.2518674499999998,3.4485498166666666,169.51,183.41666666666666,97.0012485118429,94.68382646072946,7.2661980440096,5.38357470220776,44.6648597656172,42.232222925440404
VNM,Viet Nam,2001,0.001075095,93525828108.839,88232778854.8854,57.7,58.73333333333333,-0.6739274,-0.7269597499999999,0.732762940866418,0.6884103395246747,1298000000.0,1460333333.3333333,9.24740982055664,9.734310150146497,0.66154975,1.631517033333333,202.08,190.50333333333333,111.417094419512,103.7352498451043,-1.71033727851109,3.2243210410719563,46.2689839662635,45.13380610568
VNM,Viet Nam,2002,0.006277792,99317782863.096,93475004087.83504,56.1,57.70000000000001,-0.7540762,-0.7183211166666666,0.796360252330399,0.7330026446249157,1300000000.0,1336666666.6666667,9.30103015899658,9.655286788940442,0.3419656,0.6615497499999999,241.05,214.35,111.955937998525,108.720146340665,-0.43154451172818,0.6584068558260299,47.9094593704402,46.21533930728767
VNM,Viet Nam,2003,0.01130053,105595482130.707,99479697700.88066,52.2,55.333333333333336,-0.834225,-0.7540762000000001,0.927761034143203,0.81896140911334,1400000000.0,1332666666.6666667,9.55722999572754,9.36855665842692,1.349282,0.7842657833333334,234.14,225.75666666666666,116.696868652499,113.35663369017867,3.83082838168467,0.5629821971484666,52.2666046315841,48.81501598942927
VNM,Viet Nam,2004,0.008701327,112880581486.059,105931282159.954,50.8,53.03333333333333,-0.7384175,-0.7755728999999999,0.975900126008347,0.9000071374939829,1450000000.0,1383333333.3333333,9.91792964935303,9.592063268025717,1.870624,1.1872905333333332,300.38,258.5233333333333,124.327954439125,117.66025369671634,3.23464817293927,2.211310680965253,53.510074006174,51.228712669399435
VNM,Viet Nam,2005,0.02147939,121387725604.567,113287929740.44434,45.8,49.6,-0.5742238,-0.7156221,1.14424418007545,1.015968446742333,1610000000.0,1486666666.6666667,12.896975040435764,10.790711561838778,1.656404,1.6254366666666666,335.7,290.0733333333333,133.016497868747,124.68044032012365,7.75494748709601,4.940141347239984,58.2163145268565,54.66433105487153
VNM,Viet Nam,2006,0.00621118,130549157968.493,121605821686.373,44.1,46.9,-0.5216355,-0.6114255999999999,1.23999989986226,1.1200480686486856,1954000000.0,1671333333.3333333,15.8760204315185,12.896975040435764,1.797691,1.7749063333333333,403.83,346.6366666666666,130.714846045026,129.353099450966,8.28457243128677,6.42472269710735,60.4711674241845,57.39918531907167
VNM,Viet Nam,2007,0.02421024,139658819217.11,130531900930.05666,44.2,44.70000000000001,-0.4928586,-0.5295726333333334,1.25547815833719,1.2132407460916335,2400000000.0,1988000000.0,16.8052501678467,15.19274854660032,0.7363548,1.3968166,454.15,397.8933333333334,138.313621869598,134.014988594457,7.41801715108463,7.819179023155804,60.6504089134984,59.77929695484647
VNM,Viet Nam,2008,0.01106088,149615800998.365,139941259394.65598,41.9,43.4,-0.4322833,-0.4822591333333333,1.36684666856981,1.2874415755897533,6700000000.0,3684666666.6666665,18.9504508972168,17.210573832194,2.439754,1.6579332666666666,520.22,459.40000000000003,154.605383996554,141.21128397039266,8.34444889773837,8.015679493369923,62.6362826210254,61.25261965290277
VNM,Viet Nam,2009,0.003791892,158086705343.275,149120441852.91666,39.3,41.8,-0.4332135,-0.4527851333333333,1.47684691804671,1.3663905816512365,9579000000.0,6226333333.333333,20.0552005767822,18.603633880615234,0.9832008,1.3864365333333335,785.39,586.5866666666667,154.317479627758,149.07882849797,23.1154483474477,12.959304798756898,64.4393628019382,62.575351445487335
VNM,Viet Nam,2010,0.007580301,166620063722.291,158107523354.64365,37.0,39.4,-0.493849,-0.4531152666666666,1.62877944346484,1.4908243433604536,7600000000.0,7959666666.666667,21.5007190704346,20.168790181477863,0.2889051,1.2372866333333334,886.15,730.5866666666667,134.706317721758,147.87639378202334,6.71698269988629,12.725626648357453,66.643209504579,64.5729516425142
VNM,Viet Nam,2011,0.02072142,177322478338.404,167343082467.99,34.6,36.96666666666666,-0.542973399999999,-0.4900119666666663,1.79273486369334,1.6327870750682967,8000000000.0,8393000000.0,23.9250975429329,21.8270057300499,0.4775981,0.5832346666666667,1099.63,923.7233333333334,113.977687539714,134.33382829641002,9.20746648778413,13.013299178372705,70.6972280651377,67.25993345721831
VNM,Viet Nam,2012,0.02205152,188694468366.268,177545670142.321,36.3,35.96666666666667,-0.4919809,-0.5096010999999997,1.77200618969635,1.7311734989515097,7430000000.0,7676666666.666667,25.8674734818525,23.76443003174,1.012525,0.5930094,1220.53,1068.77,125.260577940829,124.64819440076701,18.6777322770707,11.534060488247038,68.705625900106,68.68202115660758
VNM,Viet Nam,2013,0.01135017,199081239731.688,188366062145.45334,37.9,36.26666666666666,-0.633676999999999,-0.5562104333333328,1.74532095481779,1.7700206694024934,8368000000.0,7932666666.666667,25.7487091222031,25.180426715662833,1.468932,0.9863516999999998,1559.95,1293.3700000000001,123.224116745985,120.82079407550934,9.09470339557192,12.326634053475582,67.4973766332843,68.96674353284267
VNM,Viet Nam,2014,0.03815747,210137237901.389,199304315333.115,37.4,37.199999999999996,-0.600268599999999,-0.5753088333333326,1.80141667663283,1.77291460704899,8900000000.0,8232666666.666667,25.6249412769592,25.7470412936716,0.8584681,1.1133083666666665,1881.36,1553.9466666666667,130.846354866743,126.443683184519,6.59267475899192,11.455036810544845,68.4734706145137,68.22549104930134
VNM,Viet Nam,2015,0.0333428,223632762207.56,210950413280.2123,36.7,37.333333333333336,-0.4870771,-0.5736742333333327,1.95182181139621,1.8328531476156098,9200000000.0,8822666666.666666,31.3306389293887,27.568096442850333,2.02373,1.4503766999999999,1943.68,1794.9966666666667,135.410521454361,129.82699768902967,4.08455446637617,6.590644206980003,69.4521887946824,68.47434534749347
VNM,Viet Nam,2016,0.03353454,239258328381.741,224342776163.56335,27.8,33.96666666666667,-0.328967399999999,-0.472104366666666,2.16344818077591,1.9722288896016498,11800000000.0,9966666666.666666,29.7250797402999,28.89355331554927,1.629054,1.5037507,2223.04,2016.0266666666666,144.914228195237,137.05703483878034,0.631200905175754,3.7694767101812814,72.5471557278082,70.1576050456681
VNM,Viet Nam,2017,0.03268782,255264731908.124,239385274165.80835,26.8,30.433333333333337,-0.3117465,-0.37593033333333303,2.38090235568537,2.165390782619163,12600000000.0,11200000000.0,29.0811980839409,30.045638917876502,1.34389,1.665558,3021.1,2395.94,145.409507973118,141.911419207572,2.66824816969082,2.4613345137475817,NaN,NaN
VNM,Viet Nam,2018,0.04646085,272980590259.187,255834550183.01733,28.3,27.633333333333336,-0.2736109,-0.304774933333333,2.40871172027244,2.3176874189112397,14100000000.0,12833333333.333334,25.9526307046456,28.2529695096288,1.240706,1.4045500000000002,3279.05,2841.063333333333,160.98008365887,150.434606609075,3.52025688811617,2.273235320994248,NaN,NaN
VNM,Viet Nam,2019,0.0195303,293358610036.841,273867977401.38403,24.3,26.46666666666667,-0.2920712,-0.2924762,2.93126723532271,2.5736271037601735,15500000000.0,14066666666.666666,28.088374945523498,27.707401244703334,1.452348,1.345648,4301.7,3533.9500000000003,164.663936775893,157.017842802627,3.53962805942641,3.2427110390778,NaN,NaN
VNM,Viet Nam,2020,0.0324839,314947640805.601,293762280367.20966,20.4,24.333333333333332,-0.278044299999999,-0.281242133333333,3.46316479458409,2.934381250059747,16120000000.0,15240000000.0,30.2241191864014,28.088374945523498,0.6359195,1.1096578333333333,6113.19,4564.6466666666665,164.704215031408,163.44941182205702,2.7958236745225,3.2852362073550267,NaN,NaN
VNM,Viet Nam,2021,0.03956278,323972192107.065,310759480983.169,18.9,21.2,-0.235853099999999,-0.26865619999999935,3.5515331687432,3.3153217328833335,15800000000.0,15806666666.666666,36.0898081529531,31.46743409495933,0.8022509,0.9635061333333333,8265.78,6226.89,163.245862814935,164.20467154074535,3.22093436652514,3.18546203349135,NaN,NaN
VNM,Viet Nam,2022,0.02414938,332245562394.77,323721798435.812,24.2,21.166666666666664,-0.3447202,-0.286205866666666,3.39788716841419,3.4708617105804933,15660000000.0,15860000000.0,41.9554971195048,36.0898081529531,1.049501,0.8292238,9651.04,8010.003333333333,186.675832836814,171.54197022771902,1.83471554810444,2.6171578630506933,NaN,NaN
VNM,Viet Nam,2023,0.006550908,360611028837.664,338942927779.833,NaN,NaN,-0.347202499999999,-0.30925859999999933,3.45101965872917,3.4668133319621863,17900000000.0,16453333333.333334,44.7536854027422,40.93299689173337,0.5409966,0.7975828333333332,10530.19,9482.336666666668,183.153619147836,177.69177159986168,3.15650749963129,2.7373858047536235,NaN,NaN
YEM,"Yemen, Rep.",2003,0.001614361,44772278888.5091,43116002902.91233,0.9,0.9,-1.1761534,-0.9900278,0.807128897860081,0.8128705912018553,114302000.0,91947503.33333333,9.18375968933105,9.126316388448076,NaN,NaN,27.13,31.150000000000002,74.7304558609206,73.68723082567654,12.2385339389711,9.58004174398547,98.398967173265,98.4197348739362
YEM,"Yemen, Rep.",2008,0.001603027,54369170289.1837,52659284708.67577,0.8,0.7666666666666666,-0.532367199999999,-0.599956033333333,1.00023924584184,0.980409337878636,917300000.0,578737754.4141643,9.04864025115967,8.464423497517904,9.788493200000001,10.4479424,48.66,50.63666666666666,79.1234205876059,79.3242896405538,7.9051177898873,10.187060139602634,98.6372866447015,98.6664004762395
YEM,"Yemen, Rep.",2009,0.00287472,56352323545.813,54444741988.75594,0.7,0.7666666666666666,-0.495348499999999,-0.5265291333333327,1.0053703136687,0.9934160892061884,1554630000.0,1197633333.3333333,9.20860004425049,8.754890124003092,9.129044,9.7884932,60.29,54.46,81.244718850294,80.81476736477113,18.9762574318076,12.575391304373532,98.6794507561419,98.67438787303001
YEM,"Yemen, Rep.",2011,0.001954851,63038676060.5744,59307344439.3371,0.8,0.7333333333333334,-0.4133849,-0.4558510999999997,0.984687109444892,1.0186336912390306,188641795.777668,624157265.2592226,9.26154041290283,9.389310201009112,6.46557,6.999197333333334,103.74,82.19666666666667,64.3856367797178,71.2339155481734,11.1748338605044,11.852950757695739,98.6202513687928,98.68608635416278
YEM,"Yemen, Rep.",2012,0.001146526,55023373390.1327,58864361054.11033,0.9,0.8000000000000002,-0.698998,-0.5237342666666667,0.833886302805684,0.961472354284692,-517842928.476896,-66667044.233076,8.80690002441406,9.25541019439697,7.528162,6.46557,101.93,96.07666666666667,63.0594579549043,65.17216191637682,19.5435617131144,12.042052184798008,98.286739007295,98.55518243788045
YEM,"Yemen, Rep.",2013,0.001154255,56340077330.5769,58134042260.428,1.1,0.9333333333333332,-0.837000099999999,-0.649794333333333,0.773829681433409,0.8641343645613283,-14239188.3601923,-114480107.01980676,NaN,NaN,3.80344,5.932390666666667,104.86,103.51,61.3616371825683,62.935577305730135,9.88538714484871,13.534594239489172,98.0366489533097,98.31454644313249
YEM,"Yemen, Rep.",2015,0.001183768,58946215687.1767,58114648243.613464,0.8,0.9,-0.949510699999999,-0.8843430333333328,0.938116526235472,0.8980136950153176,-233104668.580815,-126971584.1888821,NaN,NaN,6.159365,4.658108,138.17,120.07,48.2430405122774,54.03885194385153,8.10472583623915,9.652851710369221,95.0200538270853,97.1845113253906
YEM,"Yemen, Rep.",2019,0.001046266,36789138480.0859,37256263973.155205,2.9,2.8333333333333335,-1.4878274,-1.3612831333333302,0.35186257770312,0.326616432690772,-282098330.0,-370982776.6666667,NaN,NaN,5.16301,6.211077,140.94,126.56333333333333,56.0778227215077,43.37642389485344,NaN,NaN,NaN,NaN
ZAF,South Africa,1999,0.3117397,207769735777.192,205334307129.76132,17.3,17.26666666666667,0.4147874,0.29594085,7.72882761031744,7.624360014404076,550338595.971811,1725757264.2534697,NaN,NaN,1.016562,1.443479,4004.7,3951.4666666666667,44.0357453368965,42.845443832869194,6.88054521037351,7.6108136812498595,81.0160078714934,82.59196373247194
ZAF,South Africa,2000,0.245628,212756209430.574,209087333568.91898,17.7,17.366666666666667,0.44857484999999997,0.3864343666666667,7.29218825416081,7.57049129084697,1503332454.41011,1954738324.471697,NaN,NaN,1.167866,1.416291,4045.03,3991.3466666666664,42.2582960172673,42.86512526111563,5.18148905111697,6.886603458004406,83.6683808319208,82.74374126849439
ZAF,South Africa,2001,0.3339067,221691970228.101,214072638478.62234,16.2,17.066666666666666,0.4823623,0.44857484999999997,7.36397941641679,7.46166509363168,968831355.95909,1007500802.1136703,NaN,NaN,1.038301,1.0742429999999998,3964.55,4004.7599999999998,46.2207217354077,44.17158769652383,5.33895913599828,5.800331132496254,85.8322834955262,83.5055573996468
ZAF,South Africa,2002,0.3871305,227677653424.683,220708611027.786,15.0,16.3,0.6474521,0.52612975,7.51319828115408,7.389788650577227,7270344986.4768,3247502932.282,NaN,NaN,1.623775,1.2766473333333332,4156.78,4055.4533333333334,49.170945185829,45.88332097950133,5.70189483049608,5.40744767253711,92.6539162635766,87.38486019700787
ZAF,South Africa,2003,0.2260106,236102579035.79,228490734229.52466,13.3,14.833333333333334,0.8125419,0.6474521000000001,7.72131022420827,7.532829307259713,1479804588.75226,3239660310.3960495,NaN,NaN,1.917132,1.5264026666666666,4460.97,4194.099999999999,53.4655016294369,49.619056183557866,9.494713780996,6.845189249163454,93.8840962823185,90.79009868047376
ZAF,South Africa,2004,0.232543,243065422272.369,235615218244.28067,11.8,13.366666666666667,0.8420522,0.7673487333333334,8.11491084558816,7.78313978365017,783136092.25814,3177761889.1624,NaN,NaN,1.066039,1.5356486666666667,4386.63,4334.793333333334,45.723862568979,49.45343646141496,5.67942414068799,6.958677584060023,90.6966579643215,92.41155683673885
ZAF,South Africa,2005,0.273191,254135982543.496,244434661283.885,11.0,12.033333333333333,0.6369322,0.7638421000000001,8.69023374521021,8.175484938335547,701422007.629778,988120896.2133926,NaN,NaN,1.283312,1.422161,4966.26,4604.62,45.6435752240041,48.27764647414,-0.692039437857687,4.827366161275434,92.0517940162264,92.21084942095547
ZAF,South Africa,2006,0.1720601,267546870424.295,254916091746.72,9.7,10.833333333333334,0.6342862,0.7044235333333333,8.81501533854301,8.54005330978046,6522098178.1805,2668885426.0228057,NaN,NaN,1.523465,1.2909386666666667,5276.54,4876.4766666666665,47.4277813970329,46.26507306333867,2.06285308223427,2.350079261688191,95.1223845671462,92.62361218256471
ZAF,South Africa,2007,0.1804359,282539679229.874,268074177399.22168,9.3,10.0,0.7044307,0.6585497,8.81243167639557,8.77256025338293,623291744.343519,2615603976.717932,NaN,NaN,1.021104,1.2759603333333334,5842.67,5361.823333333333,53.7681412741145,48.946499298383834,3.2439076541923,1.5382404328562942,92.5108263709496,93.22833498477407
ZAF,South Africa,2008,0.2016378,297685145427.081,282590565027.0834,8.7,9.233333333333333,0.6390174,0.6592447666666666,9.10281000552084,8.910085673486474,6586792253.1097,4577394058.544574,NaN,NaN,1.150131,1.2315666666666667,5997.09,5705.433333333333,57.125139137747,52.773687269631466,6.17781214809388,3.8281909615068166,91.8515019612301,93.16157096644196
ZAF,South Africa,2009,0.1322029,307184409060.741,295803077905.8987,9.7,9.233333333333333,0.645614,0.6630207,9.54569945858325,9.153647046833221,9885001293.44358,5698361763.632266,NaN,NaN,1.224237,1.131824,6403.51,6081.09,65.9745237996233,58.95593473716159,9.90998456005467,6.443901454113617,92.495124460541,92.28581759757357
ZAF,South Africa,2010,0.1650173,302459639039.778,302443064509.2,9.2,9.2,0.6774741,0.6540351666666667,8.83353970564321,9.160683056582434,7624489973.88189,8032094506.811723,NaN,NaN,0.9538725,1.1094135,7199.52,6533.373333333334,49.5875353278801,57.562399421750136,7.23809523809527,7.7752973154146074,89.2171739970638,91.18793347294496
ZAF,South Africa,2011,0.1172743,311653604140.269,307099217413.596,9.4,9.433333333333334,0.7034161,0.6755014,8.87117430020844,9.083471154811633,3693271715.48139,7067587660.93562,NaN,NaN,1.144301,1.1074701666666666,7697.27,7100.100000000001,50.4060871625999,55.32271543003443,4.06749555950263,7.071858452550857,94.0613353988229,91.92454461880925
ZAF,South Africa,2012,0.1299833,321528523981.702,311880589053.9163,9.0,9.2,0.6548859,0.6785920333333334,8.37758623633968,8.694100080730443,4139289122.68736,5152350270.683547,NaN,NaN,0.8830265,0.9937333333333335,8324.47,7740.420000000001,54.6363504358971,51.543324308792364,5.0008533879502,5.435481395182699,91.4816012769442,91.5867035576103
ZAF,South Africa,2013,0.120812,329233094599.263,320805074240.4114,8.3,8.9,0.6421404,0.6668141333333333,8.57667504044573,8.608478525664616,4626029122.40006,4152863320.1896033,17.9447234835981,NaN,0.8540856,0.9604710333333334,9105.16,8375.633333333333,55.5826171933345,53.5416849306105,5.73797139141739,4.93544011295674,94.2792846618908,93.2740737792193
ZAF,South Africa,2014,0.1264211,337416077838.151,329392565473.0387,7.8,8.366666666666667,0.6247044,0.6405769,8.68872722515024,8.54766283397855,8232518815.62083,5665945686.902749,18.6088225305342,NaN,0.9736924,0.9036015000000001,9656.24,9028.623333333335,58.875027630051,56.36466508642753,5.78016910069176,5.506331293353117,94.5059203710976,93.42226876997755
ZAF,South Africa,2015,0.1471818,342186555600.731,336278576012.715,7.6,7.8999999999999995,0.401664,0.5561695999999999,8.75262375978144,8.67267534179247,5791659020.09996,6216735652.70695,18.4813356370067,18.344960550379668,1.075237,0.9676716666666666,10323.83,9695.076666666666,59.4995740550593,57.985739626148266,6.13282953059149,5.8836566742335465,94.1188203880702,94.30134180701954
ZAF,South Africa,2016,0.06356491,346709790458.563,342104141299.1483,7.6,7.666666666666667,0.2946623,0.4403435666666667,8.14948651738695,8.530279167439543,1521139945.30531,5181772593.675366,19.0332949537661,18.707817707102333,1.40147,1.1501331333333333,11148.43,10376.166666666666,56.7266761447156,58.36709260994197,4.51869094892506,5.477229860069436,80.1018513142697,89.57553069114583
ZAF,South Africa,2017,0.0579246,349013858372.625,345970068143.97296,7.8,7.666666666666667,0.2611304,0.31915223333333337,8.03701551903542,8.313041932067936,2215307020.39541,3176035328.600227,18.9292980324153,18.814642874396032,0.6127592,1.0298220666666666,12184.62,11218.960000000001,55.8612575048782,57.3625025682177,6.60290842394872,5.75147630115509,NaN,NaN
ZAF,South Africa,2018,0.08989089,353055253707.071,349592967512.753,7.9,7.766666666666666,0.2296787,0.2618238,8.14751418587147,8.111338740764614,2058579911.05235,1931675625.5843565,21.0902909603212,19.6842946488342,0.6309763,0.8817351666666667,13020.27,12117.773333333333,53.5359318293741,55.37462182632263,5.18618655524149,5.43592864270509,NaN,NaN
ZAF,South Africa,2019,0.07487776,358551560868.533,353540224316.07635,8.0,7.8999999999999995,0.0685404999999999,0.18644986666666663,8.077016906198,8.08718220370163,5569462350.15206,3281116427.1999397,22.3515425184231,20.790377170386535,0.9147869,0.7195074666666667,13477.1,12893.996666666668,54.4855451276341,54.62757815396213,4.50987264867388,5.4329892092880305,NaN,NaN
ZAF,South Africa,2020,0.08604194,359483563936.676,357030126170.76,8.7,8.200000000000001,0.1188,0.13900639999999997,8.01412233375962,8.07955114194303,5116098443.48715,4248046901.563853,22.2442465104023,21.895359996382197,1.006297,0.8506867333333333,15148.36,13881.909999999998,53.8979964081406,53.973157788382935,4.10285075461156,4.59963665284231,NaN,NaN
ZAF,South Africa,2021,0.05207326,337307318679.639,351780814494.9493,9.8,8.833333333333334,0.0899066999999999,0.09241573333333326,7.4445834618028,7.8452409005868065,3153552569.39324,4613037787.677484,22.6148742572009,22.403554428675434,1.10769,1.0095913,15744.73,14790.063333333334,50.7596590804177,53.0477335387308,3.23238831615113,3.948370573145523,NaN,NaN
ZAF,South Africa,2022,0.04779565,353695896167.047,350162259594.45404,9.7,9.4,0.0177391,0.0754819333333333,7.29340675223128,7.584037515931233,40658789144.9382,16309480052.6062,22.3431289991291,22.400749922244103,0.7686551,0.9608807,16092.63,15661.906666666668,56.1647136277546,53.6074563721043,4.61874544887136,3.984661506544684,NaN,NaN
ZAF,South Africa,2023,0.06049956,360975440918.611,350659551921.7656,NaN,NaN,-0.0622982,0.015115866666666632,6.88263936192025,7.206876525318111,9238990828.45042,17683777514.260624,23.7271036201865,22.8950356255055,0.7286146,0.8683199,16651.13,16162.830000000002,64.94713440234,57.29050237017076,7.03987272546482,4.963668830162437,NaN,NaN
ZMB,Zambia,2009,0.0009582399,13719086269.626,12732278991.863998,89.8,90.06666666666666,-0.434088,-0.5310706333333329,0.200263813418666,0.19101681216450664,938620000.0,959436666.6666664,3.5886311666362625,3.4546343605777197,8.196122583333333,8.287778166666666,92.91,77.26666666666667,59.4548891205874,61.02772222846564,12.4455793463192,10.707500472866455,7.06969597129854,7.769996306745007
ZMB,Zambia,2015,0.002367536,20648211567.0616,19714634906.2209,84.6,85.1,-0.441859499999999,-0.49226846666666635,0.346397664972352,0.31451938860126,1507800000.0,1779700000.0,NaN,NaN,6.542752,6.8550949999999995,129.56,118.98666666666668,76.1934997276313,77.3391502016252,7.80687553566333,7.1201504327144605,10.4315138005058,10.041758001256857
ZMB,Zambia,2017,0.002149336,22049221308.1088,21316216557.982197,84.0,84.2,-0.4540807,-0.42607146666666634,0.374035815469437,0.35901288509267504,662813935.420472,1251093534.029044,NaN,NaN,4.458647,5.743936000000001,179.73,156.93666666666667,73.958561254616,76.6724432465477,17.8697300795268,11.929066168717311,NaN,NaN
ZMB,Zambia,2018,0.002066457,22826646593.6169,22042361566.833965,83.5,83.83333333333333,-0.4527959,-0.4297169333333333,0.46088254788055,0.397174512728741,1107519804.84533,1117666802.3108206,NaN,NaN,2.686885,4.458647,208.05,183.1,71.5856946542566,75.13650822208946,6.57731154205644,11.519211504181678,NaN,NaN
ZWE,Zimbabwe,1999,0.004344804,20746271024.8557,20182932344.833866,67.8,67.3,-1.2681702,-1.34209805,1.29139351872735,1.33278015701351,444300000.0,220100000.0,NaN,NaN,NaN,NaN,206.05,227.21,88.5133289098786,80.92840959422563,NaN,NaN,39.775310045344,40.63232869657163
ZWE,Zimbabwe,2000,0.002845112,20576588256.0031,20495775308.253403,64.4,66.53333333333333,-1.60367285,-1.4046470333333332,1.43037807747098,1.3399668022591402,59000000.0,212800000.0,NaN,NaN,2.207551,NaN,254.14,236.70000000000002,70.9210813961962,80.54598303070236,NaN,NaN,41.5279947361528,40.45318851131183
ZWE,Zimbabwe,2003,0.007264626,18434630065.6726,19538674918.3493,74.7,72.16666666666667,-2.0822282,-2.01070185,1.1029519129975,1.1848532163551566,25900000.0,17633333.333333332,NaN,NaN,3.2023056666666667,2.676725333333333,169.7,204.8033333333333,66.8098183680706,69.59293485120976,NaN,NaN,53.731308539548,55.675263324312304
ZWE,Zimbabwe,2005,0.002013693,14413001709.4786,16049760980.6735,81.8,78.16666666666667,-1.8029221,-2.054071066666667,0.838216656520482,0.9448573515647004,8700000.0,12800000.0,NaN,NaN,3.3347495,3.4216470555555554,140.52,164.18666666666667,76.0394249806318,71.10040363026722,NaN,NaN,46.4463652662887,49.376564971429104
ZWE,Zimbabwe,2006,0.001826818,13589857106.157,14434836660.834967,80.3,80.03333333333333,-1.98041309999999,-2.0201326999999965,0.922182297304139,0.8846008130002466,102800000.0,38433333.333333336,NaN,NaN,2.941613,3.3347494999999996,141.25,154.70333333333335,76.043068640646,74.1781537211257,NaN,NaN,48.7191348713518,47.705840415363696
ZWE,Zimbabwe,2009,0.004168344,10406779091.4808,12055469063.171234,81.6,79.43333333333334,-1.973331,-1.93619893333333,0.641176361194705,0.7717637918527144,51600000.0,53500000.0,NaN,NaN,3.8487636666666667,3.058786333333334,126.24,161.34666666666666,109.523540063377,92.17061675219065,NaN,NaN,39.3610864849775,42.986047211104
ZWE,Zimbabwe,2010,0.0004998001,11787972496.3516,11611640762.714867,82.6,80.73333333333333,-1.86598439999999,-1.92388283333333,0.604392218090679,0.6903028277479857,105000000.0,75166666.66666667,NaN,NaN,4.638741,3.8487636666666667,117.6,143.24666666666667,61.7764909650234,85.15610364276706,NaN,NaN,39.7968869614353,41.2562653162101
ZWE,Zimbabwe,2012,0.001719789,16109682999.8506,14001653213.667534,77.2,80.33333333333333,-1.71958569999999,-1.7841620333333268,1.16578931263931,0.8413380109867853,344300000.0,190628888.88888898,7.111226643716,NaN,0.64683735,1.8830213166666665,141.74,135.5,89.4659437238642,78.12194649133784,3.4661297281749,NaN,48.3020031786397,43.33291831468613
ZWE,Zimbabwe,2014,0.000783521,19168343271.8446,18024152353.540466,79.3,77.83333333333333,-1.6869983,-1.6951775333333299,0.907590570671441,0.99854700253522,373050000.0,355733333.3333333,7.31873655658947,7.186234890650326,1.47488155,1.0173026666666667,220.97,189.14666666666668,58.6560737143829,74.09490594025414,1.63495041543822,2.9421356015731934,50.6237009805682,49.52690503802686
ZWE,Zimbabwe,2016,0.0007535852,19973250000.0,19588521768.736004,80.8,80.3,-1.4073894,-1.6006640666666667,0.881442359972868,0.8919681016128284,399200000.0,415016666.6666667,11.0489020370076,9.183819296798536,1.5519735,1.6821430166666669,274.6,255.14000000000001,56.7496526604333,56.692495207402665,-2.43096842383404,-0.33126760617414336,51.1759043544078,50.67028474609244
ZWE,Zimbabwe,2017,0.001074668,20124206636.7998,19907142890.387737,81.7,81.10000000000001,-1.4728001,-1.529264666666667,0.771813225130946,0.8467089864326635,343013813.38,405004604.46000004,NaN,NaN,1.084373,1.5519735000000001,323.32,289.2566666666667,51.2190376594477,54.21348318909094,-1.54366960054161,-1.390807611500753,NaN,NaN
ZWE,Zimbabwe,2018,0.001377638,21076969325.2127,20391475320.670834,82.0,81.5,-1.3925184,-1.4242359666666669,0.714789054258429,0.7893482131207477,307187738.788,349800517.3893333,NaN,NaN,1.590919,1.4090885,339.94,312.62,55.028317831061,54.332336050314005,0.893962316050027,-1.0268919027752077,NaN,NaN
ZWE,Zimbabwe,2019,0.0006975106,22132908952.043,21111361638.018497,79.7,81.13333333333333,-1.3672585,-1.410859,0.816285156253118,0.7676291452141643,413857379.43885,354686310.5356167,NaN,NaN,2.789559,1.821617,392.5,351.92,54.55031658746,53.59922402598957,10.6188658669575,3.323052860821972,NaN,NaN
ZWE,Zimbabwe,2021,0.00064487,19110793941.1996,20658352168.469234,84.1,81.60000000000001,-1.3302143,-1.3325147,0.584444223465771,0.7107342713959633,150461768.075241,271330839.106197,NaN,NaN,3.2386875,3.1067335000000003,456.49,425.1233333333333,40.1784062234355,46.945089026149,557.201817362051,274.3752246622882,NaN,NaN
ZWE,Zimbabwe,2022,0.0007187316,20729099176.6536,20190415576.672764,82.4,82.5,-1.32535009999999,-1.31854523333333,0.68892544949393,0.6682810358095673,237480367.76,212538501.87991366,NaN,NaN,3.185421,3.2386874999999997,495.68,459.5166666666667,44.1145594899855,43.46650332699084,98.5461050920624,303.68430440398976,NaN,NaN
ZWE,Zimbabwe,2023,0.0007706951,22001713149.7897,20613868755.880966,NaN,NaN,-1.3307719,-1.3287787666666633,0.719220842842293,0.6641968386006647,336761000.0,241567711.9450803,NaN,NaN,2.811532,3.078546833333333,563.05,505.0733333333333,55.0673522476036,46.45343932034154,104.705170628667,253.48436436092678,NaN,NaN
