country_code,country_name,year,env_patent_share_inventions,rd_expenditure_gdp_lag1,rd_expenditure_gdp_lag1_3_mean,env_co_invention_share_lag1,env_co_invention_share_lag1_3_mean,energy_imports_net_lag1,energy_imports_net_lag1_3_mean,researchers_per_million_lag1,researchers_per_million_lag1_3_mean,environmental_tax_revenue_lag1,environmental_tax_revenue_lag1_3_mean
ABW,Aruba,1999,,,,,,,,,,,
ABW,Aruba,2000,,,,,,,,,,,
ABW,Aruba,2001,,,,,,,,,,,
ABW,Aruba,2002,,,,,,,,,,,
ABW,Aruba,2003,,,,,,,,,,,
ABW,Aruba,2004,,,,,,,,,,,
ABW,Aruba,2005,,,,100.0,,,,,,,
ABW,Aruba,2006,,,,,,,,,,,
ABW,Aruba,2007,0.003339344,,,,,,,,,,
ABW,Aruba,2008,,,,,,,,,,,
ABW,Aruba,2009,,,,,,,,,,,
ABW,Aruba,2010,,,,,,,,,,,
ABW,Aruba,2011,,,,,,,,,,,
ABW,Aruba,2012,,,,,,,,,,,
ABW,Aruba,2013,,,,,,,,,,,
ABW,Aruba,2014,,,,,,,,,,,
ABW,Aruba,2015,,,,,,,,,,,
ABW,Aruba,2016,,,,,,,,,,,
ABW,Aruba,2017,,,,,,,,,,,
ABW,Aruba,2018,,,,,,,,,,,
ABW,Aruba,2019,,,,,,,,,,,
ABW,Aruba,2020,,,,,,,,,,,
ABW,Aruba,2021,,,,,,,,,,,
ABW,Aruba,2022,,,,,,,,,,,
ABW,Aruba,2023,,,,,,,,,,,
ARE,United Arab Emirates,1999,,,,,,-333.759358418335,-333.24518181152735,,,,
ARE,United Arab Emirates,2000,0.002845112,,,,,-307.241398020093,-324.701816927319,,,,
ARE,United Arab Emirates,2001,0.005375477,,,,,-362.474926037534,-334.491894158654,,,,
ARE,United Arab Emirates,2002,0.001743831,,,,,-237.173477911049,-302.29660065622534,,,,
ARE,United Arab Emirates,2003,0.004843084,,,,,-227.237770609243,-275.6287248526087,,,,
ARE,United Arab Emirates,2004,0.01160177,,,,,-262.635909408767,-242.3490526430197,,,,
ARE,United Arab Emirates,2005,0.01167942,,,,,-282.902083582046,-257.5919212000187,,,,
ARE,United Arab Emirates,2006,0.007524749,,,,,-271.877260330466,-272.471751107093,,,,
ARE,United Arab Emirates,2007,0.008626639,,,,,-275.297889831981,-276.6924112481643,,,,
ARE,United Arab Emirates,2008,0.01763329,,,,,-239.143526278874,-262.10622548044034,,,,
ARE,United Arab Emirates,2009,0.0143736,,,11.62791,,-189.037429177801,-234.492948429552,,,,
ARE,United Arab Emirates,2010,0.0162435,,,,,-151.936703989788,-193.372553148821,,,,
ARE,United Arab Emirates,2011,0.02560855,,,,,-174.858852041957,-171.944328403182,,,,
ARE,United Arab Emirates,2012,0.01509593,0.47252,,25.0,,-203.925954383789,-176.9071701385113,,,,
ARE,United Arab Emirates,2013,0.02500885,,,13.04348,,-204.392627312405,-194.392477912717,,,,
ARE,United Arab Emirates,2014,0.02397574,,,9.774436,15.939305333333332,-197.723542414887,-202.01404137036033,,,,
ARE,United Arab Emirates,2015,0.03866976,0.67523,,9.174312,10.664076000000001,-153.250707324208,-185.12229235050003,,,,
ARE,United Arab Emirates,2016,0.01205736,0.86569,,14.28571,11.078152666666668,-144.956335243698,-165.31019499426432,2168.42732,,,
ARE,United Arab Emirates,2017,0.04538681,0.9318,0.82424,9.523809,10.994610333333334,-138.130060398239,-145.445700988715,2509.55341,,,
ARE,United Arab Emirates,2018,0.02428087,,,16.27907,13.362862999999999,-163.562735811068,-148.88304381766832,,,,
ARE,United Arab Emirates,2019,0.03208549,1.26389,,,,-159.725700134966,-153.80616544809098,2464.56964,,,
ARE,United Arab Emirates,2020,0.04046751,1.31065,,10.06289,,-157.251588097578,-160.18000801453732,2476.63113,,,
ARE,United Arab Emirates,2021,0.03864921,1.48831,1.3542833333333333,14.1791,,-166.676304495143,-161.21786424256234,2581.47405,2507.5582733333335,,
ARE,United Arab Emirates,2022,0.02228068,1.49469,1.4312166666666668,22.01258,15.418190000000001,-148.779300357276,-157.56906431666567,2606.78477,2554.9633166666667,,
ARE,United Arab Emirates,2023,0.03206092,,,14.89362,17.028433333333332,-171.482371329992,-162.31265872747034,,,,
ARG,Argentina,1999,0.06517205,0.41131,0.41613000000000006,,,-30.1989008874261,-29.926387657875466,702.90202,,1.03645739454237,0.9248608994349076
ARG,Argentina,2000,0.02845112,0.45337,0.42809,10.6383,,-30.4114820386741,-30.627890379705665,710.82614,702.6277533333333,0.977882150977828,1.0222725531852592
ARG,Argentina,2001,0.01881417,0.43884,0.43450666666666665,5.797101,,-33.8428334748467,-31.4844054669823,713.92711,709.2184233333334,0.93036947056668,0.9815696720289594
ARG,Argentina,2002,0.009155114,0.4246,0.4389366666666667,,,-44.4626056000365,-36.238973704519104,685.59721,703.4501533333333,0.903438440606488,0.9372300207169987
ARG,Argentina,2003,0.03793749,0.38886,0.4174333333333333,3.797468,,-44.6310234240684,-40.978820832983864,689.51093,696.3450833333333,1.10122717995927,0.9783450303774793
ARG,Argentina,2004,0.01305199,0.41012,0.40786000000000006,3.529412,,-40.163476366035,-43.085701796713295,715.84326,696.9838,1.24406633957659,1.0829106533807829
ARG,Argentina,2005,0.04779165,0.40376,0.4009133333333333,4.545455,3.957445,-28.0318418904938,-37.608780560199065,763.13901,722.8310666666666,1.37626820846544,1.2405205760004334
ARG,Argentina,2006,0.04049446,0.42075,0.41154333333333337,13.76147,7.278779,-24.0369585420304,-30.7440922661864,816.8412,765.2744899999999,1.30289566638925,1.3077434048104266
ARG,Argentina,2007,0.04591598,0.45216,0.42555666666666675,9.42029,9.242405,-18.716216878307,-23.595005770277066,888.89168,822.9572966666666,1.20663633439807,1.2952667364175865
ARG,Argentina,2008,0.05503725,0.46007,0.4443266666666667,12.62136,11.934373333333332,-8.75840895532529,-17.170528125220898,971.29008,892.3409866666666,1.10643537486161,1.2053224585496434
ARG,Argentina,2009,0.0215604,0.47055,0.46092666666666665,8.620689,10.220779666666667,-6.2618363216528,-11.245487385095032,1032.67483,964.28553,1.11101172110679,1.14136114345549
ARG,Argentina,2010,0.0220745,0.58398,0.5048666666666667,4.672897,8.638315333333333,-7.65587146065983,-7.558705579212639,1031.64133,1011.8687466666667,1.23536153992704,1.1509362119651467
ARG,Argentina,2011,0.02169884,0.56104,0.5385233333333334,4.878049,6.057211666666667,-2.40216761508806,-5.43995846580023,1119.05035,1061.1221699999999,1.17258414413311,1.1729858017223131
ARG,Argentina,2012,0.04070167,0.56597,0.5703299999999999,6.521739,5.357561666666666,7.23741684026606,-0.9402074118272766,1175.37229,1108.68799,1.08760336278995,1.1651830156167
ARG,Argentina,2013,0.01572351,0.63491,0.5873066666666666,9.523809,6.974532333333333,8.11439908863806,4.316549437938686,1197.6554,1164.0260133333334,1.24939581136798,1.1698611060970132
ARG,Argentina,2014,0.01941826,0.61849,0.6064566666666668,6.25,7.431849333333333,13.9862181852131,9.77934470470574,1193.37333,1188.80034,1.21856212472656,1.1851870996281633
ARG,Argentina,2015,0.02012406,0.59396,0.6157866666666667,7.97546,7.916422999999999,14.0678103429199,12.056142538923686,1202.47388,1197.8342033333333,1.24967366962821,1.2392105352409166
ARG,Argentina,2016,0.03296935,0.62262,0.61169,9.326425,7.850628333333333,13.5477809878759,13.867269838669634,1225.50983,1207.1190133333332,1.24597366601556,1.2380698201234432
ARG,Argentina,2017,0.0246099,0.55815,0.5915766666666666,8.854167,8.718684000000001,11.9993689573056,13.204986762700466,1254.06674,1227.35015,1.22149850400931,1.2390486132176932
ARG,Argentina,2018,0.02383314,0.55632,0.57903,6.565657,8.248749666666667,13.2189146873857,12.922021544189066,1206.01905,1228.5318733333334,1.32232320453184,1.2632651248522366
ARG,Argentina,2019,0.01691463,0.4883,0.5342566666666667,11.5,8.973274666666667,8.60875532272658,11.275679655805959,1220.93622,1227.0073366666668,1.08887994932629,1.21090055262248
ARG,Argentina,2020,0.02010447,0.47813,0.5075833333333334,7.983193,8.68295,2.49167707965442,8.106449029922233,1224.69939,1217.21822,1.09246655634867,1.1678899034022667
ARG,Argentina,2021,0.00838331,0.54126,0.5025633333333334,6.986899,8.823364,1.22800616932178,4.1094795239009265,1250.48347,1232.0396933333334,1.07336374357595,1.08490341641697
ARG,Argentina,2022,0.01132002,0.5236,0.51433,4.102564,6.357552000000001,5.96636808897159,3.2286837793159306,1288.13477,1254.4392099999998,1.10639439310594,1.0907415643435199
ARG,Argentina,2023,0.01329449,0.54951,0.5381233333333334,5.789474,5.626312333333334,1.95855821220972,3.0509774901676967,1301.43112,1280.0164533333334,0.835204158269837,1.0049874316505756
ARM,Armenia,1999,0.006517205,0.22601,,,,71.6450052894058,,,,0.0,0.0
ARM,Armenia,2000,,0.214,0.20897666666666667,14.28571,,65.3080630454606,69.47960373543414,,,0.0,0.0
ARM,Armenia,2001,,0.19106,0.21035666666666666,,,71.191142301674,69.38140354551346,,,0.0,0.0
ARM,Armenia,2002,0.005231494,0.27987,0.22831,,,72.5653390486394,69.68818146525801,,,0.0,0.0
ARM,Armenia,2003,0.0009686168,0.25255,0.24116,,,62.9847896646093,68.91375700497424,,,0.0,0.0
ARM,Armenia,2004,0.008701327,0.32109,0.28450333333333333,,,65.8698587202855,67.13999581117807,,,0.0,0.0
ARM,Armenia,2005,0.002013693,0.25659,0.27674333333333334,,,65.6861739120524,64.84694076564908,,,0.0,0.0
ARM,Armenia,2006,0.007307271,0.25761,0.27843,,,67.2370359807973,66.26435620437839,,,0.0,0.0
ARM,Armenia,2007,0.005009016,0.24057,0.25159,9.090909,,68.0247916141616,66.98266716900376,,,0.0,0.0
ARM,Armenia,2008,,0.21107,0.2364166666666667,,,72.8092351995716,69.35702093151018,,,0.0,0.0
ARM,Armenia,2009,0.005749439,0.22438,0.22534,,,75.1401155903935,71.99138080137557,,,0.0,0.0
ARM,Armenia,2010,0.002499,0.29093,0.24212666666666668,,,69.2562497712381,72.4018668537344,,,0.0,0.0
ARM,Armenia,2011,0.004691642,0.24139,0.25223333333333336,,,69.6401092559821,71.34549153920456,,,0.0,0.0
ARM,Armenia,2012,0.008598945,0.27014,0.2674866666666667,,,69.0180110458366,69.30479002435227,,,0.0,0.0
ARM,Armenia,2013,0.01846807,0.23853,0.25001999999999996,,,74.3403810595709,70.99950045379654,,,0.0,0.0
ARM,Armenia,2014,0.01136105,0.22216,0.24361,21.73913,,73.6822602294154,72.34688411160764,,,0.0,0.0
ARM,Armenia,2015,0.008878261,0.24151,0.23406666666666667,,,71.6592288400781,73.22729004302147,,,0.728519807895821,0.24283993596527367
ARM,Armenia,2016,0.004898304,0.25002,0.23789666666666667,,,67.6293163476974,70.99026847239696,,,0.619705271798288,0.44940835989803635
ARM,Armenia,2017,0.003224004,0.23305,0.24152666666666667,,,68.2448098805489,69.1777850227748,,,0.540347029674639,0.6295240364562493
ARM,Armenia,2018,0.003099686,0.22788,0.23698333333333332,13.51351,,68.960568280661,68.27823150296909,,,0.720971841085167,0.6270080475193647
ARM,Armenia,2019,0.002092532,0.18876,0.21656333333333333,,,72.731773920089,69.9790506937663,,,0.901595169718001,0.7209713468259357
ARM,Armenia,2020,0.001939337,0.17854,0.19839333333333334,6.666667,,74.1707853018448,71.95437583419827,,,0.890396052768319,0.837654354523829
ARM,Armenia,2021,0.0009673051,0.2092,0.19216666666666668,5.882353,,74.1472665445986,73.6832752555108,,,0.858173797699736,0.8833883400620186
ARM,Armenia,2022,0.00431239,0.20557,0.19777,,,78.9045161126683,75.74085598637056,,,0.89651018767753,0.8816933460485283
ARM,Armenia,2023,0.005780213,0.20955,0.20810666666666666,,,76.8721086405015,76.64129709925614,1187.43401,,1.12842021066994,0.9610347320157353
AUS,Australia,1999,1.15159,1.51351,,7.166124,6.290517,-107.390214825386,-99.73621365654127,3379.7753,,2.85453524968358,2.7100532745755035
AUS,Australia,2000,1.182144,,,5.637982,5.947622,-103.454366779273,-103.857361611599,,,2.72234914905368,2.778219040974783
AUS,Australia,2001,1.153846,1.57198,,3.8,5.534702,-117.602689924911,-109.48242384319,3470.70203,,2.40908281288433,2.6619890705405296
AUS,Australia,2002,1.151452,,,6.432748,5.290243333333334,-126.513619589279,-115.856892097821,,,2.34742466745809,2.4929522097986996
AUS,Australia,2003,1.138332,1.74654,,7.806692,6.013146666666667,-130.62417241528,-124.91349397648999,3755.80266,,2.32613795404852,2.360881811463647
AUS,Australia,2004,1.334058,,,6.456693,6.898711,-125.288697474724,-127.47549649309434,,,2.47633056317115,2.38329772822592
AUS,Australia,2005,1.062223,1.84802,,3.75391,6.005764999999999,-125.872031210017,-127.261633700007,4073.65927,,2.41820665152435,2.4068917229146733
AUS,Australia,2006,1.022835,,,5.6926,5.3010676666666665,-131.07466643319,-127.41179837264367,,,2.20851653436176,2.3676845830190865
AUS,Australia,2007,0.9699681,2.17862,,4.878049,4.774852999999999,-123.806910241922,-126.91786929504299,4269.01789,,2.1258504182189,2.2508578680350038
AUS,Australia,2008,0.9654495,,,6.549365,5.7066713333333325,-127.764290888944,-127.548622521352,,,2.06836217149629,2.1342430413589835
AUS,Australia,2009,0.9164881,2.39898,,5.960265,5.7958929999999995,-123.534610231999,-125.03527045428832,4379.63519,,1.87959642979735,2.02460300650418
AUS,Australia,2010,0.8050808,,,6.164383,6.224671000000001,-128.476617177707,-126.59183943288333,,,1.97213571495382,1.9733647720824867
AUS,Australia,2011,0.7267223,2.3702,,8.488613,6.871087,-146.708346775748,-132.90652472848467,4568.56658,,1.91609936562385,1.9226105034583398
AUS,Australia,2012,0.6337487,2.23459,,11.13468,8.595892000000001,-141.942926034157,-139.04262999587067,,,1.8627781798022,1.9170044201266234
AUS,Australia,2013,0.63257,,,10.14957,9.924287666666666,-149.195380388504,-145.94888439946968,,,2.3641075646389,2.0476617033549833
AUS,Australia,2014,0.6667764,2.17733,,8.318739,9.867663,-164.691774053304,-151.943360158655,,,2.33376538844631,2.1868837109624697
AUS,Australia,2015,0.6725438,,,7.223942,8.564083666666667,-185.555789490717,-166.48098131084166,,,1.89361918278007,2.1971640452884267
AUS,Australia,2016,0.6752877,1.91969,,7.918782,7.820487666666668,-197.386842232292,-182.54480192543767,,,1.92343631816849,2.05027362979829
AUS,Australia,2017,0.6232597,,,6.751468,7.298064,-206.230251314561,-196.39096101252332,,,1.85717123098674,1.8914089106451
AUS,Australia,2018,0.5392765,1.88102,,7.377049,7.3490996666666675,-213.039219172204,-205.5521042396857,,,1.77309609700089,1.8512345487187065
AUS,Australia,2019,0.6184876,,,6.122449,6.750322,-221.13514781466,-213.468206100475,,,1.68709677253701,1.7724547001748803
AUS,Australia,2020,0.655256,1.82826,,6.565176,6.688224666666667,-230.540248121,-221.571538369288,,,1.67151897169196,1.7105706137432868
AUS,Australia,2021,0.6052428,,,9.240247,7.309290666666667,-237.32858019566,-229.66799204377335,,,1.58866978582065,1.6490951766832067
AUS,Australia,2022,0.4013757,1.85783,,7.330317,7.711913333333334,-232.104772123918,-233.32453348019268,,,1.42515273594415,1.56178049781892
AUS,Australia,2023,0.4618776,,,5.490196,7.353586666666668,-234.279345921201,-234.570899413593,,,0.587347834266078,1.2003901186769594
AUT,Austria,1999,1.253585,1.74106,1.6645899999999998,10.54461,12.800043333333333,71.6652277858944,70.43476517805227,2347.32828,,2.33738624123979,2.2935399731604034
AUT,Austria,2000,1.224252,1.85251,1.75227,10.99692,12.091833333333334,66.6334725986714,69.02733068146956,,,2.34115406066363,2.3651838799328964
AUT,Austria,2001,1.114068,1.89667,1.83008,11.75355,11.09836,66.9003178334892,68.39967273935167,,,2.45903652159932,2.379192274500913
AUT,Austria,2002,0.9819514,2.00257,1.91725,11.26198,11.337483333333333,66.2726634171934,66.602151283118,,,2.6716409757335,2.49061051933215
AUT,Austria,2003,1.002438,2.0811,1.9934466666666666,10.60842,11.207983333333333,69.1809721709656,67.45131780721606,2992.22105,,2.72471097023406,2.618462822522293
AUT,Austria,2004,0.96679,2.18701,2.0902266666666667,9.862219,10.577539666666667,72.0728608388597,69.17549880900624,,,2.78450077670271,2.726950907556757
AUT,Austria,2005,0.938381,2.18238,2.1501633333333334,10.23965,10.236763000000002,72.736023673147,71.32995222765743,3186.95396,,2.74531624092519,2.75150932928732
AUT,Austria,2006,0.9925709,2.38942,2.2529366666666664,10.68348,10.261783,73.3959540550781,72.73494618902826,3470.7262,,2.66195108625525,2.7305893679610502
AUT,Austria,2007,0.9418064,2.376,2.315933333333333,12.40786,11.11033,73.7930481260843,73.30834195143647,3536.82275,3398.1676366666666,2.51115031261486,2.6394725465984332
AUT,Austria,2008,1.004082,2.4336,2.399673333333333,12.5908,11.894046666666668,70.1725628388934,72.45385500668527,3823.63127,3610.393406666666,2.44877329175233,2.5406248968741463
AUT,Austria,2009,0.9144483,2.58632,2.4653066666666668,13.55932,12.85266,70.4770761184034,71.48089569446037,4152.75477,3837.7362633333328,2.43188778025411,2.4639371282071
AUT,Austria,2010,1.000171,2.61279,2.544236666666667,12.83705,12.995723333333332,66.7103875594823,69.12000883892637,4157.93027,4044.7721033333332,2.43473027819053,2.43846378339899
AUT,Austria,2011,0.964758,2.74321,2.64744,15.05682,13.81773,64.3155771593729,67.16768027908621,4379.18237,4229.955803333333,2.41808112315706,2.4282330605338998
AUT,Austria,2012,0.9432524,2.68567,2.6805566666666665,14.69298,14.195616666666666,71.8927591559524,67.63957462493586,4430.53569,4322.549443333333,2.50145999354043,2.4514237982960068
AUT,Austria,2013,0.7802981,2.93372,2.7875333333333336,15.80446,15.184753333333333,65.5205864272438,67.24297424752304,4720.81116,4510.1764066666665,2.48586152092384,2.468467545873777
AUT,Austria,2014,0.8790154,2.97993,2.8664400000000003,12.91291,14.470116666666668,62.8835645832405,66.76563672214557,4782.1241,4644.490316666666,2.47702983469277,2.48811711638568
AUT,Austria,2015,0.8665578,3.11263,3.00876,15.87678,14.864716666666666,67.4888818013271,65.29767760393713,5009.44199,4837.459083333334,2.49291939864238,2.485270251419663
AUT,Austria,2016,0.7772101,3.06917,3.05391,14.83126,14.540316666666667,62.1474208451196,64.1732890765624,5073.42857,4954.99822,2.47873987649033,2.4828963699418267
AUT,Austria,2017,0.8002395,3.13356,3.10512,13.87974,14.862593333333331,64.113786345696,64.5833629973809,5400.34772,5161.07276,2.4389735899215,2.47021095501807
AUT,Austria,2018,0.8008407,3.07376,3.0921633333333336,15.62892,14.779973333333333,65.9463812391604,64.06919614332533,5416.07999,5296.61876,2.49069375706868,2.4694690744935035
AUT,Austria,2019,0.9076207,3.10828,3.1052,16.17399,15.22755,66.5257775487766,65.52864837787767,5682.44087,5499.62286,2.3731917010954,2.43428634936186
AUT,Austria,2020,0.8130857,3.14405,3.108696666666667,18.28572,16.69621,74.4762818960772,68.98281356133806,5958.85643,5685.79243,2.37401228513821,2.412632581100763
AUT,Austria,2021,0.600331,3.20758,3.1533033333333336,19.88759,18.11576666666667,59.7668768093559,66.92297875140324,5829.2859,5823.527733333333,2.16891977533267,2.30537458718876
AUT,Austria,2022,0.5074065,3.25565,3.2024266666666663,12.52212,16.898476666666667,53.152930168409,62.465362957947356,6323.00331,6037.048546666666,2.23072860724774,2.25788688923954
AUT,Austria,2023,0.4801606,3.17775,3.2136600000000004,9.066183,13.825297666666666,76.8111846576124,63.243663878459095,6632.30683,6261.532013333333,1.99539336888799,2.1316805838227997
AZE,Azerbaijan,1999,0.003258603,0.42125,0.3420266666666667,,,-33.571435829176,-25.949408478945468,,,0.0,0.0
AZE,Azerbaijan,2000,0.001896741,0.39289,0.39454666666666666,,,-72.3234654010538,-43.012541723943265,,,0.0,0.0
AZE,Azerbaijan,2001,0.005375477,0.336,0.38338,,,-65.8626208552949,-57.252507361841566,,,0.0,0.0
AZE,Azerbaijan,2002,0.005231494,0.34001,0.3563,,,-68.8580860014022,-69.01472408591697,,,0.0,0.0
AZE,Azerbaijan,2003,,0.30155,0.32585333333333333,10.52632,,-71.8885831391409,-68.869763331946,,,0.0,0.0
AZE,Azerbaijan,2004,0.004350664,0.32496,0.32217333333333337,,,-61.7063484269366,-67.4843391891599,,,0.0,0.0
AZE,Azerbaijan,2005,0.006376695,0.29831,0.30827333333333334,,,-55.1787255183956,-62.92455236149104,,,0.0,0.0
AZE,Azerbaijan,2006,0.001826818,0.21994,0.28107,18.18182,,-93.9516932270916,-70.27892239080792,,,0.0,0.0
AZE,Azerbaijan,2007,0.002782787,0.17165,0.22996666666666665,,,-182.88922536622,-110.67321470390239,,,0.0,0.0
AZE,Azerbaijan,2008,0.008549475,0.17006,0.18721666666666667,,,-323.147547736931,-199.99615544341418,,,0.0,0.0
AZE,Azerbaijan,2009,0.007665919,0.16554,0.16908333333333334,9.090909,,-326.673374876152,-277.57004932643434,,,0.0,0.0
AZE,Azerbaijan,2010,0.004581501,0.24976,0.19512,,,-425.320752038097,-358.38055821706,,,0.0,0.0
AZE,Azerbaijan,2011,0.007428433,0.21848,0.21126,19.23077,,-457.069329810487,-403.0211522415787,,,0.0,0.0
AZE,Azerbaijan,2012,0.001146526,0.21084,0.22636,,,-377.980203781313,-420.123428543299,,,0.0,0.0
AZE,Azerbaijan,2013,0.002308509,0.21427,0.21453,,,-326.999644782159,-387.349726124653,,,0.0,0.0
AZE,Azerbaijan,2014,,0.20969,0.2116,8.888889,,-326.528065401554,-343.83597132167534,,,0.0,0.0
AZE,Azerbaijan,2015,0.001657275,0.20978,0.21124666666666667,4.347826,,-312.699728361221,-322.0758128483114,,,0.0663909116001803,0.022130303866726767
AZE,Azerbaijan,2016,0.003391133,0.22232,0.21392999999999998,5.555555,6.26409,-311.372702565001,-316.86683210925867,,,0.146653181316661,0.07101469763894709
AZE,Azerbaijan,2017,0.00537334,0.20637,0.21282333333333334,,,-307.157437510433,-310.4099561455517,,,0.253635903532848,0.1555599988165631
AZE,Azerbaijan,2018,0.001033229,0.18468,0.20445666666666665,4.761905,,-278.235862973283,-298.922001016239,,,0.190992618433501,0.19709390109433667
AZE,Azerbaijan,2019,0.007323861,0.18416,0.19173666666666667,,,-286.420238991512,-290.60451315840936,,,0.141745742396244,0.1954580881208643
AZE,Azerbaijan,2020,,0.20013,0.18965666666666667,6.451613,,-274.417456496816,-279.6911861538703,1715.46385,,0.145189881170086,0.15930941399994367
AZE,Azerbaijan,2021,0.00451409,0.2239,0.20273,5.882353,,-274.460605575333,-278.43276702122034,1732.37308,,0.144476085406701,0.14380390299101034
AZE,Azerbaijan,2022,,0.20836,0.21079666666666666,,,-287.016525688087,-278.631529253412,1743.43016,1730.4223633333334,0.127792818279281,0.139152928285356
AZE,Azerbaijan,2023,0.006936256,0.1513,0.19452,,,-263.127536733691,-274.8682226657036,1702.31299,1726.0387433333333,0.11085367947273,0.12770752771957067
BEL,Belgium,1999,0.5844847,1.83825,1.7969833333333334,7.075472,6.423898333333334,90.1731135660812,88.4612579931579,2707.1088,2588.936986666667,2.2238051607333,2.2504780932696833
BEL,Belgium,2000,0.6377386,1.90564,1.8511999999999997,6.762849,6.610670666666667,85.0699615954258,87.37696091206313,2910.88176,2733.4178866666666,2.14933420756649,2.21705654527827
BEL,Belgium,2001,0.6024118,1.9362,1.8933633333333333,10.22026,8.019527,87.2199602723335,87.48767847794683,2982.55342,2866.8479933333333,2.01553382995827,2.1295577327526867
BEL,Belgium,2002,0.5697969,2.03279,1.95821,10.43398,9.139029666666667,89.7609233715587,87.35028174643934,3140.73254,3011.3892400000004,1.98929459396738,2.0513875438307134
BEL,Belgium,2003,0.5583269,1.90325,1.9574133333333332,9.29368,9.98264,88.5769003632831,88.5192613357251,2974.5959,3032.6272866666664,1.94440444962935,1.9830776245183335
BEL,Belgium,2004,0.5584801,1.8412,1.9257466666666667,8.552631,9.426763666666666,91.4404517841402,89.92609183966067,2985.44684,3033.59176,1.99583792951774,1.9765123243714902
BEL,Belgium,2005,0.5935472,1.8205,1.8549833333333332,9.045226,8.963845666666666,91.7686025297236,90.59531822571563,3116.44787,3025.4968700000004,2.11969861332059,2.01998033082256
BEL,Belgium,2006,0.5256407,1.7906,1.8174333333333335,9.375,8.990952333333333,91.8732672616677,91.69410719184383,3173.07923,3091.65798,2.07774796665283,2.0644281698303866
BEL,Belgium,2007,0.5841626,1.82269,1.8112633333333334,8.832565,9.084263666666667,92.466113707913,92.0359944997681,3318.08595,3202.5376833333335,1.85231505928775,2.016587213087057
BEL,Belgium,2008,0.5461512,1.84999,1.821093333333333,10.625,9.610855,91.1428349762183,91.82740531526633,3431.0838,3307.416326666667,1.80197011496657,1.9106777136357167
BEL,Belgium,2009,0.6133693,1.93684,1.86984,11.44916,10.302241666666667,95.9508772708718,93.1866086516677,3447.86531,3399.0116866666667,1.76866017003354,1.8076484480959534
BEL,Belgium,2010,0.5677313,1.99134,1.9260566666666668,11.40143,11.158529999999999,86.6028394359531,91.23218389434773,3554.67756,3477.8755566666664,1.84036174826783,1.8036640110893132
BEL,Belgium,2011,0.4549329,2.0613,1.9964933333333335,13.15396,12.001516666666666,89.3459840076381,90.63323357148766,3755.63584,3586.05957,1.93584225823028,1.8482880588438835
BEL,Belgium,2012,0.4609799,2.15739,2.0700100000000003,12.09302,12.216136666666666,86.7783531479186,87.57572553050328,3880.19574,3730.169713333333,2.00578015591443,1.9273280541375133
BEL,Belgium,2013,0.5057462,2.27079,2.16316,10.36304,11.870006666666667,86.3428028453572,87.4890466669713,4116.61624,3917.482606666667,1.99365918750705,1.9784272005505867
BEL,Belgium,2014,0.5565741,2.32047,2.2495499999999997,11.31824,11.258099999999999,87.3156036625872,86.812253218621,4161.62059,4052.810856666667,1.99656981995644,1.9986697211259734
BEL,Belgium,2015,0.5465852,2.35858,2.316613333333333,12.48485,11.388709999999998,89.7058610236848,87.78808917720973,4544.86674,4274.367856666667,1.9873848372973,1.9925379482535968
BEL,Belgium,2016,0.564115,2.43496,2.3713366666666666,14.93976,12.914283333333335,95.2722551348913,90.7645732737211,4731.81573,4479.434353333333,2.02918866625916,2.004381107837633
BEL,Belgium,2017,0.5253514,2.53291,2.44215,12.34229,13.255633333333334,86.2542281821502,90.41078144690876,4798.32663,4691.6696999999995,2.1452709750829,2.053948159546453
BEL,Belgium,2018,0.5747162,2.67654,2.5481366666666667,13.0599,13.447316666666666,86.9380442337664,89.48817585026929,4757.30821,4762.483523333333,2.36365365638102,2.1793710992410262
BEL,Belgium,2019,0.4828069,2.86365,2.6910333333333334,14.51527,13.305819999999999,99.6990006606646,90.96375769219374,5040.00069,4865.2118433333335,2.38841254652388,2.2991123926626003
BEL,Belgium,2020,0.4943048,3.15154,2.8972433333333334,10.8851,12.82009,90.9302260794468,92.52242365795927,5290.87935,5029.396083333333,2.25082587369756,2.3342973588674867
BEL,Belgium,2021,0.5078351,3.36823,3.1278066666666664,11.19524,12.198536666666667,89.0758098927031,93.23501221093817,5418.91258,5249.930873333334,2.0996077568312,2.2462820590175467
BEL,Belgium,2022,0.4569935,3.40589,3.3085533333333337,10.42553,10.83529,81.4961562065682,87.16739739290604,5770.89032,5493.560750000001,2.1099744564571,2.15346936232862
BEL,Belgium,2023,0.4136321,3.19592,3.323346666666667,9.388889,10.336553,86.7619440824458,85.77797006057237,5818.71223,5669.505043333334,1.78668332908566,1.99875518079132
BEN,Benin,1999,,,,,,16.9572434443926,14.9062032600675,,,,
BEN,Benin,2000,,,,,,23.2831691818078,18.8336468866443,,,,
BEN,Benin,2001,,,,,,28.0977102178966,22.779374281365666,,,,
BEN,Benin,2002,,,,,,29.8724686268292,27.084449342177866,,,,
BEN,Benin,2003,,,,,,31.9551055315645,29.97509479209677,,,,
BEN,Benin,2004,,,,,,34.4706070799294,32.0993937461077,,,,
BEN,Benin,2005,,,,,,35.0894184206743,33.83837701072273,,,,
BEN,Benin,2006,,,,,,35.8470373520107,35.13568761753814,,,,
BEN,Benin,2007,,,,,,39.1079006187038,36.68145213046293,,,,
BEN,Benin,2008,,,,,,41.8017950914304,38.918911020714965,,,,
BEN,Benin,2009,,,,,,42.2565178740584,41.0554045280642,,,,
BEN,Benin,2010,,,,,,44.7166102966197,42.92497442070283,,,,
BEN,Benin,2011,,,,,,49.3056672564474,45.426265142375165,,,,
BEN,Benin,2012,0.002293052,,,,,,,,,,
BEN,Benin,2013,,,,100.0,,,,,,,
BEN,Benin,2014,,,,,,,,,,,
BEN,Benin,2015,,,,,,,,,,,
BEN,Benin,2016,,,,,,,,,,,
BEN,Benin,2017,,,,,,,,,,,
BEN,Benin,2018,,,,,,,,,,,
BEN,Benin,2019,,,,,,,,,,,
BEN,Benin,2020,,,,,,46.0416412011571,,,,,
BEN,Benin,2021,,,,,,46.6336217616136,,,,,
BEN,Benin,2022,,,,,,42.7567593162556,45.14400742634209,,,,
BEN,Benin,2023,,,,,,40.9031703802238,43.43118381936433,,,,
BFA,Burkina Faso,1999,,,,,,,,,,,
BFA,Burkina Faso,2000,,,,,,,,,,0.0243927446685105,
BFA,Burkina Faso,2001,,,,,,,,,,0.520829348816029,
BFA,Burkina Faso,2002,,0.16816,,,,,,,,0.285540010784809,0.2769207014231162
BFA,Burkina Faso,2003,,0.30111,,,,,,,,0.715060190141153,0.5071431832473303
BFA,Burkina Faso,2004,,0.24112,0.23679666666666666,,,,,,,0.731850310640341,0.5774835038554343
BFA,Burkina Faso,2005,,0.21514,0.25245666666666666,100.0,,,,,,0.79482740149154,0.7472459674243446
BFA,Burkina Faso,2006,,0.15166,0.20264000000000001,,,,,,,0.73903780641339,0.7552385061817569
BFA,Burkina Faso,2007,,,,,,,,,,0.716672075169418,0.750179094358116
BFA,Burkina Faso,2008,0.006412106,0.09836,,,,,,,,0.753800209867039,0.7365033638166157
BFA,Burkina Faso,2009,0.00287472,0.16568,,,,,,,,0.670473888227284,0.7136487244212469
BFA,Burkina Faso,2010,0.0012495,0.17787,0.14730333333333334,,,,,,,0.663706092786752,0.6959933969603583
BFA,Burkina Faso,2011,,,,,,,,46.5781,,0.665168066722909,0.6664493492456484
BFA,Burkina Faso,2012,,,,,,,,,,0.653616327233252,0.6608301622476377
BFA,Burkina Faso,2013,,,,,,,,,,0.759766790215668,0.6928503947239429
BFA,Burkina Faso,2014,0.001175281,,,,,,,,,0.524203983958145,0.6458623671356883
BFA,Burkina Faso,2015,,0.19719,,,,,,,,0.766752734778422,0.6835745029840784
BFA,Burkina Faso,2016,,,,,,,,,,0.958755480457621,0.7499040663980626
BFA,Burkina Faso,2017,,,,,,,,,,0.96872079599007,0.8980763370753709
BFA,Burkina Faso,2018,,0.61361,,,,,,,,1.12342797846496,1.0169680849708838
BFA,Burkina Faso,2019,,,,,,,,,,1.15758870302558,1.08324582582687
BFA,Burkina Faso,2020,,0.17435,,,,,,,,1.12034801677702,1.1337882327558535
BFA,Burkina Faso,2021,0.0009673051,0.25116,,,,,,,,1.06565322525313,1.1145299816852432
BFA,Burkina Faso,2022,,0.25057,0.22536,,,,,,,,
BFA,Burkina Faso,2023,0.001156043,,,,,,,,,,
BGR,Bulgaria,1999,0.03312913,0.48223,0.45532333333333336,6.015038,7.8982600000000005,50.5319818162397,53.228520547434634,1464.18095,1562.2721866666668,1.92216699431535,1.296451870611658
BGR,Bulgaria,2000,0.01043208,0.53688,0.49486333333333327,9.836065,7.691108333333332,48.7127225497519,50.32010154370986,1306.20445,1407.0555966666668,2.33299566221543,1.8026802861006967
BGR,Bulgaria,2001,0.02764531,0.49517,0.50476,8.035714,7.962272333333334,46.8649530070362,48.7032191243426,1179.69599,1316.6937966666667,2.58522268462387,2.28012844705155
BGR,Bulgaria,2002,0.04010812,0.44709,0.4930466666666667,14.83871,10.903496333333335,46.6754332560199,47.41770293760266,1157.05434,1214.31826,2.48033675751885,2.4661850347860503
BGR,Bulgaria,2003,0.006457445,0.46473,0.4689966666666667,13.07692,11.983781333333333,47.4211786188032,46.987188293953096,1168.80197,1168.5174333333334,2.35980398986882,2.4751211440038468
BGR,Bulgaria,2004,0.01522732,0.47222,0.4613466666666666,7.843137,11.919589,47.4286426431466,47.17508483932323,1224.19554,1183.3506166666666,2.80096407143173,2.547034939606467
BGR,Bulgaria,2005,0.02584239,0.47086,0.46927,6.190476,9.036844333333333,49.0600986271616,47.96997329637046,1263.77329,1218.9235999999999,3.0028833892137,2.7212171501714173
BGR,Bulgaria,2006,0.01461454,0.44269,0.4619233333333333,7.602339,7.211984,48.0800794747752,48.1896069150278,1301.70634,1263.2250566666664,2.98476952560534,2.9295389954169235
BGR,Bulgaria,2007,0.0266591,0.44216,0.4519033333333333,7.236842,7.0098856666666665,46.8648591333487,48.0016790784285,1348.08734,1304.5223233333334,2.78540313733263,2.92435201738389
BGR,Bulgaria,2008,0.03804516,0.43003,0.43829333333333337,15.0,9.946393666666667,51.98949515202,48.97814458671463,1471.47888,1373.7575199999999,3.19168049835034,2.9872843870961034
BGR,Bulgaria,2009,0.02917841,0.44731,0.43983333333333335,14.58333,12.273390666666666,53.0049788983809,50.61977772791653,1505.75099,1441.7724033333334,3.28016920727097,3.085750947651313
BGR,Bulgaria,2010,0.02486505,0.49338,0.4569066666666666,11.50443,13.695920000000001,46.382604875906,50.45902630876896,1593.43114,1523.55367,2.84062199831156,3.10415723464429
BGR,Bulgaria,2011,0.02990922,0.56299,0.5012266666666667,9.016394,11.701384666666664,40.8526500117372,46.74674459534136,1470.69323,1523.2917866666667,2.74629625877865,2.955695821453727
BGR,Bulgaria,2012,0.04146602,0.5295,0.5286233333333333,16.66667,12.395831333333334,37.2374823379259,41.49091240852303,1606.20566,1556.7766766666666,2.67033917016751,2.75241914241924
BGR,Bulgaria,2013,0.02970282,0.60039,0.5642933333333334,13.76812,13.150394666666665,37.3540172307534,38.48138319347216,1537.4066,1538.1018299999998,2.64901643575015,2.6885506215654367
BGR,Bulgaria,2014,0.04082144,0.63424,0.5880433333333334,17.27273,15.902506666666667,39.0539262867083,37.88180861846253,1685.20345,1609.605236666667,2.84557972987066,2.72164511192944
BGR,Bulgaria,2015,0.04084,0.79007,0.6749,16.10169,15.714179999999999,35.7151926776029,37.374378731688196,1822.03088,1681.5469766666668,2.83628566738688,2.7769606110025635
BGR,Bulgaria,2016,0.03127379,0.94947,0.79126,15.88785,16.420756666666666,37.1318138028411,37.30031092238411,1976.75906,1827.9977966666665,2.95278024850466,2.8782152152540665
BGR,Bulgaria,2017,0.02292625,0.77009,0.8365433333333333,19.54887,17.17947,39.3293566300094,37.392121036817805,2236.855,2011.8816466666667,2.98707058444891,2.9253788334468163
BGR,Bulgaria,2018,0.02651954,0.74037,0.8199766666666667,13.38583,16.274183333333333,40.266772200286,38.909314211045505,2125.46017,2113.0247433333334,2.79840847511531,2.9127531026896265
BGR,Bulgaria,2019,0.02197158,0.75505,0.75517,9.243697,14.059465666666668,37.3715030283055,38.98921061953363,2343.48736,2235.2675099999997,2.61954391856791,2.8016743260440435
BGR,Bulgaria,2020,0.02941329,0.83576,0.77706,10.9489,11.192808999999999,39.3231832972508,38.98715284194743,2420.08954,2296.34569,2.99972915092496,2.8058938482027265
BGR,Bulgaria,2021,0.0156381,0.84549,0.8121,14.17323,11.455275666666665,38.9217451750975,38.538810500217934,2401.16918,2388.2486933333334,3.00281486726157,2.87402931225148
BGR,Bulgaria,2022,0.01936982,0.76933,0.81686,8.484848,11.202326,36.8953488956958,38.3800924560147,2346.69591,2389.31821,2.77211880992187,2.924887609369467
BGR,Bulgaria,2023,0.01202284,0.75174,0.7888533333333333,9.183674,10.613917333333333,37.9626610649135,37.9265850452356,2557.19806,2435.02105,2.2302914665205,2.6684083812346464
BHS,"Bahamas, The",1999,0.005431004,,,,,,,,,1.00361173566493,1.23857762984391
BHS,"Bahamas, The",2000,0.01138045,,,,,,,,,0.944992547929453,0.984091447658391
BHS,"Bahamas, The",2001,0.006719346,,,,,,,,,0.964852193186818,0.9711521589270671
BHS,"Bahamas, The",2002,0.03400471,,,,,,,,,0.927345224361541,0.9457299884926039
BHS,"Bahamas, The",2003,0.01210771,,,,,,,,,0.902528482650907,0.931575300066422
BHS,"Bahamas, The",2004,0.01160177,,,,,,,,,0.878796059263422,0.9028899220919566
BHS,"Bahamas, The",2005,0.008726004,,,,,,,,,0.955099169953854,0.9121412372893943
BHS,"Bahamas, The",2006,,,,,,,,,,0.887609018385033,0.9071680825341031
BHS,"Bahamas, The",2007,0.009183196,,,,,,,,,0.950129090953798,0.9309457597642284
BHS,"Bahamas, The",2008,0.00480908,,,,,,,,,0.916546290965477,0.9180948001014361
BHS,"Bahamas, The",2009,,,,,,,,,,0.928196845905377,0.9316240759415507
BHS,"Bahamas, The",2010,0.00312375,,,,,,,,,0.928925785746102,0.9245563075389853
BHS,"Bahamas, The",2011,,,,,,,,,,0.901398231660143,0.9195069544372073
BHS,"Bahamas, The",2012,,,,,,,,,,1.29604930731649,1.042124441574245
BHS,"Bahamas, The",2013,0.001154255,,,,,,,,,1.22317259824244,1.1402067124063577
BHS,"Bahamas, The",2014,,,,,,,,,,1.65814081877832,1.3924542414457501
BHS,"Bahamas, The",2015,0.001183768,,,,,,,,,1.40526335179477,1.4288589229385102
BHS,"Bahamas, The",2016,,,,,,,,,,1.50847757526632,1.52396058194647
BHS,"Bahamas, The",2017,,,,,,,,,,1.40502852669107,1.4395898179173867
BHS,"Bahamas, The",2018,0.002066457,,,,,,,,,1.35502216572664,1.4228427558946766
BHS,"Bahamas, The",2019,0.001743776,,,,,,,,,1.43688075909897,1.3989771505055602
BHS,"Bahamas, The",2020,0.01357536,,,,,,,,,1.41290850816992,1.40160381099851
BHS,"Bahamas, The",2021,0.004836525,,,70.0,,,,,,1.57652986404009,1.4754397104363266
BHS,"Bahamas, The",2022,,,,50.0,,,,,,0.38772439273326,1.1257209216477566
BHS,"Bahamas, The",2023,0.002312085,,,,,,,,,0.914230660065059,0.9594949722794697
BIH,Bosnia and Herzegovina,1999,,,,,,24.3004985485747,28.274751094763598,,,,
BIH,Bosnia and Herzegovina,2000,,,,,,22.353237954521,22.833170406550664,,,,
BIH,Bosnia and Herzegovina,2001,,,,,,29.0208771823771,25.22487122849093,,,,
BIH,Bosnia and Herzegovina,2002,0.005231494,,,,,27.5909719023492,26.321695679749098,,,,
BIH,Bosnia and Herzegovina,2003,0.004843084,,,,,24.6964440589766,27.102764381234298,,,,
BIH,Bosnia and Herzegovina,2004,0.004350664,0.01826,,,,21.053003073114,24.446806344813265,55.34689,,,
BIH,Bosnia and Herzegovina,2005,0.004027386,0.0159,,,,25.5479237749006,23.765790302330398,57.25219,,,
BIH,Bosnia and Herzegovina,2006,0.01278772,0.02697,0.020376666666666668,,,27.4686633651637,24.689863404392767,61.48538,58.028153333333336,,
BIH,Bosnia and Herzegovina,2007,0.002782787,0.01969,0.020853333333333335,,,26.3576755818932,26.458087573985832,164.44144,94.39300333333334,,
BIH,Bosnia and Herzegovina,2008,0.005076251,0.02521,0.023956666666666664,,,30.6474418437097,28.15792693025553,184.20563,136.71081666666666,,
BIH,Bosnia and Herzegovina,2009,0.00503076,0.01842,0.021106666666666666,,,29.0363420018349,28.6804864758126,,,,
BIH,Bosnia and Herzegovina,2010,0.004581501,0.02106,0.021563333333333334,,,30.5773027958542,30.087028880466267,,,,
BIH,Bosnia and Herzegovina,2011,0.01329299,,,,,31.1960819719857,30.269908923224932,,,,
BIH,Bosnia and Herzegovina,2012,0.006305893,,,,,33.9948257189844,31.922736828941435,,,,
BIH,Bosnia and Herzegovina,2013,0.004617018,0.26533,,,,33.2945027300534,32.828470140341174,155.74572,,,
BIH,Bosnia and Herzegovina,2014,0.000783521,0.32132,,,,29.7224082866732,32.33724557857033,228.0143,,,
BIH,Bosnia and Herzegovina,2015,0.0005918841,0.25725,0.28130000000000005,,,28.2127054550378,30.4098721572548,283.73763,222.49921666666668,,
BIH,Bosnia and Herzegovina,2016,0.001130378,0.21603,0.26486666666666664,,,33.7088994867392,30.5480044094834,353.6653,288.47241,,
BIH,Bosnia and Herzegovina,2017,0.004298672,0.21337,0.22888333333333333,,,31.5599865655548,31.16053050244393,406.85468,348.08587000000006,,
BIH,Bosnia and Herzegovina,2018,0.005166143,0.1978,0.20906666666666665,,,34.076435377041,33.115107143111665,471.50932,410.67643333333336,,
BIH,Bosnia and Herzegovina,2019,0.007742368,0.19199,0.2010533333333333,,,24.2811144045711,29.9725121157223,459.76526,446.0430866666666,,
BIH,Bosnia and Herzegovina,2020,0.00775735,0.19001,0.19326666666666667,,,27.3940966075843,28.58388212973213,451.01282,460.76246666666674,,
BIH,Bosnia and Herzegovina,2021,,0.20325,0.19508333333333336,,,25.3934465921472,25.689552534767532,446.11618,452.2980866666667,,
BIH,Bosnia and Herzegovina,2022,0.0005390487,0.19035,0.19453666666666666,,,27.1805859913968,26.656043063709433,445.69281,447.60726999999997,,
BIH,Bosnia and Herzegovina,2023,,0.18743,0.19367666666666664,,,26.3680612308532,26.314031271465733,540.14789,477.31896,,
BLR,Belarus,1999,0.01629301,0.70578,0.8114333333333333,3.773585,,86.1964772714197,85.97542712488847,,,,
BLR,Belarus,2000,0.0227609,0.84523,0.7603366666666668,2.857143,,84.2900584657155,86.27822048205614,,,,
BLR,Belarus,2001,0.04031608,0.7221,0.7577033333333333,9.574468,5.401732,85.4915862800884,85.32604067240787,,,,
BLR,Belarus,2002,0.05144302,0.70876,0.7586966666666667,6.666667,6.366092666666667,84.9222121773456,84.90128564104982,,,,
BLR,Belarus,2003,0.0460093,0.6209,0.68392,11.2782,9.173111666666667,84.3405505017411,84.91811631972503,,,,
BLR,Belarus,2004,0.01522732,0.61147,0.6470433333333333,16.08392,11.342928999999998,85.235837610483,84.8328667631899,,,,
BLR,Belarus,2005,0.01141093,0.62759,0.6199866666666666,13.40206,13.588059999999999,86.5940781966899,85.39015543630467,,,,
BLR,Belarus,2006,0.02435757,0.67852,0.6391933333333333,5.988024,11.824668,85.39602242083,85.74197940933429,,,,
BLR,Belarus,2007,0.03116721,0.66065,0.6555866666666667,7.428571,8.939551666666667,86.2245205090045,86.07154037550815,,,,
BLR,Belarus,2008,0.0304575,0.96203,0.7670666666666666,7.653061,7.023218666666666,84.715589734745,85.44537755485983,,,,
BLR,Belarus,2009,0.02822017,0.74147,0.78805,5.586592,6.889408,87.7508675306868,86.2303259248121,,,,
BLR,Belarus,2010,0.01353625,0.62167,0.7750566666666666,6.486486,6.575379666666667,83.5341712844078,85.33354284994653,,,,
BLR,Belarus,2011,0.01016522,0.66913,0.6774233333333334,6.593407,6.2221616666666675,84.9797087734985,85.42158252953102,,,,
BLR,Belarus,2012,0.006879156,0.6776,0.6561333333333333,,,84.1461626488708,84.22001423559237,,,,
BLR,Belarus,2013,0.0119273,0.64603,0.6642533333333334,4.891304,,87.2466128662392,85.4574947628695,,,,
BLR,Belarus,2014,0.00822697,0.65191,0.6585133333333334,5.194805,,86.7268926963897,86.03988940383323,,,,
BLR,Belarus,2015,0.006708019,0.50548,0.60114,3.738318,4.608142333333333,87.7673818176471,87.246962460092,,,,
BLR,Belarus,2016,0.003956322,0.49999,0.5524600000000001,6.034483,4.989202,84.9599278749202,86.48473412965234,,,,
BLR,Belarus,2017,0.01540357,0.50063,0.5020333333333333,7.582938,5.785246333333333,83.3138680271355,85.34705923990093,,,,
BLR,Belarus,2018,0.02583072,0.58411,0.5282433333333333,10.06289,7.893437000000001,84.8940442128735,84.38928003830974,,,,
BLR,Belarus,2019,0.00889326,0.60443,0.5630566666666668,11.48649,9.710772666666665,86.0281547043364,84.74535564811514,,,,
BLR,Belarus,2020,0.008403796,0.57733,0.5886233333333334,7.272727,9.607369,85.2555351812842,85.39257803283137,,,,
BLR,Belarus,2021,0.01176888,0.53901,0.57359,5.785124,8.181447,83.8412311442938,85.0416403433048,1473.37761,,,
BLR,Belarus,2022,0.002156195,0.45981,0.5253833333333334,13.33333,8.797060333333333,78.2899580680447,82.4622414645409,1439.1965,,,
BLR,Belarus,2023,,0.47477,0.49119666666666667,,,77.0799482437318,79.7370458186901,1434.19007,1448.9213933333333,,
BRA,Brazil,1999,0.1216545,,,4.411765,4.706304666666667,28.4426634602689,30.5077649924537,,,0.444056024286902,0.4042439305625023
BRA,Brazil,2000,0.0777664,,,7.575758,5.281696666666666,25.4829158569614,28.32854907844347,,,0.411966235501082,0.41981695046591266
BRA,Brazil,2001,0.1048218,1.04752,,4.30622,5.431247666666667,23.6412025308101,25.8555939493468,298.53981,,0.441500689532091,0.43250764977335837
BRA,Brazil,2002,0.07803644,1.06197,,6.569343,6.150440333333333,21.0669723351647,23.397030240978733,341.27926,,0.477824337424392,0.44376375415252167
BRA,Brazil,2003,0.1520382,1.00967,1.0397200000000002,3.883495,4.919686,15.6930656209369,20.13374682897057,403.16475,347.6612733333333,0.976344759803659,0.6318899289200474
BRA,Brazil,2004,0.1796099,0.99939,1.0236766666666666,10.02639,6.826409333333333,12.6504339560963,16.470157304065967,428.48507,390.97636000000006,0.935004743661469,0.7963912802965067
BRA,Brazil,2005,0.1813666,0.96343,0.99083,7.258065,7.055983333333334,14.9871247447829,14.443541440605367,489.27106,440.30696000000006,0.850213330217514,0.9205209445608805
BRA,Brazil,2006,0.3183882,1.00247,0.98843,7.366483,8.216979333333333,11.7093919059105,13.115650202263234,515.766,477.84070999999994,0.878609770778332,0.8879426148857718
BRA,Brazil,2007,0.336582,0.98807,0.9846566666666666,11.79321,8.805919333333334,9.42487441775699,12.040463689483465,550.49741,518.51149,0.933453605594638,0.8874255688634946
BRA,Brazil,2008,0.2526675,1.08138,1.0239733333333332,14.84888,11.336191,10.7554506884035,10.629905670690329,562.55469,542.9393666666666,1.14268978403926,0.9849177201374101
BRA,Brazil,2009,0.2035302,1.12904,1.0661633333333334,11.93853,12.860206666666668,10.9734366775816,10.384587261247363,598.65285,570.5683166666666,1.08084166746254,1.0523283523654794
BRA,Brazil,2010,0.2253265,1.11866,1.1096933333333334,10.64328,12.476896666666667,6.60229702686238,9.44372813094916,634.14103,598.4495233333333,0.937355268168534,1.053628906556778
BRA,Brazil,2011,0.2312253,1.15992,1.1358733333333333,12.96121,11.847673333333333,9.46056380844546,9.012099170963147,696.09998,642.96462,1.03173886156609,1.016645265732388
BRA,Brazil,2012,0.2107697,1.13966,1.1394133333333334,10.33724,11.31391,10.7016076437075,8.921489493005113,749.17174,693.1375833333333,1.04986476271952,1.006319630818048
BRA,Brazil,2013,0.2240793,1.12684,1.14214,8.801108,10.699852666666667,12.1359170291353,10.766029493762753,801.40894,748.8935533333333,0.845563170334555,0.9757222648733883
BRA,Brazil,2014,0.220757,1.19567,1.1540566666666667,10.15707,9.765139333333332,15.7799289306747,12.872484534505835,852.71699,801.0992233333333,0.771259202880026,0.8888957119780336
BRA,Brazil,2015,0.2637097,1.26971,1.1974066666666665,11.34658,10.101586,14.2246121049324,14.046819354914133,903.20079,852.44224,0.771619324469329,0.7961472325613034
BRA,Brazil,2016,0.2428159,1.28464,1.2500066666666667,10.60541,10.70302,8.61387332542045,12.872804787009182,,,0.852315299059156,0.7983979421361704
BRA,Brazil,2017,0.2207368,1.19584,1.2500633333333333,11.50579,11.152593333333334,2.67300702990516,8.503830820086003,,,0.883308156791286,0.8357475934399238
BRA,Brazil,2018,0.2271725,1.1175,1.1993266666666667,10.15653,10.75591,1.14058560979895,4.14248865504152,,,0.865221065544598,0.8669481737983467
BRA,Brazil,2019,0.2444426,1.15016,1.1545,10.50306,10.721793333333332,-0.816754027000633,0.9989462042344922,,,0.828964398346635,0.8591645402275064
BRA,Brazil,2020,0.2774222,1.15115,1.1396033333333333,11.07711,10.578899999999999,-4.05963612353002,-1.2452681802439012,,,0.793645631671708,0.8292770318543137
BRA,Brazil,2021,0.2022635,1.21907,1.17346,8.641182,10.073783999999998,-11.1677354621271,-5.348041870885918,,,0.746044983722528,0.789551671246957
BRA,Brazil,2022,0.1441057,1.13371,1.1679766666666667,8.809627,9.509306333333333,-3.84763107467013,-6.358334220109083,,,0.667250904390987,0.735647173261741
BRA,Brazil,2023,0.1532527,1.18873,1.1805033333333335,5.395683,7.615497333333334,-7.28721052757992,-7.434192354792383,,,0.804399898856465,0.7392319289899932
BRB,Barbados,1999,0.003258603,,,,,,,,,0.0,0.0
BRB,Barbados,2000,,,,66.66666,,,,,,0.0,0.0
BRB,Barbados,2001,0.002687739,,,,,,,,,0.0,0.0
BRB,Barbados,2002,0.00784724,,,,,,,,,0.0,0.0
BRB,Barbados,2003,,,,,,,,,,0.0,0.0
BRB,Barbados,2004,0.005800885,,,,,,,,,0.0,0.0
BRB,Barbados,2005,0.002013693,,,,,,,,,0.0,0.0
BRB,Barbados,2006,0.008768725,,,,,,,,,0.0,0.0
BRB,Barbados,2007,0.003172377,,,,,,,,,0.0,0.0
BRB,Barbados,2008,,,,,,,,,,0.0,0.0
BRB,Barbados,2009,,,,,,,,,,0.0,0.0
BRB,Barbados,2010,0.002499,,,,,,,,,0.0,0.0
BRB,Barbados,2011,0.003049567,,,,,,,,,0.0,0.0
BRB,Barbados,2012,0.000573263,,,,,,,,,0.0,0.0
BRB,Barbados,2013,,,,,,,,,,0.0,0.0
BRB,Barbados,2014,,,,,,,,,,0.0,0.0
BRB,Barbados,2015,,,,,,,,,,0.298174988534531,0.09939166284484367
BRB,Barbados,2016,,,,,,,,,,0.0,0.09939166284484367
BRB,Barbados,2017,,,,,,,,,,0.0,0.09939166284484367
BRB,Barbados,2018,,,,,,,,,,0.0,0.0
BRB,Barbados,2019,0.001046266,,,,,,,,,0.609245322750915,0.20308177425030502
BRB,Barbados,2020,,,,,,,,,,0.709190686270953,0.43947866967395605
BRB,Barbados,2021,0.00193461,,,,,,,,,0.617218949227895,0.6452183194165877
BRB,Barbados,2022,0.0007187316,,,50.0,,,,,,0.665372294814664,0.663927310104504
BRB,Barbados,2023,,,,,,,,,,0.646444568917042,0.6430119376532003
BWA,Botswana,1999,,,,,,,,,,,
BWA,Botswana,2000,,,,,,,,,,,
BWA,Botswana,2001,0.002687739,,,,,,,,,,
BWA,Botswana,2002,,,,,,,,,,,
BWA,Botswana,2003,,,,,,,,,,,
BWA,Botswana,2004,,,,,,,,,,,
BWA,Botswana,2005,,,,,,,,,,0.778492500564985,
BWA,Botswana,2006,,0.53286,,,,,,,,0.453425837769857,
BWA,Botswana,2007,,,,,,,,,,0.463614502948245,0.565177613761029
BWA,Botswana,2008,,,,,,,,,,0.423717399823639,0.446919246847247
BWA,Botswana,2009,,,,,,,,,,0.417069332592798,0.4348004117882273
BWA,Botswana,2010,,,,,,,,,,0.41670179821592,0.41916284354411903
BWA,Botswana,2011,,,,,,47.9274692159816,,,,0.421975270018093,0.41858213360893703
BWA,Botswana,2012,0.001528701,,,,,50.5195938014883,,,,0.332176521823285,0.39028453001909935
BWA,Botswana,2013,,0.26759,,,,46.8546288849995,48.43389730082313,168.08972,,0.365979672501412,0.37337715478093
BWA,Botswana,2014,,0.561,,,,45.5211931491077,47.63180527853183,179.77334,,0.345291030892573,0.34781574173908997
BWA,Botswana,2015,,,,,,37.3359617938416,43.23726127598294,,,0.243218758326672,0.31816315390688565
BWA,Botswana,2016,,,,,,34.9296848455718,39.26227992950704,,,0.267269596433497,0.28525979521758066
BWA,Botswana,2017,,,,,,36.3459227467812,36.20385646206486,,,0.234828911676337,0.24843908881216867
BWA,Botswana,2018,,,,100.0,,31.8986800092167,34.391429200523234,,,0.303610025983066,0.2685695113643
BWA,Botswana,2019,0.0003487553,,,,,30.9490123313618,33.064538362453234,,,0.318488991221758,0.285642642960387
BWA,Botswana,2020,,,,,,33.1862385245429,32.0113102883738,,,0.330117508421252,0.3174055085420253
BWA,Botswana,2021,,,,,,30.8595898129368,31.664946889613834,,,0.252774682155798,0.300460393932936
BWA,Botswana,2022,,,,,,30.1816188180417,31.40914905184047,,,0.863794090342814,0.4822287603066213
BWA,Botswana,2023,,,,,,23.6817784648472,28.240995698608568,,,0.466921283587552,0.527830018695388
CAN,Canada,1999,2.307308,1.71051,1.64373,7.601095,8.204279333333334,-52.1380682131267,-51.0099987844998,3153.03798,3107.6497233333334,1.52841843265841,1.5280548930111066
CAN,Canada,2000,2.092295,1.74984,1.6914033333333334,8.421053,8.038714333333333,-49.8739360099553,-50.82528918632486,3238.35328,3168.5433266666664,1.44683072285989,1.49512964145461
CAN,Canada,2001,2.115033,1.85849,1.7729466666666667,8.157825,8.059991000000002,-50.5895192332625,-50.86717448544817,3510.48256,3300.6246066666668,1.33505129417551,1.4367668165646033
CAN,Canada,2002,2.408804,2.02116,1.8764966666666665,8.259304,8.279394000000002,-51.790604506391,-50.7513532498696,3688.26825,3479.034696666666,1.30815295711913,1.3633449913848434
CAN,Canada,2003,2.548442,1.9717,1.95045,8.517806,8.311645,-54.7624519827412,-52.380858574131565,3695.33994,3631.3635833333333,1.31340747293695,1.3188705747438634
CAN,Canada,2004,2.29164,1.96782,1.9868933333333334,8.920831,8.565980333333334,-49.269133846543,-51.94073011189173,3888.4744,3757.3608633333333,1.33048779554763,1.31734940853457
CAN,Canada,2005,2.279808,1.99735,1.9789566666666667,8.720456,8.719697666666667,-50.3897944656745,-51.473793431652894,4076.68444,3886.8329266666665,1.25923068342353,1.3010419839693699
CAN,Canada,2006,2.244402,1.97127,1.9788133333333333,8.375834,8.672373666666667,-47.9771008445754,-49.21200971893097,4234.36344,4066.507426666667,1.20358381811915,1.2644340990301035
CAN,Canada,2007,2.134234,1.94304,1.9705533333333334,8.687511,8.594600333333332,-50.4287607209759,-49.5985520104086,4315.13916,4208.729013333334,1.16567756066401,1.2094973540688967
CAN,Canada,2008,1.922557,1.90358,1.9392966666666667,8.417698,8.493681,-54.5900488468931,-50.998636804148134,4596.69506,4382.065886666667,1.14449649829716,1.1712526256934401
CAN,Canada,2009,1.890474,1.85578,1.9008,8.759421,8.621543333333333,-52.7925580751696,-52.6037892143462,4725.99112,4545.94178,1.08757074809857,1.1325816023532467
CAN,Canada,2010,1.959972,1.91742,1.89226,9.377593,8.851570666666667,-52.9111703731263,-53.43125909839633,4466.14043,4596.275536666667,1.16534811822311,1.1324717882062798
CAN,Canada,2011,1.931381,1.82504,1.86608,10.36093,9.499314666666667,-55.1422384877185,-53.6153223120048,4664.07888,4618.736809999999,1.15806659231907,1.1369951528802502
CAN,Canada,2012,1.825111,1.78714,1.8432000000000002,11.21574,10.318087666666665,-56.2929960098296,-54.78213495689147,4802.7188,4644.312703333333,1.17325904435186,1.1655579182980134
CAN,Canada,2013,1.778726,1.77303,1.7950700000000002,9.8345,10.47039,-59.7522549892993,-57.06249649561581,4652.42914,4706.40894,1.17006650062035,1.1671307124304267
CAN,Canada,2014,1.769474,1.70624,1.75547,9.966273,10.338837666666667,-65.7048130619212,-60.5833546870167,4647.61399,4700.920643333334,1.15991304494106,1.1677461966377567
CAN,Canada,2015,1.765089,1.71482,1.7313633333333334,10.09192,9.964231,-66.6966752192918,-64.05124775683744,4564.22043,4621.4211866666665,1.12599644192335,1.1519919958282532
CAN,Canada,2016,1.710517,1.6936,1.7048866666666667,10.24528,10.101157666666666,-68.422155970413,-66.94121475054199,4545.96875,4585.93439,1.17300971995653,1.1529730689403133
CAN,Canada,2017,1.778581,1.72903,1.7124833333333331,10.97789,10.438363333333333,-69.1173046088071,-68.0787119328373,4400.49278,4503.560653333334,1.13822961834775,1.1457452600758768
CAN,Canada,2018,1.663917,1.68702,1.7032166666666668,11.45108,10.891416666666666,-71.7314725772424,-69.75697771882083,4429.05796,4458.506496666666,1.27596227017982,1.1957338694947
CAN,Canada,2019,1.803488,1.7372,1.7177499999999999,10.17537,10.868113333333334,-75.0034002036097,-71.95072579655307,4715.91861,4515.1564499999995,1.16733782414707,1.1938432375582133
CAN,Canada,2020,1.595525,1.75578,1.7266666666666666,9.851196,10.492548666666666,-75.7691761628351,-74.16801631456241,4850.93689,4665.304486666667,1.2185883678119,1.2206294873795966
CAN,Canada,2021,1.406397,1.93413,1.8090366666666666,9.676791,9.901119,-79.7039821719259,-76.82551951279022,5155.65021,4907.501903333334,1.20172705848657,1.1958844168151799
CAN,Canada,2022,1.151103,1.87064,1.8535166666666667,8.769705,9.432564,-87.5821362876153,-81.0184315407921,5507.58596,5171.39102,,
CAN,Canada,2023,0.8605196,1.81291,1.87256,6.448633,8.298376333333332,-89.4880948333503,-85.59140443096385,5624.26883,5429.168333333334,,
CHE,Switzerland,1999,1.176899,,,5.382436,6.717279,61.2042051548407,60.75019867577917,,,1.52304344437611,1.4740873052882735
CHE,Switzerland,2000,0.9609434,,,5.558389,5.969264,55.9356786011656,58.94295376815423,,,1.55841773460303,1.49683368815511
CHE,Switzerland,2001,1.013009,2.26386,,4.694168,5.211664333333333,56.6945528445147,57.944812200173665,3643.69175,,1.53489688842472,1.5387860224679535
CHE,Switzerland,2002,1.002317,,,5.951307,5.401288000000001,57.876085415359,56.83543895367976,,,1.50648250419181,1.5332657090731867
CHE,Switzerland,2003,0.786194,,,6.454587,5.700020666666667,58.5210326412354,57.69722363370303,,,1.49874035901879,1.5133732505451067
CHE,Switzerland,2004,0.7830469,,,5.162116,5.856003333333334,57.1442553714071,57.847124476000495,,,1.5087950365678,1.5046726332594667
CHE,Switzerland,2005,0.8828031,2.60818,,4.814253,5.476985333333334,58.5480119533056,58.071099988649365,3451.74588,,1.48507056316195,1.4975353195828465
CHE,Switzerland,2006,0.7860187,,,6.226415,5.400928,63.0555300995931,59.58259914143526,,,1.45417228355718,1.4826792944289766
CHE,Switzerland,2007,0.8126016,,,6.639314,5.893327333333333,59.8563575777937,60.4866332102308,,,1.3745951177126,1.43794598814391
CHE,Switzerland,2008,0.8038771,,,7.619409,6.828379333333333,55.1951037752301,59.3689971508723,,,1.32545750944059,1.3847416369034569
CHE,Switzerland,2009,0.9433461,2.65296,,7.171582,7.143435,58.0088052436606,57.68675553222814,3313.52642,,1.33609558591522,1.34538273768947
CHE,Switzerland,2010,0.9102609,,,9.909305,8.233432,58.3544489948708,57.1861193379205,,,1.39062701071873,1.3507267020248468
CHE,Switzerland,2011,0.8720384,,,9.288115,8.789667333333334,57.4678038269866,57.94368602183933,,,1.41263553925267,1.37978604529554
CHE,Switzerland,2012,0.8146322,,,10.42245,9.873289999999999,57.080010476252,57.634087766036465,,,1.36792649067718,1.39039634688286
CHE,Switzerland,2013,0.7442249,2.87456,,9.090909,9.600491333333332,57.4193942756652,57.3224028596346,4497.48676,,1.37066368743838,1.38374190578941
CHE,Switzerland,2014,0.7592542,,,8.316888,9.276749,57.3949322962644,57.29811234939387,,,1.34172412987814,1.3601047693312331
CHE,Switzerland,2015,0.6771605,,,10.02126,9.143019,53.8501657501094,56.22149744067966,,,1.34695122148709,1.3531130129345368
CHE,Switzerland,2016,0.6852539,3.04577,,8.817577,9.051908333333332,56.4345660140979,55.89322135349056,5310.67497,,1.3648593332631,1.3511782282094433
CHE,Switzerland,2017,0.6575415,,,8.427742,9.088859666666666,60.1477701954962,56.810833986567836,,,1.40192577724533,1.3712454439985067
CHE,Switzerland,2018,0.7060626,3.04671,,8.843354,8.696224333333333,60.5829805254047,59.055105578332935,5257.57173,,1.40807736053432,1.3916208236809167
CHE,Switzerland,2019,0.7714143,,,9.657571,8.976222333333334,54.0396119765504,58.2567875658171,,,1.42022612363948,1.4100764204730432
CHE,Switzerland,2020,0.6582596,3.14983,,9.692548,9.397824333333332,55.4032199102169,56.675270804057334,5561.84719,,1.41165948491353,1.4133209896957766
CHE,Switzerland,2021,0.5670665,,,9.283668,9.544595666666668,50.5326747611034,53.325168882623565,,,1.38818837308095,1.40669132721132
CHE,Switzerland,2022,0.4045081,3.24862,,7.261354,8.745856666666667,52.4385530710634,52.791482580794565,6003.41115,,1.35101093552185,1.3836195978387769
CHE,Switzerland,2023,0.4411294,,,4.911363,7.152128333333333,51.7338476414653,51.56835849121071,,,1.27370850912943,1.3376359392440769
CHL,Chile,1999,0.01303441,,,,,69.5054811354041,66.1062231054966,,,1.57454373315189,1.4200562105440102
CHL,Chile,2000,0.01991578,,,,,71.2816167306968,68.4769715043375,,,1.45909094154343,1.471434770838427
CHL,Chile,2001,0.03198409,,,,,70.4940449473389,70.42704760447994,,,1.48469728599967,1.5061106535649966
CHL,Chile,2002,0.03531258,,,,,67.8365457140534,69.87073579736303,,,1.58378608993765,1.5091914391602501
CHL,Chile,2003,0.03026928,,,15.78947,,69.0840375617552,69.13820940771585,,,1.54901478483,1.5391660535891065
CHL,Chile,2004,0.03915597,,,,,71.3337721552689,69.41811847702583,,,1.45120187045322,1.5280009150736233
CHL,Chile,2005,0.04094509,,,14.28571,,75.2968199444253,71.90487655381646,,,1.26271667606861,1.4209777771172767
CHL,Chile,2006,0.07398611,,,,,72.2462472171982,72.95894643896413,,,1.26217694075078,1.3253651624242033
CHL,Chile,2007,0.04341147,,,,,72.9339608447136,73.49234266877903,,,1.03594572898108,1.1869464486001566
CHL,Chile,2008,0.04354889,0.31143,,21.62162,,77.9117396112639,74.36398255772524,334.61639,,1.10848777355415,1.1355368144286702
CHL,Chile,2009,0.05184078,0.37492,,18.57143,,72.7500942964616,74.53193158414636,355.67666,,0.896895326606377,1.0137762763805356
CHL,Chile,2010,0.05167576,0.35403,0.3467933333333333,22.0,20.731016666666665,70.2435930726474,73.63514232679097,287.11073,325.80126,0.897385729418647,0.9675896098597248
CHL,Chile,2011,0.1020432,0.33165,0.3535333333333333,12.5,17.690476666666665,72.2704435137372,71.75471029428206,318.2091,320.3321633333333,1.00264886855013,0.9323099748583846
CHL,Chile,2012,0.0603837,0.35288,0.3461866666666667,13.43284,15.977613333333332,73.8311740907948,72.11507022572647,352.01898,319.11293666666666,1.04825698932533,0.9827638624313689
CHL,Chile,2013,0.06656201,0.36213,0.34888666666666673,12.58741,12.840083333333334,67.1384298913492,71.08001583196041,389.87508,353.36772,1.08530877227548,1.0454048767169801
CHL,Chile,2014,0.07090865,0.39031,0.36844000000000005,20.0,15.340083333333332,65.8715584951178,68.94705415908727,334.78846,358.89417333333336,1.09405445592866,1.0758734058431567
CHL,Chile,2015,0.08641507,0.37668,0.3763733333333334,15.71429,16.100566666666666,67.2508288416277,66.75360574269823,426.80476,383.82276666666667,1.1712934761315,1.11688556811188
CHL,Chile,2016,0.05915644,0.38296,0.3833166666666667,11.48936,15.734549999999999,68.1847796488233,67.1023889951896,455.29183,405.62834999999995,1.15302367812021,1.1394572033934567
CHL,Chile,2017,0.04807348,0.37103,0.37689,12.7193,13.30765,69.1768970395068,68.20416850998593,495.36438,459.1536566666667,1.18150653956709,1.1686078979396
CHL,Chile,2018,0.07198159,0.35679,0.37026000000000003,14.66667,12.958443333333333,68.361001924862,68.57422620439736,494.62971,481.7619733333333,1.21957484907892,1.1847016889220734
CHL,Chile,2019,0.07812119,0.36916,0.36566000000000004,17.80303,15.063000000000002,67.6635625998358,68.4004871880682,523.65457,504.54955333333334,1.30379745800118,1.2349596155490634
CHL,Chile,2020,0.05064903,0.34243,0.35612666666666665,16.03773,16.169143333333334,69.2258871522885,68.41681722566209,507.31033,508.5315366666666,1.3338000446659,1.2857241172486666
CHL,Chile,2021,0.04739795,0.33525,0.3489466666666667,18.84058,17.560446666666667,66.7182391849769,67.8692296457004,515.32026,515.4283866666666,1.30232943587999,1.3133089795156898
CHL,Chile,2022,0.03126482,0.36063,0.3461033333333334,15.35836,16.74555666666667,68.8632430428331,68.2691231266995,638.83802,553.8228700000001,0.998720991975087,1.211616824173659
CHL,Chile,2023,0.05549005,0.39205,0.3626433333333334,12.98701,15.72865,66.2732116154234,67.28489794774447,707.0557,620.40466,0.806428479479831,1.0358263024449694
CHN,China,1999,0.5181178,0.64185,0.6122200000000001,8.440303,8.511121000000001,0.305622763116886,-0.05703638869372729,389.62565,437.6460333333334,0.151425686464277,
CHN,China,2000,0.5609612,0.74295,0.6731566666666667,8.498465,8.398095333333332,1.2667491963187,0.740703330149136,422.97614,429.60494666666665,0.152343702977383,
CHN,China,2001,0.8222304,0.88409,0.7562966666666666,6.521908,7.820225333333333,2.45807505926914,1.3434823395682418,549.57477,454.0588533333333,0.379099109058856,0.22762283283350535
CHN,China,2002,1.101665,0.92948,0.8521733333333333,7.818625,7.612999333333334,0.0954125824372545,1.273412279341698,582.78825,518.4463866666666,0.627850349464547,0.38643105383359533
CHN,China,2003,1.267008,1.04418,0.9525833333333334,8.377145,7.572559333333333,1.55077393655025,1.368087192752215,631.73478,588.0325999999999,0.709704416199896,0.5722179582410997
CHN,China,2004,1.70891,1.10465,1.0261033333333334,7.412372,7.869380666666667,2.81787719089625,1.4880212366279182,667.9285,627.4838433333333,0.796248743518493,0.711267836394312
CHN,China,2005,2.356871,1.19732,1.1153833333333332,7.080285,7.623267333333334,5.80570745907935,3.3914528621752833,713.42588,671.02972,0.831697396302701,0.7792168520070298
CHN,China,2006,2.617077,1.29008,1.19735,7.310122,7.267593000000001,5.60861584629628,4.744066832090627,856.65892,746.0044333333334,0.811826810420863,0.8132576500806857
CHN,China,2007,2.814546,1.34923,1.2788766666666667,8.80653,7.732312333333334,6.95939640874444,6.124573238040024,931.20148,833.7620933333334,0.826459350952294,0.8233278525586193
CHN,China,2008,3.424677,1.35321,1.33084,9.451435,8.522695666666666,7.94609861840451,6.838036957815077,1076.73747,954.8659566666666,0.830017685481456,0.8227679489515376
CHN,China,2009,3.919571,1.4233,1.3752466666666667,9.610085,9.28935,8.6324519295838,7.845982318910917,1197.58885,1068.5092666666667,0.795357701612431,0.8172782460153938
CHN,China,2010,4.744965,1.6366,1.4710366666666665,8.085723,9.049081,12.0784803208113,9.552343622933202,861.24883,1045.1917166666667,1.27267844892949,0.9660179453411256
CHN,China,2011,4.928482,1.68456,1.5814866666666667,9.690722,9.128843333333334,13.5822901864238,11.431074145606301,898.85545,985.8977100000001,1.41009511004899,1.159377086863637
CHN,China,2012,5.392156,1.75244,1.6912000000000003,9.41208,9.062841666666666,14.7187375691953,13.459836025476799,972.01743,910.7072366666666,1.34042528296923,1.3410662806492368
CHN,China,2013,5.722347,1.88095,1.7726499999999998,9.322893,9.475231666666666,16.5519076203457,14.950978458654932,1028.98334,966.61874,1.37424188682374,1.3749207599473199
CHN,China,2014,6.199893,1.96246,1.8652833333333334,8.98018,9.238384333333334,17.3260320088109,16.19889239945063,1079.63795,1026.8795733333334,0.748447305803064,1.1543714918653447
CHN,China,2015,7.472712,1.98475,1.9427200000000002,8.85935,9.054141,17.5411749363193,17.13970485515863,1101.80087,1070.14072,0.75385255558974,0.9588472494055148
CHN,China,2016,10.10092,2.01703,1.98808,8.814282,8.884604,16.7064227414127,17.1912098955143,1162.7108,1114.7165400000001,0.69269469061518,0.7316648506693278
CHN,China,2017,12.36607,2.0595,2.020426666666667,10.10744,9.260357333333333,19.1930740055994,17.81355722777713,1208.86205,1157.79124,0.571471391432732,0.6726728792125506
CHN,China,2018,14.12646,2.07771,2.051413333333333,10.87052,9.930747333333334,20.4189899878205,18.772828911610862,1235.84935,1202.4740666666667,0.643156727452412,0.6357742698334413
CHN,China,2019,17.21756,2.10232,2.0798433333333333,11.48459,10.820850000000002,21.668746469651,20.426936821023634,1317.48914,1254.0668466666666,0.652770747938954,0.622466288941366
CHN,China,2020,21.22932,2.20144,2.1271566666666666,11.99809,11.451066666666668,22.2209738878689,21.436236781780135,1483.85803,1345.7321733333333,0.643222738788737,0.6463834047267011
CHN,China,2021,27.46088,2.35712,2.2202933333333337,14.78465,12.755776666666668,22.9745721923886,22.288097516636167,1600.30633,1467.2178333333331,0.627133364693223,0.6410422838069713
CHN,China,2022,36.75972,2.38165,2.3134033333333335,17.46399,14.748909999999997,21.638660726732,22.278068935663168,1685.97511,1590.04649,0.60400927213015,0.62478845853737
CHN,China,2023,38.42308,2.4945,2.41109,20.23916,17.49593333333333,20.6245589248584,21.745930614659667,1849.23669,1711.8393766666668,,
COL,Colombia,1999,0.02281022,,,,,-157.174385275194,-140.64746639345069,,,0.418933992868498,0.5041310525036743
COL,Colombia,2000,0.01707067,,,,,-195.403344275127,-163.95043642989967,,,0.42278657781376,0.4437496267189003
COL,Colombia,2001,0.005375477,0.13106,,3.571429,,-183.116628744126,-178.56478609814903,,,0.843399978225457,0.5617068496359049
COL,Colombia,2002,0.006103409,0.1329,,,,-176.859451117815,-185.12647471235599,,,0.951815538060333,0.7393340313665165
COL,Colombia,2003,0.01130053,0.15559,0.13985,10.52632,,-171.421185151526,-177.13242167115564,,,0.842276954569905,0.8791641569518983
COL,Colombia,2004,0.01196432,0.17398,0.1541566666666667,8.510638,,-181.333682204549,-176.53810615796337,,,0.892321802503207,0.8954714317111483
COL,Colombia,2005,0.009061619,0.16964,0.16640333333333335,14.0,11.012319333333332,-192.727636672991,-181.82750134302196,,,0.877634870477003,0.870744542516705
COL,Colombia,2006,0.01717209,0.16557,0.16973000000000002,,,-189.661059210601,-187.90745936271367,,,0.88741205413515,0.88578957570512
COL,Colombia,2007,0.01725328,0.16427,0.16649333333333335,1.785714,,-198.79932817786,-193.72934135381732,,,0.817411431431536,0.860819452014563
COL,Colombia,2008,0.03259487,0.18307,0.17096999999999998,5.172414,,-202.67752129592,-197.04596956146034,,,0.773798980949587,0.8262074888387577
COL,Colombia,2009,0.0371318,0.19541,0.1809166666666667,7.291667,4.749931666666667,-206.85479163314,-202.77721370230665,,,0.734368349127053,0.7751929205027254
COL,Colombia,2010,0.02361555,0.19351,0.19066333333333332,15.0,9.154693666666667,-216.447263669203,-208.65985886608766,,,0.70400638413454,0.7373912380703933
COL,Colombia,2011,0.03323246,0.19358,0.19416666666666668,13.20755,11.833072333333334,-245.91526329492,-223.07243953242104,,,0.695728388627526,0.711367707296373
COL,Colombia,2012,0.01738898,0.19842,0.19516999999999998,13.6,13.93585,-284.184501762768,-248.84900957563036,,,0.663907202856393,0.6878806585394863
COL,Colombia,2013,0.02918615,0.22116,0.2043866666666667,8.888889,11.898812999999999,-308.771574616249,-279.6237798913123,,,0.628107311663856,0.662580967715925
COL,Colombia,2014,0.02840264,0.25761,0.22573000000000001,11.22995,11.239613,-223.803966779921,-272.253347719646,58.0547,,0.828160915840496,0.7067251434535816
COL,Colombia,2015,0.02505643,0.30317,0.2606466666666667,8.759124,9.625987666666667,-237.432787599545,-256.66944299857164,59.05478,,0.81283991150665,0.756369379670334
COL,Colombia,2016,0.04879464,0.36542,0.30873333333333336,9.836065,9.941713,-212.769696143014,-224.66881684082668,70.66931,62.592929999999996,0.829241384014908,0.8234140704540179
COL,Colombia,2017,0.04674805,0.27051,0.31303333333333333,4.72973,7.774973,-201.141101141046,-217.114528294535,91.2603,73.66146333333333,0.818927916010236,0.8203364038439314
COL,Colombia,2018,0.0397793,0.26109,0.29900666666666664,9.090909,7.885567999999999,-250.107607124827,-221.33946813629566,90.24729,84.05896666666666,0.616810748207665,0.7549933494109363
COL,Colombia,2019,0.04174601,0.31233,0.28131,12.32877,8.716469666666667,-228.78509726312,-226.67793517633098,,,0.664763104152917,0.700167256123606
COL,Colombia,2020,0.02327205,0.32201,0.29847666666666667,13.63636,11.685346333333333,-181.414112402675,-220.1022722635407,,,0.613969427477314,0.6318477599459653
COL,Colombia,2021,0.01708906,0.2894,0.3079133333333333,14.46809,13.477739999999999,-192.845620308305,-201.01494332469997,,,0.561299781807578,0.6133441044792697
COL,Colombia,2022,0.04995184,,,13.39564,13.833363333333333,-145.26017037422,-173.1733010284,,,0.586162854386682,0.587144021223858
COL,Colombia,2023,0.02127118,,,14.59732,14.153683333333333,-139.124198035696,-159.07666290607366,,,0.564106262549267,0.5705229662478424
CRI,Costa Rica,1999,0.006517205,0.26526,0.28772000000000003,,,72.5382734850913,68.10180490392467,,,0.437499228395884,0.3962427648005176
CRI,Costa Rica,2000,,0.36759,0.3095133333333333,,,71.2334865802912,69.57700577744407,,,0.363623480684063,0.389116463754238
CRI,Costa Rica,2001,0.001343869,0.41135,0.3480666666666667,,,61.4181343661949,68.39663147719246,,,0.44802873882617,0.41638381596870566
CRI,Costa Rica,2002,0.005231494,,,,,65.25215810995,65.96792635214537,,,1.39764038054584,0.7364308666853576
CRI,Costa Rica,2003,,,,,,64.2444906705039,63.638261048882924,,,2.50916677639682,1.4516119652562767
CRI,Costa Rica,2004,0.004350664,0.3619,,,,62.669800889006,64.0554832231533,133.40471,,2.74780865463376,2.218205270525474
CRI,Costa Rica,2005,0.01812324,0.37288,,7.142857,,52.0361711839526,59.65015424782083,110.07807,,2.64617871010282,2.634384713711133
CRI,Costa Rica,2006,0.003653635,,,15.0,,54.9568327577702,56.5542682769096,124.52761,122.67013000000001,,
CRI,Costa Rica,2007,0.008348361,0.42693,,7.692307,9.945054666666666,54.4819722720156,53.82499207124613,,,2.44282793895286,
CRI,Costa Rica,2008,0.006412106,0.35655,,,,56.272567056396,55.237124028727266,,,2.49572323181429,
CRI,Costa Rica,2009,,0.38593,0.38980333333333334,10.52632,,57.2668854983053,56.007141608905634,264.17779,,2.36826716865193,2.435606113139693
CRI,Costa Rica,2010,0.0012495,0.51718,0.4198866666666667,,,51.8884763483632,55.14264296768817,343.38493,,2.52018041378071,2.4613902714156435
CRI,Costa Rica,2011,,0.4799,0.4610033333333334,,,53.2435695538058,54.13297713349143,385.92478,331.16249999999997,2.46458130866513,2.4510096303659235
CRI,Costa Rica,2012,0.001605136,0.46235,0.48647666666666667,,,54.3483819791988,53.1601426271226,410.68891,379.99954,2.39654547473391,2.46043573239325
CRI,Costa Rica,2013,,0.54713,0.49645999999999996,,,50.2921239753016,52.628025169435396,340.94423,379.1859733333333,2.27606304973362,2.3790632777108867
CRI,Costa Rica,2014,0.003134084,0.54253,0.5173366666666667,,,51.0414477078597,51.89398455412003,359.00481,370.21265,2.42539199536707,2.3660001732782003
CRI,Costa Rica,2015,,0.55627,0.5486433333333333,,,52.250373139599,51.19464827425343,574.91761,424.95554999999996,2.30277846215008,2.3347445024169233
CRI,Costa Rica,2016,0.004521511,0.43665,0.5118166666666667,,,50.8986034627929,51.39680810341721,500.97138,478.2979333333333,2.39630978912245,2.3748267488798667
CRI,Costa Rica,2017,0.01038846,0.44335,0.47875666666666666,,,56.1061929551092,53.08505651916703,531.44617,535.7783866666667,2.38403275170226,2.36104033432493
CRI,Costa Rica,2018,0.003099686,0.42587,0.43529,8.928572,,60.5187406296853,55.84117901586246,385.02378,472.48044333333337,2.37882201826667,2.3863881863637935
CRI,Costa Rica,2019,0.00592884,0.37144,0.4135533333333334,5.0,,58.3669186196827,58.3306174014924,349.49117,421.98704,2.32052468129698,2.3611264837553034
CRI,Costa Rica,2020,0.003684741,,,7.317073,7.081881666666668,57.9638106650688,58.94982330481226,,,2.34233871679715,2.3472284721202663
CRI,Costa Rica,2021,0.00193461,0.33002,,5.769231,6.0287679999999995,46.8206156292026,54.3837816379847,371.97029,,1.7315397054433,2.1314677011791434
CRI,Costa Rica,2022,0.00431239,0.27385,,,,53.3836972481409,52.722707847470765,406.58119,,2.07272542824314,2.048867950161197
CRI,Costa Rica,2023,,0.33789,0.31392,,,53.0802332296344,51.09484870232597,462.47421,413.67523,1.99825418558059,1.9341731064223433
CUB,Cuba,1999,,0.50124,0.4167733333333333,13.7931,9.719517666666666,,,,,,
CUB,Cuba,2000,,0.45832,0.45376,,,,,,,,
CUB,Cuba,2001,0.002687739,0.47865,0.4794033333333334,,,,,,,,
CUB,Cuba,2002,,0.5653,0.5007566666666667,9.756098,,,,,,,
CUB,Cuba,2003,0.004843084,0.56445,0.5361333333333334,2.12766,,,,,,,
CUB,Cuba,2004,0.004350664,0.58243,0.5707266666666667,,,,,,,,
CUB,Cuba,2005,0.001342462,0.60231,0.5830633333333334,3.333333,,,,,,,
CUB,Cuba,2006,0.02192181,0.5492,0.57798,5.454545,,,,,,,
CUB,Cuba,2007,0.003339344,0.44139,0.5309666666666667,9.302325,6.030067666666667,49.7923691454491,,,,,
CUB,Cuba,2008,0.003206053,0.43615,0.47558000000000006,11.53846,8.76511,47.9184720113528,,,,,
CUB,Cuba,2009,0.00287472,0.50061,0.4593833333333333,5.263158,8.701314333333334,51.2446140095779,49.65181838879327,,,,
CUB,Cuba,2010,0.0002776667,0.61485,0.5172033333333333,3.333333,6.711650333333334,55.537393943701,51.56682665487724,,,,
CUB,Cuba,2011,0.0002606468,0.60767,0.5743766666666666,8.571428,5.722639666666666,61.5043321841438,56.095446712474235,,,,
CUB,Cuba,2012,0.003057403,0.27192,0.4981466666666667,5.405406,5.770055666666667,57.4103613439155,58.1506958239201,,,,
CUB,Cuba,2013,0.002308509,0.40716,0.42891666666666667,,,58.1701021022561,59.02826521010513,,,,
CUB,Cuba,2014,,0.47467,0.38458333333333333,21.42857,,56.9958958850848,57.5254531104188,,,,
CUB,Cuba,2015,,0.41596,0.4325966666666667,5.882353,,54.1860434275207,56.45068047162053,,,,
CUB,Cuba,2016,,0.42854,0.4397233333333333,,,54.8396250733803,55.34052146199526,,,,
CUB,Cuba,2017,0.0007164453,0.34223,0.39557666666666663,7.692307,,58.75061809063,55.92542886384367,,,,
CUB,Cuba,2018,,0.43066,0.40047666666666665,20.0,,55.238831093573,56.2763580858611,,,,
CUB,Cuba,2019,0.002092532,0.53691,0.43660000000000004,5.263158,10.985155,50.3939463536692,54.79446517929074,2053.96588,,,
CUB,Cuba,2020,,0.55308,0.5068833333333334,13.33333,12.865496,52.8136246185072,52.8154673552498,2136.67708,,,
CUB,Cuba,2021,,0.51838,0.5361233333333334,11.53846,10.044982666666668,53.5937707140517,52.26711389540937,2121.90949,2104.1841499999996,,
CUB,Cuba,2022,,0.32282,0.46476,,,58.1384804373844,54.84862525664777,2099.70203,2119.4295333333334,,
CUB,Cuba,2023,0.002312085,0.36032,0.4005066666666666,,,62.8133332274217,58.18186145961928,2079.08182,2100.2311133333333,,
CYP,Cyprus,1999,0.009775808,0.20331,,,,,,349.5183,,2.29364891586771,2.3576746944713203
CYP,Cyprus,2000,0.01327719,0.21806,,,,,,407.11007,,2.26478697076353,2.266686020711793
CYP,Cyprus,2001,0.01881417,0.2269,0.21609,,,,,438.81436,398.48091,2.46908919301557,2.34250835988227
CYP,Cyprus,2002,0.01307873,0.23694,0.22730000000000003,10.0,,,,477.38582,441.10341666666665,2.74505329184924,2.492976485209447
CYP,Cyprus,2003,0.006457445,0.27967,0.24783666666666668,,,,,616.5499,510.91669333333334,2.71196430074935,2.6420355952047196
CYP,Cyprus,2004,,0.31834,0.27831666666666666,,,,,686.54374,593.4931533333333,3.45963120173988,2.97221626477949
CYP,Cyprus,2005,0.01443147,0.33564,0.31121666666666664,,,,,806.48173,703.19179,3.62792634326674,3.2665072819186562
CYP,Cyprus,2006,0.008829619,0.36727,0.34041666666666665,,,,,930.33788,807.7877833333333,3.31932295583717,3.46896016694793
CYP,Cyprus,2007,0.009461476,0.38346,0.36212333333333335,,,,,1005.35878,914.0594633333334,3.08875,3.3453330997013033
CYP,Cyprus,2008,0.01763329,0.40007,0.3836,,,,,1054.20653,996.6343966666667,3.14020427754416,3.182759077793777
CYP,Cyprus,2009,0.009582399,0.38594,0.38982333333333336,23.52941,,,,1038.21427,1032.5931933333334,3.02057913790473,3.08317780514963
CYP,Cyprus,2010,0.008746501,0.44437,0.4101266666666667,26.31579,,,,1095.4538,1062.6248666666665,2.78439666943321,2.9817266949607
CYP,Cyprus,2011,0.002345821,0.44292,0.42440999999999995,35.71429,28.51983,,,1104.81725,1079.4951066666667,2.74599077506681,2.850322194134917
CYP,Cyprus,2012,0.003898188,0.45263,0.44664,,,,,1091.99036,1097.42047,2.74698994732844,2.7591257972761536
CYP,Cyprus,2013,0.0004617018,0.43765,0.44439999999999996,,,,,1022.02872,1072.9454433333333,2.57753105825743,2.6901705935508935
CYP,Cyprus,2014,0.0129281,0.48485,0.45837666666666665,,,,,1030.30177,1048.10695,2.7161409665036,2.6802206573631566
CYP,Cyprus,2015,0.001183768,0.51205,0.47818333333333335,,,,,1048.79818,1033.7095566666667,3.05500249463926,2.7828915064667634
CYP,Cyprus,2016,0.005275096,0.47529,0.49072999999999994,,,120.800980792808,,994.37065,1024.4902,3.03329222644417,2.9348118958623437
CYP,Cyprus,2017,0.00268667,0.5197,0.5023466666666666,,,120.81703321389,,1039.63583,1027.6015533333332,2.91472497464321,3.001006565242213
CYP,Cyprus,2018,0.0005166143,0.54259,0.5125266666666667,,,,,1188.67243,1074.2263033333331,2.99570699817855,2.98124139975531
CYP,Cyprus,2019,0.009765148,0.61032,0.5575366666666667,,,,,1385.15663,1204.4882966666667,2.91901772726499,2.9431499000289167
CYP,Cyprus,2020,0.007272516,0.70269,0.6185333333333333,,,,,1631.10513,1401.64473,2.51853202714868,2.8110855841974067
CYP,Cyprus,2021,0.007416006,0.82581,0.71294,25.92593,,,,1712.04604,1576.1026000000002,2.43709718007431,2.6248823114959934
CYP,Cyprus,2022,0.02443687,0.77686,0.7684533333333334,21.42857,,108.443148307344,,1707.8633,1683.67149,2.34357106630789,2.4330667578436267
CYP,Cyprus,2023,0.03872743,0.70468,0.7691166666666667,5.882353,17.745617666666668,117.037858353679,,1681.07176,1700.3270333333332,2.02726972326083,2.2693126565476764
CZE,Czechia,1999,0.1379475,1.05423,0.9734666666666666,16.15854,14.366129999999998,25.1143630942899,24.482426197797036,1223.32114,1234.70968,2.37604118062561,2.4287300527263436
CZE,Czechia,2000,0.07207617,1.04295,1.0265633333333333,10.06098,13.31301,25.0817365090553,24.767485642760203,1319.35303,1255.15009,2.54243869843755,2.4367062658998666
CZE,Czechia,2001,0.0904872,1.10377,1.0669833333333334,11.5625,12.594006666666667,22.7798633013614,24.32532096823553,1352.21409,1298.2960866666665,2.41436958786515,2.44428315564277
CZE,Czechia,2002,0.09011871,1.09343,1.08005,10.88235,10.835276666666667,25.1360999125507,24.332566574322467,1465.05243,1378.8731833333334,2.46861143073669,2.475139905679797
CZE,Czechia,2003,0.1146197,1.09272,1.0966399999999998,9.803922,10.749590666666668,26.3359451048518,24.750636106254632,1463.13284,1426.7997866666665,2.42971928654307,2.437566768381637
CZE,Czechia,2004,0.1324777,1.13817,1.1081066666666664,12.39892,11.028397333333332,25.0623374140375,25.511460810480003,1543.13456,1490.439943333333,2.52077501140937,2.4730352428963767
CZE,Czechia,2005,0.1002819,1.13619,1.1223599999999998,15.45894,12.553927333333334,25.5575034038039,25.651928640897733,1589.73189,1531.9997633333332,2.61194218364862,2.5208121605336866
CZE,Czechia,2006,0.1207526,1.15998,1.14478,16.62592,14.827926666666665,28.103739589013,26.241193468951465,2353.41029,1828.758913333333,2.66123142120114,2.5979828720863765
CZE,Czechia,2007,0.1876711,1.22564,1.1739366666666669,13.30166,15.128839999999999,27.666133997312,27.1091256633763,2552.57872,2165.2403,2.5650683718896,2.612747325579787
CZE,Czechia,2008,0.1478525,1.2967,1.2274399999999999,16.96751,15.631696666666668,25.13008634507,26.966653310465002,2701.68545,2535.891486666667,2.60642684323537,2.6109088787753705
CZE,Czechia,2009,0.1274459,1.2352,1.2525133333333336,13.08725,14.45214,27.9306353868618,26.90895190974793,2876.01839,2710.0941866666667,2.57176285502843,2.581086023384467
CZE,Czechia,2010,0.114478,1.28943,1.2737766666666668,13.48511,14.51329,27.0007812495618,26.687167660497867,2765.27088,2780.9915733333332,2.61757813511832,2.5985892777940403
CZE,Czechia,2011,0.1209662,1.31352,1.2793833333333333,12.42938,13.00058,25.5549110554583,26.828775897293966,2799.12504,2813.4714366666667,2.58036026959904,2.5899004199152635
CZE,Czechia,2012,0.104716,1.5323,1.3784166666666666,12.4451,12.786529999999999,28.8847208274286,27.146804377482898,2925.87928,2830.091733333333,2.69836372182631,2.63210070884789
CZE,Czechia,2013,0.1286994,1.757,1.5342733333333332,11.39089,12.088456666666668,25.4295760668279,26.623069316571602,3162.1117,2962.372006666667,2.61172037055293,2.630148120659427
CZE,Czechia,2014,0.1337862,1.86743,1.71891,11.3612,11.732396666666668,27.7105784033429,27.3416250991998,3260.83143,3116.274136666667,2.4867464657685,2.59894351938258
CZE,Czechia,2015,0.1035797,1.94392,1.8561166666666666,10.9529,11.234996666666667,30.2869253490595,27.8090266064101,3428.30846,3283.75053,2.48115423261491,2.5265403563121134
CZE,Czechia,2016,0.1490215,1.906,1.9057833333333332,9.429825,10.581308333333334,32.1172947810533,30.03826617781857,3619.16017,3436.1000200000003,2.42361385765077,2.4638381853447267
CZE,Czechia,2017,0.1423935,1.65411,1.8346766666666667,13.26781,11.216845,32.8779327240992,31.76071761807067,3546.92776,3531.4654633333334,2.45905748260903,2.45460852429157
CZE,Czechia,2018,0.1424133,1.74513,1.7684133333333332,14.23488,12.310838333333335,37.2880141258682,34.09441387700691,3718.34571,3628.1445466666664,2.36470599365479,2.4157924446381966
CZE,Czechia,2019,0.1254647,1.87652,1.7585866666666667,15.44118,14.314623333333335,37.0866596456497,35.75086883187237,3906.6782,3723.98389,2.32504007927283,2.382934518512217
CZE,Czechia,2020,0.1647629,1.89547,1.83904,13.41772,14.364593333333332,41.0173002215024,38.46399133100677,4027.58714,3884.203683333333,2.37561407462112,2.355120049182913
CZE,Czechia,2021,0.1125298,1.94537,1.9057866666666667,16.46904,15.109313333333333,38.7849705147801,38.962976793977404,4187.18471,4040.4833500000004,2.25197651363567,2.3175435558432067
CZE,Czechia,2022,0.1217172,1.93302,1.92462,13.59593,14.49423,40.026140655108,39.942803797130175,4560.45106,4258.407636666667,2.12371739232104,2.2504359935259437
CZE,Czechia,2023,0.118687,1.89089,1.9230933333333333,12.45033,14.171766666666665,42.0233637396692,40.27815830318577,4696.6857,4481.440490000001,1.73026356118239,2.0353191557130335
DEU,Germany,1999,17.90993,2.20748,2.17524,9.356725,9.572241666666667,62.4806138888732,61.084063776594974,2884.30523,2849.585606666666,2.11356939341644,2.1564284836845697
DEU,Germany,2000,17.15248,2.32772,2.2389366666666666,9.973154,9.676799,60.8209367337946,61.3532095368167,3120.9,2956.011943333333,2.22721343224663,2.158320236580263
DEU,Germany,2001,16.46433,2.38654,2.3072466666666664,10.23551,9.855129666666667,61.1039580456091,61.46850288942563,3154.48437,3053.2298666666666,2.30738850332917,2.21605710966408
DEU,Germany,2002,15.36277,2.3792,2.3644866666666666,9.973186,10.060616666666666,62.5050248519619,61.47663987712187,3230.26868,3168.551016666667,2.47575300724654,2.3367849809407804
DEU,Germany,2003,13.94898,2.40856,2.3914333333333335,10.24977,10.152822,61.7994878938763,61.80282359714909,3240.75467,3208.502573333333,2.47086076928613,2.4180007599539466
DEU,Germany,2004,13.20974,2.44232,2.4100266666666665,10.24509,10.156015333333334,62.269879079911,62.191463941916396,3275.18656,3248.736636666667,2.59909407758802,2.5152359513735636
DEU,Germany,2005,12.96691,2.40278,2.4178866666666665,9.843041,10.112633666666666,62.8650670376201,62.31147800380247,3290.96185,3268.9676933333335,2.47687393154938,2.5156095928078432
DEU,Germany,2006,13.58964,2.40266,2.41592,10.1657,10.084610333333332,62.530571039464,62.55517238566503,3315.75626,3293.9682233333333,2.40522163124379,2.4937298801270633
DEU,Germany,2007,13.3251,2.43043,2.4119566666666667,11.03805,10.348930333333334,62.8343075975222,62.74331522486876,3411.78697,3339.5016933333336,2.32679108722354,2.4029622166722366
DEU,Germany,2008,13.98602,2.41918,2.4174233333333333,12.21359,11.139113333333334,60.5578292354181,61.974235957468096,3573.67338,3433.7388699999997,2.15675000590036,2.296254241455897
DEU,Germany,2009,13.47375,2.57152,2.47371,13.61367,12.288436666666668,62.8465530476543,62.07956329353153,3726.67445,3570.7116,2.14350962281054,2.2090169053114797
DEU,Germany,2010,12.84875,2.68864,2.55978,14.78806,13.53844,63.2780731769109,62.22748515332776,3916.78276,3739.0435300000004,2.22661541483123,2.1756250145140434
DEU,Germany,2011,12.27915,2.67632,2.645493333333333,16.15774,14.853156666666665,62.0536486295109,62.72609161802537,4056.42386,3899.9603566666665,2.11386588992607,2.16133030918928
DEU,Germany,2012,11.44645,2.75016,2.70504,16.50264,15.816146666666668,63.9626026669831,63.09810815780164,4191.51741,4054.9080099999996,2.14563597919798,2.16203909465176
DEU,Germany,2013,10.54093,2.82499,2.7504900000000005,16.25624,16.305539999999997,63.4091868018455,63.1418126994465,4355.567,4201.169423333333,2.08875224076732,2.116084703297123
DEU,Germany,2014,10.79015,2.78067,2.785273333333334,15.51965,16.09284333333333,64.6341861183046,64.00199186237774,4380.38742,4309.157276666667,2.0312282023381,2.0885388074344666
DEU,Germany,2015,10.32969,2.82218,2.8092799999999998,15.72844,15.834776666666665,64.0352360163442,64.02620297883144,4336.01915,4357.324523333333,1.96260179487265,2.0275274126593565
DEU,Germany,2016,10.00981,2.87725,2.8267,15.76515,15.671080000000002,64.435449668835,64.36829060116126,4755.29531,4490.5672933333335,1.89159496378397,1.9618083203315735
DEU,Germany,2017,10.22192,2.88393,2.8611199999999997,15.72422,15.73927,66.3064728203049,64.92571950182804,4839.84645,4643.7203033333335,1.82850402520564,1.8942335946207534
DEU,Germany,2018,10.37376,2.9886,2.916593333333333,15.6604,15.716589999999998,66.6211966116221,65.78770636692066,5058.39528,4884.512346666666,1.59031073726175,1.7701365754171199
DEU,Germany,2019,9.738097,3.05057,2.9743666666666666,16.45395,15.946190000000001,66.2019306623099,66.37653336474564,5209.2143,5035.818676666667,1.7408841985002,1.7198996536558633
DEU,Germany,2020,8.935518,3.11256,3.0505766666666667,16.16213,16.092159999999996,69.9240006475155,67.58237597381583,5398.63462,5222.0814,1.7290261621328,1.6867403659649167
DEU,Germany,2021,6.09054,3.0897,3.084276666666667,16.11167,16.242583333333332,65.3856005738018,67.17051062787573,5390.05249,5332.633803333333,1.6676909340739,1.7125337649023
DEU,Germany,2022,5.048269,3.0786,3.09362,9.118176,13.797325333333333,65.4045618672755,66.90472102953093,5520.57631,5436.4211399999995,1.77450591057702,1.7237410022612398
DEU,Germany,2023,5.323825,3.07096,3.079753333333333,6.839175,10.689673666666666,71.7534093856193,67.5145239422322,5801.62324,5570.75068,1.60203346105694,1.68141010190262
DNK,Denmark,1999,0.6182656,2.00749,1.9026633333333332,7.710844,9.614717666666666,6.17029375930037,15.947563041416492,,,5.28917941775051,4.816135657784684
DNK,Denmark,2000,0.6135958,2.12857,2.0094800000000004,8.108109,9.142817666666668,-18.7622033830766,1.603622761478191,3565.39014,,5.35686148944942,5.079297228903236
DNK,Denmark,2001,0.626691,2.18774,2.1079333333333334,6.903766,7.574239666666666,-40.0504559356197,-17.54745518646531,,,4.95118857232386,5.199076493174597
DNK,Denmark,2002,0.6070276,2.32339,2.213233333333333,6.954887,7.322254000000001,-31.5201059825194,-30.1109217670719,3636.56281,,4.89560229297813,5.06788411825047
DNK,Denmark,2003,0.6212062,2.43935,2.3168266666666666,8.566978,7.475210333333334,-45.9649343225266,-39.17849874688857,4758.77798,,5.07840266160484,4.975064508968943
DNK,Denmark,2004,0.5534044,2.50711,2.4232833333333335,8.620689,8.047518,-34.23857126224,-37.241203855762,4621.86049,4339.067093333333,4.87496201681396,4.94965565713231
DNK,Denmark,2005,0.7264062,2.41328,2.4532466666666664,11.46712,9.551595666666666,-51.115235015469,-43.77291353341187,4847.79783,4742.8121,5.07741983411322,5.01026150417734
DNK,Denmark,2006,0.7078919,2.38721,2.4358666666666666,14.09692,11.394909666666665,-55.2166109956661,-46.8568057577917,5207.24681,4892.30171,5.04003410523443,4.997471985387204
DNK,Denmark,2007,1.052227,2.39875,2.3997466666666667,12.73006,12.7647,-38.9578084863558,-48.429884832496974,5314.72934,5123.257993333333,4.80607301953742,4.974508986295024
DNK,Denmark,2008,1.301604,2.50921,2.4317233333333337,16.39344,14.406806666666668,-26.7532599087598,-40.3092264635939,5539.33467,5353.770273333333,4.83979992764512,4.895302350805657
DNK,Denmark,2009,1.108252,2.76081,2.5562566666666666,13.58314,14.235546666666666,-23.2651146163815,-29.658727670499033,6519.6824,5791.248803333333,4.29218121275194,4.646018053311493
DNK,Denmark,2010,1.200936,3.04209,2.7707033333333335,12.70784,14.228139999999998,-20.2421472708549,-23.420173931998733,6674.9003,6244.639123333333,4.06094380608825,4.3976416488284364
DNK,Denmark,2011,1.206221,2.91389,2.9055966666666664,20.93567,15.742216666666666,-17.6326513531906,-20.37997108014233,6763.58309,6652.72193,4.1153221965466,4.156149071795597
DNK,Denmark,2012,0.9766873,2.94198,2.9659866666666663,25.2495,19.631003333333332,-6.93017735083453,-14.934991991626676,7045.77406,6828.085816666667,4.13268126605117,4.10298242289534
DNK,Denmark,2013,0.8140573,2.9845,2.94679,20.3125,22.16589,-3.47302558398239,-9.345284762669174,7181.8507,6997.069283333333,4.04337069676873,4.097124719788834
DNK,Denmark,2014,0.9049276,2.96145,2.9626433333333337,19.11469,21.558896666666666,13.3346426580765,0.9771465744198604,7115.41931,7114.348023333333,4.03250177952812,4.069517914116007
DNK,Denmark,2015,0.8247764,2.91543,2.9537933333333335,21.01911,20.148766666666667,13.4603915162663,7.774002863453471,7358.18842,7218.486143333333,4.01247933826913,4.0294506048553265
DNK,Denmark,2016,0.9792839,3.06422,2.980366666666667,13.96714,18.033646666666666,14.4191495891963,13.738061254513033,7566.45783,7346.688520000001,3.9988358668305,4.014605661542583
DNK,Denmark,2017,0.8523908,3.10209,3.0272466666666666,18.63946,17.875236666666666,14.9737425486097,14.284427884690766,7852.0565,7592.23425,3.93340581895416,3.981573674684597
DNK,Denmark,2018,0.9532223,2.93576,3.0340233333333337,18.23282,16.946473333333333,12.4713219097749,13.9547380158603,7647.61749,7688.7106066666665,3.67859874647736,3.87028014408734
DNK,Denmark,2019,0.9602977,2.97895,3.0056,23.61582,20.1627,25.164626991502,17.536563816628867,7597.52556,7699.066516666666,3.64451483808696,3.75217313450616
DNK,Denmark,2020,0.9505016,2.90605,2.940253333333333,23.11366,21.6541,43.7676171746969,27.1345220253246,7693.54905,7646.2307,3.3250525674241,3.549388717329473
DNK,Denmark,2021,0.8738312,2.96533,2.95011,23.15498,23.294819999999998,48.3343480908062,39.08886408566837,7651.2843,7647.452970000001,3.18143889630854,3.3836687672731998
DNK,Denmark,2022,0.756465,2.74323,2.871536666666667,19.30252,21.85705333333333,34.8307557544227,42.31090700664193,7708.2373,7684.356883333334,2.81074087056771,3.10574411143345
DNK,Denmark,2023,0.7307345,2.86709,2.8585499999999997,15.53063,19.329376666666665,47.3957198205642,43.520274555264365,9037.46818,8132.329926666666,2.35546517367806,2.7825483135181037
DOM,Dominican Republic,1999,,,,,,,,,,2.22966342276298,2.065353407893607
DOM,Dominican Republic,2000,0.002845112,,,,,,,,,1.45549466506904,1.95520566429813
DOM,Dominican Republic,2001,,,,,,,,,,1.07309122991688,1.5860831059163
DOM,Dominican Republic,2002,,,,,,,,,,1.93274818110124,1.4871113586957199
DOM,Dominican Republic,2003,,,,,,,,,,1.90719054102172,1.6376766506799465
DOM,Dominican Republic,2004,,,,,,,,,,1.67851023924176,1.8394829871215732
DOM,Dominican Republic,2005,,,,,,,,,,1.55386040374579,1.7131870613364233
DOM,Dominican Republic,2006,,,,,,,,,,1.67083849739259,1.6344030467933799
DOM,Dominican Republic,2007,0.003339344,,,,,,,,,2.41571522911051,1.8801380434162966
DOM,Dominican Republic,2008,,,,,,,,,,2.6499431439503,2.2454989568178
DOM,Dominican Republic,2009,0.005749439,,,,,,,,,2.58535543800101,2.550337937020607
DOM,Dominican Republic,2010,0.0012495,,,,,,,,,2.1879162231285,2.474404935026603
DOM,Dominican Republic,2011,0.0117291,,,,,,,,,2.19527072912465,2.322847463418053
DOM,Dominican Republic,2012,,,,,,,,,,2.2397645065401,2.207650486264417
DOM,Dominican Republic,2013,0.004617018,,,,,93.2293243109603,,,,2.1836867126009,2.206240649421883
DOM,Dominican Republic,2014,0.003525845,,,,,93.032547561238,,,,2.00211846459804,2.1418565612463465
DOM,Dominican Republic,2015,0.001183768,,,33.33333,,93.5653124204434,93.27572809754724,,,1.93326318074151,2.0396894526468166
DOM,Dominican Republic,2016,0.002260756,,,,,95.3565824538657,93.98481414518237,,,1.80660142685126,1.9139943573969365
DOM,Dominican Republic,2017,,,,,,94.4244459368703,94.44878027039313,,,1.80918132131254,1.8496819763017698
DOM,Dominican Republic,2018,0.004132914,,,,,93.0408093977049,94.2739459294803,,,1.87116917894316,1.8289839757023199
DOM,Dominican Republic,2019,0.003138798,,,,,93.4202061685888,93.62848716772135,,,1.81009952665935,1.8301500089716833
DOM,Dominican Republic,2020,0.0009696687,,,50.0,,93.9406539141648,93.46722316015284,,,1.83444313319773,1.8385706129334132
DOM,Dominican Republic,2021,0.00064487,,,,,89.586616403506,92.31582549541986,24.56941,,1.37879668630768,1.6744464487215867
DOM,Dominican Republic,2022,,,,,,91.2873799725647,91.60488343007849,23.40074,,1.72407008721033,1.6457699689052465
DOM,Dominican Republic,2023,,,,,,94.4206892076641,91.76489519457827,20.03771,22.669286666666668,1.72976219379736,1.6108763224384568
DZA,Algeria,1999,,,,50.0,,-407.938405105472,-396.35391375824565,,,,
DZA,Algeria,2000,0.003793483,,,,,-411.866496411431,-407.83150644725,,,,
DZA,Algeria,2001,0.005375477,,,,,-425.828282077687,-415.21106119819666,,,,
DZA,Algeria,2002,0.005231494,0.21219,,,,-406.355962129963,-414.6835802063603,,,,
DZA,Algeria,2003,0.004035904,0.33807,,,,-391.557487590974,-407.91391059954134,,,,
DZA,Algeria,2004,0.001087666,0.18122,0.24382666666666666,,,-401.857557008495,-399.92366890981066,,,,
DZA,Algeria,2005,0.003356155,0.15186,0.22371666666666665,,,-405.295673912227,-399.5702395038987,,,,
DZA,Algeria,2006,0.01948605,0.06367,0.13225,,,-412.442985945372,-406.532072288698,170.18968,,,
DZA,Algeria,2007,0.01057459,,,,,-373.289325966364,-397.0093286079877,,,,
DZA,Algeria,2008,0.00545029,,,,,-346.120700552505,-377.2843374880804,,,,
DZA,Algeria,2009,0.006707679,,,,,-331.682169221525,-350.36406524679796,,,,
DZA,Algeria,2010,0.005622751,,,,,-274.142977643099,-317.31528247237634,,,,
DZA,Algeria,2011,0.005669067,,,,,-268.12382605824,-291.31632430762136,,,,
DZA,Algeria,2012,0.004012841,,,,,-243.485766347523,-261.9175233496207,,,,
DZA,Algeria,2013,0.004232267,,,,,-209.628599983569,-240.41273079644398,,,,
DZA,Algeria,2014,0.005484647,,,,,-186.271618244825,-213.1286615253057,,,,
DZA,Algeria,2015,0.009470145,,,,,-171.459781288734,-189.11999983904266,,,,
DZA,Algeria,2016,0.003391133,,,,,-158.925681939104,-172.21902715755436,,,,
DZA,Algeria,2017,0.0007164453,,,,,-178.809782796404,-169.73174867474734,,,,
DZA,Algeria,2018,0.005166143,0.47865,,,,-169.879215032606,-169.204893256038,821.66519,,,
DZA,Algeria,2019,0.01081141,,,,,-152.180719220858,-166.956572349956,,,,
DZA,Algeria,2020,0.004848344,,,,,-133.352746490554,-151.80422691467268,,,,
DZA,Algeria,2021,0.003288837,,,,,-124.741531780498,-136.75833249730334,,,,
DZA,Algeria,2022,0.002695243,,,,,-137.103046514603,-131.73244159521832,,,,
DZA,Algeria,2023,0.002890107,,,,,-127.243586824875,-129.696055039992,,,,
ECU,Ecuador,1999,0.01303441,0.06517,0.06728666666666668,,,-137.872686366817,-147.69555336020233,83.52213,81.90486666666668,0.219076106206556,0.16756352650023632
ECU,Ecuador,2000,0.002845112,,,9.090909,,-157.399936362709,-146.69847153350466,,,0.193787264941537,0.19562766957304234
ECU,Ecuador,2001,,,,,,-169.134794741759,-154.80247249042836,,,0.25987004260721,0.22424447125176764
ECU,Ecuador,2002,,0.05448,,,,-155.416309250394,-160.650346784954,40.16034,,0.350593714139588,0.26808367389611165
ECU,Ecuador,2003,,0.0584,,,,-131.047014680555,-151.86603955756934,42.23367,,0.254374577535299,0.28827944476069906
ECU,Ecuador,2004,0.004350664,0.06007,0.05765,,,-123.537760132831,-136.66702802126,48.66397,43.68599333333333,0.217466655178639,0.2741449822845087
ECU,Ecuador,2005,0.005034233,,,,,-168.170667953512,-140.91848092229932,,,0.200133852672825,0.223991695128921
ECU,Ecuador,2006,0.004567044,,,,,-149.129257722832,-146.945895269725,,,0.218968528476049,0.21218967877583764
ECU,Ecuador,2007,0.01001803,0.13176,,,,-153.094018523551,-156.79798139996498,70.53158,,0.187788508600831,0.20229696324990165
ECU,Ecuador,2008,0.00748079,0.13501,,,,-129.466711600817,-143.89666261573333,65.03887,,0.193461311151222,0.20007278274270066
ECU,Ecuador,2009,0.009342839,0.23011,0.16562666666666667,4.0,,-150.583456139824,-144.38139542139731,103.21122,79.59389,0.214596347897378,0.198615389216477
ECU,Ecuador,2010,0.006247501,0.41055,0.25855666666666666,16.0,,-118.843782376383,-132.964650039008,118.28189,95.51065999999999,0.276337573453064,0.22813174416722135
ECU,Ecuador,2011,0.003518731,0.41127,0.35064333333333336,,,-106.152261533207,-125.19316668313802,141.13492,120.87601,0.327000230415539,0.272644717255327
ECU,Ecuador,2012,0.001146526,0.34115,0.3876566666666667,17.64706,,-104.74999912581,-109.91534767846667,180.01141,146.47607333333335,0.309147184784296,0.30416166288429963
ECU,Ecuador,2013,0.002308509,0.33308,0.3618333333333334,,,-108.890534209378,-106.59759828946501,281.58285,200.90972666666667,0.445722677457679,0.36062336421917135
ECU,Ecuador,2014,,0.37423,0.34948666666666667,,,-105.566540428106,-106.40235792109802,350.98087,270.85837666666663,0.461485398879039,0.40545175370700465
ECU,Ecuador,2015,0.004735073,0.43839,0.38189999999999996,,,-98.8186709972977,-104.42524854492723,400.26149,344.27506999999997,0.478429291847583,0.46187912272810033
ECU,Ecuador,2016,0.003767926,,,9.090909,,-101.688517111697,-102.02457617903356,,,0.49591832978738,0.4786110068380007
ECU,Ecuador,2017,,,,26.31579,,-113.629604695548,-104.7122642681809,,,0.430569104338422,0.46830557532446165
ECU,Ecuador,2018,0.005854962,,,,,-104.550857908294,-106.622993238513,,,0.43339619209894,0.453294542074914
ECU,Ecuador,2019,0.002092532,,,20.58824,,-98.7115274634102,-105.63066335575074,,,0.444020692414332,0.43599532961723125
ECU,Ecuador,2020,0.001939337,,,,,-95.7542318258904,-99.67220573253154,,,0.395404104241793,0.424273662918355
ECU,Ecuador,2021,0.001612175,,,14.28571,,-105.898216254064,-100.12132518112155,,,0.282419732078971,0.373948176245032
ECU,Ecuador,2022,0.002695243,,,,,-75.6051497173931,-92.4191992657825,,,0.289870154046633,0.32256466345579904
ECU,Ecuador,2023,,,,18.75,,-69.401314941725,-83.63489363772737,,,0.289051000977819,0.2871136290344743
EGY,"Egypt, Arab Rep.",1999,0.006517205,0.1991,0.20308666666666667,,,-30.310217935987,-38.275130183046706,,,0.0,0.0
EGY,"Egypt, Arab Rep.",2000,0.008535337,0.18651,0.19438999999999998,,,-31.280713340345,-33.264208843546,,,0.0,0.0
EGY,"Egypt, Arab Rep.",2001,0.001343869,0.19247,0.1926933333333333,,,-23.171586326496,-28.254172534275998,,,0.0,0.0
EGY,"Egypt, Arab Rep.",2002,0.002615747,,,,,-17.8384305035007,-24.09691005678057,,,0.0,0.0
EGY,"Egypt, Arab Rep.",2003,0.02179388,,,,,-19.2749309841277,-20.094982604708132,,,0.174078912641858,0.05802630421395267
EGY,"Egypt, Arab Rep.",2004,0.01160177,,,,,-19.3177818006608,-18.810381096096403,,,0.253670898203593,0.14258327028181703
EGY,"Egypt, Arab Rep.",2005,0.03373415,0.26994,,,,-11.4646376712171,-16.6857834853352,,,0.198062023490624,0.20860394477869168
EGY,"Egypt, Arab Rep.",2006,0.01857265,0.24141,,15.38461,,-22.4873418367752,-17.756587102884367,,,0.225006128133705,0.225579683275974
EGY,"Egypt, Arab Rep.",2007,0.01864467,0.25903,0.2567933333333334,,,-20.9366266869949,-18.296202064995732,,,0.355702930225028,0.2595903606164523
EGY,"Egypt, Arab Rep.",2008,0.009083817,0.2551,0.25184666666666666,,,-19.3303597950051,-20.918109439591735,591.25817,,0.39390104726101,0.32487003520658103
EGY,"Egypt, Arab Rep.",2009,0.02884302,0.27024,0.2614566666666666,,,-21.0799337182716,-20.448973400090534,410.61485,,0.290106085985483,0.34657002115717367
EGY,"Egypt, Arab Rep.",2010,0.02603125,0.43312,0.31948666666666664,,,-16.9654067497651,-19.125233421013935,405.67613,469.1830499999999,0.824774525043178,0.5029272194298904
EGY,"Egypt, Arab Rep.",2011,0.0235364,0.43345,0.3789366666666667,,,-15.282542001041,-17.7759608230259,461.31975,425.8702433333333,0.779081700646444,0.6313207705583683
EGY,"Egypt, Arab Rep.",2012,0.02373309,0.53154,0.46603666666666665,,,-9.09167679579822,-13.779875182201442,461.59381,442.86323,0.722463729851944,0.775439985180522
EGY,"Egypt, Arab Rep.",2013,0.02015136,0.50899,0.4913266666666667,,,-3.82393802190275,-9.399385606247323,485.09394,469.33583333333337,0.663587484325551,0.7217109716079797
EGY,"Egypt, Arab Rep.",2014,0.03917605,0.63895,0.5598266666666668,10.52632,,0.751073873510622,-4.054846981396783,505.91384,484.20053,0.771086884540959,0.7190460329061513
EGY,"Egypt, Arab Rep.",2015,0.02335969,0.63649,0.5948100000000001,11.21495,,8.09014484118877,1.672426897598881,632.88092,541.2962333333334,0.291690136150235,0.5754548350055817
EGY,"Egypt, Arab Rep.",2016,0.01714406,0.71858,0.6646733333333333,15.9292,12.556823333333334,12.8611145617055,7.234111092134966,631.04334,589.9460333333333,0.607430729571586,0.5567359167542599
EGY,"Egypt, Arab Rep.",2017,0.01325424,0.70848,0.6878500000000001,,,19.0539897872735,13.335083063389257,646.99675,636.97367,0.587879220491622,0.49566669540448105
EGY,"Egypt, Arab Rep.",2018,0.01274315,0.64486,0.69064,,,14.1299520398099,15.3483521295963,636.00218,638.01409,0.97265511638721,0.7226550221501394
EGY,"Egypt, Arab Rep.",2019,0.01129967,0.68839,0.6805766666666667,,,4.99573458891528,12.726558805332894,645.44342,642.8141166666667,0.941828434271998,0.8341209237169434
EGY,"Egypt, Arab Rep.",2020,0.01215318,0.79617,0.7098066666666667,,,-0.531033982389457,6.198217548778575,776.5619,686.0024999999999,0.843202287348106,0.9192286126691047
EGY,"Egypt, Arab Rep.",2021,0.01321984,0.91564,0.8000666666666666,10.34483,,-0.0682943718058065,1.4654687449066721,790.65531,737.5535433333333,0.542660013652765,0.775896911757623
EGY,"Egypt, Arab Rep.",2022,0.01635114,0.91175,0.87452,3.846154,,1.63521037235887,0.34529400605453553,808.43512,791.88411,0.475133196259999,0.62033183242029
EGY,"Egypt, Arab Rep.",2023,0.009441015,1.01968,0.9490233333333332,5.691057,6.627347,9.78510684497825,3.7840076151771043,829.2751,809.4551766666667,0.840002550207204,0.6192652533733227
ESP,Spain,1999,0.4683698,0.8487,0.8049666666666666,7.248018,7.341356,80.0400064630795,77.40073851835069,1487.41148,1369.8789333333334,2.14234671745035,2.0656850210001
ESP,Spain,2000,0.4376731,0.83921,0.8220533333333333,6.928839,7.160547666666666,82.1296575226209,79.67363214023545,1512.15158,1445.2243566666666,2.19708958709231,2.1122192430821833
ESP,Spain,2001,0.4851368,0.88315,0.85702,7.015986,7.064281,82.1407322953954,81.43679876036526,1874.09659,1624.5532166666665,2.07838855782164,2.1392749541214333
ESP,Spain,2002,0.3626297,0.88838,0.8702466666666666,8.065667,7.336830666666667,80.325031249317,81.53180702244443,1947.04358,1777.7639166666668,1.96787824662819,2.0811187971807135
ESP,Spain,2003,0.4704249,0.95947,0.9103333333333333,6.643109,7.2415873333333325,84.2968175535536,82.254193699422,2014.3626,1945.16759,1.96773832134702,2.004668375265617
ESP,Spain,2004,0.527518,1.0232,0.9570166666666667,8.398438,7.702404666666666,82.2260956775872,82.28264816015259,2195.10581,2052.170663333333,1.94535077982217,1.9603224492657934
ESP,Spain,2005,0.7544637,1.04013,1.0076,7.7951,7.612215666666667,83.2977969635465,83.27357006489576,2356.18397,2188.5507933333333,1.90777609443073,1.9402883985333066
ESP,Spain,2006,0.8274005,1.09866,1.0539966666666667,9.409969,8.534502333333334,87.688527549989,84.40414006370757,2516.19827,2355.82935,1.85449757682718,1.90254148369336
ESP,Spain,2007,0.8876534,1.17567,1.10482,11.6739,9.626323,87.5809137333827,86.1890794156394,2613.24064,2495.207626666667,1.78581379057808,1.8493624872786636
ESP,Spain,2008,0.8389707,1.23823,1.1708533333333333,11.25891,10.780926333333333,86.040683918047,87.10337506713957,2720.22197,2616.553626666667,1.73125662967813,1.7905226656944633
ESP,Spain,2009,0.9902246,1.32156,1.2451533333333333,11.88654,11.60645,88.4335262058699,87.35170795243319,2850.35985,2727.94082,1.59263667352252,1.7032356979262433
ESP,Spain,2010,0.7937123,1.35898,1.3062566666666668,15.57305,12.906166666666666,86.4856561024085,86.9866220754418,2876.51477,2815.6988633333335,1.58016384122872,1.63468571480979
ESP,Spain,2011,0.8465286,1.35436,1.3449666666666669,13.24723,13.56894,83.5331241402752,86.15076881618454,2879.99747,2868.9573633333334,1.60108434797544,1.5912949542422268
ESP,Spain,2012,0.8774337,1.32726,1.3468666666666669,15.17857,14.666283333333334,83.4743805919382,84.4977202782073,2775.30203,2843.9380899999996,1.53888405430948,1.5733774145045467
ESP,Spain,2013,0.7956153,1.29268,1.3247666666666669,15.72004,14.71528,79.8545674972874,82.2873574098336,2693.39973,2782.8997433333334,1.52977323536339,1.5565805458827697
ESP,Spain,2014,0.7148454,1.26864,1.2961933333333333,14.64968,15.182763333333334,76.6569596302212,79.99530257314893,2623.64689,2697.44955,1.71460690370613,1.594421397793
ESP,Spain,2015,0.722651,1.23401,1.26511,14.3905,14.920073333333333,80.0508023280079,78.8541098185055,2614.44648,2643.8310333333334,1.64155122147478,1.6286437868480999
ESP,Spain,2016,0.6226937,1.21165,1.2381,14.28571,14.441963333333334,80.0358808031651,78.9145475871314,2622.53289,2620.2087533333333,1.68132446334876,1.6791608628432233
ESP,Spain,2017,0.6974322,1.1808,1.20882,15.93922,14.871810000000002,78.8824970227639,79.65639338464563,2712.74943,2649.9096000000004,1.63449860948719,1.6524580981035768
ESP,Spain,2018,0.6582757,1.20198,1.1981433333333333,14.62523,14.950053333333335,80.8546276046496,79.92433514352619,2847.3656,2727.5493066666663,1.60831743622353,1.6413801696864934
ESP,Spain,2019,0.5914192,1.23288,1.20522,16.12787,15.564106666666667,81.0075324716607,80.24821903302472,2984.29629,2848.1371066666666,1.64764542067978,1.6301538221301666
ESP,Spain,2020,0.5858323,1.24207,1.2256433333333332,17.98723,16.246776666666666,82.914057950379,81.59207267556309,3048.15265,2959.9381799999996,1.62866292842842,1.6282085951105767
ESP,Spain,2021,0.6234819,1.39637,1.29044,14.22704,16.114046666666667,73.4774191966381,79.13300320622592,3051.64642,3028.0317866666664,1.53893858914254,1.6050823127502465
ESP,Spain,2022,0.5145639,1.39617,1.34487,14.13238,15.448883333333333,75.4707201988393,77.28739911528547,3229.64887,3109.81598,1.60988656985092,1.5924960291406265
ESP,Spain,2023,0.4860224,1.40684,1.3997933333333332,11.40051,13.25331,82.8674923431858,77.27187724622107,3387.49657,3222.9306200000005,1.48922802299602,1.5460177273298266
EST,Estonia,1999,,0.56501,,26.66667,,38.4303475236948,33.431219223487695,2102.37983,,1.87474347058014,1.58944299421497
EST,Estonia,2000,0.009483707,0.67708,,,,36.2165097404171,35.2024147790274,2135.26422,,1.65658937725514,1.6764182657279634
EST,Estonia,2001,0.0008959128,0.6,0.61403,,,34.7493103186454,36.46538919425243,1902.60055,2046.7482,1.65579840831094,1.7290437520487398
EST,Estonia,2002,0.005231494,0.69889,0.6586566666666668,6.451613,,34.4333336529151,35.13305123732587,1924.96306,1987.6092766666668,2.05582283987138,1.7894035418124867
EST,Estonia,2003,0.009686168,0.71182,0.6702366666666667,3.448276,,32.8596857510734,34.01410990754463,2210.91668,2012.8267633333335,1.94393354759863,1.8851849319269833
EST,Estonia,2004,0.01740265,0.76445,0.7250533333333333,18.75,9.549963,30.1426163374306,32.4785452471397,2193.7335,2109.87108,1.83749028932074,1.9457488922635833
EST,Estonia,2005,0.004027386,0.84566,0.7739766666666666,8.333333,10.177203,31.0892801703109,31.363860752938297,2465.56876,2290.0729800000004,2.0452739224691,1.9422325864628232
EST,Estonia,2006,0.003653635,0.91687,0.8423266666666667,,,27.8264152931568,29.686103933632765,2451.18781,2370.1633566666665,2.2147219255254,2.03249537910508
EST,Estonia,2007,0.01335738,1.11259,0.9583733333333333,6.666667,,31.5952074287509,30.170300964072865,2600.75424,2505.8369366666666,2.13112021547872,2.13037202115774
EST,Estonia,2008,0.01923632,1.05869,1.0293833333333333,20.0,,25.6676732569844,28.363098659630698,2747.58209,2599.84138,2.13208354891284,2.1593085633056535
EST,Estonia,2009,0.02012304,1.25182,1.1410333333333333,5.882353,10.849673333333334,28.8025596909053,28.688480125546864,2972.93057,2773.7556333333337,2.25428462097515,2.17249612845557
EST,Estonia,2010,0.03977576,1.39673,1.2357466666666668,7.692307,11.191553333333333,28.3322327077519,27.600821885213865,3229.67528,2983.39598,2.9049112341357,2.4304264680078966
EST,Estonia,2011,0.03702487,1.57892,1.4091566666666668,15.38461,9.65309,15.411623357119,24.18213858525873,3057.78287,3086.79624,2.87067241987847,2.6766227583297737
EST,Estonia,2012,0.02273943,2.29632,1.7573233333333336,15.38461,12.820509000000001,14.3265507110903,19.356802258653733,3392.80584,3226.754663333333,2.65064854405086,2.8087440660216765
EST,Estonia,2013,0.008464534,2.10485,1.9933633333333336,12.12121,14.29681,22.4672758258093,17.401816631339532,3457.75569,3302.781466666667,2.64047302047295,2.72059799480076
EST,Estonia,2014,0.03055732,1.70141,2.034193333333333,7.407407,11.637742333333334,15.849617793539,17.547814776812867,3338.3961,3396.31921,2.56248027074963,2.61786727842448
EST,Estonia,2015,0.02395721,1.40794,1.7380666666666666,20.25316,13.260592333333333,12.4656597835761,16.9275178009748,3285.59355,3360.58178,2.50500844092318,2.56932057738192
EST,Estonia,2016,0.02788265,1.44125,1.5168666666666668,4.477612,10.712726333333334,12.008668176882,13.441315251332368,3188.49188,3270.827176666667,2.68907286057924,2.5855205240840164
EST,Estonia,2017,0.02041869,1.21835,1.3558466666666666,10.34483,11.691867333333334,8.58616288380267,11.02016361475359,3296.37262,3256.8193499999998,2.86874521895435,2.6876088401522567
EST,Estonia,2018,0.01618725,1.25152,1.3037066666666668,7.54717,7.456537333333333,4.81112411843652,8.46865172637373,3552.46537,3345.776623333333,2.81956588563736,2.79246132172365
EST,Estonia,2019,0.0101139,1.38298,1.2842833333333334,23.07692,13.656306666666667,1.46471933243901,4.9540021115594,3766.08146,3538.3064833333333,3.01868875096055,2.9023332851840866
EST,Estonia,2020,0.01389859,1.59093,1.4084766666666668,8.474576,13.032888666666667,5.11766701243268,3.7978368211027367,3770.42028,3696.32237,3.0919442523702,2.97673296298937
EST,Estonia,2021,0.01386471,1.72614,1.5666833333333334,21.12676,17.55941866666667,11.4816177843203,6.021334709730663,3836.37969,3790.9604766666666,2.34129161923943,2.8173082075233933
EST,Estonia,2022,0.00431239,1.75152,1.6895300000000002,15.38461,14.995315333333332,1.6917913300277,6.09702537559356,4036.13127,3880.97708,2.59258380188996,2.6752732244998634
EST,Estonia,2023,0.01271647,1.76094,1.7462,17.5,18.00379,6.83363931718332,6.669016143843773,4654.85436,4175.788439999999,2.50055917708378,2.4781448660710566
FIN,Finland,1999,0.7826077,2.78542,2.621043333333333,5.954975,6.269620666666666,54.5638893166999,55.90504549512667,,,3.14545258280675,3.0829593297589404
FIN,Finland,2000,0.6263989,3.05687,2.8216300000000003,4.975124,5.460046666666667,51.9876030959884,54.586368373491176,,,3.23143244436038,3.1825301034907234
FIN,Finland,2001,0.771381,3.24271,3.0283333333333338,5.182927,5.371008666666667,57.1165938693955,54.556028760694595,,,2.97845819952195,3.118447742229693
FIN,Finland,2002,0.7485396,3.19405,3.164543333333333,6.138393,5.432148000000001,56.7675584382917,55.29058513455853,,,2.78686563448653,2.9989187594562865
FIN,Finland,2003,0.7002292,3.25409,3.230283333333334,6.643757,5.988359,53.7323945105235,55.8721822727369,,,2.87679331716518,2.880705717057887
FIN,Finland,2004,0.6144587,3.29898,3.2490399999999995,7.286995,6.689715,60.6279756640965,57.042642870970575,,,2.96471650605745,2.87612515256972
FIN,Finland,2005,0.6510941,3.30943,3.2874999999999996,5.718702,6.549818000000001,56.0538113718274,56.80472718214913,7855.56192,,3.1549505168797,2.9988201133674433
FIN,Finland,2006,0.5870174,3.32412,3.310843333333333,7.45098,6.818892333333334,55.8524210137407,57.51140268322154,7558.69966,,2.97043712727582,3.0300347167376565
FIN,Finland,2007,0.6373695,3.33285,3.3221333333333334,6.790451,6.653377666666667,55.4622529827149,55.789495122761004,7689.18984,7701.150473333334,2.90834832611173,3.0112453234224166
FIN,Finland,2008,0.7192246,3.33727,3.331413333333334,7.438895,7.226775333333333,54.6636571657423,55.3261103873993,7390.55027,7546.146589999999,2.65600692829535,2.8449307938943
FIN,Finland,2009,0.6034516,3.53719,3.4024366666666666,9.112482,7.7806093333333335,55.9319732578383,55.3526278020985,7712.31606,7597.352056666667,2.58781074166165,2.717388665356243
FIN,Finland,2010,0.667358,3.73427,3.536243333333333,7.852194,8.134523666666666,55.4425831331919,55.34607118559084,7669.28354,7590.716623333334,2.52310782182849,2.5889751639284966
FIN,Finland,2011,0.7260706,3.70524,3.6589000000000005,12.65341,9.872695333333333,49.3260835317811,53.56687997427044,7740.92101,7707.50687,2.66489500231202,2.591937855267387
FIN,Finland,2012,0.7384829,3.62434,3.6879500000000003,12.36349,10.956364666666666,54.5356936563487,53.101453440440565,7441.97757,7617.39404,3.00764918671422,2.731884003618243
FIN,Finland,2013,0.6277221,3.4095,3.579693333333333,12.03348,12.350126666666668,47.4849254651914,50.448900884440405,7492.46096,7558.4531799999995,2.96908842288076,2.880544203969
FIN,Finland,2014,0.6145155,3.28462,3.439486666666667,12.40816,12.268376666666667,50.0731859122483,50.69793501126279,7222.80668,7385.748403333334,2.92540430571458,2.96738063843652
FIN,Finland,2015,0.5113484,3.16344,3.2858533333333333,13.85593,12.76585666666667,50.2608112384787,49.272974205306134,7022.1865,7245.818046666667,2.89378445993539,2.929425729510244
FIN,Finland,2016,0.5079648,2.88826,3.112106666666667,11.09632,12.453470000000001,48.5424894093918,49.6254955200396,6855.97138,7033.654853333333,2.91067214737002,2.9099536376733304
FIN,Finland,2017,0.5177034,2.74716,2.9329533333333333,14.95373,13.301993333333334,46.6827957867349,48.4953654782018,6543.69993,6807.285936666667,3.11009331670661,2.97151664133734
FIN,Finland,2018,0.5081074,2.74723,2.794216666666667,13.98635,13.345466666666667,45.2671537059778,46.83081296736817,6731.45341,6710.374906666667,2.97855864996929,2.999774704681973
FIN,Finland,2019,0.5154952,2.77601,2.7567999999999997,12.51167,13.817250000000001,46.7658274035664,46.2385922987597,6872.68968,6715.947673333333,2.95293331321015,3.0138617599620168
FIN,Finland,2020,0.4200928,2.81534,2.779526666666667,13.23667,13.244896666666667,44.4037103012629,45.4788971369357,7245.85837,6950.000486666667,2.81745193234892,2.9163146318427864
FIN,Finland,2021,0.4526021,2.93278,2.8413766666666667,12.79224,12.84686,43.8668623466548,45.0121333504947,7548.32504,7222.29103,2.73970649824229,2.836697247933787
FIN,Finland,2022,0.3148763,3.01133,2.919816666666667,11.81966,12.616189999999998,38.6876476664123,42.31940677144333,7870.42868,7554.870696666668,2.52421974240646,2.693792724332557
FIN,Finland,2023,0.378583,2.982,2.9753700000000003,7.996146,10.869348666666667,42.3818916396541,41.64546721757373,8073.32591,7830.69321,2.45965393503297,2.57452672522724
FRA,France,1999,4.163951,2.10343,2.16261,7.456979,7.839830999999999,52.2430803684857,50.4592381495913,2654.5869,2652.40212,2.61774773987676,2.63347555385006
FRA,France,2000,3.692915,2.1165,2.12403,7.42884,7.5972539999999995,52.6538670159806,51.59590157056124,2723.93306,2674.95602,2.55214483337968,2.5906646161492435
FRA,France,2001,3.369618,2.10066,2.106863333333333,7.094594,7.326804333333333,52.6597179220674,52.51888843551123,2902.95091,2760.4902899999997,2.44332401266426,2.537738861973567
FRA,France,2002,3.447903,2.1494,2.1221866666666664,6.938182,7.153872,51.6280590905334,52.31388134286047,2971.39049,2866.0914866666667,2.33133642256931,2.4422684228710834
FRA,France,2003,4.203555,2.18758,2.14588,6.866829,6.966535,51.9902296112764,52.09266887462574,3100.95366,2991.7650200000003,2.43793693699901,2.4041991240775267
FRA,France,2004,3.837503,2.13086,2.155946666666667,9.56875,7.791253666666667,51.9019306143333,51.84007310538103,3184.63585,3085.66,2.3718485107141,2.3803739567608067
FRA,France,2005,3.620524,2.10438,2.14094,9.122331,8.519303333333333,52.240225617517,52.04412861437556,3320.66694,3202.0854833333337,2.42472802803949,2.4115044919175332
FRA,France,2006,3.803565,2.05599,2.0970766666666667,10.40794,9.699673666666667,53.0679404506124,52.4033655608209,3297.84746,3267.71675,2.37373253931399,2.3901030260225267
FRA,France,2007,4.115853,2.05331,2.0712266666666665,10.40371,9.977993666666668,52.9914446924844,52.7665369202046,3405.181,3341.2318,2.31573778355417,2.3713994503025497
FRA,France,2008,4.111313,2.02815,2.0458166666666666,12.02266,10.94477,51.9702514233555,52.67654552215077,3563.56539,3422.19795,2.23058618939161,2.3066855040865897
FRA,France,2009,4.211981,2.06363,2.048363333333333,13.21138,11.879249999999999,52.300519537814,52.420738551217966,3636.48425,3535.07688,2.20050278900789,2.248942253984557
FRA,France,2010,3.883665,2.21273,2.1015033333333335,14.64565,13.293230000000001,52.4461795511117,52.23898350409373,3722.99987,3641.0165033333337,2.24254041623528,2.2245431315449267
FRA,France,2011,4.043022,2.17771,2.1513566666666666,14.59412,14.150383333333332,50.3709944013574,51.705897830094365,3849.5934,3736.3591733333337,2.27501457391289,2.23935259305202
FRA,France,2012,4.169888,2.18761,2.192683333333333,15.48415,14.907973333333333,50.7669129831527,51.19469564520727,3920.65709,3831.083453333333,2.30706781682221,2.2748742689901267
FRA,France,2013,4.059535,2.22761,2.197643333333333,16.33567,15.471313333333333,49.9192127548672,50.35237337979243,4052.17043,3940.8069733333336,2.32769757314219,2.303259987959097
FRA,France,2014,4.039648,2.23369,2.216303333333333,15.51628,15.7787,49.7187350576705,50.13495359856347,4133.56261,4035.4633766666666,2.40136543366384,2.345376941209413
FRA,France,2015,3.967303,2.27173,2.244343333333333,14.55267,15.468206666666667,47.8595723488972,49.16584005381164,4210.03605,4131.92303,2.38976233358545,2.372941780130493
FRA,France,2016,3.30987,2.22401,2.2431433333333333,14.46815,14.8457,47.5840193835437,48.38744226337047,4310.70957,4218.102743333333,2.5409222261364,2.444016664461897
FRA,France,2017,3.399569,2.22468,2.24014,13.28638,14.102400000000001,49.1470621392941,48.19688462391167,4392.04699,4304.264203333333,2.87540758509006,2.602030714937303
FRA,France,2018,3.689645,2.20422,2.217636666666667,14.56602,14.10685,50.6501252511912,49.12706892467634,4546.76212,4416.506226666667,2.92732342052044,2.7812177439156334
FRA,France,2019,3.954056,2.20407,2.2109900000000002,15.71899,14.523796666666668,48.740565044734,49.5125841450731,4670.53241,4536.447173333333,3.01194370166549,2.9382249024253304
FRA,France,2020,3.529052,2.19668,2.2016566666666666,17.20561,15.830206666666667,49.7065206256462,49.69907030719046,4773.97249,4663.755673333333,2.98338946719887,2.9742188631282667
FRA,France,2021,2.559317,2.2742,2.2249833333333338,18.0115,16.9787,45.7909611073638,48.079348925914665,4883.2219,4775.908933333333,2.79519750935636,2.9301768927402403
FRA,France,2022,1.679969,2.21278,2.2278866666666666,10.93323,15.383446666666666,45.5715251781551,47.023002303721704,5058.05374,4905.08271,2.76284190566792,2.8471429607410506
FRA,France,2023,2.193091,2.21937,2.23545,6.637761,11.860830333333334,54.3201739791286,48.560886754882496,5181.84576,5041.040466666666,2.29412506802087,2.6173881610150502
FRO,Faroe Islands,1999,,,,,,,,,,,
FRO,Faroe Islands,2000,,,,,,,,,,,
FRO,Faroe Islands,2001,,,,,,,,,,,
FRO,Faroe Islands,2002,,,,,,,,,,,
FRO,Faroe Islands,2003,,,,,,,,,,,
FRO,Faroe Islands,2004,,0.85253,,,,,,1824.74008,,,
FRO,Faroe Islands,2005,,,,,,,,,,,
FRO,Faroe Islands,2006,,,,,,,,,,,
FRO,Faroe Islands,2007,0.002504508,,,,,,,,,,
FRO,Faroe Islands,2008,0.003206053,,,,,,,,,,
FRO,Faroe Islands,2009,,,,,,,,,,,
FRO,Faroe Islands,2010,0.0012495,,,,,,,,,,
FRO,Faroe Islands,2011,0.004300672,,,,,,,,,,
FRO,Faroe Islands,2012,0.003439578,,,,,,,,,,
FRO,Faroe Islands,2013,0.002308509,,,,,,,,,,
FRO,Faroe Islands,2014,0.002350563,,,,,,,,,,
FRO,Faroe Islands,2015,0.003551305,,,,,,,,,,
FRO,Faroe Islands,2016,0.002260756,,,,,,,,,,
FRO,Faroe Islands,2017,0.001432891,,,,,,,,,,
FRO,Faroe Islands,2018,0.002066457,,,,,,,,,,
FRO,Faroe Islands,2019,,,,,,,,,,,
FRO,Faroe Islands,2020,,,,,,,,,,,
FRO,Faroe Islands,2021,,,,,,,,,,,
FRO,Faroe Islands,2022,0.001078097,,,,,,,,,,
FRO,Faroe Islands,2023,,,,,,,,,,,
GBR,United Kingdom,1999,3.719804,1.54777,1.553486666666667,5.343732,5.435561666666666,-17.2963364656438,-16.282257595423598,2694.02542,2558.28674,2.72448400151828,2.5917169466733134
GBR,United Kingdom,2000,3.363356,1.62268,1.5692466666666665,5.056604,5.026713,-21.6659112874308,-18.380849993212433,2853.23907,2680.7816366666666,2.76722313390488,2.6800156776494504
GBR,United Kingdom,2001,3.301938,1.60963,1.5933599999999999,5.900116,5.433484,-18.0990443841151,-19.020430712396564,2893.37563,2813.5467066666665,2.66118072008954,2.7176292851708994
GBR,United Kingdom,2002,3.121246,1.59544,1.60925,5.134734,5.363817999999999,-10.1110620082427,-16.6253392265962,3078.40932,2941.6746733333334,2.47300710649269,2.6338036534957037
GBR,United Kingdom,2003,3.158187,1.61383,1.6063,6.280954,5.771934666666667,-12.6309939809473,-13.613700124435033,3335.62719,3102.4707133333336,2.45081787653417,2.528335234372133
GBR,United Kingdom,2004,2.993837,1.58131,1.5968600000000002,6.293252,5.9029799999999994,-6.3366661046153,-9.692907364601766,3631.25708,3348.431196666667,2.41136296086731,2.4450626479647233
GBR,United Kingdom,2005,2.802434,1.53089,1.5753433333333333,7.743363,6.7725230000000005,4.77464566238933,-4.731004807724424,3818.23524,3595.039836666667,2.37971567406628,2.413965503822587
GBR,United Kingdom,2006,2.995133,1.55004,1.5540800000000001,7.011586,7.016067,14.1924448862014,4.2101414813251425,4117.74512,3855.745813333333,2.25587292645071,2.348983853794767
GBR,United Kingdom,2007,2.990303,1.57625,1.5523933333333335,8.130408,7.628452333333333,22.4970192293226,13.821369925971112,4176.43751,4037.472623333333,2.18221268744421,2.2726004293204
GBR,United Kingdom,2008,3.09139,1.6183,1.58153,9.431476,8.191156666666666,21.8227003153631,19.5040548102957,4122.71329,4138.965306666666,2.24628828650356,2.22812463346616
GBR,United Kingdom,2009,3.020571,1.60901,1.6011866666666668,9.250429,8.937437666666666,28.1653974618043,24.16170566883,4077.28663,4125.479143333333,2.21944026104418,2.2159804116639834
GBR,United Kingdom,2010,2.889065,1.66991,1.632406666666667,11.42463,10.035511666666666,28.8662790662214,26.284792281129597,4113.41572,4104.47188,2.35291535005766,2.2728812992017997
GBR,United Kingdom,2011,2.992245,1.63887,1.6392633333333333,13.45876,11.377939666666668,30.8469247142087,29.2928670807448,4089.20558,4093.302643333333,2.41894423124386,2.3304332807819
GBR,United Kingdom,2012,2.830283,1.64681,1.6518633333333332,12.84433,12.575906666666667,39.4733611206654,33.062188300365165,3973.02377,4058.548356666666,2.38507389073674,2.38564449067942
GBR,United Kingdom,2013,2.926574,1.57587,1.6205166666666668,12.33698,12.880023333333334,46.0055909658311,38.77529226690173,4017.98198,4026.73711,2.35278328076722,2.385600467582607
GBR,United Kingdom,2014,2.980794,1.62096,1.6145466666666668,9.986821,11.722710333333334,50.6083317514932,45.362427945996565,4171.80763,4054.2711266666665,2.38295325877237,2.373603476758777
GBR,United Kingdom,2015,2.978953,2.26488,1.82057,11.67979,11.334530333333333,49.7431680511659,48.78569692283006,4280.79983,4156.863146666667,2.35960642443493,2.3651143213248402
GBR,United Kingdom,2016,2.62274,2.27566,2.0538333333333334,11.89701,11.187873666666666,40.2775678357428,46.876355879467305,4389.5625,4280.72332,2.36170922188984,2.36808963503238
GBR,United Kingdom,2017,2.432212,2.32051,2.2870166666666667,10.6192,11.398666666666665,37.9543303353766,42.65835540742844,4434.65942,4368.340583333334,2.340477344105,2.353930996809923
GBR,United Kingdom,2018,2.45723,2.32602,2.307396666666667,11.43934,11.318516666666667,38.0304654846969,38.754121218605434,4472.69458,4432.3054999999995,2.30686267636407,2.33634974745297
GBR,United Kingdom,2019,2.473412,2.70889,2.4518066666666667,10.21472,10.757753333333334,38.167224918993,38.050673579688834,,,2.29711973773222,2.31481991940043
GBR,United Kingdom,2020,2.348473,2.6707,2.5685366666666667,10.9916,10.881886666666666,36.5356011003548,37.57776383468157,,,2.31691272878495,2.3069650476270795
GBR,United Kingdom,2021,1.863642,2.93993,2.7731733333333337,10.1879,10.46474,28.4994380663927,34.40075469524684,,,2.05587296516354,2.223301810560237
GBR,United Kingdom,2022,1.691451,2.89968,2.83677,9.412833,10.197444333333332,38.9215814062183,34.652206857655266,,,1.94364225080949,2.1054759815859936
GBR,United Kingdom,2023,1.668825,2.75224,2.8639500000000004,7.842241,9.147658,39.1791428970385,35.53338745654984,,,2.0231330558401,2.0075494239377103
GEO,Georgia,1999,0.01629301,0.35384,0.34237333333333336,,,59.5769424189085,60.531362701022964,,,,
GEO,Georgia,2000,,0.28769,0.32797666666666664,,,57.1668898273081,59.241544395882066,,,,
GEO,Georgia,2001,0.007167303,0.2153,0.28561,,,54.3200319632421,57.02128806981957,,,,
GEO,Georgia,2002,0.01525852,0.23848,0.24715666666666666,7.692307,,50.4213548393092,53.96942554328647,,,,
GEO,Georgia,2003,0.001614361,0.18574,0.21317333333333333,,,47.2417807318952,50.66105584481551,,,,
GEO,Georgia,2004,0.0008701327,0.2176,0.21394,,,49.2787400462594,48.98062520582127,,,,
GEO,Georgia,2005,0.006041079,0.2442,0.21584666666666666,,,55.0861069357956,50.53554257131673,,,,
GEO,Georgia,2006,0.01948605,0.17658,0.2127933333333333,,,66.8146429232036,57.059829968419535,,,0.806003843283412,
GEO,Georgia,2007,0.008348361,,,9.090909,,70.7513057452793,64.21735186809285,,,0.873977189534996,
GEO,Georgia,2008,0.003206053,,,,,69.4903866771496,69.01877844854418,,,1.03716433435812,0.9057151223921761
GEO,Georgia,2009,0.00215604,,,7.142857,,65.4014911848401,68.54772786908967,,,1.31877577109384,1.0766390983289853
GEO,Georgia,2010,0.007080501,,,,,63.0552019442193,65.982359935403,,,1.06802196446742,1.1413206899731267
GEO,Georgia,2011,0.00117291,,,,,59.2294276928725,62.562040273977296,,,1.13686375176255,1.1745538291079367
GEO,Georgia,2012,0.004586104,,,,,69.4961963735842,63.92694200355867,,,1.04063794631097,1.08184122084698
GEO,Georgia,2013,0.002253545,,,46.15385,,71.4211136890952,66.71557925185063,,,0.975020286084551,1.0508406613860237
GEO,Georgia,2014,0.000783521,0.0771,,,,67.832308372523,69.58320614506748,599.63656,,1.02993615250095,1.0151981282988238
GEO,Georgia,2015,0.003551305,0.16991,,,,71.0189832222526,70.09080176129027,1126.78154,,1.01694706544838,1.0073011680112935
GEO,Georgia,2016,0.007912644,0.29397,0.18032666666666666,12.5,,73.8338314892229,70.89504102799951,1359.02229,1028.48013,0.93840018841452,0.99509446878795
GEO,Georgia,2017,0.001791113,0.28025,0.2480433333333333,,,73.0986401261331,72.65048494586954,1383.73676,1289.8468633333334,0.953128800368982,0.969492018077294
GEO,Georgia,2018,0.005854962,0.26645,0.2802233333333333,,,74.4071642956491,73.77987863700172,1381.93128,1374.8967766666667,1.50871682645153,1.1334152717450108
GEO,Georgia,2019,0.002092532,0.27573,0.27414333333333335,23.07692,,77.3334383600085,74.9464142605969,1544.7177,1436.7952466666666,1.49137091811558,1.3177388483120307
GEO,Georgia,2020,0.002909006,0.28197,0.27471666666666666,25.0,,80.7223894853654,77.48766404700767,1788.43187,1571.6936166666665,1.34275061549833,1.44761278668848
GEO,Georgia,2021,0.007738441,0.29765,0.2851166666666667,,,80.6317366716613,79.5625215056784,1799.17121,1710.7735933333333,1.28342789732765,1.37251647698052
GEO,Georgia,2022,,0.24875,0.27612333333333333,16.66667,,78.1553025341781,79.8364762304016,1702.96062,1763.5212333333336,1.25534917769781,1.29384256350793
GEO,Georgia,2023,0.002312085,0.2347,0.2603666666666667,,,79.5842068629208,79.45708202292008,1808.99963,1770.3771533333336,1.10348519121844,1.2140874220813
GRC,Greece,1999,0.03747393,,,6.122449,12.331219666666668,81.4450775561887,79.57758149608544,,,2.91445279199031,3.273339120166174
GRC,Greece,2000,0.05216039,0.59085,,,,75.9457186126026,78.46823645524604,1378.09346,,2.66655170675995,2.8783822413700535
GRC,Greece,2001,0.06348182,,,13.63636,,80.223883880255,79.20489334968211,,,2.20914667417921,2.5967170576431564
GRC,Greece,2002,0.05275089,0.57753,,5.813953,,78.8305966001695,78.3333996976757,1329.34234,,2.35758966808032,2.4110960163398265
GRC,Greece,2003,0.07224267,,,8.86076,9.437024333333333,81.0854885329495,80.04665633779133,,,2.31085440195403,2.2925302480711864
GRC,Greece,2004,0.03444275,0.56163,,7.964602,7.5464383333333345,76.4057944941676,78.7739598757622,1433.39172,,2.19936107455073,2.28926838152836
GRC,Greece,2005,0.1229471,0.54073,,6.289308,7.704890000000002,82.0243063745665,79.8385298005612,,,2.16034282406693,2.223519433523897
GRC,Greece,2006,0.1411217,0.59224,0.5648666666666666,8.854167,7.702692333333334,76.3429277475754,78.2576762054365,1787.19397,,2.1517314674041,2.1704784553405863
GRC,Greece,2007,0.1174336,0.57051,0.5678266666666666,9.74026,8.294578333333334,80.8432393562162,79.73682449278603,1809.7524,,1.97807851301133,2.0967176014941202
GRC,Greece,2008,0.04798393,0.58513,0.5826266666666666,10.10101,9.565145666666668,80.6025864165749,79.26291784012217,1904.75068,1833.899016666667,2.02719117912332,2.05233371984625
GRC,Greece,2009,0.08413346,0.67086,0.6088333333333334,4.761905,8.201058333333334,82.6111229159919,81.35231622959434,,,1.91886074711635,1.974710146417
GRC,Greece,2010,0.07366498,0.63414,0.6300433333333334,11.8705,8.911138333333334,75.2206016954779,79.4781036760149,,,2.09241439103021,2.012822105756627
GRC,Greece,2011,0.08490568,0.60491,0.6366366666666666,14.81481,10.482405,76.9932416098575,78.27498874044242,,,2.66335108155311,2.224875406566557
GRC,Greece,2012,0.05262554,0.6837,0.6409166666666666,16.37931,14.354873333333332,73.1050157089062,75.10628633808052,2217.3345,,2.94385082195685,2.5665387648467237
GRC,Greece,2013,0.07442193,0.71953,0.66938,12.54019,14.578103333333333,73.0863184506148,74.39485858979283,2236.28739,,3.35992326484806,2.989041722786007
GRC,Greece,2014,0.05179074,0.82288,0.7420366666666666,9.02527,12.648256666666668,69.1390083334951,71.77678083100535,2655.47213,2369.6980066666665,3.70328724888017,3.3356871118950266
GRC,Greece,2015,0.04052997,0.84553,0.79598,7.342658,9.636039333333335,72.9934014680342,71.73957608404804,2733.92303,2541.8941833333333,3.74510135156121,3.6027706217631468
GRC,Greece,2016,0.05693157,0.9716,0.8800033333333334,10.57692,8.981616,79.0743652188211,73.73559167345013,3196.52298,2861.972713333333,3.86807013742219,3.77215291262119
GRC,Greece,2017,0.04483753,1.00556,0.9408966666666667,11.44279,9.787456,81.3830379677673,77.8169348848742,2726.60076,2885.682256666667,3.7845334449233,3.7992349779689003
GRC,Greece,2018,0.04960071,1.1492,1.04212,9.463722,10.494477333333334,81.8522814918663,80.76989489281823,3250.61522,3057.9129866666667,4.02561408908442,3.8927392238099703
GRC,Greece,2019,0.03744635,1.2066,1.1204533333333333,7.419355,9.441955666666667,82.0229123086558,81.75274392276312,3416.08087,3131.0989499999996,4.01711188865998,3.9424198075559
GRC,Greece,2020,0.0558206,1.26236,1.2060533333333334,5.945946,7.609674333333333,87.4989989849166,83.79139759514624,3644.60084,3437.0989766666667,3.82028482572561,3.9543369344900037
GRC,Greece,2021,0.04058382,1.48872,1.3192266666666665,8.986176,7.450492333333333,91.2123161318513,86.9114091418079,4008.18457,3689.6220933333334,3.76370313384091,3.8670332827421667
GRC,Greece,2022,0.0394943,1.43353,1.39487,8.405172,7.779098,84.5570729381142,87.75612935162735,4244.36826,3965.71789,4.13633723428022,3.90677506461558
GRC,Greece,2023,0.0370319,1.47714,1.4664633333333332,5.378973,7.590107000000001,92.9081404835987,89.55917651785474,4926.78077,4393.1112,3.65640937592369,3.8521499146816063
GTM,Guatemala,1999,0.003258603,,,,,27.3417303989629,25.797307529182735,,,1.19929367939818,0.9883321198181094
GTM,Guatemala,2000,,,,,,24.5022118118759,25.014914275993732,,,1.21955546357004,1.1425426615847967
GTM,Guatemala,2001,,,,,,26.8665325240579,26.23682491163223,,,1.14231843892536,1.1870558606311936
GTM,Guatemala,2002,,,,,,29.0420032310177,26.803582522317168,,,1.43292542122111,1.2649331079055033
GTM,Guatemala,2003,,,,,,24.5057906785299,26.8047754778685,,,1.30974066338144,1.29499484117597
GTM,Guatemala,2004,0.001450221,,,,,23.9563791488573,25.834724352801633,,,1.16800613998226,1.3035574081949366
GTM,Guatemala,2005,0.001342462,,,,,20.0343603928127,22.832176740066632,,,1.23532987825381,1.2376922272058366
GTM,Guatemala,2006,,0.03556,,,,31.6683478967157,25.219695812795237,29.96244,,0.535227889642625,0.9795213026262317
GTM,Guatemala,2007,0.004452459,0.0501,,,,29.0430846081798,26.915264299236068,24.57335,,1.14171888473699,0.9707588842111416
GTM,Guatemala,2008,0.003206053,0.06782,0.051160000000000004,,,33.1901324992229,31.300521668039465,34.56902,29.701603333333335,1.06611252601174,0.9143531001304517
GTM,Guatemala,2009,0.00287472,0.0629,0.06027333333333334,,,28.6052292671239,30.2794821248422,39.14498,32.76245,0.918174166663804,1.0420018591375113
GTM,Guatemala,2010,,0.0562,0.06230666666666667,,,32.3197901793305,31.371717315225766,39.35924,37.69108,0.982166121574749,0.9888176047500976
GTM,Guatemala,2011,0.002345821,0.04421,0.05443666666666667,,,29.0617474187329,29.99558895506243,25.28604,34.59675333333333,0.917404038893957,0.9392481090441701
GTM,Guatemala,2012,,0.04894,0.049783333333333325,,,29.8869749988699,30.422837532311096,25.2655,29.97026,0.824024726742641,0.9078649624037824
GTM,Guatemala,2013,,0.04543,0.04619333333333333,,,30.4311357878281,29.79328606847697,27.51046,26.020666666666667,0.774887477187843,0.8387720809414804
GTM,Guatemala,2014,,0.03916,0.044509999999999994,,,31.635439421946,30.651183402881333,17.78271,23.51955666666667,0.834089768314268,0.8110006574149174
GTM,Guatemala,2015,,0.02949,0.03802666666666667,,,33.3916020541738,31.819392421315968,20.79155,22.02824,0.753264979008598,0.787414074836903
GTM,Guatemala,2016,,0.03064,0.03309666666666667,,,39.1754535594274,34.73416501184907,22.74408,20.439446666666665,0.880238748968012,0.8225311654302927
GTM,Guatemala,2017,,0.02311,0.027746666666666666,,,37.5216198222507,36.69622514528397,22.71149,22.082373333333333,0.871410492388476,0.834971406788362
GTM,Guatemala,2018,,0.02955,0.027766666666666665,,,35.5112619561864,37.40277844595483,14.49246,19.982676666666666,0.861647803353042,0.8710990149031766
GTM,Guatemala,2019,0.002092532,0.02938,0.02734666666666667,,,35.695301965492,36.242727914643034,13.28356,16.82917,0.858559818487834,0.8638727047431173
GTM,Guatemala,2020,,0.02642,0.028450000000000003,,,42.4375549346034,37.88137295209393,14.95967,14.24523,0.862378041389156,0.860861887743344
GTM,Guatemala,2021,,0.04887,0.03489,100.0,,34.7294006020372,37.620752500710864,17.2968,15.180010000000001,0.775216230672712,0.8320513635165673
GTM,Guatemala,2022,0.002156195,0.05835,0.04454666666666666,,,39.9219063198904,39.029620618843666,14.52588,15.594116666666666,0.81844284537445,0.8186790391454393
GTM,Guatemala,2023,0.002312085,0.00549,0.03757,,,38.364016749015,37.671774556980864,4.40398,12.075553333333334,0.758156009225757,0.7839383617576395
HKG,"Hong Kong SAR, China",1999,0.07820646,0.4283,,10.68702,9.012192666666666,144.290769496675,147.66286408155733,1053.71375,,0.0,0.0
HKG,"Hong Kong SAR, China",2000,0.09483707,0.45767,,5.521472,7.902830666666667,141.495054174325,145.43658400330932,1205.55046,,0.0,0.0
HKG,"Hong Kong SAR, China",2001,0.1496174,0.46493,0.4503000000000001,5.394191,7.200894333333333,140.762477214713,142.18276696190432,1160.05084,1139.7716833333334,0.0,0.0
HKG,"Hong Kong SAR, China",2002,0.123812,0.53645,0.48635,4.255319,5.0569939999999995,149.578854058642,143.9454618158933,1355.89935,1240.5002166666666,0.0,0.0
HKG,"Hong Kong SAR, China",2003,0.1364135,0.58147,0.5276166666666667,4.569892,4.7398006666666666,166.610028910889,152.31712006141467,1564.3458,1360.0986633333332,0.0,0.0
HKG,"Hong Kong SAR, China",2004,0.1178305,0.68027,0.5993966666666667,6.067961,4.964390666666667,162.64855687606,159.61247994853034,1972.70024,1630.9817966666667,0.0,0.0
HKG,"Hong Kong SAR, China",2005,0.1098805,0.72176,0.6611666666666666,5.990783,5.542878666666667,203.442168593254,177.56691812673435,2122.33356,1886.4598666666668,0.0,0.0
HKG,"Hong Kong SAR, China",2006,0.09308071,0.77343,0.7251533333333334,3.989362,5.349368666666667,182.173158594292,182.75462802120197,2612.0206,2235.6848,0.0,0.0
HKG,"Hong Kong SAR, China",2007,0.1174376,0.79469,0.7632933333333334,5.09915,5.026431666666666,193.814434880198,193.14325402258135,2649.43577,2461.26331,0.0,0.0
HKG,"Hong Kong SAR, China",2008,0.07730913,0.75161,0.7732433333333333,5.617978,4.902163333333333,193.806449434979,189.93134763648968,2815.15829,2692.2048866666664,0.0,0.0
HKG,"Hong Kong SAR, China",2009,0.08928742,0.71996,0.75542,8.376964,6.364697333333332,185.88489775875,191.16859402464232,2636.81534,2700.4698000000003,0.0,0.0
HKG,"Hong Kong SAR, China",2010,0.1002516,0.77342,0.74833,7.954545,7.316495666666667,209.037278690779,196.242875294836,2737.39051,2729.7880466666666,0.0,0.0
HKG,"Hong Kong SAR, China",2011,0.05321104,0.74946,0.7476133333333334,7.854985,8.062164666666666,234.044423378603,209.655533276044,3062.54396,2812.249936666667,0.102064253754366,0.034021417918122
HKG,"Hong Kong SAR, China",2012,0.0666896,0.72086,0.7479133333333333,9.1133,8.30761,207.103744535007,216.72848220146298,3036.83266,2945.5890433333334,0.100649803818179,0.06757135252418167
HKG,"Hong Kong SAR, China",2013,0.1103449,0.72733,0.7325499999999999,7.969151,8.312478666666665,202.986835664786,214.71166785946534,3137.56656,3078.98106,0.0996043806291325,0.1007728127338925
HKG,"Hong Kong SAR, China",2014,0.1187034,0.73017,0.72612,8.071749,8.384733333333335,209.129123576926,206.406567925573,3309.70489,3161.3680366666667,0.10494293377231,0.10173237273987383
HKG,"Hong Kong SAR, China",2015,0.08550752,0.74014,0.7325466666666666,9.343936,8.461612,200.947864831665,204.354608024459,3512.80511,3320.0255200000006,0.103849327766974,0.1027988807228055
HKG,"Hong Kong SAR, China",2016,0.1380945,0.76183,0.7440466666666667,6.804124,8.073269666666667,203.741968587536,204.60631899870899,3487.89638,3436.802126666667,0.104908517771069,0.10456692643678434
HKG,"Hong Kong SAR, China",2017,0.1059145,0.7915,0.76449,12.24138,9.463146666666667,202.968093657828,202.5526423590097,3668.25742,3556.3196366666666,0.104312297689149,0.10435671440906398
HKG,"Hong Kong SAR, China",2018,0.07904199,0.83519,0.7961733333333333,14.94024,11.328581333333332,230.018642326729,212.242901524031,3720.22457,3625.459456666667,0.102909786431174,0.10404353396379733
HKG,"Hong Kong SAR, China",2019,0.1039988,0.8633,0.8299966666666667,12.17949,13.12037,226.605754647412,219.86416354398966,3978.17159,3788.8845266666667,0.10160719947493,0.102943094531751
HKG,"Hong Kong SAR, China",2020,0.1003284,0.92557,0.8746866666666667,11.72249,12.947406666666666,220.536719141955,225.72037203869866,4240.38811,3979.594756666667,0.0824949684044623,0.09567065143685544
HKG,"Hong Kong SAR, China",2021,0.09469917,0.99236,0.9270766666666667,13.10044,12.33414,191.265441386389,212.80263839191866,4355.79712,4191.452273333333,0.0037745819650473,0.06262558328147987
HKG,"Hong Kong SAR, China",2022,0.07726365,0.97026,0.96273,15.05618,13.293036666666666,181.84809194587,197.88341749140466,4591.73346,4395.972896666667,0.0019525985774622,0.02940738298232393
HKG,"Hong Kong SAR, China",2023,0.08130834,1.07293,1.0118500000000001,10.45131,12.869309999999999,175.706507863695,182.94001373198466,4815.20071,4587.577096666667,0.0139908386706781,0.0065726730710625346
HRV,Croatia,1999,0.06843065,,,2.380952,,46.6450480047581,43.98834488282623,1058.21383,,2.97867588464814,2.819376502104743
HRV,Croatia,2000,0.03603809,0.83157,,,,49.5476617105964,46.681250234239705,1250.71645,,3.12915701268428,2.91887251843999
HRV,Croatia,2001,0.04389973,1.04221,,7.843137,,48.8903905779736,48.36103343110937,1554.71759,1287.8826233333332,3.68190933918987,3.263247412174097
HRV,Croatia,2002,0.04185195,0.91745,0.9304100000000001,7.352941,,47.1178698082587,48.5186406989429,1549.19173,1451.5419233333332,3.88039971866034,3.563822023511497
HRV,Croatia,2003,0.0290585,0.94088,0.9668466666666667,8.333333,7.843137,54.9870799655465,50.3317801172596,1990.8424,1698.2505733333335,4.31955172816996,3.960620262006723
HRV,Croatia,2004,0.01450221,0.94098,0.9331033333333334,7.058824,7.581699333333334,51.1697384177598,51.09156273052167,1361.17206,1633.735396666667,4.08520533252828,4.095052259786193
HRV,Croatia,2005,0.02013693,1.02048,0.9674466666666667,3.030303,6.140820000000001,52.4360059760957,52.86427478646734,1657.56476,1669.8597399999999,4.01238410156644,4.139047054088226
HRV,Croatia,2006,0.01461454,0.84799,0.9364833333333333,5.769231,5.2861193333333345,53.2563583992156,52.28736759769037,1327.97321,1448.9033433333334,3.88698199509026,3.9948571430616595
HRV,Croatia,2007,0.02059262,0.73228,0.8669166666666667,7.692307,5.497280333333333,49.7797139609822,51.82402611209784,1338.95518,1441.4977166666667,3.79703560186004,3.8988005661722465
HRV,Croatia,2008,0.02543469,0.78328,0.78785,8.823529,7.4283556666666675,52.4772984503389,51.83779027017889,1419.96782,1362.2987366666666,3.7077808346301,3.797266143860133
HRV,Croatia,2009,0.02568083,0.87629,0.7972833333333332,6.593407,7.703081,55.5362390827435,52.59775049802153,1551.807,1436.9099999999999,3.47354680343352,3.6594544133078863
HRV,Croatia,2010,0.02236605,0.82999,0.8298533333333333,10.90909,8.775342,46.6350239968122,51.54952050996487,1606.76105,1526.1786233333332,3.42216769527614,3.534498444446587
HRV,Croatia,2011,0.0287754,0.72875,0.8116766666666667,16.66667,11.389722333333333,47.3492062278039,49.84015643578653,1649.24941,1602.60582,4.43589818563714,3.7772042281156
HRV,Croatia,2012,0.02261204,0.73493,0.7645566666666667,19.5122,15.695986666666668,50.4585766761611,48.147602300259074,1594.22493,1616.74513,3.26962353982307,3.709229806912117
HRV,Croatia,2013,0.01846807,0.73545,0.7330433333333334,13.23529,16.471386666666664,50.6392896781353,49.482357527366766,1567.46167,1603.6453366666665,3.16896402434661,3.6248285832689398
HRV,Croatia,2014,0.00783521,0.79163,0.7540033333333334,12.12121,14.956233333333335,48.2824389621799,49.7934351054921,1535.62032,1565.7689733333334,3.45370176765308,3.297429777274253
HRV,Croatia,2015,0.01459981,0.76744,0.76484,,,45.0191091902704,47.980279276861864,1445.04267,1516.0415533333332,3.80581070850856,3.47615883350275
HRV,Croatia,2016,0.007234418,0.82388,0.7943166666666667,5.172414,,49.6289245080827,47.643490886844326,1513.83841,1498.1671333333334,3.99850587027924,3.7526727821469597
HRV,Croatia,2017,0.0127169,0.84569,0.8123366666666666,11.5942,,49.3076562084777,47.9852299689436,1871.39921,1610.09343,4.08609059681209,3.963469058533297
HRV,Croatia,2018,0.008561037,0.84354,0.8377033333333334,14.28571,10.350774666666668,54.2575633620537,51.06471469287137,1900.86092,1762.0328466666667,4.11547344306975,4.066689970053694
HRV,Croatia,2019,0.006576528,0.94608,0.8784366666666666,1.960784,9.280231333333333,54.123044016661,52.56275452906414,1973.01528,1915.0918033333335,4.14096061287902,4.11417488425362
HRV,Croatia,2020,0.01842371,1.07723,0.9556166666666667,4.705883,6.9841256666666665,57.7962682102159,55.39229186297687,2203.55061,2025.8089366666666,4.11405690618968,4.123496987379483
HRV,Croatia,2021,0.02037789,1.23536,1.0862233333333335,19.69697,8.787879,54.1708461132596,55.36338611337883,2295.44402,2157.3366366666664,3.9225886947302,4.0592020712663
HRV,Croatia,2022,0.00934351,1.24187,1.18482,14.11765,12.840167666666666,55.4306594938788,55.79925793911809,2414.42218,2304.47227,3.75016625171241,3.9289372842107633
HRV,Croatia,2023,0.02196481,1.41896,1.29873,4.040404,12.618341333333333,61.8955356886193,57.165680431919235,2534.42425,2414.763483333333,3.24712574135534,3.639960229265983
HUN,Hungary,1999,0.04779284,0.65606,0.6604733333333334,11.03448,13.611453333333335,55.0065309651419,52.74119607186494,1142.65899,1078.5619566666667,3.34767823695695,3.0205125687712204
HUN,Hungary,2000,0.08725011,0.67067,0.6747266666666666,11.6129,13.959383333333333,53.8394030415508,53.49834649284973,1228.7746,1151.7715166666665,3.16495878586422,3.1308196998800533
HUN,Hungary,2001,0.1308033,0.78999,0.7055733333333333,10.41667,11.02135,55.4770550958581,54.77432970085027,1411.99814,1261.14391,2.88451278911382,3.132383270644997
HUN,Hungary,2002,0.1368908,0.91225,0.7909700000000001,11.60221,11.210593333333334,53.8254634069883,54.38064051479907,1440.86103,1360.5445899999997,2.67539584742718,2.90828914080174
HUN,Hungary,2003,0.08919346,0.98314,0.8951266666666666,8.40708,10.141986666666666,57.3270695173496,55.543196006731996,1473.69545,1442.1848733333334,2.60441117704274,2.7214399378612466
HUN,Hungary,2004,0.09281415,0.91985,0.9384133333333334,9.745763,9.918351,62.5385257113722,57.8970195452367,1499.67591,1471.4107966666668,2.64561616924817,2.6418077312393633
HUN,Hungary,2005,0.08927373,0.86077,0.9212533333333334,10.4,9.517614333333334,61.5801011541762,60.48189879429933,1476.26637,1483.2125766666668,2.91654982261098,2.7221923896339635
HUN,Hungary,2006,0.07733528,0.92043,0.90035,9.027778,9.724513666666667,62.8757698028675,62.33146555613863,1575.84829,1517.2635233333333,2.80271134279396,2.78829244488437
HUN,Hungary,2007,0.1489904,0.97835,0.91985,9.124087,9.517288333333333,62.3591601023714,62.27167701980503,1745.00319,1599.0392833333333,2.94925389611062,2.8895050205051866
HUN,Hungary,2008,0.1012578,0.95488,0.9512200000000001,12.4183,10.190055,60.7501538278145,61.99502791101779,1731.42684,1684.092773333333,2.90339724226628,2.8851208270569533
HUN,Hungary,2009,0.1140305,0.97817,0.9704666666666667,9.337349,10.293245333333333,63.2313465736573,62.11355350128107,1845.99803,1774.1426866666668,2.99459724583108,2.949082794735993
HUN,Hungary,2010,0.09482318,1.13027,1.0211066666666666,8.908046,10.221231666666668,58.1696669826863,60.717055794719364,2004.50214,1860.6423366666668,2.89691852439568,2.9316376708310137
HUN,Hungary,2011,0.1091458,1.13102,1.07982,12.71394,10.319778333333334,57.0134955817981,59.47150304604724,2135.63344,1995.37787,2.96868421309768,2.95339999444148
HUN,Hungary,2012,0.08651176,1.18116,1.1474833333333334,10.27837,10.633452,50.4161946601092,55.1997857415312,2309.99213,2150.04257,2.85109876896265,2.90556716881867
HUN,Hungary,2013,0.0631762,1.25758,1.18992,11.21076,11.401023333333335,50.1848614699194,52.53818390394223,2400.89424,2282.17327,2.96681179750804,2.92886492652279
HUN,Hungary,2014,0.06593329,1.38449,1.2744099999999998,11.05651,10.848546666666666,50.0908153993331,50.23062384312056,2527.84945,2412.91194,2.81140733862425,2.8764393016983134
HUN,Hungary,2015,0.09489875,1.3437,1.32859,9.240247,10.502505666666666,59.731732642703,53.335803170651836,2654.79529,2527.8463266666663,2.75510292361996,2.844440686584083
HUN,Hungary,2016,0.06141719,1.33884,1.3556766666666666,9.533898,9.943551666666666,53.8368549697642,54.55313433726676,2569.66887,2584.1045366666663,2.74036783335005,2.768959365198086
HUN,Hungary,2017,0.06967431,1.17645,1.2863300000000002,6.479482,8.417875666666667,55.8033314415332,56.45730635133347,2625.94197,2616.802043333333,2.80788546338003,2.7677854067833465
HUN,Hungary,2018,0.07456467,1.31498,1.2767566666666668,8.31354,8.108973333333333,62.7320595622535,57.457415324516965,2902.24254,2699.2844600000003,2.70230817994176,2.750187158890613
HUN,Hungary,2019,0.06668201,1.50196,1.33113,11.00386,8.598960666666667,58.3633848116503,58.96625860514567,3846.48666,3124.89039,2.56475733655043,2.691650326624073
HUN,Hungary,2020,0.0638042,1.46473,1.4272233333333333,10.60606,9.974486666666666,69.8126666218606,63.63603699858813,4021.15293,3589.9607100000007,2.52699721755069,2.5980209113476267
HUN,Hungary,2021,0.04149739,1.58067,1.5157866666666664,7.835052,9.814990666666667,56.406876556078,61.527642663196296,4309.61589,4059.0851600000005,2.4162567728973,2.502670442332807
HUN,Hungary,2022,0.0398896,1.63327,1.5595566666666667,4.035088,7.492066666666666,53.9649094724242,60.0614842167876,4452.48668,4261.085166666667,2.25593599537369,2.3997299952738937
HUN,Hungary,2023,0.04990251,1.39056,1.5348333333333333,3.915171,5.261770333333334,64.4447152754582,58.27216710132013,4725.1504,4495.7509900000005,1.9337699024031,2.2019875568913636
IDN,Indonesia,1999,0.003258603,,,17.46032,,-76.466325871854,-73.58037528105633,,,,
IDN,Indonesia,2000,0.0227609,,,,,-74.4716098134558,-73.84177592729094,,,,
IDN,Indonesia,2001,0.002687739,0.06769,,1.923077,,-64.2403633124196,-71.7260996659098,209.65817,,,
IDN,Indonesia,2002,0.006539367,0.04756,,,,-63.3523233370869,-67.3547654876541,196.3356,,,
IDN,Indonesia,2003,0.01210771,,,,,-61.2996884615853,-62.96412503703059,,,,
IDN,Indonesia,2004,0.01631499,,,,,-66.008075034348,-63.55336227767341,,,,
IDN,Indonesia,2005,0.01107531,,,,,-60.8384444911096,-62.71540266234763,,,,
IDN,Indonesia,2006,0.0250883,,,,,-67.8765492820002,-64.90768960248593,,,,
IDN,Indonesia,2007,0.01819943,,,,,-86.1235398993709,-71.61284455749357,,,,
IDN,Indonesia,2008,0.006412106,,,,,-90.7961529492001,-81.59874737685708,,,,
IDN,Indonesia,2009,0.01552349,,,,,-90.4267498347048,-89.11548089442526,,,,
IDN,Indonesia,2010,0.0206584,0.08332,,,,-92.4269662627062,-91.21662301553704,88.33347,,,
IDN,Indonesia,2011,0.01716359,,,,,-103.509561901494,-95.454425999635,,,,
IDN,Indonesia,2012,0.0185901,,,,,-131.576603738043,-109.1710439674144,,,,
IDN,Indonesia,2013,0.02764715,,,,,-130.298256846713,-121.79480749541666,,,,
IDN,Indonesia,2014,0.01143941,0.0847,,12.4031,,-134.045158259873,-131.97333961487632,,,,
IDN,Indonesia,2015,0.02406995,,,,,-122.689418915783,-129.010944674123,,,,
IDN,Indonesia,2016,0.01808604,,,,,-109.271486079706,-122.00202108512066,,,,
IDN,Indonesia,2017,0.01406024,0.24535,,,,-106.48517951201,-112.81536150249967,177.73496,,,
IDN,Indonesia,2018,0.01308756,0.23805,,,,-100.401414525223,-105.38602670564633,214.08281,,,
IDN,Indonesia,2019,0.01506623,0.22632,0.23657333333333333,,,-98.0132758893818,-101.63328997553828,215.18755,202.33510666666666,,
IDN,Indonesia,2020,0.008080573,0.27129,0.24522,,,-99.1816488656438,-99.19877976008286,387.17063,272.14699666666667,,
IDN,Indonesia,2021,0.01360676,0.28068,0.25943,,,-86.9479731245526,-94.71429929319272,395.34168,332.56662,,
IDN,Indonesia,2022,0.0166027,,,,,-84.9370547688609,-90.35555891968578,,,,
IDN,Indonesia,2023,0.02235016,,,7.936508,,-82.9192756077432,-84.93476783371891,,,,
IND,India,1999,0.1828076,0.70378,0.6765066666666667,6.884058,7.1567196666666675,19.3430695615077,18.0818594341611,116.49341,,,
IND,India,2000,0.2641212,0.72413,0.7048666666666668,3.5,6.043512333333333,21.3260734857601,19.5363869404128,,,,
IND,India,2001,0.2438675,0.75699,0.7283000000000001,9.309967,6.564675,21.8848024647478,20.851315170671867,110.62568,,,
IND,India,2002,0.3969832,0.73591,0.7390100000000001,7.736626,6.848864333333334,21.6071184549194,21.605998135142432,,,,
IND,India,2003,0.4387142,0.72567,0.7395233333333334,6.944445,7.9970126666666665,22.1969266729062,21.896282530857803,,,,
IND,India,2004,0.5133472,0.71929,0.7269566666666667,6.364429,7.0151666666666666,22.3528918245213,22.05231231744897,,,,
IND,India,2005,0.6591873,0.7569,0.7339533333333333,6.857574,6.722149333333334,23.0511620657529,22.5336601877268,,,,
IND,India,2006,0.7417228,0.82411,0.7667666666666667,5.877518,6.3665069999999995,24.7403711279846,23.381475006086266,135.14649,,1.38014563664711,
IND,India,2007,0.716015,0.80473,0.7952466666666665,7.565392,6.766828,26.0473139148163,24.612949036184602,,,1.26908323636827,
IND,India,2008,0.9446343,0.80507,0.8113033333333334,7.359155,6.934021666666666,27.0601259049498,25.949270315916902,,,1.13582528909623,1.26168472070387
IND,India,2009,1.050156,0.85876,0.8228533333333333,8.317815,7.747454,28.4555744181546,27.18767141264023,,,1.12199785126939,1.1756354589112965
IND,India,2010,1.157959,0.83314,0.8323233333333334,9.871915,8.516295,29.3426479119283,28.286116078344236,,,1.09518424194474,1.1176691274367867
IND,India,2011,1.214644,0.78849,0.8267966666666666,11.51006,9.89993,30.2219214810602,29.3400479370477,156.19059,,1.03317967625268,1.0834539231556033
IND,India,2012,1.117086,0.75502,0.7922166666666666,11.43329,10.938421666666665,31.1609590704357,30.2418428211414,,,1.18655744733417,1.10497378851053
IND,India,2013,1.151951,0.74399,0.7625000000000001,11.15437,11.365906666666666,32.8228389038316,31.40190648510917,,,1.01508568050114,1.07827426802933
IND,India,2014,1.078369,0.70642,0.7351433333333334,9.530931,10.706197000000001,34.024000893281,32.669266289182765,,,1.00093829881451,1.0675271422166066
IND,India,2015,1.291615,0.70158,0.71733,9.536121,10.073807333333333,36.5423025911346,34.46304746274907,,,0.955136025790011,0.9903866683685537
IND,India,2016,1.198433,0.6931,0.7003666666666667,8.661664,9.242905333333333,37.2827822095164,35.94969523131066,214.34935,,1.07214823696901,1.0094075205245103
IND,India,2017,1.185934,0.66984,0.6881733333333333,8.785175,8.99432,37.3874186548518,37.0708344851676,,,1.38845145888274,1.138578573880587
IND,India,2018,1.135592,0.66603,0.6763233333333334,9.694824,9.047221,37.4713105330607,37.380503799142964,,,1.27697656979372,1.2458587552151565
IND,India,2019,1.19991,0.66001,0.6652933333333333,7.792208,8.757402333333333,37.5843467719926,37.48102531996837,250.00794,,1.29818314593957,1.32120372487201
IND,India,2020,1.547903,0.65942,0.6618200000000001,6.738178,8.07507,39.2996982985914,38.11845186788157,,,,
IND,India,2021,1.139217,0.64558,0.6550033333333334,7.003045,7.177810333333333,37.481252772155,38.12176594757967,259.26325,,,
IND,India,2022,1.054487,,,5.941394,6.560872333333333,35.0355799640062,37.272177011584205,,,,
IND,India,2023,0.9509992,,,3.702468,5.548969,36.529412379469,36.34874837187674,,,,
IRL,Ireland,1999,0.1898679,1.20801,1.24076,4.814815,4.150604,84.4139319963481,79.56884947059376,2091.11026,1930.6472299999998,2.88737192602648,2.9255597257228203
IRL,Ireland,2000,0.1251849,1.15141,1.20071,6.603774,5.269611,88.829432158315,84.46472704328613,2111.48773,2043.9427733333334,2.92179513549799,2.9036611225691065
IRL,Ireland,2001,0.08376785,1.08383,1.14775,2.431611,4.616733333333333,89.2588125565635,87.50072557040886,2255.69685,2152.764946666666,2.74312140712907,2.8507628228845134
IRL,Ireland,2002,0.0599006,1.05194,1.0957266666666667,4.918033,4.651139333333333,94.8238092465837,90.97068465382074,2336.65114,2234.6119066666665,2.2766591478283,2.647191896818453
IRL,Ireland,2003,0.130648,1.05575,1.06384,2.631579,3.3270743333333335,94.3753409801325,92.8193209277599,2406.49548,2332.9478233333334,2.27297040108044,2.4309169853459367
IRL,Ireland,2004,0.1157276,1.12435,1.0773466666666667,2.601156,3.383589333333333,95.1190324417588,94.77272755615833,2534.61201,2425.9195433333334,2.26700755475066,2.2722123678864663
IRL,Ireland,2005,0.10686,1.17778,1.1192933333333333,5.486284,3.5730063333333337,95.6972616089343,95.06387834360855,2735.33169,2558.81306,2.45336052093482,2.3311128255886397
IRL,Ireland,2006,0.1432225,1.19197,1.1646999999999998,6.024096,4.703845333333334,94.9645108412312,95.26026829730809,2821.26494,2697.0695466666666,2.47753909512366,2.3993023902697135
IRL,Ireland,2007,0.1430352,1.19887,1.18954,5.781585,5.763988333333334,96.3991282254109,95.6869668918588,2895.65117,2817.4159333333337,2.4166926919619,2.4491974360067936
IRL,Ireland,2008,0.2000577,1.23409,1.20831,4.310345,5.372008666666666,94.211873871778,95.19183764614003,2929.08877,2882.0016266666667,2.44717466507871,2.4471354840547566
IRL,Ireland,2009,0.1210736,1.39126,1.2747400000000002,5.646359,5.246096333333333,96.5195236634163,95.71017525353506,3256.66919,3027.136376666667,2.30354242506181,2.38913659403414
IRL,Ireland,2010,0.123284,1.61371,1.4130200000000002,4.135338,4.697347333333334,92.7390811597422,94.49015956497884,3139.86576,3108.54124,2.26372083926077,2.338145976467097
IRL,Ireland,2011,0.1236248,1.59425,1.5330733333333333,4.307693,4.696463333333334,92.1237859436341,93.79413025559752,3116.61747,3171.0508066666666,2.4435997927687,2.33695435236376
IRL,Ireland,2012,0.1155534,1.53761,1.5818566666666667,6.25,4.897677000000001,95.5243613808866,93.4624094947543,3341.4018,3199.2950100000003,2.42783564687666,2.3783854263020436
IRL,Ireland,2013,0.1124244,1.5455,1.55912,5.692109,5.4166006666666675,89.7222963903432,92.45681457162131,4873.66344,3777.2275700000005,2.35678640199725,2.4094072805475366
IRL,Ireland,2014,0.1093627,1.53562,1.5395766666666668,4.634994,5.525701000000001,94.5990928142106,93.28191686181346,5141.73776,4452.267666666667,2.42892067815332,2.40451424234241
IRL,Ireland,2015,0.1355415,1.47756,1.5195600000000002,5.427252,5.251451666666667,91.2791791106531,91.86685610506896,5290.95054,5102.117246666667,2.33418582502682,2.37329763505913
IRL,Ireland,2016,0.09934764,1.14062,1.3845999999999998,3.907816,4.656687333333333,95.2315814260317,93.70328445029845,5242.06636,5224.91822,1.85767464510932,2.20692704942982
IRL,Ireland,2017,0.09262102,1.14954,1.2559066666666667,5.185185,4.840084333333333,74.2255240987969,86.9120948784939,5143.85544,5225.624113333333,1.85325228931861,2.0150375864849166
IRL,Ireland,2018,0.1151558,1.20821,1.1661233333333334,4.533333,4.542111333333334,71.4047045896876,80.28727003817205,5114.19434,5166.70538,1.63054087652401,1.7804892703173134
IRL,Ireland,2019,0.1699734,1.08244,1.14673,5.121043,4.946520333333333,73.3281580389667,72.9861289091504,4656.77702,4971.608933333333,1.53109476061078,1.6716293088178
IRL,Ireland,2020,0.1358183,1.13733,1.14266,6.069364,5.241246666666666,75.4138160503161,73.38222622632345,4961.4389,4910.80342,1.38118327441797,1.5142729705175866
IRL,Ireland,2021,0.1236538,1.12466,1.11481,5.429864,5.5400903333333344,74.1910468170859,74.31100696878957,5196.11055,4938.108823333333,1.17866173408939,1.3636465897060468
IRL,Ireland,2022,0.07543088,1.0732,1.1117299999999999,6.786051,6.095092999999999,80.6437822686177,76.74954837867324,5213.43167,5123.660373333333,1.08778013893049,1.21587504914595
IRL,Ireland,2023,0.113639,1.53215,1.2433366666666665,3.153153,5.1230226666666665,85.9815290922962,80.2721193926666,5554.98837,5321.510196666667,0.862544853964902,1.042995575661594
IRN,"Iran, Islamic Rep.",1999,0.01737921,,,,,-115.447658668316,-123.82012497927201,,,,
IRN,"Iran, Islamic Rep.",2000,0.01138045,,,,,-97.0135293318444,-109.63178604869246,,,,
IRN,"Iran, Islamic Rep.",2001,0.002687739,,,,,-105.871870057097,-106.11101935241913,,,,
IRN,"Iran, Islamic Rep.",2002,0.02746534,0.50218,,,,-87.1049629993087,-96.6634541294167,,,,
IRN,"Iran, Islamic Rep.",2003,0.03176833,0.49558,,,,-84.6612008055191,-92.54601128730826,,,,
IRN,"Iran, Islamic Rep.",2004,0.02900442,0.59484,0.5308666666666667,,,-95.8066005050267,-89.19092143661817,,,,
IRN,"Iran, Islamic Rep.",2005,0.03423278,0.50453,0.53165,8.571428,,-87.4433833619349,-89.30372822416024,,,,
IRN,"Iran, Islamic Rep.",2006,0.02435757,0.62284,0.57407,10.14493,,-80.2166905382203,-87.82222480172732,,,,
IRN,"Iran, Islamic Rep.",2007,0.01836639,0.55921,0.5621933333333332,3.846154,7.520837333333333,-76.9050977386177,-81.52172387959097,695.93817,,,
IRN,"Iran, Islamic Rep.",2008,0.02666367,,,10.44776,8.146281333333334,-74.3233060373261,-77.14836477138805,,,,
IRN,"Iran, Islamic Rep.",2009,0.02869928,0.64647,,15.78947,10.027794666666667,-64.0674463335666,-71.76528336983681,723.09305,,,
IRN,"Iran, Islamic Rep.",2010,0.0264894,0.27258,,10.48387,12.240366666666667,-60.4088381691115,-66.2665301800014,687.77269,,,
IRN,"Iran, Islamic Rep.",2011,0.02770861,0.26442,0.39448999999999995,14.84375,13.705696666666666,-64.1137053411789,-62.86332994795233,712.4395,707.7684133333332,,
IRN,"Iran, Islamic Rep.",2012,0.03217917,,,10.37736,11.90166,-64.580688618876,-63.03441070972213,,,,
IRN,"Iran, Islamic Rep.",2013,0.02497038,0.29435,,16.23932,13.820143333333334,-36.9850081152965,-55.22646735845046,667.69317,,,
IRN,"Iran, Islamic Rep.",2014,0.02652219,0.23601,,16.94915,14.521943333333331,-33.6417978564312,-45.06916486353456,650.49973,,,
IRN,"Iran, Islamic Rep.",2015,0.05244093,,,8.045977,13.744815666666668,-27.8338049577846,-32.820203643170764,,,,
IRN,"Iran, Islamic Rep.",2016,0.04152254,0.39383,,15.32258,13.439235666666667,-32.5650713047388,-31.346891372984867,789.46238,,,
IRN,"Iran, Islamic Rep.",2017,0.05265873,,,15.33333,12.900629,-55.215546874525,-38.5381410456828,,,,
IRN,"Iran, Islamic Rep.",2018,0.05166143,0.75983,,10.66667,13.774193333333335,-53.5976964323682,-47.126104870544005,1409.14676,,,
IRN,"Iran, Islamic Rep.",2019,0.0461752,,,12.83422,12.944740000000001,-49.7887589905094,-52.867334099134204,,,,
IRN,"Iran, Islamic Rep.",2020,0.06180022,0.78829,,6.965174,10.155354666666666,-27.2421274349486,-43.54286095260873,1588.4273,,,
IRN,"Iran, Islamic Rep.",2021,0.03633843,,,9.797297,9.865563666666667,-22.07737264429,-33.036086356582665,,,,
IRN,"Iran, Islamic Rep.",2022,0.03047422,0.72665,,8.992805,8.585092000000001,-26.5193765008583,-25.279625526698965,2239.74005,,,
IRN,"Iran, Islamic Rep.",2023,0.02181067,,,5.934718,8.241606666666668,-32.4944592767049,-27.0304028072844,,,,
IRQ,Iraq,1999,,,,,,-283.880272800302,-137.44060263490078,,,,
IRQ,Iraq,2000,,,,,,-476.947326954593,-288.11007793512067,,,,
IRQ,Iraq,2001,,,,,,-403.308873311555,-388.04549102215,,,,
IRQ,Iraq,2002,,,,,,-344.920693760464,-408.3922980088707,,,,
IRQ,Iraq,2003,0.002421542,,,,,-302.205220635501,-350.14492923584004,,,,
IRQ,Iraq,2004,,,,,,-215.423664187301,-287.516526194422,,,,
IRQ,Iraq,2005,,,,,,-282.713155555713,-266.7806801261717,,,,
IRQ,Iraq,2006,0.001826818,,,,,-258.770671926746,-252.30249722325334,,,,
IRQ,Iraq,2007,,,,,,-286.213672542951,-275.89916667513666,,,,
IRQ,Iraq,2008,,0.04554,,,,-307.471358496956,-284.15190098888434,370.8675,,,
IRQ,Iraq,2009,,0.03435,,,,-319.452328712433,-304.37911991744664,391.66134,,,
IRQ,Iraq,2010,0.0012495,0.04562,0.04183666666666667,,,-309.52116479381,-312.1482840010663,407.43142,389.98675333333335,,
IRQ,Iraq,2011,0.0007819403,0.03684,0.03893666666666667,,,-274.591134586161,-301.18820936413465,420.64715,406.57997,,
IRQ,Iraq,2012,,0.03476,0.03907333333333333,,,-287.892861997924,-290.66838712596495,429.8312,419.30325666666675,,
IRQ,Iraq,2013,0.001154255,,,,,-290.002433165476,-284.16214324985367,,,,
IRQ,Iraq,2014,,,,,,-275.505030732489,-284.46677529862967,,,,
IRQ,Iraq,2015,0.003551305,0.03835,,,,-307.676202167834,-291.061222021933,66.44057,,,
IRQ,Iraq,2016,,0.04017,,,,-392.88619219625,-325.3558083655243,63.15466,,,
IRQ,Iraq,2017,,0.03737,0.03863,,,-451.101947041262,-383.888113801782,62.30752,63.96758333333332,,
IRQ,Iraq,2018,0.002066457,0.04596,0.041166666666666664,,,-404.958840172483,-416.3156598033317,102.2908,75.91766,,
IRQ,Iraq,2019,0.002092532,0.04279,0.04204,12.5,,-362.545083013579,-406.2019567424413,107.3521,90.65014000000001,,
IRQ,Iraq,2020,0.0009696687,0.03266,0.04047,,,-357.471644217881,-374.99185580131433,118.26846,109.30378666666667,,
IRQ,Iraq,2021,,0.04053,0.03866,,,-340.435616490004,-353.4841145738214,136.59963,120.74006333333334,,
IRQ,Iraq,2022,0.0004312389,0.0407,0.03796333333333333,,,-287.4205985904,-328.442619766095,164.28484,139.7176433333333,,
IRQ,Iraq,2023,0.0009248341,,,66.66666,,-274.87736059498,-300.91119189179466,,,,
ISL,Iceland,1999,0.003258603,1.95098,,,,,,5191.01854,4493.229433333333,3.62489115048886,3.2732110046965968
ISL,Iceland,2000,0.01422556,2.23507,1.9947099999999998,,,,,5720.28444,5293.029869999999,3.74013142986979,3.47470401947172
ISL,Iceland,2001,,2.57201,2.252686666666667,15.78947,,,,,,3.50341399144419,3.6228121906009467
ISL,Iceland,2002,0.009591072,2.83989,2.54899,,,,,6560.18798,,2.90970381942762,3.3844164135805332
ISL,Iceland,2003,0.01243058,2.8212,2.7443666666666666,,,,,,,2.5514123673675,2.9881767260797703
ISL,Iceland,2004,0.01537234,2.7055,2.7888633333333335,,,,,6643.65474,,2.81615633271344,2.7590908398361864
ISL,Iceland,2005,0.01409585,,,,,,,,,2.92451543994027,2.7640280466737366
ISL,Iceland,2006,0.01644136,2.67969,,,,,,7337.75322,,3.15789779478735,2.9661898558136865
ISL,Iceland,2007,0.01614016,2.85265,,,,,,7999.30666,,2.86937926077493,2.9839308318341833
ISL,Iceland,2008,0.003206053,2.53294,2.688426666666667,,,,,7175.58294,7504.214273333334,2.75542017068012,2.9275657420808
ISL,Iceland,2009,0.01461316,2.46413,2.616573333333333,,,,,7313.20175,7496.030450000001,2.11120578507464,2.5786684055098967
ISL,Iceland,2010,0.01062075,2.59713,2.5314,,,20.4889143459192,,7841.17942,7443.321370000001,1.92802099987349,2.26488231854275
ISL,Iceland,2011,0.006004184,,,,,,,,,2.19072624864141,2.0766510111965135
ISL,Iceland,2012,0.008293205,2.40366,,16.66667,,,,7088.82137,,2.18683033914353,2.1018591958861434
ISL,Iceland,2013,0.00134663,,,,,,,,,2.2667824886165,2.2147796921338134
ISL,Iceland,2014,0.00783521,1.69237,,9.67742,,,,5739.72216,,2.13856103793336,2.197391288564463
ISL,Iceland,2015,0.009470145,1.93616,,7.692307,,,,,,2.29888441212526,2.23474264622504
ISL,Iceland,2016,0.0150717,2.18137,1.9366333333333337,,,,,,,2.25745320954182,2.2316328865334802
ISL,Iceland,2017,0.01128401,2.11011,2.07588,,,,,,,2.18676734653176,2.2477016560662797
ISL,Iceland,2018,0.009299058,2.08365,2.1250433333333336,7.692307,,,,5979.72684,,2.32303478535534,2.2557517804763063
ISL,Iceland,2019,0.01262494,2.00081,2.064856666666667,,,,,5645.66563,,2.22575401545979,2.245185382448963
ISL,Iceland,2020,0.002327205,2.34018,2.1415466666666667,,,,,,,1.99520356234097,2.1813307877187
ISL,Iceland,2021,0.009673051,2.4864,2.2757966666666665,,,,,,,1.99179187995624,2.070916485919
ISL,Iceland,2022,0.005031121,2.78171,2.536096666666667,,,,,6941.30115,,1.67066483383052,1.8858867587092434
ISL,Iceland,2023,0.007706951,2.60089,2.6229999999999998,18.18182,,,,6863.54747,,1.78277613202311,1.8150776152699564
ISR,Israel,1999,0.454032,2.80723,2.6592866666666666,5.816832,5.790752666666666,105.559282937892,99.84519654719286,,,2.14389146945099,2.2762692179108535
ISR,Israel,2000,0.4509503,3.21199,2.90485,4.262295,5.069110666666667,99.6968790507527,101.78065288729756,,,2.17992392673296,2.2078149138079133
ISR,Israel,2001,0.4613951,3.81316,3.27746,5.410448,5.163191666666667,99.6368804731559,101.63101415393355,,,2.16223062790252,2.1620153413621566
ISR,Israel,2002,0.4810358,4.05338,3.6928433333333337,5.167173,4.946638666666667,100.839935619908,100.05789838127221,,,2.0397052105521,2.1272865883958603
ISR,Israel,2003,0.3624241,3.99197,3.9528366666666663,5.177993,5.251871333333333,104.468712535306,101.64850954278997,,,2.07797609944359,2.093303979299403
ISR,Israel,2004,0.5391197,3.76142,3.93559,4.208885,4.851350333333333,101.110075417337,102.13957452418367,,,2.09458203396699,2.07075444798756
ISR,Israel,2005,0.4872466,3.74703,3.8334733333333335,5.742726,5.043201333333333,98.4168432565454,101.33187706972946,,,2.42426897644256,2.198942369951047
ISR,Israel,2006,0.6294605,3.91123,3.8065599999999997,4.811443,4.921018,96.6341348469394,98.72035117360726,,,2.46923976696521,2.3293635924582534
ISR,Israel,2007,0.7943465,4.01416,3.8908066666666667,5.142166,5.232111666666667,92.4931643928288,95.84804749877121,,,2.49537779390235,2.462962179103373
ISR,Israel,2008,0.874624,4.28533,4.07024,5.416192,5.123266999999999,94.0520403445183,94.39311319476217,,,2.71679128127743,2.56046961404833
ISR,Israel,2009,0.6287217,4.24165,4.18038,7.052441,5.870266333333333,85.2741499098135,90.60645154905353,,,2.69835916953868,2.6368427482394865
ISR,Israel,2010,0.5349944,4.01799,4.181656666666667,6.306306,6.258313,90.1621750007213,89.8294550850177,,,2.58481729868252,2.6666559164995434
ISR,Israel,2011,0.5857347,3.8421,4.0339133333333335,6.342364,6.567036999999999,88.2876289296525,87.90798461339575,,,2.84203305401944,2.7084031740802135
ISR,Israel,2012,0.6976019,3.91608,3.92539,8.208955,6.952541666666666,80.9526707855397,86.46749157197117,,,2.769185423443,2.7320119253816535
ISR,Israel,2013,0.4893586,4.06028,3.939486666666667,5.834564,6.7952943333333335,95.5693067544626,88.26986882321826,,,2.61455849808992,2.7419256585174536
ISR,Israel,2014,0.5051192,4.10651,4.0276233333333336,5.338208,6.460575666666666,84.4585946143284,86.99352405144356,,,2.43426622902145,2.6060033835181233
ISR,Israel,2015,0.5624872,4.19613,4.120973333333333,6.598985,5.923919000000001,76.5747635339105,85.53422163423384,,,2.54641641529629,2.5317470474692203
ISR,Israel,2016,0.661428,4.29761,4.200083333333333,5.364878,5.767357,76.7988039122038,79.2773873534809,,,2.39882792733361,2.4598368572171165
ISR,Israel,2017,0.608999,4.59051,4.361416666666667,7.195696,6.386519666666666,68.5749437600896,73.98283706873464,,,2.67098202465492,2.5387421224282734
ISR,Israel,2018,0.476835,4.74032,4.542813333333332,6.505102,6.355225333333333,74.1220928819656,73.165280184753,,,2.29423585052075,2.4546819341697597
ISR,Israel,2019,0.4403036,4.91965,4.75016,6.353791,6.684863,68.0044014046484,70.23381268223453,,,2.28459215546849,2.416603343548053
ISR,Israel,2020,0.4784669,5.35528,5.005083333333332,5.561072,6.139988333333334,70.734379347895,70.95362454483633,,,2.21346413685179,2.26409738094701
ISR,Israel,2021,0.4227123,5.83209,5.3690066666666665,4.783307,5.566056666666667,43.340273574372,60.693018108971806,,,2.00019536237998,2.1660838849000865
ISR,Israel,2022,0.3257651,5.75725,5.648206666666667,5.073696,5.139358333333333,28.729307237752,47.60132005333967,,,2.02743244349212,2.0803639809079635
ISR,Israel,2023,0.2640401,6.17831,5.92255,4.357864,4.738289000000001,26.0915608340862,32.720380548736735,,,1.93568139636341,1.9877697340785032
ITA,Italy,1999,1.538604,1.00275,0.9773933333333332,6.20091,5.877117666666667,84.200323646416,83.74198881140903,1142.51929,1209.6978866666666,3.26361267961832,3.3699624166858033
ITA,Italy,2000,1.65003,0.97865,0.9888733333333333,5.89632,5.782988666666667,85.0464120461185,84.0554026382769,1137.5056,1142.9952066666665,3.35719998242112,3.3414088362677266
ITA,Italy,2001,1.796036,1.00104,0.9941466666666666,7.15843,6.418553333333333,88.8679040891303,86.03821326055493,1154.70198,1144.9089566666669,3.04761399781521,3.2228088866182163
ITA,Italy,2002,1.612608,1.03714,1.00561,8.844508,7.299752666666667,85.4335353165297,86.44928381725951,1164.25597,1152.1545166666667,2.91797082525192,3.10759493516275
ITA,Italy,2003,1.96206,1.07704,1.0384066666666667,7.64725,7.8833959999999985,87.9148588781137,87.4054327612579,1242.88215,1187.2800333333332,2.89393995561489,2.9531749262273403
ITA,Italy,2004,1.651439,1.05539,1.0565233333333335,7.843137,8.111631666666666,85.3649353296641,86.2377765081025,1222.71837,1209.9521633333334,2.95686822649362,2.9229263357868103
ITA,Italy,2005,1.594912,1.04662,1.0596833333333333,7.995495,7.828627333333333,86.7924296664505,86.69074129140944,1242.48468,1236.0284,2.80617728163584,2.885661821248117
ITA,Italy,2006,1.678236,1.04057,1.0475266666666667,7.548139,7.795590333333333,85.7235768898601,85.96031396199157,1412.59398,1292.5990100000001,2.86490360501927,2.8759830377162436
ITA,Italy,2007,1.774472,1.07903,1.0554066666666666,8.369482,7.971038666666668,88.4757014724615,86.99723600959071,1507.90404,1387.6609,2.82813071714414,2.83307053459975
ITA,Italy,2008,1.871724,1.12421,1.08127,10.46139,8.793003666666666,85.6775303732499,86.62560291185717,1579.89282,1500.13028,2.68394961011941,2.792327977427606
ITA,Italy,2009,1.908739,1.15548,1.1195733333333333,11.35333,10.061400666666666,85.491305751847,86.54817919918612,1613.51417,1567.1036766666666,2.53060324340767,2.680894523557073
ITA,Italy,2010,1.603133,1.21261,1.1641000000000001,11.82909,11.214603333333335,83.3030445890869,84.82396023806126,1703.84695,1632.4179800000002,2.7527185273341,2.6557571269537266
ITA,Italy,2011,1.527872,1.21296,1.1936833333333334,12.85934,12.013919999999999,85.4618786500618,84.75207633033189,1722.66807,1680.0097299999998,2.74947583964162,2.67759920346113
ITA,Italy,2012,1.588352,1.19531,1.2069599999999998,15.03706,13.24183,84.1225458006764,84.29582301327503,1760.64483,1729.0532833333334,2.99270723705696,2.8316338680108935
ITA,Italy,2013,1.419893,1.25559,1.2212866666666666,14.10598,14.000793333333334,81.8390323727707,83.80781894116963,1831.34278,1771.5518933333333,3.42727977274766,3.0564876164820802
ITA,Italy,2014,1.419779,1.29425,1.2483833333333332,11.90033,13.681123333333332,79.2945394918256,81.75203922175757,1916.30366,1836.09709,3.39279169004739,3.2709262332840034
ITA,Italy,2015,1.54462,1.33148,1.2937733333333332,13.1072,13.037836666666669,78.3881613742621,79.84057774628614,1947.34437,1898.3302700000002,3.53096355564766,3.45034500614757
ITA,Italy,2016,1.4648,1.33213,1.3192866666666667,11.11738,12.041636666666667,79.5879551148895,79.09021866032573,2075.80841,1979.8188133333333,3.35794788332857,3.427234376341206
ITA,Italy,2017,1.441261,1.35915,1.34092,13.6333,12.619293333333333,80.4850506548451,79.48705571466557,2209.59265,2077.58181,3.47366428293755,3.454191907304594
ITA,Italy,2018,1.347543,1.36393,1.3517366666666668,12.6665,12.472393333333335,81.1780064494272,80.41700407305393,2322.42382,2202.608293333333,3.30629013701975,3.3793007677619564
ITA,Italy,2019,1.455553,1.41934,1.3808066666666665,12.09096,12.79692,80.9707217224841,80.87792627558547,2524.31271,2352.109726666667,3.27831159640148,3.35275533878626
ITA,Italy,2020,1.487068,1.45558,1.4129500000000002,12.39404,12.383833333333333,82.2279640302359,81.45889740071573,2670.65345,2505.79666,3.2365210433594,3.27370759226021
ITA,Italy,2021,1.366383,1.49869,1.45787,12.39772,12.29424,76.8695186600949,80.02273480427164,2614.68181,2603.21599,3.02512818958248,3.179986943114453
ITA,Italy,2022,0.9751271,1.41065,1.4549733333333335,10.6267,11.806153333333333,76.6329781818496,78.5768202907268,2658.8949,2648.0767199999996,2.95038167757673,3.0706769701728702
ITA,Italy,2023,0.9510773,1.36563,1.42499,7.497244,10.173888,83.6290340580981,79.04384363334754,2795.53412,2689.70361,2.08195635531516,2.685822074158123
JAM,Jamaica,1999,,,,,,94.5222994351099,93.49833457242823,,,0.698752070541641,0.5276913458474657
JAM,Jamaica,2000,,,,,,94.3638451836559,94.8606984334783,,,0.721648673418218,0.606600628395879
JAM,Jamaica,2001,,,,,,103.328089733944,97.4047447842366,,,0.710295306764077,0.7102320169079787
JAM,Jamaica,2002,,0.0491,,,,99.3945489288946,99.0288279488315,,,0.680931753534331,0.7042919112388754
JAM,Jamaica,2003,,0.06096,,,,97.5056228585843,100.07608717380764,,,0.512710310165655,0.6346457901546877
JAM,Jamaica,2004,0.004350664,,,,,101.82856835986,99.57624671577963,,,0.377633486988301,0.5237585168960956
JAM,Jamaica,2005,0.004027386,,,,,99.1713795428899,99.50185692044472,,,0.307037055476415,0.39912695087679034
JAM,Jamaica,2006,0.001826818,,,,,,,,,0.406868149129772,0.363846230531496
JAM,Jamaica,2007,0.004452459,,,,,,,,,0.383075620652373,0.36566027508618665
JAM,Jamaica,2008,0.001068684,,,,,,,,,0.356276658928313,0.38207347623681925
JAM,Jamaica,2009,0.003928784,,,18.18182,,105.123624942318,,,,0.330715308328087,0.35668919596959103
JAM,Jamaica,2010,0.0012495,,,,,103.838077353586,,,,0.317979574212443,0.33499051382294764
JAM,Jamaica,2011,0.003518731,,,,,101.354464569431,103.43872228844502,,,0.458604417148112,0.3690997665628806
JAM,Jamaica,2012,0.0007643507,,,,,102.710219982956,102.63425396865767,,,0.564108962682357,0.4468976513476373
JAM,Jamaica,2013,0.002308509,,,,,100.157043700802,101.407242751063,,,0.517901569859907,0.5135383165634587
JAM,Jamaica,2014,,,,,,107.737156246829,103.53480664352901,,,0.769813525591788,0.6172746860446839
JAM,Jamaica,2015,0.005918841,,,,,105.2724776289,104.38889252551034,,,0.778902646085998,0.6888725805125643
JAM,Jamaica,2016,,,,,,109.43720166783,107.48227851451968,,,0.776065247517594,0.7749271397317933
JAM,Jamaica,2017,0.003224004,,,,,108.191210511983,107.63362993623765,,,0.894851821145044,0.8166065715828786
JAM,Jamaica,2018,0.001033229,,,,,113.83416343848,110.48752520609766,,,1.18550631916117,0.9521411292746027
JAM,Jamaica,2019,,,,,,109.229935725367,110.41843655861,,,1.20919474164509,1.0965176273171013
JAM,Jamaica,2020,,,,,,111.27757461366,111.44722459250234,,,1.27450325762996,1.2230681061454067
JAM,Jamaica,2021,,,,,,116.005643185217,112.171051174748,,,0.69818953394376,1.0606291777396033
JAM,Jamaica,2022,,,,,,116.928370048263,114.73719594904667,,,0.794748939019645,0.9224805768644551
JAM,Jamaica,2023,,,,,,112.575323434922,115.16977888946734,,,1.10756192676288,0.8668334665754284
JOR,Jordan,1999,0.009775808,,,,,102.390819907277,101.07707580839424,1779.75136,,,
JOR,Jordan,2000,0.03414135,,,,,100.404939438943,100.43150041157055,,,,
JOR,Jordan,2001,0.002687739,,,,,97.9874139742194,100.2610577734798,,,,
JOR,Jordan,2002,0.01831023,,,,,101.035262385467,99.8092052662098,,,,
JOR,Jordan,2003,0.007264626,0.33689,,,,,,,,,
JOR,Jordan,2004,0.007613661,,,,,100.350883672829,,,,,
JOR,Jordan,2005,0.008390388,,,,,,,,,,
JOR,Jordan,2006,0.01412739,,,,,104.687410566081,,,,,
JOR,Jordan,2007,0.01486008,,,2.564103,,100.81335944633,,,,,
JOR,Jordan,2008,0.01242346,,,12.0,,101.675248338337,102.392006116916,,,,
JOR,Jordan,2009,0.008624159,0.42154,,,,101.451488654332,101.31336547966634,,,,
JOR,Jordan,2010,0.0037485,,,,,100.587977211079,101.23823806791599,,,,
JOR,Jordan,2011,0.007819403,,,,,103.196812266721,101.745426044044,,,,
JOR,Jordan,2012,0.008598945,,,13.1579,,97.087936606672,100.290908694824,,,,
JOR,Jordan,2013,0.01065762,,,7.692307,,103.446250661863,101.243666511752,,,,
JOR,Jordan,2014,0.006268168,,,,,98.2216878046669,99.5852916910673,,,,
JOR,Jordan,2015,0.003551305,,,,,102.393511379036,101.35381661518863,,,,
JOR,Jordan,2016,0.0050867,,,,,101.502649371657,100.7059495184533,254.19597,,,
JOR,Jordan,2017,0.005015117,0.69547,,,,101.256104382247,101.71742171097999,572.41702,,,
JOR,Jordan,2018,0.002066457,,,24.13793,,98.8616582684381,100.5401373407807,576.00927,467.54075333333327,,
JOR,Jordan,2019,0.0005231329,,,4.347826,,96.9987865926365,99.03884974777388,,,,
JOR,Jordan,2020,0.005333178,,,,,98.8307447935051,98.23039655152657,,,,
JOR,Jordan,2021,0.009565572,,,,,93.2041068287967,96.3445460716461,,,,
JOR,Jordan,2022,0.005031121,,,11.62791,,92.3346741083648,94.78984191022221,,,,
JOR,Jordan,2023,0.003986596,,,8.333333,,96.3523279332296,93.96370295679702,,,,
JPN,Japan,1999,32.74353,2.82745,2.73075,9.819494,9.427583,80.3220799001163,81.5584372055652,5164.5008,5009.973666666666,1.62376460167353,1.6212153919851897
JPN,Japan,2000,33.89989,2.84672,2.7986466666666665,9.994878,9.674496333333332,81.1103825264601,81.0719883734681,5201.03384,5108.189163333333,1.66735809029884,1.6311637060665334
JPN,Japan,2001,33.77959,2.85841,2.844193333333333,10.17245,9.995607333333332,82.8158357838335,81.41609940346997,5102.41299,5155.9825433333335,1.64726363470811,1.6461287755601601
JPN,Japan,2002,32.46822,2.92348,2.8762033333333332,10.68553,10.284286,81.201679168534,81.7092991596092,5136.2064,5146.551076666667,1.66064129300602,1.6584210060043236
JPN,Japan,2003,33.26069,2.96514,2.9156766666666663,10.06571,10.307896666666666,82.9888784175082,82.33546445662523,4891.16889,5043.2627600000005,1.67511592005813,1.66100694925742
JPN,Japan,2004,31.63865,2.99319,2.9606033333333333,10.12163,10.290956666666666,85.4788968124398,83.22315146616067,5113.02549,5046.80026,1.68288746031136,1.6728815577918368
JPN,Japan,2005,29.93355,2.98125,2.97986,10.33741,10.174916666666666,83.7746111126745,84.08079544754084,5117.27802,5040.4908,1.6586773967228,1.67222692569743
JPN,Japan,2006,27.42674,3.13092,3.0351200000000005,10.33088,10.263306666666667,83.4649315674778,84.23947983086403,5322.47485,5184.259453333333,1.65937754039514,1.6669807991430998
JPN,Japan,2007,26.02139,3.22766,3.1132766666666662,10.78365,10.48398,82.3651990491479,83.2015805764334,5352.83117,5264.19468,1.62853048800504,1.6488618083743265
JPN,Japan,2008,23.21695,3.29257,3.21705,11.45963,10.858053333333332,84.3107714036557,83.38030067342713,5344.2381,5339.84804,1.5978922616121,1.6286000966707601
JPN,Japan,2009,22.33887,3.29224,3.270823333333334,11.52717,11.256816666666667,84.2147770328816,83.63024916189507,5125.12165,5274.06364,1.53270104102618,1.5863745968811067
JPN,Japan,2010,24.26209,3.1959,3.2602366666666662,14.1284,12.371733333333333,80.6163392901148,83.04729590888404,5114.01193,5194.457226666666,1.59700358670897,1.5758656297824167
JPN,Japan,2011,25.00495,3.10495,3.197696666666667,16.31318,13.989583333333334,81.7425349206212,82.19121708120586,5117.18164,5118.77174,1.52441496557344,1.5513731977695302
JPN,Japan,2012,23.80076,3.20537,3.1687399999999997,17.37314,15.938239999999999,90.8195974217069,84.39282387748096,5123.33234,5118.175303333333,1.51529595514471,1.5455715024757068
JPN,Japan,2013,22.56206,3.1737,3.1613400000000005,15.84859,16.511636666666664,96.1222197111632,89.5614506844971,5048.63399,5096.382656666666,1.49802021555983,1.5125770454259932
JPN,Japan,2014,22.95693,3.27895,3.2193400000000003,14.90773,16.043153333333333,95.6729767272549,94.20493128670834,5166.83422,5112.933516666667,1.46403442081202,1.4924501971721866
JPN,Japan,2015,22.58677,3.36788,3.27351,14.34704,15.034453333333333,95.5684274026895,95.78787461370253,5351.53211,5189.000106666667,1.39365335131825,1.4519026625633666
JPN,Japan,2016,21.60257,3.24071,3.2958466666666664,14.4998,14.584856666666667,94.8396264266997,95.36034351888138,5198.48902,5238.951783333334,1.34739749463378,1.4016950889213498
JPN,Japan,2017,22.01572,3.10665,3.2384133333333334,13.59762,14.148153333333333,93.813281550921,94.74044512677007,5232.70894,5260.910023333334,1.34962466185899,1.3635585026036734
JPN,Japan,2018,22.19602,3.16636,3.1712399999999996,13.18046,13.759293333333332,93.0886712405363,93.91385973938566,5319.83455,5250.34417,1.3291380488664,1.3420534017863899
JPN,Japan,2019,20.25395,3.2192,3.16407,13.2741,13.350726666666667,91.4437393045403,92.78189736533254,5339.51713,5297.35354,1.32376065626924,1.3341744556648767
JPN,Japan,2020,17.60094,3.21824,3.2012666666666667,12.72956,13.061373333333334,90.5590328120186,91.6971477856984,5376.11987,5345.157183333334,1.28484736369606,1.3125820229439
JPN,Japan,2021,18.32637,3.26556,3.2343333333333333,12.69469,12.899450000000002,89.5796033607393,90.52745849243274,5450.44287,5388.69329,1.2330401416324,1.2805493871992333
JPN,Japan,2022,15.63018,3.27383,3.252543333333333,12.42484,12.616363333333332,88.6817259385197,89.60678737042586,5589.76698,5472.1099066666675,1.23803301483089,1.2519735067197832
JPN,Japan,2023,12.35528,3.40053,3.313306666666667,10.17679,11.76544,89.9707516343257,89.41069364452824,5629.79566,5556.668503333333,1.23511794657307,1.2353970343454532
KAZ,Kazakhstan,1999,0.01629301,0.22039,,,,-64.101419868444,-56.46284269773627,,,0.795029424321798,
KAZ,Kazakhstan,2000,0.005690224,0.18383,0.23253000000000001,,,-86.4272644828767,-71.96884302649714,,,0.625680648264781,
KAZ,Kazakhstan,2001,0.04300382,0.18104,0.19508666666666666,5.882353,,-120.092510158044,-90.2070648364549,,,0.878043820916189,0.766251297834256
KAZ,Kazakhstan,2002,0.02354172,0.22009,0.19498666666666664,,,-134.332258503956,-113.61734438162557,,,0.428301428356083,0.644008632512351
KAZ,Kazakhstan,2003,0.0290585,0.25509,0.21874000000000002,13.63636,,-129.154332856309,-127.85970050610301,,,0.513629550774837,0.6066582666823697
KAZ,Kazakhstan,2004,0.02537887,0.25246,0.24254666666666666,,,-135.233486190748,-132.90669251700433,,,0.818326473662071,0.5867524842643302
KAZ,Kazakhstan,2005,0.008054772,0.24837,0.2519733333333333,,,-126.097109438445,-130.16164282850067,,,2.22471590578062,1.1855573100725094
KAZ,Kazakhstan,2006,0.02740226,0.28361,0.26148,,,-134.005470542205,-131.77868872379932,,,2.09008530035215,1.711042559931614
KAZ,Kazakhstan,2007,0.02671475,0.24281,0.25826333333333334,19.23077,,-109.966554445871,-123.35637814217365,,,0.808639271762437,1.7078134926317354
KAZ,Kazakhstan,2008,0.01923632,0.20884,0.24508666666666667,26.19048,,-99.6423363599403,-114.53812044933876,394.65661,,0.999385745303429,1.2993701058060054
KAZ,Kazakhstan,2009,0.023956,0.21654,0.22272999999999998,22.22222,22.547823333333337,-107.133124073149,-105.5806716263201,365.52061,,0.79872460614593,0.8689165410705987
KAZ,Kazakhstan,2010,0.0138278,0.22924,0.21820666666666666,,,-133.331514766138,-113.36899173307579,338.66777,366.28166333333337,1.15204477410099,0.9833850418501163
KAZ,Kazakhstan,2011,0.01524784,0.15341,0.19973,,,-123.587021794579,-121.35055354462202,360.06018,354.74952,1.05063388645688,1.0004677555679333
KAZ,Kazakhstan,2012,0.01796224,0.15349,0.1787133333333333,23.25581,,-109.268193109514,-122.06224322341033,375.48738,358.07177666666666,0.919999028435264,1.0408925629977113
KAZ,Kazakhstan,2013,0.05194145,0.16525,0.15738333333333335,13.04348,,-119.075537014168,-117.31025063942035,596.79809,444.11521666666664,0.913767795145606,0.9614669033459166
KAZ,Kazakhstan,2014,0.01175281,0.17132,0.16335333333333335,19.71831,18.672533333333334,-104.743994492383,-111.02924153868834,720.18538,564.15695,0.904862320342232,0.9128763813077008
KAZ,Kazakhstan,2015,0.02624019,0.16722,0.16793,,,-144.96914007643,-122.929557194327,781.43387,699.4724466666667,0.728498373567767,0.8490428296852016
KAZ,Kazakhstan,2016,0.02072359,0.16951,0.16935,15.0,,-163.347093699784,-137.686742756199,760.84725,754.1555,0.613630107792516,0.7489969339008383
KAZ,Kazakhstan,2017,0.0189858,0.14179,0.15950666666666669,16.0,,-138.721448149402,-149.012560641872,678.87213,740.3844166666667,0.671502630973873,0.671210370778052
KAZ,Kazakhstan,2018,0.007060396,0.12667,0.14599,13.95349,14.984496666666667,-159.17985508135,-153.749465643512,650.77119,696.83019,0.827230143125367,0.7041209606305854
KAZ,Kazakhstan,2019,0.01412459,0.11683,0.12843000000000002,7.042253,12.331914333333335,-138.052784736523,-145.318029322425,650.01155,659.8849566666667,0.85820568105533,0.78564615171819
KAZ,Kazakhstan,2020,0.008727019,0.11841,0.12063666666666667,11.26761,10.754451000000001,-129.451098148241,-142.22791265537134,619.64887,640.14387,0.878476786428236,0.8546375368696445
KAZ,Kazakhstan,2021,0.006771136,0.12602,0.12041999999999999,4.411765,7.573875999999999,-140.248408820944,-135.91743056856933,668.82871,646.1630433333333,0.857345180965053,0.8646758828162063
KAZ,Kazakhstan,2022,0.001617146,0.13023,0.12488666666666666,4.651163,6.776845999999999,-129.431378016145,-133.04362832844333,609.97284,632.8168066666667,0.923322419108153,0.8863814621671473
KAZ,Kazakhstan,2023,0.001156043,0.11715,0.12446666666666667,,,-119.310636509706,-129.66347444893168,661.69455,646.8320333333334,1.01735832739047,0.9326753091545587
KGZ,Kyrgyz Republic,1999,,0.21064,,,,61.6436697088972,55.53673146760584,,,0.389100522739547,0.3627449925625963
KGZ,Kyrgyz Republic,2000,,0.17992,0.19482,,,45.9818820850455,51.876424218545104,,,0.377482356802889,0.37175983752686736
KGZ,Kyrgyz Republic,2001,,0.15637,0.18230999999999997,,,40.5560190764603,49.393856956800995,,,0.719119561456602,0.4952341469996793
KGZ,Kyrgyz Republic,2002,,0.17189,0.1693933333333333,,,38.1738600476482,41.570587069717995,,,0.554927690215001,0.5505098694914974
KGZ,Kyrgyz Republic,2003,,0.1981,0.17545333333333332,,,53.8726282986866,44.20083580759837,,,0.50287396534656,0.5923070723393877
KGZ,Kyrgyz Republic,2004,,0.22272,0.19757,,,49.5988958055432,47.215128050626,,,0.529381896894045,0.5290611841518688
KGZ,Kyrgyz Republic,2005,,0.19926,0.2066933333333333,,,49.6551011202165,51.042208408148774,,,0.506620495839575,0.5129587860267267
KGZ,Kyrgyz Republic,2006,,0.19861,0.20686333333333332,,,53.8600024127913,51.037999779517,,,0.509420311400509,0.515140901378043
KGZ,Kyrgyz Republic,2007,,0.23014,0.20933666666666664,,,60.8644408195592,54.79318145085566,,,0.553602811950791,0.5232145397302917
KGZ,Kyrgyz Republic,2008,,0.23425,0.221,,,62.9370855571729,59.2205095965078,,,0.53771018619008,0.5335777698471267
KGZ,Kyrgyz Republic,2009,0.00287472,0.19017,0.21818666666666667,,,74.6036306450027,66.13505234057827,,,0.634069534873824,0.5751275110048983
KGZ,Kyrgyz Republic,2010,,0.15997,0.19479666666666665,,,70.2891590209004,69.27662507435866,,,0.294697922205712,0.488825881089872
KGZ,Kyrgyz Republic,2011,,0.15547,0.16853666666666667,,,64.8032964649748,69.89869537695931,,,0.203749166171285,0.377505541083607
KGZ,Kyrgyz Republic,2012,,0.15633,0.15725666666666666,,,50.6782498268298,61.92356843756833,,,0.152803079838735,0.217083389405244
KGZ,Kyrgyz Republic,2013,,0.1661,0.1593,,,60.5764174982233,58.685987930009304,,,0.179404839743487,0.17865236191783565
KGZ,Kyrgyz Republic,2014,0.003917605,0.14914,0.15718999999999997,,,57.6044380421125,56.28636845572186,,,0.180976371747421,0.17106143044321434
KGZ,Kyrgyz Republic,2015,,0.12536,0.14686666666666667,,,54.1018983122215,57.4275846175191,,,0.168208158844405,0.17619645677843765
KGZ,Kyrgyz Republic,2016,,0.11903,0.13117666666666666,,,64.6862607464469,58.797532366926966,,,0.160515135113789,0.16989988856853833
KGZ,Kyrgyz Republic,2017,,0.11121,0.11853333333333334,,,52.8266821949375,57.2049470845353,,,0.167320623683951,0.16534797254738168
KGZ,Kyrgyz Republic,2018,,0.10707,0.11243666666666667,,,48.9552275889485,55.489390176777626,,,0.152127523205574,0.15998776066777134
KGZ,Kyrgyz Republic,2019,0.004185063,0.10107,0.10645,,,48.1619323691757,49.981280717687234,,,0.148054219808706,0.15583412223274368
KGZ,Kyrgyz Republic,2020,,0.08535,0.09782999999999999,,,38.8624775668833,45.326545841669166,,,0.128896126235637,0.14302595641663898
KGZ,Kyrgyz Republic,2021,0.00064487,0.08356,0.08999333333333333,7.142857,,40.2451423050449,42.42318408036797,,,0.122559556284382,0.13316996744290835
KGZ,Kyrgyz Republic,2022,,0.07102,0.07997666666666665,,,40.6142306319589,39.9072835012957,,,0.105128159273632,0.11886128059788366
KGZ,Kyrgyz Republic,2023,,0.06922,0.0746,,,33.7815670306686,38.213646655890805,,,0.0901306894997747,0.10593946835259622
KHM,Cambodia,1999,,,,,,,,,,0.0,0.0
KHM,Cambodia,2000,,,,,,,,,,0.0,0.0
KHM,Cambodia,2001,,,,,,,,,,0.0,0.0
KHM,Cambodia,2002,,,,,,,,,,0.0,0.0
KHM,Cambodia,2003,,0.0474,,,,,,17.47676,,0.0,0.0
KHM,Cambodia,2004,,,,,,,,,,0.0,0.0
KHM,Cambodia,2005,,,,,,,,,,0.0,0.0
KHM,Cambodia,2006,,,,,,,,,,0.0,0.0
KHM,Cambodia,2007,,,,,,,,,,0.0,0.0
KHM,Cambodia,2008,0.001603027,,,,,,,,,0.0,0.0
KHM,Cambodia,2009,,,,,,,,,,0.0,0.0
KHM,Cambodia,2010,0.002499,,,,,,,,,1.8223914425442,0.6074638141814
KHM,Cambodia,2011,,,,,,,,,,1.78744412777025,1.20327852343815
KHM,Cambodia,2012,,,,,,,,,,1.54946640765717,1.7197673259905402
KHM,Cambodia,2013,,,,,,,,,,0.0,1.11230351180914
KHM,Cambodia,2014,0.001175281,,,,,,,,,0.0,0.51648880255239
KHM,Cambodia,2015,,,,,,,,,,0.0,0.0
KHM,Cambodia,2016,,0.08828,,,,,,30.38923,,0.0,0.0
KHM,Cambodia,2017,,,,25.0,,,,,,0.0,0.0
KHM,Cambodia,2018,,,,,,,,,,0.0,0.0
KHM,Cambodia,2019,,,,,,,,,,0.0,0.0
KHM,Cambodia,2020,,,,,,,,,,0.0,0.0
KHM,Cambodia,2021,0.00128974,,,,,60.5868013956178,,,,0.0,0.0
KHM,Cambodia,2022,,,,,,58.9313079941395,,,,0.0,0.0
KHM,Cambodia,2023,,,,,,,,,,0.0,0.0
KNA,St. Kitts and Nevis,1999,,,,,,,,,,,
KNA,St. Kitts and Nevis,2000,,,,,,,,,,,
KNA,St. Kitts and Nevis,2001,,,,,,,,,,,
KNA,St. Kitts and Nevis,2002,,,,,,,,,,,
KNA,St. Kitts and Nevis,2003,,,,,,,,,,,
KNA,St. Kitts and Nevis,2004,,,,,,,,,,,
KNA,St. Kitts and Nevis,2005,,,,,,,,,,,
KNA,St. Kitts and Nevis,2006,,,,,,,,,,,
KNA,St. Kitts and Nevis,2007,,,,,,,,,,,
KNA,St. Kitts and Nevis,2008,,,,,,,,,,,
KNA,St. Kitts and Nevis,2009,0.0023956,,,,,,,,,,
KNA,St. Kitts and Nevis,2010,,,,,,,,,,,
KNA,St. Kitts and Nevis,2011,0.00117291,,,90.0,,,,,,,
KNA,St. Kitts and Nevis,2012,,,,,,,,,,,
KNA,St. Kitts and Nevis,2013,,,,,,,,,,,
KNA,St. Kitts and Nevis,2014,0.001958803,,,,,,,,,,
KNA,St. Kitts and Nevis,2015,,,,,,,,,,,
KNA,St. Kitts and Nevis,2016,,,,,,,,,,,
KNA,St. Kitts and Nevis,2017,,,,,,,,,,,
KNA,St. Kitts and Nevis,2018,,,,,,,,,,,
KNA,St. Kitts and Nevis,2019,,,,,,,,,,,
KNA,St. Kitts and Nevis,2020,,,,,,,,,,,
KNA,St. Kitts and Nevis,2021,,,,,,,,,,,
KNA,St. Kitts and Nevis,2022,0.001078097,,,,,,,,,,
KNA,St. Kitts and Nevis,2023,,,,,,,,,,,
KOR,"Korea, Rep.",1999,3.056569,2.03608,2.1174999999999997,6.976411,6.866811666666667,89.3835649432066,91.82397284996875,2007.82828,2145.2486266666665,2.04796320749634,1.8986069743655134
KOR,"Korea, Rep.",2000,3.007283,1.9446,2.0515900000000005,7.620959,7.283389666666667,88.4482330882503,90.40602657536361,2161.01827,2136.8916933333335,2.06564658951022,2.0010409155769664
KOR,"Korea, Rep.",2001,3.339515,2.0494,2.0100266666666666,8.058313,7.551894333333333,88.8626965698761,88.898164867111,2324.08478,2164.3104433333333,2.18628194423318,2.0999639137465795
KOR,"Korea, Rep.",2002,3.673555,2.19872,2.0642400000000003,8.252236,7.977169333333333,87.8727448945928,88.39455818423976,2906.71111,2463.9380533333333,2.39172160256474,2.2145500454360465
KOR,"Korea, Rep.",2003,4.887041,2.13042,2.1261799999999997,8.476039,8.262196000000001,86.5041194029852,87.74652028915136,3007.81714,2746.2043433333333,2.1644606559071,2.2474880675683395
KOR,"Korea, Rep.",2004,7.271523,2.19657,2.1752366666666667,6.672678,7.800317666666667,87.342289824528,87.23971804070199,3189.96825,3034.832166666667,2.20549468886102,2.25389231577762
KOR,"Korea, Rep.",2005,7.762518,2.35292,2.226636666666667,8.699164,7.949293666666667,87.7224900959861,87.1896331078331,3281.04385,3159.6097466666665,2.09836580846006,2.15610705107606
KOR,"Korea, Rep.",2006,7.558676,2.42725,2.32558,9.044894,8.138912,83.4372030897407,86.16732767008493,3763.23464,3411.4155800000003,2.09178855900438,2.1318830187751536
KOR,"Korea, Rep.",2007,6.720601,2.61516,2.46511,10.0784,9.274152666666668,86.8088364889406,85.98950989155578,4173.2456,3739.174696666667,2.02509578150683,2.0717500496570898
KOR,"Korea, Rep.",2008,7.318363,2.75895,2.6004533333333333,9.757169,9.626821,85.362445932308,85.2028285036631,4614.74679,4183.742343333333,2.15766871960322,2.09151768670481
KOR,"Korea, Rep.",2009,9.315892,2.86774,2.7472833333333333,11.0988,10.311456333333334,85.5983565577476,85.92321299299874,4892.49313,4560.16184,2.06639687572421,2.0830537922780863
KOR,"Korea, Rep.",2010,9.919116,3.02145,2.8827133333333332,13.41136,11.422443,86.2663997166972,85.74240073558427,5037.92837,4848.38943,1.80162816975277,2.0085645883600667
KOR,"Korea, Rep.",2011,9.851159,3.17913,3.0227733333333333,14.70171,13.070623333333335,88.0806254621201,86.64846057885497,5429.43919,5119.953563333333,2.05781931991393,1.9752814551303033
KOR,"Korea, Rep.",2012,10.36707,3.44409,3.21489,15.82563,14.646233333333335,87.2305405207769,87.19252189986473,5908.82443,5458.730663333333,1.80306169118893,1.88750306028521
KOR,"Korea, Rep.",2013,11.49092,3.6852,3.43614,16.0528,15.526713333333333,86.5466828850083,87.2859496226351,6393.34374,5910.535786666667,1.88769694258726,1.91619265123004
KOR,"Korea, Rep.",2014,12.04732,3.77487,3.63472,15.09101,15.656480000000002,88.0801849923646,87.28580279938326,6457.88851,6253.352226666667,1.77404886394515,1.8216024992404467
KOR,"Korea, Rep.",2015,11.49919,3.88983,3.7833,15.29764,15.480483333333334,86.8693911585965,87.16541967865646,6867.33385,6572.855366666667,1.76047511253715,1.8074069730231868
KOR,"Korea, Rep.",2016,12.33437,3.78907,3.8179233333333333,13.70674,14.698463333333331,86.7300628107977,87.22654632058625,7020.43916,6781.8871733333335,1.68363621037556,1.73938672895262
KOR,"Korea, Rep.",2017,11.03141,3.78638,3.82176,15.28997,14.764783333333334,86.9376320928771,86.84569535409044,7057.16003,6981.644346666667,,
KOR,"Korea, Rep.",2018,11.02991,4.07341,3.8829533333333335,15.09381,14.69684,88.471036646429,87.37957718336793,7453.21918,7176.939456666667,,
KOR,"Korea, Rep.",2019,11.32337,4.27155,4.04378,15.54827,15.310683333333335,89.4697678996836,88.29281221299657,7918.46916,7476.28279,,
KOR,"Korea, Rep.",2020,12.25406,4.36379,4.236249999999999,14.99273,15.211603333333334,88.1562990760159,88.69903454070949,8328.96727,7900.218536666666,,
KOR,"Korea, Rep.",2021,13.81879,4.5214,4.38558,15.25571,15.265570000000002,84.5177411090491,87.38126936158285,8620.009,8289.148476666667,,
KOR,"Korea, Rep.",2022,13.91118,4.59673,4.493973333333334,16.15843,15.468956666666665,84.9035262985875,85.85918882788417,9071.4503,8673.475523333334,,
KOR,"Korea, Rep.",2023,17.64583,4.84753,4.65522,13.30498,14.906373333333335,85.4997854961215,84.9736843012527,9434.7613,9042.073533333334,,
KWT,Kuwait,1999,,0.25796,,,,-597.288622967363,-655.435174731484,181.69805,,,
KWT,Kuwait,2000,,0.19763,0.22032333333333334,,,-497.217430606257,-591.4478520355057,174.10772,181.70000666666667,,
KWT,Kuwait,2001,,0.12542,0.19367,50.0,,-513.18094649729,-535.8956666903033,168.07987,174.62854666666667,,
KWT,Kuwait,2002,,0.17884,0.16729666666666665,,,-462.571287959933,-490.98988835449336,169.54601,170.57786666666667,,
KWT,Kuwait,2003,,0.18001,0.16142333333333334,,,-401.256468610374,-459.00290102253234,170.06803,169.23130333333333,,
KWT,Kuwait,2004,,0.14347,0.16744,,,-460.654714815764,-441.49415712869035,171.66419,170.42607666666666,,
KWT,Kuwait,2005,,0.1301,0.15119333333333332,,,-452.24359168448,-438.0515917035393,174.76497,172.16573000000002,,
KWT,Kuwait,2006,0.001826818,0.10083,0.12479999999999998,,,,,176.11884,174.18266666666668,,
KWT,Kuwait,2007,0.01502705,0.08479,0.10524,28.57143,,,,170.93793,173.94058000000004,,
KWT,Kuwait,2008,,0.08585,0.09049,33.33333,,,,193.74141,180.26606,,
KWT,Kuwait,2009,,0.08551,0.08538333333333332,,,,,156.22965,173.63632999999996,,
KWT,Kuwait,2010,0.008330001,0.11213,0.09449666666666666,10.0,,-341.337129762914,,147.61475,165.86193666666665,,
KWT,Kuwait,2011,0.002345821,0.1014,0.09967999999999999,33.33333,,-308.021563767705,,141.92742,148.59060666666667,,
KWT,Kuwait,2012,0.01261179,0.09898,0.10417,,,-370.745259527575,-340.03465101939804,136.13419,141.89211999999998,,
KWT,Kuwait,2013,0.002308509,0.09721,0.09919666666666667,,,-397.642105667886,-358.8029763210554,135.22051,137.76070666666666,,
KWT,Kuwait,2014,0.0005876407,0.30153,0.16590666666666667,,,-399.28575806883,-389.22437442143035,,,,
KWT,Kuwait,2015,0.003551305,0.42705,0.27526333333333336,11.76471,,-427.523211193907,-408.15035831020765,637.96147,,,
KWT,Kuwait,2016,0.002260756,0.0966,0.27506,,,-356.959279551447,-394.58941627139467,405.49843,,,
KWT,Kuwait,2017,0.00537334,0.07985,0.20116666666666663,25.0,,-357.431130278287,-380.63787367454705,481.99315,508.48435,,
KWT,Kuwait,2018,0.003099686,0.0804,0.08561666666666667,16.66667,,-316.191700855716,-343.52737022848333,498.31295,461.9348433333333,,
KWT,Kuwait,2019,0.01464772,0.06329,0.07451333333333333,37.5,26.38889,-301.773136849532,-325.131989327845,502.98169,494.4292633333334,,
KWT,Kuwait,2020,0.004363509,0.18512,0.10960333333333334,38.88889,31.01852,-338.02165504483,-318.662164250026,175.34012,392.2115866666666,,
KWT,Kuwait,2021,0.00764171,0.17805,0.14215333333333333,20.0,32.12963,-295.773092498475,-311.855961464279,165.97953,281.43378,,
KWT,Kuwait,2022,0.002156195,,,35.0,31.296296666666667,-309.069193040756,-314.287980194687,,,,
KWT,Kuwait,2023,0.0007706951,0.0801,,7.692307,20.897435666666667,-283.096624591869,-295.9796367103667,176.25862,,,
LBN,Lebanon,1999,0.003258603,,,,,,,,,,
LBN,Lebanon,2000,0.005690224,,,,,,,,,,
LBN,Lebanon,2001,0.001343869,,,,,,,,,,
LBN,Lebanon,2002,0.004359578,,,,,,,,,,
LBN,Lebanon,2003,,,,,,,,,,,
LBN,Lebanon,2004,0.003625553,,,,,,,,,,
LBN,Lebanon,2005,0.004027386,,,,,,,,,,
LBN,Lebanon,2006,0.003653635,,,,,,,,,,
LBN,Lebanon,2007,0.004007213,,,,,,,,,,
LBN,Lebanon,2008,0.006091501,,,,,,,,,,
LBN,Lebanon,2009,0.005366143,,,,,,,,,,
LBN,Lebanon,2010,0.01270325,,,,,,,,,,
LBN,Lebanon,2011,0.004887127,,,,,,,,,,
LBN,Lebanon,2012,0.006879156,,,,,,,,,,
LBN,Lebanon,2013,0.009541837,,,16.0,,,,,,,
LBN,Lebanon,2014,0.01253634,,,27.27273,,100.192762992192,,,,,
LBN,Lebanon,2015,0.005524252,,,,,,,,,,
LBN,Lebanon,2016,0.003391133,,,,,,,,,,
LBN,Lebanon,2017,0.001432891,,,11.11111,,,,,,,
LBN,Lebanon,2018,0.004132914,,,,,100.790008118141,,,,,
LBN,Lebanon,2019,0.004185063,,,,,100.733418634018,,,,,
LBN,Lebanon,2020,0.01389859,,,,,100.206027767995,100.57648484005135,,,,
LBN,Lebanon,2021,0.007158058,,,,,97.5327971355101,99.49074784584103,,,,
LBN,Lebanon,2022,0.007366999,,,,,97.9617511679033,98.56685869046947,,,,
LBN,Lebanon,2023,0.01123113,,,10.41667,,96.923460215068,97.47266950616047,,,,
LIE,Liechtenstein,1999,0.01194821,,,,,,,,,0.225306661288252,
LIE,Liechtenstein,2000,0.007586966,,,,,,,,,0.212399115605613,
LIE,Liechtenstein,2001,0.02239782,,,,,,,,,0.212162392600296,0.21662272316472034
LIE,Liechtenstein,2002,0.02528555,,,,,,,,,0.216398734360939,0.21365341418894934
LIE,Liechtenstein,2003,0.007668216,,,,,,,,,0.226703257367856,0.21842146144303035
LIE,Liechtenstein,2004,0.01450221,,,,,,,,,0.232147618151363,0.22508320329338602
LIE,Liechtenstein,2005,0.009397235,,,,,,,,,0.228145733907578,0.22899886980893233
LIE,Liechtenstein,2006,0.0100475,,,,,,,,,0.221661362888182,0.22731823831570766
LIE,Liechtenstein,2007,0.008348361,,,,,,,,,0.20536337354202,0.21839015677926
LIE,Liechtenstein,2008,0.01175553,,,,,,,,,0.193721262070118,0.20691533283344002
LIE,Liechtenstein,2009,0.006707679,,,,,,,,,0.201682497339769,0.20025571098396902
LIE,Liechtenstein,2010,0.005622751,,,,,,,,,0.234626845985387,0.21001020179842467
LIE,Liechtenstein,2011,0.0007819403,,,,,,,,,0.21130481107751,0.21587138480088866
LIE,Liechtenstein,2012,0.008407857,,,,,,,,,0.231504184220865,0.22581194709458732
LIE,Liechtenstein,2013,0.008849286,,,,,,,,,0.236508273275247,0.22643908952454064
LIE,Liechtenstein,2014,0.005092886,,,,,,,,,0.207612456747405,0.225208304747839
LIE,Liechtenstein,2015,0.004735073,,,,,,,,,0.234453141473879,0.22619129049884368
LIE,Liechtenstein,2016,0.002260756,,,,,,,,,0.240356714747183,0.22747410432282233
LIE,Liechtenstein,2017,0.00537334,,,,,,,,,0.240799185345239,0.238536347188767
LIE,Liechtenstein,2018,0.004993938,,,,,,,,,0.236855307086711,0.239337069059711
LIE,Liechtenstein,2019,0.003836308,,,,,,,,,0.233780517857451,0.23714500342980036
LIE,Liechtenstein,2020,0.001939337,5.86833,,,,,,20047.04652,,0.240760431416384,0.23713208545351536
LIE,Liechtenstein,2021,0.003063133,,,,,,,,,0.256064909960536,0.24353528641145702
LIE,Liechtenstein,2022,0.005031121,,,,,,,,,0.217212355599247,0.23801256565872234
LIE,Liechtenstein,2023,0.002312085,,,,,,,,,,
LKA,Sri Lanka,1999,,,,,,42.633203461013,42.065864336699796,,,0.0,0.0
LKA,Sri Lanka,2000,0.005690224,,,,,42.6996000732884,42.45786582198804,,,0.0,0.0
LKA,Sri Lanka,2001,0.002687739,0.14392,,,,45.9375815653082,43.7567950332032,132.70514,,0.0,0.0
LKA,Sri Lanka,2002,0.01220682,,,,,44.5341450895572,44.39044224271793,,,0.0,0.0
LKA,Sri Lanka,2003,0.003228723,,,,,48.16025450541,46.21066038675846,,,0.0,0.0
LKA,Sri Lanka,2004,0.005800885,,,,,42.5901168548228,45.09483881659667,,,0.0,0.0
LKA,Sri Lanka,2005,0.006041079,0.1821,,,,46.0597357684405,45.6033690428911,133.79126,,0.0,0.0
LKA,Sri Lanka,2006,0.01035197,,,,,47.2704405185818,45.30676438061503,,,0.0,0.0
LKA,Sri Lanka,2007,0.007513524,0.1742,,,,46.4980462895278,46.6094075255167,90.37763,,1.35792260470688,0.45264086823562666
LKA,Sri Lanka,2008,0.003206053,,,,,47.1411992263056,46.969895344805074,,,1.02101607012622,0.7929795582777001
LKA,Sri Lanka,2009,0.00143736,0.11444,,,,46.968593500478,46.8692796721038,95.90583,,0.681164809054386,1.0200344946291622
LKA,Sri Lanka,2010,0.004998001,,,,,,,,,0.542056215862958,0.7480790316811881
LKA,Sri Lanka,2011,0.002345821,0.13241,,,,41.9141227447428,,102.80578,,0.742678896536328,0.6552999738178907
LKA,Sri Lanka,2012,0.008025683,,,,,54.489881448439,,,,1.25635816081889,0.8470310910727253
LKA,Sri Lanka,2013,0.0304595,,,,,,,,,1.19002591970454,1.0630209923532525
LKA,Sri Lanka,2014,0.002415856,0.0973,,,,54.4646396877193,,107.04016,,1.24375276075904,1.2300456137608233
LKA,Sri Lanka,2015,0.00659528,0.09605,,,,58.7543860064217,,95.87685,,1.18106224420666,1.20494697489008
LKA,Sri Lanka,2016,0.001130378,0.10291,0.09875333333333332,,,56.8569021007135,56.69197593161817,102.40151,101.77284000000002,2.66760612086107,1.6974737086089233
LKA,Sri Lanka,2017,0.003224004,0.12034,0.10643333333333334,,,62.152495967884,59.25459469167307,102.9348,100.40438666666667,1.89040817919301,1.9130255147535802
LKA,Sri Lanka,2018,0.00506282,0.11818,0.11381000000000001,,,,,102.17296,102.50309,1.8330263496278,2.1303468832272934
LKA,Sri Lanka,2019,0.002790042,0.11949,0.11933666666666666,3.703704,,68.5957112914027,,101.11335,102.07370333333334,1.76133898735661,1.8282578387258066
LKA,Sri Lanka,2020,0.006464459,,,3.030303,,,,,,1.20745521965936,1.6006068522145902
LKA,Sri Lanka,2021,0.01612175,0.11616,,,,61.2324310033089,,100.80931,,0.651086838421863,1.2066270151459444
LKA,Sri Lanka,2022,0.001796829,,,7.317073,,59.4294514160438,,,,0.417045263564307,0.7585291072151766
LKA,Sri Lanka,2023,0.007321603,0.10506,,16.66667,,60.0395802943756,60.2338209045761,94.4866,,0.280824765830833,0.4496522892723343
LTU,Lithuania,1999,,0.54142,0.5214633333333334,9.333333,,49.9276680537731,52.805459035148566,2369.25296,2209.6075266666667,1.85883134087165,1.50752037046205
LTU,Lithuania,2000,0.01138045,0.49976,0.5250766666666666,17.72152,10.300335666666667,53.4755321220474,52.967012741693964,2415.60995,2319.955293333333,2.46291930304149,1.91521136205277
LTU,Lithuania,2001,0.005375477,0.58422,0.5418,32.55814,19.870997666666668,59.1157356772793,54.172978617699926,2215.11542,2333.32611,1.98940169732293,2.10371744707869
LTU,Lithuania,2002,0.002615747,0.66634,0.5834400000000001,14.63415,21.637936666666665,46.7843806186899,53.12521613933887,2313.80264,2314.84267,2.11123464483647,2.18785188173363
LTU,Lithuania,2003,0.008071807,0.65651,0.63569,27.94118,25.04449,41.681439496854,49.193851930941065,1830.39639,2119.7714833333334,2.22182992696183,2.107488756373743
LTU,Lithuania,2004,0.004350664,0.66316,0.6620033333333333,9.210526,17.261951999999997,43.7080018139091,44.057940643151,1924.81452,2023.0045166666666,2.16602520548433,2.16636325909421
LTU,Lithuania,2005,0.02013693,0.74758,0.6890833333333334,7.142857,14.764854333333332,46.6146891507517,44.00137682050494,2164.46077,1973.2238933333335,1.97696835972796,2.1216078307247064
LTU,Lithuania,2006,0.001217878,0.74799,0.7195766666666668,10.34483,8.899404333333335,57.1071761517035,49.143289038788105,2276.39834,2121.8912100000002,1.85656787921994,1.9998538148107432
LTU,Lithuania,2007,0.004452459,0.79381,0.7631266666666666,11.29032,9.592668999999999,62.3825652081135,55.3681435035229,2425.77892,2288.8793433333335,1.8296688876244,1.8877350421907666
LTU,Lithuania,2008,0.02885448,0.80111,0.78097,16.32653,12.653893333333334,61.06401135107,60.18458423696234,2605.27005,2435.8157699999997,1.79702604450147,1.8277542704486034
LTU,Lithuania,2009,0.01149888,0.78876,0.79456,16.07143,14.562759999999999,57.9009383703997,60.449171643194404,2624.8157,2551.9548900000004,1.67147385597187,1.7660562626992469
LTU,Lithuania,2010,0.023324,0.82848,0.8061166666666667,10.34483,14.247596666666666,49.9910095952138,56.31865310556117,2666.31995,2632.1352333333334,2.01520294328698,1.8279009479201067
LTU,Lithuania,2011,0.009617866,0.79379,0.8036766666666666,20.58824,15.668166666666666,81.9343387125181,63.27542889271053,2736.49225,2675.875966666667,1.88627806534433,1.8576516215343934
LTU,Lithuania,2012,0.01490484,0.90998,0.8440833333333333,16.39344,15.775503333333333,81.4974503138078,71.14093287384657,2748.0311,2716.9477666666667,1.79354870670317,1.8983432384448264
LTU,Lithuania,2013,0.01866045,0.8976,0.8671233333333334,4.761905,13.914528333333331,80.0964100372627,81.17606635452954,2670.60517,2718.3761733333336,1.72533940262411,1.80172205822387
LTU,Lithuania,2014,0.01547454,0.95322,0.9202666666666666,12.85714,11.337494999999999,78.0119841764997,79.8686148425234,2878.7497,2765.7953233333333,1.77680123345734,1.7652297809282065
LTU,Lithuania,2015,0.01894029,1.03495,0.9619233333333334,14.28571,10.634918333333333,76.530231634996,78.21287528291946,3082.27902,2877.211296666667,1.82463736591155,1.775592667331
LTU,Lithuania,2016,0.0130747,1.04077,1.0096466666666666,5.263158,10.802002666666667,77.6835497527366,77.40858852141076,2794.92116,2918.64996,1.77897956751001,1.793472722292967
LTU,Lithuania,2017,0.01003023,0.84391,0.9732099999999999,10.97561,10.174826000000001,78.0349272624847,77.41623621673911,2950.39665,2942.532276666667,1.96701211261954,1.8568763486803668
LTU,Lithuania,2018,0.0144652,0.8963,0.9269933333333333,16.41791,10.885559333333333,75.129197329922,76.94922478171442,3068.33424,2937.884016666667,1.96548383754447,1.9038251725580067
LTU,Lithuania,2019,0.009416393,0.92781,0.8893400000000001,15.58442,14.325980000000001,77.7375707009157,76.9672317644408,3180.95498,3066.561956666667,2.12080350019758,2.017766483453863
LTU,Lithuania,2020,0.01082797,0.98701,0.9370400000000001,17.07317,16.3585,79.0928575239035,77.31987518491373,3445.30515,3231.531456666667,2.01852529312404,2.03493754362203
LTU,Lithuania,2021,0.01064036,1.12379,1.0128700000000002,5.128205,12.595265,78.0217579923909,78.28406207240336,3643.24539,3423.168506666667,2.08823423602235,2.0758543431146568
LTU,Lithuania,2022,0.003234292,1.10044,1.0704133333333334,2.439024,8.213466333333335,76.5551427310188,77.88991941577108,3946.51068,3678.35374,1.97958505909686,2.0287815294144167
LTU,Lithuania,2023,0.006936256,1.05289,1.0923733333333334,1.444043,3.003757333333333,76.1661860191737,76.91436224752779,4153.6584,3914.47149,1.67336603191527,1.9137284423448266
LUX,Luxembourg,1999,0.08689607,,,21.875,,108.835536315383,107.017927111785,,,2.82804866186129,2.843719225227883
LUX,Luxembourg,2000,0.09436288,,,17.34694,16.407313333333335,107.386736703874,107.55549962740899,,,2.72783508466793,2.7904016227974004
LUX,Luxembourg,2001,0.06450573,1.58314,,18.89764,19.373193333333333,109.121356801824,108.447876607027,3800.20738,,2.66959136010447,2.7418250355445632
LUX,Luxembourg,2002,0.05144302,,,11.95652,16.06703333333333,106.944830155451,107.81764122038301,,,2.67800243454731,2.691809626439903
LUX,Luxembourg,2003,0.03390159,,,9.67742,13.510526666666665,108.716613822888,108.26093359338766,,,2.66692855045574,2.671507448369173
LUX,Luxembourg,2004,0.05583351,1.6235,,8.928572,10.187503999999999,108.339928769292,108.00045758254366,4345.49954,,2.76168479408262,2.7022052596952233
LUX,Luxembourg,2005,0.05772587,1.58819,,,,107.584742701207,108.21376176446233,4461.66893,,3.00087762972628,2.80983032475488
LUX,Luxembourg,2006,0.07063695,1.55873,1.5901399999999999,9.090909,,106.972502041927,107.63239117080866,4826.35315,4544.507206666666,2.9674066434402,2.9099896890830337
LUX,Luxembourg,2007,0.03478483,1.64886,1.5985933333333333,14.91228,,107.403305785124,107.32018350941934,4377.13881,4555.053629999999,2.63367012572678,2.8673181329644195
LUX,Luxembourg,2008,0.03312922,1.57165,1.5930799999999998,,,106.64376884536,107.00652555747034,4618.93667,4607.47621,2.55198419895879,2.7176869893752573
LUX,Luxembourg,2009,0.04321662,1.54663,1.5890466666666665,8.849558,,107.569730146317,107.205601592267,4725.37233,4573.815936666667,2.48065671025684,2.55543701164747
LUX,Luxembourg,2010,0.0370685,1.58839,1.56889,12.93103,,107.847712063664,107.353737018447,4852.27924,4732.196080000001,2.40391154537516,2.47885081819693
LUX,Luxembourg,2011,0.05688616,1.42373,1.5195833333333333,11.81102,11.197202666666668,106.959853952716,107.45909872089901,5200.13851,4925.930026666667,2.27660446638192,2.38705757400464
LUX,Luxembourg,2012,0.03305817,1.42453,1.4788833333333333,26.44628,17.062776666666668,106.676610432954,107.16139214977801,5525.72816,5192.715303333333,2.31593807843916,2.3321513633987467
LUX,Luxembourg,2013,0.02135371,1.20664,1.3516333333333332,13.11475,17.124016666666666,106.358293971357,106.66491945234235,4401.98152,5042.616063333334,2.24915066993868,2.28056440491992
LUX,Luxembourg,2014,0.03525845,1.23381,1.2883266666666666,17.82946,19.130163333333332,106.229059336384,106.42132124689834,4661.60191,4863.103863333334,2.05986626076358,2.2083183363804735
LUX,Luxembourg,2015,0.03452657,1.217,1.21915,,,106.887490793793,106.49161470051133,4782.93933,4615.507586666667,1.90737983515276,2.0721322552850068
LUX,Luxembourg,2016,0.03240416,1.25226,1.2343566666666668,13.23529,,107.745108083188,106.95388607112166,4636.38043,4693.640556666666,1.77710462373822,1.9147835732181866
LUX,Luxembourg,2017,0.02281878,1.2669,1.2453866666666666,10.05917,,109.555050887375,108.062549921452,4802.1785,4740.49942,1.6715988648482,1.78536110791306
LUX,Luxembourg,2018,0.0331322,1.23898,1.2527133333333333,12.5,11.931486666666666,110.172685055954,109.15761467550567,4969.23004,4802.596323333334,1.65619876263908,1.7016340837418333
LUX,Luxembourg,2019,0.04324565,1.17039,1.2254233333333333,10.55901,11.039393333333335,110.19238189736,109.973372613563,4754.92191,4842.1101499999995,1.70388167956142,1.6772264356828999
LUX,Luxembourg,2020,0.04007964,1.18209,1.1971533333333333,14.92537,12.66146,109.514776599087,109.95994785080033,5090.81552,4938.3224900000005,1.75850991752151,1.7061967865740033
LUX,Luxembourg,2021,0.05029986,1.09627,1.1495833333333334,17.48634,14.323573333333334,107.175466109078,108.96087486850833,4920.65038,4922.12927,1.39837531083873,1.6202556359738864
LUX,Luxembourg,2022,0.03378038,1.03153,1.1032966666666668,20.80537,17.739026666666664,108.462389747056,108.384210818407,4939.08633,4983.51741,1.47163951506069,1.5428415811403102
LUX,Luxembourg,2023,0.02601096,1.0653,1.0643666666666667,8.982036,15.757915333333335,110.298331240177,108.64539569877034,5311.53147,5057.089393333333,1.2381250886765,1.3693799715253068
LVA,Latvia,1999,0.006517205,0.38967,0.39172,6.896552,10.337861,61.2721163872292,66.44146980890444,1056.15768,1090.88995,2.96458249987404,2.218932138581533
LVA,Latvia,2000,0.01327719,0.3619,0.3760466666666667,8.620689,5.938697333333334,56.4210791759981,59.773308106533534,1094.45031,1072.6361466666667,2.48905720388478,2.5122771938227433
LVA,Latvia,2001,0.01881417,0.4459,0.39915666666666666,,,61.533715183207,59.742303582144764,1600.9967,1250.5348966666668,2.52708617711314,2.6602419602906533
LVA,Latvia,2002,,0.41106,0.40628666666666663,11.9403,,62.5084950539906,60.15442980439857,1485.32998,1393.5923300000002,2.28987338485802,2.43533892195198
LVA,Latvia,2003,0.01210771,0.42203,0.42633000000000004,5.263158,,62.1902243693094,62.077478202169,1486.06326,1524.12998,2.40037569348785,2.4057784184863364
LVA,Latvia,2004,0.004350664,0.37616,0.4030833333333333,8.620689,8.608049,66.6421817699818,63.780300397760605,1392.33083,1454.5746900000001,2.55477741513264,2.4150088311595033
LVA,Latvia,2005,,0.41593,0.4047066666666666,2.439024,5.440957,73.3670180423051,67.3998080605321,1459.48929,1445.9611266666668,2.65832552138642,2.537826210002303
LVA,Latvia,2006,0.005480453,0.54958,0.4472233333333333,12.82051,7.960074333333334,68.4417605020965,69.4836534381278,1458.12295,1436.64769,2.68210492466099,2.6317359537266833
LVA,Latvia,2007,0.01280082,0.68285,0.5494533333333332,17.14286,10.800798,70.4849247126758,70.76456775235914,1765.58108,1561.06444,2.39577953031191,2.5787366587864398
LVA,Latvia,2008,0.008015133,0.58167,0.6047,14.51613,14.826500000000001,65.8917971395561,68.27282745144281,1881.56079,1701.75494,2.19406849953804,2.4239843181703136
LVA,Latvia,2009,0.03401752,0.60627,0.6235966666666667,13.33333,14.99744,62.7334173444839,66.37004639890527,1993.41671,1880.1861933333332,2.21503747300975,2.2682951676199
LVA,Latvia,2010,0.007497001,0.46114,0.5496933333333334,10.27397,12.70781,65.5122850789174,64.71249985431913,1673.90361,1849.6270366666668,3.46080009823489,2.623302023594227
LVA,Latvia,2011,0.01231556,0.6183,0.5619033333333333,11.36364,11.656979999999999,49.2063912522913,59.15069789189753,1836.97506,1834.7651266666664,3.37415322157528,3.0166635976066396
LVA,Latvia,2012,0.0130704,0.73982,0.60642,15.38461,12.340739999999998,64.4701921728152,59.729622834674636,1902.3667,1804.4151233333334,3.24483794019169,3.35993042000062
LVA,Latvia,2013,0.01615956,0.68884,0.6823199999999999,12.04819,12.932146666666668,60.9111114716333,58.19589829891327,1908.95404,1882.7652666666665,3.21315071363756,3.277380625134843
LVA,Latvia,2014,0.007051689,0.63536,0.6880066666666668,10.33058,12.587793333333332,60.4800633921398,61.953789012196104,1790.85926,1867.3933333333334,3.42654727841865,3.2948453107493
LVA,Latvia,2015,0.003551305,0.71433,0.6795100000000001,11.90476,11.427843333333334,43.7073884740466,55.0328544459399,1872.26628,1857.3598599999998,3.59588120183338,3.41185973129653
LVA,Latvia,2016,,0.641,0.6635633333333333,8.843537,10.359625666666666,55.5329590910619,53.24013698574944,1818.82619,1827.3172433333332,3.71892392285867,3.5804508010369
LVA,Latvia,2017,0.006089785,0.45065,0.6019933333333333,22.91667,14.554989,52.0818488366221,50.440732133910196,1600.57848,1763.8903166666666,3.80716549136913,3.70732353868706
LVA,Latvia,2018,0.003099686,0.53004,0.5405633333333334,10.10101,13.953738999999999,48.1886831376255,51.934497021769836,1785.24003,1734.8815666666667,3.72887359898865,3.7516543377388167
LVA,Latvia,2019,0.01116017,0.66138,0.5473566666666666,10.34483,14.45417,46.2654243003955,48.84531875821437,1786.2773,1724.0319366666665,3.61367394749324,3.7165710126170066
LVA,Latvia,2020,0.01890854,0.6602,0.6172066666666667,12.65823,11.03469,48.4186366032771,47.62424801376604,1891.24705,1820.9214599999998,3.42946335447727,3.59067030031972
LVA,Latvia,2021,0.02031341,0.75663,0.6927366666666667,11.11111,11.37139,48.6027531846956,47.7622713627894,2134.06006,1937.194803333333,3.31300264497527,3.4520466489819266
LVA,Latvia,2022,0.01751908,0.77085,0.7292266666666668,13.68421,12.484516666666666,41.0237531211983,46.015047636390335,2395.27344,2140.1935166666667,3.01475954859539,3.252408516015977
LVA,Latvia,2023,0.004624171,0.8122,0.7798933333333333,9.756098,11.517139333333333,40.3971271651881,43.34121115702734,2270.07923,2266.47091,2.51139418119341,2.9463854582546904
MAC,"Macao SAR, China",1999,,,,,,,,,,,
MAC,"Macao SAR, China",2000,,,,,,,,,,,
MAC,"Macao SAR, China",2001,,,,,,,,,,,
MAC,"Macao SAR, China",2002,,0.06224,,,,,,259.35069,,,
MAC,"Macao SAR, China",2003,,0.06957,,,,,,233.57521,,,
MAC,"Macao SAR, China",2004,,0.06244,0.06475,,,,,317.62574,270.18388,,
MAC,"Macao SAR, China",2005,,0.05344,0.061816666666666666,,,,,513.86424,355.02173,,
MAC,"Macao SAR, China",2006,,0.0876,0.06782666666666666,100.0,,,,608.64833,480.0461033333333,,
MAC,"Macao SAR, China",2007,,0.0829,0.07464666666666665,,,,,546.976,556.49619,,
MAC,"Macao SAR, China",2008,,0.05684,0.07578,,,,,379.66089,511.76174,,
MAC,"Macao SAR, China",2009,0.0009582399,0.10106,0.08026666666666667,,,,,378.38481,435.0072333333333,,
MAC,"Macao SAR, China",2010,0.003332,0.05407,0.07065666666666666,,,,,552.53708,436.86092666666667,,
MAC,"Macao SAR, China",2011,0.00117291,0.05012,0.06841666666666667,,,,,628.84194,519.9212766666666,,
MAC,"Macao SAR, China",2012,,0.04427,0.04948666666666667,,,,,590.60719,590.66207,,
MAC,"Macao SAR, China",2013,,0.04789,0.047426666666666666,,,,,714.10035,644.5164933333333,,
MAC,"Macao SAR, China",2014,,0.05117,0.04777666666666667,,,,,889.14744,731.2849933333333,,
MAC,"Macao SAR, China",2015,0.009075556,0.08776,0.062273333333333326,,,,,1007.1702,870.13933,,
MAC,"Macao SAR, China",2016,0.001130378,0.13649,0.09180666666666666,,,,,1247.7184,1048.0120133333332,,
MAC,"Macao SAR, China",2017,0.001074668,0.23492,0.15305666666666667,8.571428,,,,2583.54081,1612.8098033333335,,
MAC,"Macao SAR, China",2018,,0.1721,0.18116999999999997,12.0,,,,3137.49004,2322.9164166666665,,
MAC,"Macao SAR, China",2019,0.001046266,0.20113,0.20271666666666666,,,,,3428.95417,3049.9950066666665,,
MAC,"Macao SAR, China",2020,,0.24721,0.20681333333333332,,,,,3587.54147,3384.6618933333334,,
MAC,"Macao SAR, China",2021,0.00386922,0.45327,0.3005366666666667,,,,,3826.01324,3614.169626666667,,
MAC,"Macao SAR, China",2022,0.0007187316,0.37318,0.3578866666666667,,,,,4092.52683,3835.360513333333,,
MAC,"Macao SAR, China",2023,,0.42754,0.4179966666666666,,,,,3498.4859,3805.6753233333334,,
MAR,Morocco,1999,0.01194821,0.24582,,,,89.3375062547492,87.74585699342613,,,,
MAR,Morocco,2000,0.01043208,,,,,88.0208038278339,88.86956458149604,,,,
MAR,Morocco,2001,0.007167303,,,,,90.1370991340535,89.16513640554554,,,1.38930951427625,
MAR,Morocco,2002,0.003487662,0.5463,,5.405406,,94.8012726402791,90.98639186738883,,,1.46429510872839,
MAR,Morocco,2003,0.009686168,0.47179,,,,88.1574659322708,91.03194590220113,,,1.48289465660147,1.4454997598687032
MAR,Morocco,2004,0.01268943,0.56588,0.5279900000000001,6.25,,91.4162517780941,91.45833011688133,,,1.51264693632132,1.4866122338837267
MAR,Morocco,2005,0.00302054,,,11.42857,,83.3430739242091,87.638930544858,,,1.37997588760366,1.45850582684215
MAR,Morocco,2006,0.008768725,,,,,86.8192698739848,87.192865192096,,,1.45282409430296,1.44848230607598
MAR,Morocco,2007,0.01235557,0.54987,,,,87.4584847450383,85.87360951441072,653.41079,,1.4965043890328,1.4431014569798066
MAR,Morocco,2008,0.01709895,,,26.66667,,91.897611079767,88.72512189959672,644.48667,,1.65175268079628,1.5336937213773467
MAR,Morocco,2009,0.03028722,,,,,89.6185838640902,89.65822656296518,659.40797,652.4351433333333,1.56056037333305,1.5696058143873766
MAR,Morocco,2010,0.0137683,,,29.03226,,93.6050324349229,91.70707579292669,,,1.65653651704835,1.6229498570592267
MAR,Morocco,2011,0.01767185,0.66036,,20.68966,,95.9270968941792,93.0502377310641,721.98655,,1.62845133175221,1.6151827407112034
MAR,Morocco,2012,0.02503248,,,25.0,24.90730666666667,95.4355328368665,94.98922072198953,847.79094,,1.63457866703793,1.6398555052794965
MAR,Morocco,2013,0.04286132,,,18.64407,21.444576666666666,103.803753982369,98.38879457113823,853.0081,807.5951966666667,1.61460568558624,1.6258785614587934
MAR,Morocco,2014,0.02252623,,,35.18518,26.276416666666666,99.6610359699752,99.63344092973689,,,1.58612309414825,1.6117691489241401
MAR,Morocco,2015,0.02624019,,,18.64407,24.157773333333335,102.787518192581,102.08410271497507,1030.14364,,1.60117189606312,1.6006335585992035
MAR,Morocco,2016,0.02486831,,,25.0,26.276416666666666,96.0366529395705,99.49506903404223,,,0.196300686658894,1.1278652256234214
MAR,Morocco,2017,0.03510582,,,19.56522,21.06976333333333,94.9250966307845,97.91642258764533,1083.42555,,0.230934641018635,0.676135741246883
MAR,Morocco,2018,0.01515402,,,19.56522,21.37681333333333,95.1279323169679,95.36322729577431,,,0.221387324342085,0.21620755067320466
MAR,Morocco,2019,0.01987905,,,17.5,18.87681333333333,96.2868283378303,95.44661909519424,,,0.233427094375425,0.22858301991204832
MAR,Morocco,2020,0.03005973,,,27.08333,21.38285,92.4272836757783,94.61401477685884,,,0.246889620885343,0.23390134653428432
MAR,Morocco,2021,0.01747598,,,26.0,23.527776666666668,90.7321703373659,93.14876078365818,,,0.314040106657226,0.264785607305998
MAR,Morocco,2022,0.02048385,,,6.432748,19.83869266666667,91.3557010365519,91.50505168323203,,,0.308724926984366,0.2898848848423117
MAR,Morocco,2023,0.02011614,,,13.20755,15.213432666666668,94.0020118503931,92.02996107477031,,,0.318066725907749,0.31361058651644697
MCO,Monaco,1999,,,,,,,,,,,
MCO,Monaco,2000,0.01422556,,,,,,,,,,
MCO,Monaco,2001,0.009138311,,,,,,,,,,
MCO,Monaco,2002,0.01569448,,,,,,,,,,
MCO,Monaco,2003,0.007264626,,,,,,,,,,
MCO,Monaco,2004,0.006525995,,,,,,,,,,
MCO,Monaco,2005,0.005369848,0.03787,,3.225806,,,,278.23291,,,
MCO,Monaco,2006,0.001826818,0.03821,,,,,,309.90455,,,
MCO,Monaco,2007,0.01224426,,,,,,,,,,
MCO,Monaco,2008,0.0101525,,,7.142857,,,,,,,
MCO,Monaco,2009,0.005749439,,,19.04762,,,,,,,
MCO,Monaco,2010,0.008746501,,,,,,,,,,
MCO,Monaco,2011,0.003518731,,,,,,,,,,
MCO,Monaco,2012,0.001146526,,,,,,,,,,
MCO,Monaco,2013,0.005386522,,,,,,,,,,
MCO,Monaco,2014,0.004701126,,,,,,,,,,
MCO,Monaco,2015,0.00295942,,,,,,,,,,
MCO,Monaco,2016,0.001130378,,,,,,,,,,
MCO,Monaco,2017,0.01504535,,,,,,,,,,
MCO,Monaco,2018,0.006199372,,,,,,,,,,
MCO,Monaco,2019,0.006277595,,,,,,,,,,
MCO,Monaco,2020,0.005818013,,,10.0,,,,,,,
MCO,Monaco,2021,0.00193461,,,40.0,,,,,,,
MCO,Monaco,2022,0.001078097,,,,,,,,,,
MCO,Monaco,2023,0.003468128,,,,,,,,,,
MDA,Moldova,1999,,,,8.196721,5.753983333333333,,,,,,
MDA,Moldova,2000,,,,9.302325,7.339606666666666,,,,,,
MDA,Moldova,2001,0.01254278,,,4.545455,7.348167,,,,,,
MDA,Moldova,2002,0.004359578,,,12.42038,8.756053333333332,,,,,,
MDA,Moldova,2003,0.002421542,,,15.95092,10.972251666666665,96.8718902114465,,,,,
MDA,Moldova,2004,,0.32405,,12.56039,13.643896666666668,98.156413463725,,756.43007,,,
MDA,Moldova,2005,0.01879447,0.34903,,12.34043,13.617246666666666,96.6818477553677,97.23671714351308,755.38437,,,
MDA,Moldova,2006,0.001826818,0.39865,0.35724333333333336,14.46541,13.122076666666667,97.0851805154484,97.30781391151369,717.41311,743.0758500000001,,
MDA,Moldova,2007,0.00640041,0.40622,0.3846333333333333,16.96428,14.59004,96.5221543955816,96.76306088879922,698.34114,723.7128733333333,,
MDA,Moldova,2008,0.00748079,0.54557,0.4501466666666667,21.09375,17.507813333333335,98.0673762632164,97.2249037247488,723.79793,713.1840599999999,,
MDA,Moldova,2009,0.0023956,0.53463,0.4954733333333334,17.51152,18.523183333333336,97.1171184012657,97.23554968668789,820.94705,747.6953733333334,,
MDA,Moldova,2010,,0.52557,0.5352566666666667,16.1435,18.24959,96.9593555693894,97.3812834112905,801.95946,782.2348133333334,,
MDA,Moldova,2011,0.003518731,0.3665,0.47556666666666664,14.35185,16.002290000000002,84.3725375888069,92.81633718648733,760.16606,794.3575233333335,,
MDA,Moldova,2012,0.0007643507,0.33764,0.4099033333333333,14.72393,15.073093333333333,85.6389728955029,88.9902886845664,777.15332,779.7596133333333,,
MDA,Moldova,2013,0.005771273,0.34907,0.35107,11.97917,13.684983333333333,84.0162089149033,84.67590646640436,768.63843,768.6526033333333,,
MDA,Moldova,2014,0.002350563,0.29783,0.32817999999999997,11.04294,12.58201333333333,82.4263446204606,84.0271754769556,736.90187,760.8978733333333,,
MDA,Moldova,2015,0.002367536,0.31463,0.32051,8.333333,10.451814333333333,81.7846882750588,82.74241393680757,925.31215,810.28415,,
MDA,Moldova,2016,0.006405474,0.30735,0.30660333333333334,12.32877,10.568347666666668,82.5738698191325,82.2616342382173,946.48296,869.5656600000001,,
MDA,Moldova,2017,,0.28005,0.3006766666666667,10.79137,10.484491,81.9081303162418,82.08889613681102,912.00965,927.93492,,
MDA,Moldova,2018,0.0006888191,0.25789,0.28176333333333337,7.586207,10.235449000000001,80.8831465273944,81.78838222092288,923.49386,927.3288233333333,,
MDA,Moldova,2019,0.003686842,0.25626,0.2647333333333333,9.090909,9.156162,81.9775124472026,81.5895964302796,903.41782,912.9737766666667,,
MDA,Moldova,2020,0.003296874,0.24145,0.2518666666666667,10.69182,9.122978666666667,84.1575874207371,82.33941546511136,823.53362,883.4817666666668,,
MDA,Moldova,2021,0.001128523,0.23511,0.24427333333333334,10.98266,10.255129666666667,84.0958565129216,83.41031879362043,774.67919,833.8768766666667,,
MDA,Moldova,2022,,0.23154,0.23603333333333332,7.692307,9.788929,83.7504210844852,84.0012883393813,781.24167,793.1514933333333,,
MDA,Moldova,2023,,0.22959,0.23207999999999998,6.060606,8.245191,86.56366606026,84.8033145525556,768.02221,774.6476899999999,,
MDG,Madagascar,1999,,0.0938,,,,16.4070917817612,15.159135178075,13.98026,,0.342816240318598,0.2542982030281236
MDG,Madagascar,2000,,0.08342,0.12015666666666665,,,15.3607994962334,15.577302699990165,14.41915,,0.417013794538887,0.32978741940993933
MDG,Madagascar,2001,,0.10032,0.09251333333333334,,,15.9066874027994,15.891526226931333,14.76191,14.387106666666668,0.489021907000994,0.41628398061949295
MDG,Madagascar,2002,,0.18175,0.12183,,,15.3131482544026,15.526878384478467,49.00259,26.061216666666667,0.33506179741383,0.4136991663179037
MDG,Madagascar,2003,,0.20173,0.16126666666666667,,,11.3818089512975,14.200548202833167,45.57217,36.44555666666667,0.314192316981744,0.3794253404655226
MDG,Madagascar,2004,,0.2907,0.22472666666666666,,,11.9312680215483,12.8754084090828,45.70833,46.76103,0.451754666277488,0.36700292689102065
MDG,Madagascar,2005,,0.1926,0.22834333333333334,,,11.6395738328879,11.650883601911232,46.25,45.8435,0.86495784280445,0.5436349420212273
MDG,Madagascar,2006,,0.15096,0.21142000000000002,,,12.6230917975255,12.0646445506539,46.56194,46.173423333333325,0.955940554497272,0.7575510211930699
MDG,Madagascar,2007,,0.14119,0.16158333333333333,,,,,46.24168,46.35120666666666,1.3867507265205,1.0692163746074073
MDG,Madagascar,2008,0.001175553,0.12091,0.13768666666666665,,,,,46.80207,46.535230000000006,1.49386523071763,1.2788521705784675
MDG,Madagascar,2009,0.0008213485,0.11764,0.12658,,,,,45.1091,46.05095,1.64514008381064,1.5085853470162567
MDG,Madagascar,2010,,0.13054,0.12302999999999999,,,,,43.80387,45.238346666666665,1.19605900860783,1.4450214410453668
MDG,Madagascar,2011,0.0004691642,0.09903,0.11573666666666667,,,,,50.26629,46.39308666666667,1.28033909784492,1.37384606342113
MDG,Madagascar,2012,0.002293052,0.09067,0.10674666666666666,66.66666,,,,49.14874,47.73963333333334,1.31369935910197,1.2633658218515735
MDG,Madagascar,2013,,,,,,,,,,1.16349838572061,1.2525122808891667
MDG,Madagascar,2014,,,,,,,,,,1.57661246997452,1.3512700715990336
MDG,Madagascar,2015,0.001183768,0.01321,,,,,,,,1.23893104957098,1.32634730175537
MDG,Madagascar,2016,,,,,,,,,,1.19052409589174,1.3353558718124134
MDG,Madagascar,2017,,0.01264,,,,,,23.87432,,0.977803991328501,1.1357530455970737
MDG,Madagascar,2018,,0.01275,,,,13.7006490799738,,29.61421,,1.0645621796834,1.0776300889678803
MDG,Madagascar,2019,,,,,,,,32.94427,28.810933333333335,1.424875297197,1.1557471560696335
MDG,Madagascar,2020,,,,,,,,,,1.54643328478626,1.345290253888887
MDG,Madagascar,2021,,,,,,,,,,1.10277129387524,1.3580266252861666
MDG,Madagascar,2022,,,,,,,,,,1.35004802293751,1.3330842005330032
MDG,Madagascar,2023,,,,,,,,,,1.92221428429234,1.4583445337016967
MEX,Mexico,1999,0.1034063,0.28519,0.2625366666666667,7.058824,9.222713,-52.515592508828,-54.96925511989682,219.74652,222.1574333333333,1.39132469976368,1.057446677911096
MEX,Mexico,2000,0.03983157,0.32719,0.29214,9.615385,10.575989666666667,-46.8028453019241,-51.923276023962806,227.07752,225.50532666666663,1.64010077887388,1.3428423088381054
MEX,Mexico,2001,0.09514594,0.29205,0.30147666666666667,5.882353,7.518854,-47.5873966830153,-48.96861149792247,227.09051,224.63818333333333,1.13598759456854,1.3891376910686999
MEX,Mexico,2002,0.0930334,0.30815,0.30912999999999996,15.60284,10.366859333333334,-47.5796315241706,-47.32329116970333,235.3859,229.85131,1.38371246617048,1.386600279870967
MEX,Mexico,2003,0.07522924,0.33745,0.31254999999999994,9.923664,10.469619000000002,-49.1968154277202,-48.12128121163537,308.76297,257.0797933333333,1.65131657621505,1.39033887898469
MEX,Mexico,2004,0.1015155,0.37454,0.34004666666666666,8.0,11.175501333333335,-51.5888281824382,-49.455091711443,328.13432,290.7610633333333,1.27186353150959,1.43563085796504
MEX,Mexico,2005,0.09410659,0.37053,0.36084000000000005,9.375,9.099554666666668,-51.3112608792777,-50.698968163145366,383.11111,340.0028,0.779454696439056,1.2342116013878985
MEX,Mexico,2006,0.09438558,0.38103,0.3753666666666667,9.539474,8.971491333333333,-43.7718551674863,-48.89064807640073,417.90546,376.38363,0.360831914359766,0.8040500474361373
MEX,Mexico,2007,0.09993385,0.35298,0.36818,12.10526,10.339911333333333,-40.3570743847689,-45.1467301438443,340.43454,380.4837033333333,0.216905115018584,0.45239724193913533
MEX,Mexico,2008,0.1208415,0.38039,0.37146666666666667,9.598214,10.414316,-34.2783300673031,-39.469086539852775,351.25363,369.86454333333336,0.217224803231211,0.26498727753652035
MEX,Mexico,2009,0.06851415,0.42416,0.3858433333333333,11.07078,10.924751333333333,-25.8232008878497,-33.486201779973904,343.53328,345.0738166666667,0.205477615961496,0.21320251140376367
MEX,Mexico,2010,0.1220583,0.45748,0.42067666666666664,11.35029,10.673094666666666,-23.0867182063229,-27.72941638715857,386.49816,360.4283566666666,0.224073892797917,0.21559210399687467
MEX,Mexico,2011,0.1246022,0.47353,0.4517233333333333,14.18919,12.20342,-22.4516124231103,-23.787177172427636,341.23898,357.09013999999996,0.186071644419626,0.20520771772634636
MEX,Mexico,2012,0.1100337,0.45268,0.46123000000000003,16.8331,14.124193333333332,-17.6294162946352,-21.055915641356133,348.02663,358.5879233333333,0.178572648267796,0.19623939516177968
MEX,Mexico,2013,0.08618435,0.40284,0.44301666666666667,10.93394,13.985410000000002,-11.711054039167,-17.2640275856375,250.69335,313.3196533333334,0.135115808920061,0.16658670053582766
MEX,Mexico,2014,0.1347656,0.40806,0.4211933333333333,10.98326,12.916766666666668,-10.4334471850256,-13.257972506275934,254.46546,284.3951466666667,0.149974442618458,0.15455429993543832
MEX,Mexico,2015,0.09284125,0.41962,0.4101733333333333,13.80597,11.907723333333331,-7.87572561111971,-10.006742278437436,262.92059,256.0264666666667,0.149734050442036,0.14494143399351833
MEX,Mexico,2016,0.121704,0.41477,0.41414999999999996,11.03896,11.94273,-0.838223440033256,-6.3824654120595214,284.58114,267.32239666666663,1.28892814635522,0.5295455464719047
MEX,Mexico,2017,0.1253779,0.37601,0.40346666666666664,11.97749,12.274140000000001,4.93383715309556,-1.2600372993524687,319.5511,289.01761000000005,1.47980258483274,0.9728215938766653
MEX,Mexico,2018,0.1087498,0.31955,0.37011,12.56705,11.861166666666668,11.4340419264569,5.176551879839734,330.64996,311.5940666666667,1.0980313637475,1.28892069831182
MEX,Mexico,2019,0.08576889,0.29816,0.33124,12.8866,12.477046666666666,16.7913179157596,11.05306566510402,342.55971,330.92025666666666,0.893681056985929,1.1571716685220563
MEX,Mexico,2020,0.08798128,0.27629,0.298,9.333333,11.595661,18.2994397147,15.508266518972166,355.30353,342.83773333333335,1.29497937729362,1.095563932675683
MEX,Mexico,2021,0.08141485,0.29185,0.28876666666666667,11.46162,11.227184333333334,10.8895496628123,15.3267690977573,369.04189,355.6350433333334,1.34673974803915,1.1784667274395664
MEX,Mexico,2022,0.08678684,0.27305,0.2803966666666666,7.913669,9.569540666666667,15.3117558234424,14.833581733651565,384.76538,369.7036,0.941853275848206,1.194524133726992
MEX,Mexico,2023,0.0551047,0.25727,0.27405666666666667,8.481675,9.285654666666666,21.1050764879457,15.768793991400132,401.92849,385.2452533333333,0.109336506115384,0.7993098433342466
MLT,Malta,1999,,,,,,,,,,3.72907162189144,3.3458763307124335
MLT,Malta,2000,0.005690224,,,,,,,,,3.84971211677462,3.6502938961994897
MLT,Malta,2001,0.005375477,,,,,,,,,3.52164313970621,3.7001422927907566
MLT,Malta,2002,,,,,,,,,,3.46297357962967,3.6114429453701664
MLT,Malta,2003,,0.25107,,,,,,672.92087,,3.18474309265464,3.3897866039968396
MLT,Malta,2004,0.01160177,0.23874,,,,,,678.26433,,3.1272664713687,3.2583277145510032
MLT,Malta,2005,0.006041079,0.4892,0.32633666666666666,,,,,1064.62987,805.27169,2.80816522981455,3.04005826461263
MLT,Malta,2006,0.001217878,0.53008,0.41934,,,,,1162.44361,968.4459366666666,3.06273160560249,2.99938776892858
MLT,Malta,2007,0.01113115,0.58085,0.5333766666666667,,,,,1256.70565,1161.25971,3.17678582182865,3.015894219081897
MLT,Malta,2008,0.005343422,0.54654,0.55249,23.07692,,,,1181.74634,1200.2985333333334,3.51036123754426,3.2499595549918
MLT,Malta,2009,0.0007186799,0.52409,0.5504933333333333,20.0,,,,1294.07262,1244.1748699999998,3.22070131773335,3.302616125702087
MLT,Malta,2010,0.002499,0.50513,0.5252533333333333,,,251.622943530457,,1176.53223,1217.4503966666664,3.09830348837454,3.2764553478840495
MLT,Malta,2011,0.0004691642,0.58346,0.5375599999999999,,,282.243682876107,,1391.94851,1287.5177866666666,2.7967836872698,3.03859616445923
MLT,Malta,2012,0.004586104,0.65483,0.58114,,,276.235098578634,270.0339083283993,1761.13695,1443.2058966666666,3.05104636529492,2.98204451364642
MLT,Malta,2013,0.004617018,0.79196,0.6767500000000001,,,247.829849373969,268.76954360957,1968.67504,1707.2535,2.79032815834388,2.8793860703028664
MLT,Malta,2014,0.01410338,0.72644,0.7244100000000001,10.0,,276.579856825475,266.8816015926927,1880.46422,1870.09207,2.58893803271674,2.8101041854518467
MLT,Malta,2015,0.009470145,0.67653,0.7316433333333333,15.78947,,264.163696694113,262.85780096451896,1835.3282,1894.8224866666667,2.73369927535908,2.7043218221399
MLT,Malta,2016,0.02486831,0.69942,0.7007966666666666,,,347.151816528742,295.96512334944333,1865.25574,1860.3493866666668,2.68996901031208,2.670868772795967
MLT,Malta,2017,0.003224004,0.54032,0.6387566666666666,,,419.058493589744,343.4580022708663,1989.5946,1896.7261799999999,2.62484006056262,2.6828361154112605
MLT,Malta,2018,0.004821734,0.52592,0.5885533333333334,,,450.181459427082,405.463923181856,2027.40143,1960.7505899999999,2.53886688251524,2.6178919844633133
MLT,Malta,2019,0.006277595,0.54557,0.53727,,,437.49649368864,435.5788155684886,1904.9221,1973.97271,2.47931874391867,2.5476752289988434
MLT,Malta,2020,0.002909006,0.54851,0.54,3.703704,,424.207824684939,437.29525926688694,1902.71628,1945.0132700000001,2.43668174515417,2.48495579052936
MLT,Malta,2021,0.007416006,0.60002,0.5647000000000001,13.04348,,417.462738301559,426.3890188917126,1964.91528,1924.1845533333333,2.25132539784206,2.3891086289716337
MLT,Malta,2022,0.003234292,0.59682,0.5817833333333333,11.90476,9.550648,376.570848833276,406.0804706065913,2082.82636,1983.4859733333335,1.92702675323288,2.205011298743037
MLT,Malta,2023,0.003468128,0.5745,0.5904466666666667,,,389.552837996418,394.5288083770843,2313.68128,2120.4743066666665,1.69840439990494,1.9589188503266268
MNE,Montenegro,1999,,,,,,,,,,0.0,
MNE,Montenegro,2000,,,,,,,,,,0.0,0.0
MNE,Montenegro,2001,,,,,,,,,,0.0,0.0
MNE,Montenegro,2002,,,,,,,,,,0.0,0.0
MNE,Montenegro,2003,0.004035904,,,,,,,,,0.0,0.0
MNE,Montenegro,2004,0.003625553,0.79772,,,,,,,,0.0,0.0
MNE,Montenegro,2005,0.013089,1.01874,,,,,,,,,
MNE,Montenegro,2006,,0.92443,0.9136299999999999,,,42.6924515947994,,,,3.10618103551074,
MNE,Montenegro,2007,,1.22991,1.0576933333333332,,,45.4041287982626,,,,2.95783301075753,
MNE,Montenegro,2008,,1.14521,1.09985,,,54.5824760854351,47.559685492832365,,,,
MNE,Montenegro,2009,,,,,,46.4935781262312,48.8267276699763,,,,
MNE,Montenegro,2010,,,,,,43.0988224772694,48.05829222964524,,,,
MNE,Montenegro,2011,0.0004691642,,,,,26.4911463187326,38.6945156407444,,,,
MNE,Montenegro,2012,,0.31485,,,,36.5566940181117,35.382220938037904,642.96419,,,
MNE,Montenegro,2013,0.002308509,,,100.0,,34.6593476100117,32.569062648952006,,,,
MNE,Montenegro,2014,,0.37431,,,,23.6995346344078,31.638525420843735,637.60412,,,
MNE,Montenegro,2015,0.001183768,0.3632,,,,30.4145738061324,29.591152016850632,665.31497,,,
MNE,Montenegro,2016,,0.374,0.37050333333333335,,,30.5421427546972,28.218750398412467,830.62949,711.18286,,
MNE,Montenegro,2017,0.001074668,0.32454,0.3539133333333333,,,35.3510002214512,32.10257226076026,716.88365,737.60937,,
MNE,Montenegro,2018,,0.34898,0.34917333333333334,,,41.3384348152667,35.74385926380503,708.80379,752.1056433333333,,
MNE,Montenegro,2019,0.001046266,0.50374,0.39242,,,31.8222060793172,36.17054703867837,775.01569,733.5677099999999,,
MNE,Montenegro,2020,,0.36328,0.4053333333333333,,,33.6893587156768,35.61666653675357,764.41883,749.4127699999999,,
MNE,Montenegro,2021,0.0009673051,,,,,27.6533889761563,31.054984590383437,,,,
MNE,Montenegro,2022,,,,,,31.5278115132378,30.956853068356967,,,,
MNE,Montenegro,2023,0.003468128,,,,,29.6231897320918,29.60146340716197,,,,
MTQ,Martinique,1999,,,,,,,,,,,
MTQ,Martinique,2000,,,,,,,,,,,
MTQ,Martinique,2001,,,,,,,,,,,
MTQ,Martinique,2002,,,,,,,,,,,
MTQ,Martinique,2003,,,,,,,,,,,
MTQ,Martinique,2004,,,,,,,,,,,
MTQ,Martinique,2005,,,,,,,,,,,
MTQ,Martinique,2006,,,,,,,,,,,
MTQ,Martinique,2007,,,,,,,,,,,
MTQ,Martinique,2008,,,,,,,,,,,
MTQ,Martinique,2009,,,,,,,,,,,
MTQ,Martinique,2010,,,,,,,,,,,
MTQ,Martinique,2011,,,,,,,,,,,
MTQ,Martinique,2012,,,,,,,,,,,
MTQ,Martinique,2013,,,,,,,,,,,
MTQ,Martinique,2014,,,,,,,,,,,
MTQ,Martinique,2015,,,,,,,,,,,
MTQ,Martinique,2016,,,,,,,,,,,
MTQ,Martinique,2017,,,,,,,,,,,
MTQ,Martinique,2018,,,,,,,,,,,
MTQ,Martinique,2019,,,,,,,,,,,
MTQ,Martinique,2020,,,,100.0,,,,,,,
MTQ,Martinique,2021,,,,,,,,,,,
MTQ,Martinique,2022,,,,,,,,,,,
MTQ,Martinique,2023,,,,,,,,,,,
MYS,Malaysia,1999,0.01303441,0.39789,,8.620689,,-73.5795140371132,-73.18091720367595,157.86504,,,
MYS,Malaysia,2000,0.03793483,,,3.921569,7.005611333333334,-67.986309648656,-68.57228957794148,,,,
MYS,Malaysia,2001,0.03538856,0.46899,,3.623188,5.388482,-56.7090485953618,-66.09162409371034,282.98354,,,
MYS,Malaysia,2002,0.03531258,,,2.857143,3.4673,-51.9557499366613,-58.883702726893034,,,,
MYS,Malaysia,2003,0.06215291,0.65254,,6.185567,4.221965999999999,-52.4797204932948,-53.714839675105964,300.56079,,,
MYS,Malaysia,2004,0.06272206,,,6.231454,5.091388,-50.4417829656388,-51.625751131864966,,,,
MYS,Malaysia,2005,0.04709804,0.5999,,4.6,5.6723403333333335,-48.0780497298625,-50.33318439626536,507.42811,,,
MYS,Malaysia,2006,0.1198784,,,3.968254,4.933236,-43.7782101911016,-47.43268096220097,,,,
MYS,Malaysia,2007,0.08813483,0.61106,,4.867257,4.478503666666667,-38.7189124367808,-43.52505745258163,371.05001,,,
MYS,Malaysia,2008,0.09270836,,,5.430712,4.755407666666667,-29.7539341309863,-37.4170189196229,,,,
MYS,Malaysia,2009,0.1120182,0.78847,,5.988024,5.428664333333333,-25.4811992872319,-31.318015284999664,598.97222,,,
MYS,Malaysia,2010,0.1064574,1.01001,,5.73913,5.7192886666666665,-26.4776718308934,-27.237601749703867,1063.03522,,,
MYS,Malaysia,2011,0.1300758,1.03608,0.9448533333333332,6.821705,6.182953,-19.4840823578216,-23.81431782531563,1452.73369,1038.2470433333333,,
MYS,Malaysia,2012,0.1118136,1.03342,1.0265033333333333,8.688524,7.083119666666666,-9.86347941634221,-18.608411201685737,1633.85555,1383.2081533333333,,
MYS,Malaysia,2013,0.1327297,1.09269,1.0540633333333334,8.112325,7.874184666666667,-10.7287875242111,-13.358783099458302,1769.90749,1618.8322433333333,,
MYS,Malaysia,2014,0.1041131,,,7.038123,7.946324,-1.02196038431298,-7.2047424416220975,,,,
MYS,Malaysia,2015,0.07846692,1.26275,,6.268657,7.139701666666667,-1.31674896798018,-4.3558322921680865,2015.97275,,,
MYS,Malaysia,2016,0.08767964,1.27945,,7.620818,6.975866,-9.78609643797293,-4.041601930088697,2256.60241,,,
MYS,Malaysia,2017,0.06705928,1.41517,1.3191233333333334,7.011686,6.967053666666668,-8.0938585553716,-6.39890132044157,2334.07987,2202.2183433333335,,
MYS,Malaysia,2018,0.06137378,,,8.170515,7.601006333333333,-9.46619716840316,-9.115384053915896,,,,
MYS,Malaysia,2019,0.08976961,1.04026,,6.779661,7.320620666666667,-2.31632847100387,-6.625461398259543,2110.44315,,0.778171319832016,
MYS,Malaysia,2020,0.06823236,,,9.007353,7.985843,0.419441769978299,-3.78769462314291,,,0.689622142602166,
MYS,Malaysia,2021,0.08705746,0.95055,,7.079646,7.6222199999999996,1.4599273272106,-0.14565312460499036,711.51035,,0.644957116370225,0.7042501929348024
MYS,Malaysia,2022,0.04416605,,,7.490637,7.859211999999999,-0.739797820685311,0.3798570921678626,,,0.660515787434622,0.665031682135671
MYS,Malaysia,2023,0.05518177,1.0121,,,,-0.578726686040022,0.04713427349508903,1218.32989,,0.751937120240816,0.6858033413485544
NAM,Namibia,1999,,,,,,74.8969119398884,76.04000037592961,,,0.0,0.0
NAM,Namibia,2000,,,,,,73.3305634420514,75.23028584635463,,,0.0,0.0
NAM,Namibia,2001,0.002687739,,,,,68.6570224399135,72.29483260728443,,,0.0,0.0
NAM,Namibia,2002,,,,,,72.8026180747857,71.59673465225019,,,0.0,0.0
NAM,Namibia,2003,,,,,,68.9350976685569,70.13157939441871,,,0.0,0.0
NAM,Namibia,2004,,,,,,70.7403977775988,70.8260378403138,,,0.0,0.0
NAM,Namibia,2005,,,,,,69.0302126072364,69.5685693511307,,,0.0,0.0
NAM,Namibia,2006,,,,,,69.1259617878445,69.63219072422656,,,0.0,0.0
NAM,Namibia,2007,,,,,,70.0233584220084,69.39317760569644,,,0.158821489147679,0.05294049638255966
NAM,Namibia,2008,,,,,,69.3046784817,69.48466623051763,,,0.113859500033013,0.09089366306023067
NAM,Namibia,2009,,,,,,70.1012369992002,69.8097579676362,,,0.148780089946869,0.14048702637585367
NAM,Namibia,2010,,,,,,70.9659730867271,70.12396285587576,,,0.107245351930806,0.12329498063689599
NAM,Namibia,2011,0.004300672,0.13963,,,,75.5325602759433,72.19992345395686,,,0.121225451888134,0.12575029792193634
NAM,Namibia,2012,0.004012841,,,,,75.6461249428768,74.04821943518239,,,0.101445145462686,0.10997198309387535
NAM,Namibia,2013,0.0007695031,,,,,73.5542040989351,74.9109631059184,,,0.109484952837251,0.110718516729357
NAM,Namibia,2014,0.001175281,,,,,76.6755058875525,75.29194497645479,,,0.111562470725497,0.107497523008478
NAM,Namibia,2015,,0.34986,,,,74.6640357564613,74.9645819143163,148.91896,,0.0326322347147646,0.0845598860925042
NAM,Namibia,2016,0.003391133,,,,,77.5412849185528,76.29360885418886,,,0.143132058156815,0.0957755878656922
NAM,Namibia,2017,,,,,,76.7857142857141,76.3303449869094,,,0.242219798615162,0.13932803049558054
NAM,Namibia,2018,0.0006888191,,,,,73.8929385269388,76.07331257706856,,,0.199335548172757,0.19489580164824463
NAM,Namibia,2019,0.001046266,,,,,77.5421211623294,76.0735913249941,,,0.449005064423666,0.2968534704038617
NAM,Namibia,2020,,,,88.88889,,71.5341194179628,74.32305970241033,,,0.662763298033784,0.43703463687673566
NAM,Namibia,2021,,,,,,63.8971328292343,70.99112446984218,,,0.692710754520985,0.6014930389928117
NAM,Namibia,2022,,,,,,65.4914196567863,66.97422396799448,,,0.805708923466381,0.7203943253403833
NAM,Namibia,2023,0.001156043,0.64636,,,,60.4998985401718,63.29615034206413,224.81068,,0.555098784231497,0.6845061540729542
NER,Niger,1999,,,,,,,,,,,
NER,Niger,2000,,,,,,,,,,,
NER,Niger,2001,,,,,,,,,,0.334676310053954,
NER,Niger,2002,,,,,,,,9.30768,,0.353816206933084,
NER,Niger,2003,0.0009686168,,,,,,,8.57341,,0.384645085075957,0.35771253402099834
NER,Niger,2004,,,,,,,,7.95687,8.612653333333334,0.419561888406784,0.386007726805275
NER,Niger,2005,,,,,,14.121005360997,,8.13744,8.222573333333335,0.402859966818455,0.4023556467670653
NER,Niger,2006,0.0009134088,,,28.57143,,13.254439500186,,7.47846,7.857589999999999,0.326002275933089,0.3828080437194427
NER,Niger,2007,,,,,,13.097375968265,13.490940276482666,,,0.306297643720949,0.34505329549083097
NER,Niger,2008,,,,,,15.8439827217145,14.065266063388501,,,0.319766119389927,0.31735534634798834
NER,Niger,2009,0.00383296,,,,,15.2438054450903,14.728388045023266,,,0.257158320352226,0.29440736115436733
NER,Niger,2010,,,,,,17.7432760013852,16.277021389396666,,,0.314763539503595,0.2972293264152493
NER,Niger,2011,,,,,,20.0233502211845,17.67014388922,,,0.363782811160621,0.31190155700548067
NER,Niger,2012,0.001146526,,,,,,,,,0.369889411354929,0.349478587339715
NER,Niger,2013,0.0007695031,,,,,-0.139787189651596,,,,0.455879716682215,0.39651731306592164
NER,Niger,2014,,,,,,-4.09780073308896,,26.93895,,0.333687097406571,0.3864854084812383
NER,Niger,2015,,,,,,-3.83874800278587,-2.692111975175475,,,0.276410415649016,0.355325743245934
NER,Niger,2016,0.0007535852,,,,,-0.334913977022969,-2.7571542376325997,,,0.387402473616734,0.3324999955574403
NER,Niger,2017,0.003940449,,,,,-2.75245881100043,-2.3087069302697567,,,0.251899044531207,0.30523731126565234
NER,Niger,2018,0.001033229,,,,,-8.3574134471619,-3.8149287450617666,,,0.212195740841392,0.283832419663111
NER,Niger,2019,,,,,,-4.3116913736701,-5.14052121061081,,,0.307019932851269,0.257038239407956
NER,Niger,2020,,,,,,-2.62449670796061,-5.097867176264203,,,0.25490563589345,0.2580404365287037
NER,Niger,2021,0.00064487,,,,,-3.41181600174406,-3.4493346944582566,,,0.269999608151956,0.2773083922988917
NER,Niger,2022,0.001078097,,,,,-2.66563845511214,-2.90065038827227,,,0.231131784839007,0.25201234296147096
NER,Niger,2023,,,,,,5.40557852442787,-0.22395864414277655,,,0.221994355470332,0.241041916153765
NIC,Nicaragua,1999,,,,,,46.7263901495719,42.70748980816027,,,2.24131445199578,2.0496131148586634
NIC,Nicaragua,2000,,,,,,45.4183499634947,44.2433773704399,,,2.36908128239866,2.2269581667848732
NIC,Nicaragua,2001,,,,,,46.0536194558223,46.0661198562963,,,2.12533622936964,2.2452439879213597
NIC,Nicaragua,2002,,,,,,50.2655717326201,47.2458470506457,,,1.79204080302573,2.0954861049313434
NIC,Nicaragua,2003,,0.03493,,,,48.4414863071086,48.253559165183674,,,1.90510478315326,1.9408272718495432
NIC,Nicaragua,2004,,,,,,51.5293434260922,50.078800488606966,,,1.97204492220868,1.8897301694625568
NIC,Nicaragua,2005,,,,,,47.838319180239,49.269716304479935,,,1.77341933649506,1.8835230139523331
NIC,Nicaragua,2006,,,,,,47.7994664860061,49.055709697445764,,,1.6773136882309,1.8075926489782133
NIC,Nicaragua,2007,,,,,,49.5481200978186,48.395301921354566,,,1.57209899190495,1.67427733887697
NIC,Nicaragua,2008,,,,,,50.3590584867274,49.2355483568507,,,1.55202145292842,1.6004780443547564
NIC,Nicaragua,2009,,,,,,45.0138404140088,48.30700633285161,,,1.32615758010231,1.4834260083118933
NIC,Nicaragua,2010,,,,,,47.6173573520275,47.66341875092123,,,1.36018152626621,1.4127868530989798
NIC,Nicaragua,2011,0.002345821,,,,,43.5613333753029,45.3975103804464,,,1.45378552488078,1.3800415437497666
NIC,Nicaragua,2012,,0.08344,,,,51.180700927721,47.453130551683806,,,1.24153580129755,1.35183428414818
NIC,Nicaragua,2013,,0.10449,,,,43.8309995929938,46.19101129867257,,,1.2364913525785,1.3106042262522766
NIC,Nicaragua,2014,,0.10284,0.09692333333333335,,,42.7356759563787,45.91579215903116,,,1.26997668757297,1.24933461381634
NIC,Nicaragua,2015,,0.08935,0.09889333333333333,,,39.8310600012076,42.132578516860036,,,1.29014896093747,1.26553900036298
NIC,Nicaragua,2016,,0.10742,0.09987,,,46.1907119642496,42.91914930727862,,,1.28168521197445,1.28060362016163
NIC,Nicaragua,2017,,,,,,43.1713833305821,43.064385098679764,,,1.32945208685613,1.3004287532560166
NIC,Nicaragua,2018,,,,,,44.4573342103688,44.6064765017335,,,1.35007405619388,1.3204037850081534
NIC,Nicaragua,2019,,,,,,41.0142795745788,42.880999038509906,,,1.32710950198059,1.3355452150101998
NIC,Nicaragua,2020,,,,,,44.5883330642896,43.3533156164124,,,1.34310365323075,1.3400957371350735
NIC,Nicaragua,2021,,,,,,40.6058795336708,42.0694973908464,,,1.29149274876467,1.32056863465867
NIC,Nicaragua,2022,,,,,,41.8096537200565,42.33462210600563,,,1.38990614339617,1.3415008484638633
NIC,Nicaragua,2023,,,,,,46.4910182435548,42.96885049909404,,,1.2432279300573,1.30820894073938
NLD,Netherlands,1999,1.346563,1.73966,1.8062333333333331,6.410256,7.130483333333333,34.670530908223,28.911777782781865,2478.35144,2394.364216666667,3.48435691509704,3.4949002590770135
NLD,Netherlands,2000,1.363188,1.81986,1.80041,7.399795,7.087174,37.5879559969342,34.494197876700134,2631.55841,2512.3411366666664,3.60922352627558,3.5242321285846465
NLD,Netherlands,2001,1.255084,1.78907,1.7828633333333332,6.479384,6.763145000000001,46.4820493884967,39.5801787645513,2637.93221,2582.6140200000004,3.60641852668452,3.566666322685714
NLD,Netherlands,2002,1.262272,1.79214,1.8003566666666666,6.367041,6.748740000000001,42.0092908564595,42.02643208063014,2828.29837,2699.2629966666664,3.46253476097494,3.55939227131168
NLD,Netherlands,2003,1.262315,1.73931,1.7735066666666668,7.051016,6.6324803333333335,42.7494399700543,43.74692673833683,2701.16441,2722.4649966666666,3.34181081365915,3.4702547004395368
NLD,Netherlands,2004,1.1981,1.77665,1.7693666666666665,8.241028,7.219695000000001,46.5188750957607,43.759201974091496,2681.97594,2737.14624,3.40939326200571,3.4045796122132668
NLD,Netherlands,2005,1.171611,1.78132,1.76576,6.064408,7.118817333333333,39.0612669794564,42.7765273484238,2951.21244,2778.1175966666665,3.49660347685078,3.415935850838547
NLD,Netherlands,2006,1.251801,1.7667,1.77489,6.771835,7.025757,46.5427414572268,44.0409611774813,2908.98454,2847.390973333333,3.61113822990226,3.5057116562529167
NLD,Netherlands,2007,1.327031,1.73208,1.7600333333333333,7.093914,6.643385666666667,48.1253295799581,44.5764460055471,3224.9245,3028.3738266666664,3.68052103689884,3.596087581217293
NLD,Netherlands,2008,1.390091,1.66063,1.7198033333333334,8.935824,7.600524333333333,47.0413866840216,47.23648590706884,3093.10821,3075.6724166666663,3.45421701256473,3.5819587597886096
NLD,Netherlands,2009,1.440768,1.61247,1.6683933333333334,10.08439,8.704709333333334,41.9789975358064,45.71523793326204,3063.96158,3127.3314299999997,3.52603028716457,3.553589445542713
NLD,Netherlands,2010,1.175554,1.65161,1.64157,11.68149,10.233901333333334,41.8431645060824,43.6211829086368,2822.24977,2993.10652,3.56314853222845,3.5144652773192497
NLD,Netherlands,2011,1.270733,1.69388,1.6526533333333333,12.45675,11.407543333333335,34.0417840913717,39.28798204442017,3210.02025,3032.0771999999997,3.60500884884188,3.5647292227449667
NLD,Netherlands,2012,1.204546,1.8651,1.7368633333333332,13.57749,12.571909999999997,36.3083964132339,37.397781670229335,3648.13368,3226.8012333333336,3.41685301968101,3.5283368002504467
NLD,Netherlands,2013,1.175608,1.90094,1.8199733333333334,12.06819,12.700809999999999,37.2648100255159,35.8716635100405,4336.14629,3731.4334066666665,3.24839874086948,3.42342020313079
NLD,Netherlands,2014,1.159986,2.13953,1.9685233333333334,12.67735,12.774343333333332,28.8439214474299,34.13904262872657,4887.39056,4290.556843333333,3.26704343815123,3.3107650662339068
NLD,Netherlands,2015,1.249586,2.15067,2.0637133333333337,11.41418,12.05324,38.1350374503021,34.747922974415964,4926.09272,4716.54319,3.31074640413659,3.275396194385767
NLD,Netherlands,2016,1.220695,2.11792,2.13604,12.26533,12.118953333333332,58.819996608432,41.93298516872133,4891.78146,4901.754913333333,3.31259856259163,3.2967961349598167
NLD,Netherlands,2017,1.080668,2.11546,2.128016666666667,12.62729,12.102266666666667,55.4882960774675,50.81444337873387,5109.20509,4975.693090000001,3.33002395251154,3.317789639746587
NLD,Netherlands,2018,1.07995,2.14167,2.1250166666666668,12.16216,12.351593333333334,62.3248617993986,58.87771816176603,5273.17623,5091.387593333334,3.30953398831475,3.3173855011393063
NLD,Netherlands,2019,1.051283,2.1027,2.1199433333333335,12.11923,12.302893333333335,71.6848928275648,63.16601690147697,5496.79039,5293.0572366666665,3.31447922131205,3.3180123873794467
NLD,Netherlands,2020,1.049749,2.14036,2.1282433333333333,10.80369,11.695026666666665,78.2544901104021,70.7547482457885,5592.12175,5454.029456666667,3.3504586227218,3.3248239441162
NLD,Netherlands,2021,0.8459405,2.26514,2.1694,9.825621,10.916180333333335,81.7603823377532,77.2332550919067,5799.27532,5629.395820000001,3.13498590873071,3.26664125092152
NLD,Netherlands,2022,0.6497334,2.21542,2.2069733333333335,9.407665,10.012325333333333,69.9462218129489,76.65369808703474,6003.86605,5798.42104,2.99085861701531,3.1587677161559404
NLD,Netherlands,2023,0.5949941,2.17529,2.218616666666667,5.92125,8.384845333333333,99.3587652735443,83.6884564747488,6319.17518,6040.7721833333335,2.31510736350647,2.81365062975083
NOR,Norway,1999,0.3226017,,,12.36203,8.676125,-716.282302167002,-765.2346935140376,,,3.29995368154386,3.4252534389224696
NOR,Norway,2000,0.3395167,1.60437,,9.883721,9.680622333333332,-691.642104234034,-729.142117930431,4115.69293,,3.27194714729131,3.333354738577093
NOR,Norway,2001,0.3005788,,,8.560311,10.268687333333334,-765.547393682913,-724.490600027983,,,2.93387192107781,3.16859091663766
NOR,Norway,2002,0.3234807,1.56019,,6.821963,8.421998333333333,-747.388905871229,-734.8594679293919,4371.19907,,2.9513476665722,3.052388911647107
NOR,Norway,2003,0.3156076,1.62644,,7.931571,7.771281666666667,-837.885456234212,-783.6072519294513,,,3.03494880589715,2.9733894645157197
NOR,Norway,2004,0.3347836,1.67572,1.6207833333333335,10.98266,8.578731333333334,-761.191807283728,-782.1553897963896,4513.7416,,2.98867984939305,2.9916587739541334
NOR,Norway,2005,0.3499799,1.53976,1.6139733333333333,8.211679,9.04197,-726.180687011941,-775.0859835099604,4514.09712,,2.98687506396372,3.003501239751307
NOR,Norway,2006,0.3501401,1.47715,1.56421,9.852217,9.682185333333333,-689.307589499196,-725.5600279316217,4602.55542,4543.464713333334,2.82473484467238,2.93342991934305
NOR,Norway,2007,0.4164162,1.44972,1.4888766666666668,11.02941,9.697768666666667,-652.141918144607,-689.210064885248,4866.24486,4660.9658,2.79057077915978,2.8673935625986267
NOR,Norway,2008,0.3769784,1.55795,1.49494,11.40187,10.761165666666665,-679.346786343798,-673.5987646625337,5202.07257,4890.29095,2.77839684701213,2.797900823614763
NOR,Norway,2009,0.441557,1.54556,1.5177433333333334,14.40162,12.277633333333334,-615.652904815357,-649.047203101254,5399.5311,5155.9495099999995,2.53049518808147,2.69982093808446
NOR,Norway,2010,0.3431544,1.71678,1.6067633333333333,12.37458,12.726023333333332,-626.358980495393,-640.4528905515161,5474.54077,5358.714813333333,2.56022022271481,2.6230374192694703
NOR,Norway,2011,0.3247007,1.6412,1.6345133333333333,12.91585,13.230683333333333,-557.915249004105,-599.975711438285,5444.69765,5439.58984,2.58111095203679,2.55727545427769
NOR,Norway,2012,0.2850864,1.61714,1.6583733333333335,12.983,12.757810000000001,-620.257885155913,-601.510704885137,5533.91801,5484.385476666666,2.41959850231091,2.52030989235417
NOR,Norway,2013,0.2345061,1.61053,1.6229566666666664,12.02899,12.642613333333335,-598.42420794356,-592.1991140345259,5584.13377,5520.916476666668,2.2676212051831,2.422776886510267
NOR,Norway,2014,0.1655188,1.64216,1.6232766666666667,11.71662,12.242870000000002,-535.34114624641,-584.6744131152942,5605.02472,5574.358833333335,2.26655039016806,2.317923365887357
NOR,Norway,2015,0.2164717,1.70369,1.6521266666666667,6.20155,9.982386666666667,-596.999256187778,-576.9215367925826,5722.57126,5637.2432499999995,2.25778170243559,2.2639844325955836
NOR,Norway,2016,0.2122096,1.92351,1.7564533333333336,9.748427,9.222199000000002,-719.208537916367,-617.1829801168516,5929.85725,5752.48441,2.2867033652665,2.2703451526233835
NOR,Norway,2017,0.2555919,2.03286,1.8866866666666666,11.97691,9.308962333333334,-647.763288403334,-654.657027502493,6120.84923,5924.4259133333335,2.34833690892432,2.2976073255421365
NOR,Norway,2018,0.2867209,2.08168,2.0126833333333334,10.67416,10.799832333333333,-626.860755191734,-664.6108605038118,6396.1696,6148.958693333334,2.23161906206338,2.2888864454180666
NOR,Norway,2019,0.298674,2.03482,2.0497866666666664,12.17105,11.607373333333333,-597.265226736973,-623.9630901106804,6484.23611,6333.751646666667,2.12744238142517,2.23579945080429
NOR,Norway,2020,0.3286207,2.13599,2.084163333333333,15.65657,12.833926666666665,-596.958788374445,-607.0282567677173,6737.55318,6539.319630000001,2.02837580975146,2.1291457510800034
NOR,Norway,2021,0.2947056,2.24436,2.13839,17.09265,14.973423333333335,-648.65905639539,-614.294357168936,6766.01432,6662.6012033333345,1.95437048164492,2.0367295576071833
NOR,Norway,2022,0.2596418,1.88764,2.08933,13.98496,15.57806,-647.63254529301,-631.0834633542817,7228.72168,6910.76306,1.88025664609357,1.9543343124966501
NOR,Norway,2023,0.2159873,1.55081,1.89427,12.71586,14.597823333333332,-746.719365580602,-681.0036557563341,7394.77328,7129.836426666666,1.42341448183774,1.75268053652541
NZL,New Zealand,1999,0.1216545,,,2.222222,4.014550333333333,21.4537776838068,18.536676371936434,,,1.76079081131175,1.9573895380200799
NZL,New Zealand,2000,0.1128561,0.96387,,9.433962,5.075871,19.8472019870645,19.137066071743135,2292.23305,,1.71070759882715,1.84085343039511
NZL,New Zealand,2001,0.2212905,,,4.458599,5.371594333333333,19.54795306562,20.282977578830433,,,1.95936248331108,1.8102869644833268
NZL,New Zealand,2002,0.1229401,1.10029,,9.219858,7.704139666666667,19.1482306456759,19.51446189945347,2669.46316,,1.79400522095842,1.82135843436555
NZL,New Zealand,2003,0.16749,,,4.069767,5.916074666666667,21.6064754548772,20.100886388724366,,,1.76065037763624,1.8380060273019136
NZL,New Zealand,2004,0.1580741,1.14891,,3.846154,5.711926333333333,26.1116462365394,22.288784112364166,3100.17298,,1.76269896193772,1.7724515201774602
NZL,New Zealand,2005,0.1471338,,,4.225352,4.047090999999999,30.5572690332021,26.091796908206234,,,1.69069216734171,1.7380138356385568
NZL,New Zealand,2006,0.1823773,1.12043,,7.655502,5.242336,29.2052993280824,28.624738199274635,3159.23406,,1.71235861273237,1.7219165806705998
NZL,New Zealand,2007,0.1821056,,,7.272727,6.384526999999999,28.4330160293001,29.398528130194865,,,1.72119090946088,1.7080805631783198
NZL,New Zealand,2008,0.1503639,1.15764,,5.339806,6.756011666666666,25.305340798381,27.6478853852545,3472.58808,,1.72182521400945,1.7184582454008999
NZL,New Zealand,2009,0.1912715,,,8.064516,6.892349666666667,16.8532351063146,23.53053064466523,,,1.72566371681416,1.72289328009483
NZL,New Zealand,2010,0.1398429,1.24916,,9.248555,7.550959,19.5158384238172,20.558138109504267,3760.38719,,1.67227153939755,1.7065868234070534
NZL,New Zealand,2011,0.149507,,,15.42553,10.912866999999999,16.1033181415654,17.490797223899065,,,1.71008805278261,1.70267443633144
NZL,New Zealand,2012,0.1378506,1.23083,,8.252427,10.975504,19.0822060050208,18.2337875234678,3731.3373,,1.70914001434794,1.6971665355093666
NZL,New Zealand,2013,0.1258138,,,9.452736,11.043564333333334,19.9071155701037,18.364213238896635,,,1.70478600632322,1.7080046911512567
NZL,New Zealand,2014,0.2041464,1.15275,,11.9171,9.874087666666666,24.3582415135781,21.115854362900865,4043.95577,,1.66451430092477,1.6928134405319766
NZL,New Zealand,2015,0.1193633,,,14.0625,11.810778666666666,22.4295080030713,22.231621695584366,,,1.67746843572084,1.6822562476562766
NZL,New Zealand,2016,0.08044522,1.22707,,8.938547,11.639382333333332,23.8782747862112,23.555341434286863,5476.90357,,1.66594970438512,1.6693108136769101
NZL,New Zealand,2017,0.107825,,,9.090909,10.697318666666666,28.7609505349372,25.022911108073234,,,1.69819986305707,1.6805393343876769
NZL,New Zealand,2018,0.0565176,1.34788,,12.5,10.176485333333334,28.8259779776374,27.155067766261936,5035.55839,,1.65705071895964,1.6737334288006103
NZL,New Zealand,2019,0.09786074,,,6.185567,9.258825333333332,33.5178852907583,30.368271267777633,,,1.63888045330217,1.6647103451062932
NZL,New Zealand,2020,0.1008456,1.4642,,8.965517,9.217028,31.8442731556692,31.396045474688304,5665.38305,,1.71008638580712,1.66867251935631
NZL,New Zealand,2021,0.08180176,,,8.59375,7.914944666666666,30.6457865517821,32.002648332736534,,,1.6544749971842,1.6678139454311633
NZL,New Zealand,2022,0.07187316,1.48604,,11.05991,9.539725666666667,29.3932450821525,30.627768263201265,5094.76159,,1.7915577055362,1.7187063628425066
NZL,New Zealand,2023,0.06288872,,,4.132231,7.9286303333333334,28.8214208572688,29.620150830401133,,,1.5775443874945,1.6745256967383
OMN,Oman,1999,,,,,,-662.625645013077,-675.7798642071401,,,,
OMN,Oman,2000,,,,,,-662.029579236881,-663.1478001326756,,,,
OMN,Oman,2001,,,,,,-700.151912279417,-674.9357121764584,,,,
OMN,Oman,2002,,,,,,-744.488600449349,-702.223363988549,,,,
OMN,Oman,2003,0.004843084,,,,,-665.296666460475,-703.3123930630803,,,,
OMN,Oman,2004,0.001450221,,,,,-604.858818227936,-671.5480283792533,,,,
OMN,Oman,2005,,,,,,-557.407623582557,-609.1877027569893,,,,
OMN,Oman,2006,,,,,,-498.395599523908,-553.5540137781336,,,,
OMN,Oman,2007,,,,,,-290.341271265635,-448.71483145736664,,,,
OMN,Oman,2008,,,,,,-233.666401848422,-340.80109087932163,,,,
OMN,Oman,2009,,,,,,-270.02228968615,-264.6766542667356,,,,
OMN,Oman,2010,,,,,,-286.981730301876,-263.55680727881594,,,,
OMN,Oman,2011,,,,,,-253.019417151175,-270.00781237973365,,,,
OMN,Oman,2012,0.0007643507,0.11962,,,,-211.232617530338,-250.41125499446298,172.68707,,,
OMN,Oman,2013,,0.18281,,,,-199.353867852314,-221.20196751127568,180.02625,,,
OMN,Oman,2014,,0.14854,0.15032333333333334,,,-205.440313073139,-205.34226615193032,132.90674,161.87335333333334,,
OMN,Oman,2015,0.001183768,0.18588,0.17240999999999998,,,-199.825281621669,-201.53982084904067,182.47683,165.13660666666667,,
OMN,Oman,2016,,0.21866,0.18436,,,-200.504976857989,-201.92352385093236,222.38615,179.25657333333334,,
OMN,Oman,2017,0.002149336,0.22691,0.21048333333333336,,,-217.044049720009,-205.79143606655566,250.29605,218.38634333333334,,
OMN,Oman,2018,0.005166143,0.19925,0.21494,,,-191.670098235702,-203.0730416045667,251.8909,241.52436666666668,,
OMN,Oman,2019,0.003138798,0.19031,0.20549000000000003,,,-209.920235545035,-206.21146116691534,296.18652,266.12449,,
OMN,Oman,2020,0.0113128,0.27255,0.22070333333333336,,,-240.700240228548,-214.096858003095,382.86992,310.31577999999996,,
OMN,Oman,2021,0.002418263,0.31599,0.25961666666666666,,,-204.88040965846,-218.50029514401433,374.1444,351.06694666666664,,
OMN,Oman,2022,0.00431239,0.29266,0.29373333333333335,11.11111,,-202.898292759501,-216.15964754883635,332.10768,363.0406666666666,,
OMN,Oman,2023,,0.28711,0.2985866666666666,50.0,,-213.629416330893,-207.13603958295133,383.13404,363.1287066666667,,
PAK,Pakistan,1999,0.002606882,0.10919,,,,26.9984351135532,26.7690298100908,,,0.0,0.0
PAK,Pakistan,2000,,0.1159,0.12691333333333335,,,27.179212038551,27.187146895677937,,,0.0,0.0
PAK,Pakistan,2001,0.001791826,0.09536,0.10681666666666667,,,27.075243964497,27.084297038867067,,,0.0,0.0
PAK,Pakistan,2002,,0.12408,0.11177999999999999,,,25.1555854534493,26.470013818832438,,,0.0,0.0
PAK,Pakistan,2003,,0.16228,0.12724,,,24.391055188242,25.540628202062766,,,0.0,0.0
PAK,Pakistan,2004,0.00413313,,,,,20.7973571927409,23.447999278144067,,,0.0,0.0
PAK,Pakistan,2005,0.007383541,,,,,21.0551650169282,22.08119246597037,,,0.0,0.0
PAK,Pakistan,2006,0.005175984,0.32946,,,,20.489384666251,20.7806356253067,73.17722,,0.0,0.0
PAK,Pakistan,2007,0.001669672,,,,,23.1057394647007,21.550096382626634,,,0.0,0.0
PAK,Pakistan,2008,0.002671711,0.52343,,6.779661,,24.2870019462972,22.627375359082965,144.82577,,0.0,0.0
PAK,Pakistan,2009,0.01281646,,,7.692307,,24.5198691321657,23.970870181054533,,,0.0,0.0
PAK,Pakistan,2010,0.012495,0.40218,,,,23.8982515314628,24.235040869975233,143.85657,,0.0,0.0
PAK,Pakistan,2011,0.04034812,,,15.51724,,24.1654977748004,24.1945394794763,,,0.0,0.0
PAK,Pakistan,2012,0.01861194,0.30491,,13.1579,,23.0335362134322,23.6990951732318,130.07654,,0.362419542851351,0.12080651428378365
PAK,Pakistan,2013,0.01545419,,,,,23.0901671614358,23.429733716556132,,,0.847533632286996,0.4033177250461157
PAK,Pakistan,2014,0.01561818,0.26179,,18.91892,,23.7426301554015,23.288777843423166,144.40494,,0.756507016156727,0.6554867304316914
PAK,Pakistan,2015,0.0115502,,,11.76471,,26.3454371170871,24.392744811308134,,,0.82325920837984,0.8090999522745209
PAK,Pakistan,2016,0.01285939,0.22193,,15.44715,15.376926666666668,29.0045925555989,26.364219942695836,257.67288,,0.92287163239214,0.8342126189762357
PAK,Pakistan,2017,0.007576409,,,17.54386,14.918573333333335,33.3820988770975,29.577376183261165,,,0.927089381207028,0.8910734073263361
PAK,Pakistan,2018,0.01291536,0.21214,,,,39.1478409126632,33.84484411511987,314.96263,,0.68772923651583,0.8458967500383325
PAK,Pakistan,2019,0.005405707,,,2.898551,,35.5257059693009,36.018548586353866,,,0.667640559533348,0.7608197257520687
PAK,Pakistan,2020,0.008533085,0.17475,,8.888889,,33.5162433021545,36.0632633947062,362.3767,,0.76854177321546,0.7079705230882127
PAK,Pakistan,2021,0.00838331,,,16.32653,9.371323333333335,38.9537236935755,35.9985576550103,,,1.04521838268084,0.8271335718098828
PAK,Pakistan,2022,0.009882559,0.16431,,,,41.5848203083345,38.01826243468816,401.38994,,0.369649080703916,0.7278030788667387
PAK,Pakistan,2023,0.002830553,,,,,39.7925509388676,40.1103649802592,,,0.955094594939235,0.7899873527746637
PAN,Panama,1999,,0.28281,0.31103333333333333,,,176.679424943988,177.90655283247898,160.89987,130.29643666666666,1.07899975779923,0.5421816704901097
PAN,Panama,2000,,0.283,0.2944366666666666,,,173.999280125788,178.48467842510732,98.53929,125.27012,1.14296690557781,0.88440287026484
PAN,Panama,2001,,0.37287,0.3128933333333333,,,188.803844070381,179.82751638005234,95.9425,118.46055333333334,1.00741260614249,1.07645975650651
PAN,Panama,2002,0.00784724,0.36808,0.34131666666666666,,,185.457033340058,182.75338584540899,90.7959,95.09256333333333,0.967778562738942,1.0393860248197473
PAN,Panama,2003,0.007264626,0.34737,0.36277333333333334,,,181.946186955934,185.40235478879103,95.82846,94.18895333333334,0.997019607460197,0.9907369254472096
PAN,Panama,2004,0.002175332,0.32323,0.3462266666666667,,,189.553681930693,185.65230074222833,96.2208,94.28172,0.948869165902306,0.9712224453671484
PAN,Panama,2005,0.009061619,0.22516,0.2985866666666667,,,179.177882512997,183.55925046654133,86.01913,92.68946333333334,0.750970030411429,0.8989529345913106
PAN,Panama,2006,0.009134089,0.22835,0.25891333333333333,,,165.928804146931,178.2201228635403,104.8111,95.68367666666666,0.494528775389358,0.7314559905676976
PAN,Panama,2007,,0.22884,0.22745,,,173.203000461236,172.76989570705464,106.46073,99.09698666666667,0.536283482438412,0.5939274294130663
PAN,Panama,2008,0.004007566,0.1782,0.21179666666666663,,,151.300094743746,163.477299783971,167.93435,126.40206,0.481834096778887,0.5042154515355524
PAN,Panama,2009,0.00167692,0.18646,0.1978333333333333,,,192.901970735008,172.46835531333,133.47221,135.95576333333335,0.395045697120277,0.4710544254458586
PAN,Panama,2010,0.0012495,0.12889,0.16451666666666667,,,169.452795226855,171.21828690186967,111.53858,137.64838,0.46024976136934,0.445709851756168
PAN,Panama,2011,0.003127761,0.14075,0.15203333333333333,,,167.293462718476,176.549409560113,,,0.319268197616569,0.39152121870206197
PAN,Panama,2012,0.003821753,0.16818,0.14594,,,163.95340865891,166.89988886808032,119.64866,,0.252568541300239,0.344028833428716
PAN,Panama,2013,0.004617018,0.07323,0.12738666666666668,,,168.581723369969,166.6095315824517,38.1076,,0.562039954611162,0.3779588978426567
PAN,Panama,2014,0.003525845,0.06028,0.10056333333333334,,,168.376595466353,166.97057583174401,39.55467,65.77031000000001,0.551526686213935,0.45537839404177866
PAN,Panama,2015,0.001183768,0.11935,0.08428666666666668,,,163.609628839084,166.85598255846867,92.78364,56.81530333333333,0.600512117462376,0.5713595860958244
PAN,Panama,2016,0.0154485,0.10422,0.09461666666666667,,,170.011768859598,167.33266438834502,90.68303,74.34044666666667,0.608842327401325,0.5869603770258787
PAN,Panama,2017,0.007522676,0.12829,0.11728666666666666,,,182.570149084519,172.06384892773363,96.8879,93.45152333333334,0.64535216533606,0.6182355367332537
PAN,Panama,2018,0.01963134,0.13083,0.12111333333333334,,,194.359692643469,182.313870195862,105.81058,97.79383666666668,0.577328386007969,0.6105076262484513
PAN,Panama,2019,0.003836308,0.13355,0.13088999999999998,7.692307,,194.972222997683,190.63402157522367,107.17185,103.29011000000001,0.47026233829296,0.564314296545663
PAN,Panama,2020,0.00226256,0.13613,0.13350333333333333,,,203.134806881733,197.48890750762834,110.65703,107.87982000000001,0.478122411260284,0.508571045187071
PAN,Panama,2021,0.001450958,0.23246,0.16738,,,148.02802838498,182.04501942146533,167.55608,128.46165333333335,0.335670366934498,0.4280183721625807
PAN,Panama,2022,0.0009702877,0.17691,0.18183333333333332,,,152.641293651427,167.93470963938,134.74424,137.65245000000002,0.378733931643687,0.3975089032794896
PAN,Panama,2023,0.005086588,0.18302,0.19746333333333332,,,171.186492615064,157.2852715504903,142.28474,148.19502,0.38564626890605,0.36668352249474506
PER,Peru,1999,0.009775808,0.10072,,,,20.5880258196077,19.3108076409323,,,,
PER,Peru,2000,0.005690224,0.09849,0.09427,25.0,,17.0775634853827,19.795389580570767,,,1.23266768319606,
PER,Peru,2001,0.002687739,0.11266,0.10395666666666666,9.090909,,24.960248447205,20.8752792507318,,,1.18776192796704,
PER,Peru,2002,0.005231494,0.11096,0.10737000000000001,20.0,18.030303,20.5641405510858,20.867317494557835,,,1.27150229829012,1.2306439698177398
PER,Peru,2003,0.009686168,0.10614,0.10992,11.11111,13.400673,22.7213143566442,22.748567784978334,,,1.55892024017728,1.3393948221448133
PER,Peru,2004,0.003625553,0.10813,0.10841,,,25.6638768244264,22.983110577385464,,,1.60775336821036,1.4793919688925865
PER,Peru,2005,0.004027386,0.15578,0.12335,23.52941,,27.5121065894498,25.299099256840133,,,1.39354114111479,1.5200715831674767
PER,Peru,2006,0.005724029,,,,,20.8270479544734,24.6676771227832,,,1.03955349772083,1.3469493356819935
PER,Peru,2007,0.006122131,,,,,24.0886675569839,24.14260736696903,,,0.826458723055352,1.0865177872969907
PER,Peru,2008,0.005877764,,,,,24.4127108595939,23.109475457017066,,,0.756691575980706,0.8742345989189627
PER,Peru,2009,0.006707679,,,,,20.8646611165608,23.12201317771287,,,0.413034171677738,0.6653948235712653
PER,Peru,2010,0.009579501,,,,,15.2526324890753,20.176668155076666,,,0.619665716884237,0.5964638215142269
PER,Peru,2011,0.003714216,,,,,1.60245593790481,12.573249847846972,,,0.578352335982187,0.5370174081813873
PER,Peru,2012,0.009172209,0.08282,,15.15152,,-10.5531620513561,2.100642125208003,,,0.471629788880222,0.5565492805822153
PER,Peru,2013,0.01038829,0.0553,,21.73913,,-11.2817755084688,-6.7441605406400305,,,0.422847651491446,0.4909432587846183
PER,Peru,2014,0.01567042,0.08174,0.07328666666666667,13.7931,16.894583333333333,-11.9416566643183,-11.258864741381066,,,0.46021753048444,0.4515649902853693
PER,Peru,2015,0.01538899,0.10805,0.08169666666666665,10.81081,15.44768,-7.91702449797491,-10.380152223587336,,,0.35806722674334,0.41371080290640866
PER,Peru,2016,0.01657887,0.11702,0.10226999999999999,13.51351,12.705806666666668,-0.666077740380577,-6.8415863008912625,,,0.365787801778907,0.394690853002229
PER,Peru,2017,0.01289602,0.12008,0.11505,20.0,14.774773333333334,0.645431141520855,-2.645890365611544,,,0.392007942340829,0.3719543236210254
PER,Peru,2018,0.009299058,0.12085,0.11931666666666667,15.66265,16.392053333333333,2.06069726511088,0.680016888750386,,,0.394637123558661,0.38414428922613225
PER,Peru,2019,0.008370127,0.12683,0.12258666666666668,15.15152,16.938056666666665,4.91538634948173,2.5405049187044884,,,0.401445895777405,0.396030320558965
PER,Peru,2020,0.01470664,0.15696,0.13488,10.97561,13.929926666666667,4.68863793500811,3.888240516533573,,,0.489465658071561,0.42851622580254234
PER,Peru,2021,0.009028181,0.17229,0.15202666666666667,10.52632,12.217816666666666,-2.70251693778025,2.3005024489031967,,,0.466070477259328,0.4523273437027647
PER,Peru,2022,0.002156195,0.13754,0.15559666666666666,10.34483,10.615586666666667,11.6063935673998,4.53083818820922,,,0.47974339124297,0.47842650885795296
PER,Peru,2023,0.008477646,0.16206,0.15729666666666667,8.064516,9.645221999999999,12.185965103062,7.029947244227184,,,0.389108976874718,0.4449742817923387
PHL,Philippines,1999,0.003258603,,,,,55.4763492658048,56.471831673057295,,,1.12463971742028,1.016716567957755
PHL,Philippines,2000,0.008535337,,,,,51.9067932669472,55.126034841449666,,,1.01407281058911,1.1005058269368868
PHL,Philippines,2001,0.01720153,,,,,51.7100934098601,53.03107864753736,,,1.14683737383572,1.0951833006150367
PHL,Philippines,2002,0.002615747,,,,,55.5738084190364,53.063565031947896,,,0.981289136268761,1.0473997735645304
PHL,Philippines,2003,0.03390159,0.13263,,,,48.1602512846163,51.81471770450427,53.17147,,0.861567246515391,0.9965645855399573
PHL,Philippines,2004,0.02972953,0.12527,,,,47.5216491851143,50.418569629589,69.84969,,0.790281931658969,0.8777127714810403
PHL,Philippines,2005,0.03819305,,,8.219178,,49.6505002404135,48.44413357004803,,,0.663986926876914,0.7719453683504246
PHL,Philippines,2006,0.04296501,0.10692,,10.16949,,44.7578925014601,47.31001397566263,79.06465,,0.67145715599059,0.7085753381754909
PHL,Philippines,2007,0.02969631,,,16.43836,11.609009333333333,45.3420717744696,46.58348817211439,,,0.477175509356652,0.6042065307413852
PHL,Philippines,2008,0.02083934,0.10498,,10.08403,12.230626666666666,43.3156332295316,44.47186583515377,77.12363,,0.456972815577141,0.5352018269747943
PHL,Philippines,2009,0.0339696,,,10.52632,12.34957,42.7603612865669,43.80602209685603,,,0.445417505155151,0.45985527669631465
PHL,Philippines,2010,0.03873451,0.10901,,17.14286,12.584403333333332,37.4439336460678,41.17330938738876,80.30929,,0.475113283959563,0.45916786823061834
PHL,Philippines,2011,0.01552152,,,15.05376,14.240979999999999,42.6253482214275,40.9432143846874,,,0.4219289426509,0.44748657725520463
PHL,Philippines,2012,0.02270121,0.11222,,10.0,14.065539999999999,41.6057341892919,40.558338685595736,82.55979,,0.465533726970733,0.4541919845270653
PHL,Philippines,2013,0.02327747,,,12.12121,12.391656666666668,42.9068252162772,42.379302542332205,,,0.446042710160389,0.444501793260674
PHL,Philippines,2014,0.03858841,0.13207,,11.83432,11.318509999999998,43.9797805761775,42.830779993915534,182.5933,,0.432733639818764,0.4481033589832953
PHL,Philippines,2015,0.02217592,,,15.28384,13.079790000000001,43.8392582610698,43.5752880178415,,,0.428839688645243,0.43587201287479865
PHL,Philippines,2016,0.01733246,0.15683,,13.56589,13.56135,49.3367264630033,45.71858843341687,103.17345,,0.480895282626468,0.44748953703015837
PHL,Philippines,2017,0.0252547,,,9.871244,12.906991333333332,47.8208374406454,46.998940721572836,,,0.506555470381433,0.47209681388438135
PHL,Philippines,2018,0.03478536,,,13.57466,12.337264666666664,49.8100381952249,48.98920069962454,,,0.591639638333726,0.5263634637805424
PHL,Philippines,2019,0.02371536,0.32222,,10.76389,11.403264666666667,54.0743638042794,50.56841314671656,170.21271,,0.850633992510347,0.6496097004085021
PHL,Philippines,2020,0.01839138,0.25926,,10.0,11.446183333333332,48.6161448916357,50.83351563038,302.08457,,1.00317144774796,0.8151483595306778
PHL,Philippines,2021,0.01666989,0.27625,0.28590999999999994,9.059234,9.941041333333333,47.0174525151428,49.90265373701931,320.27857,264.19194999999996,0.96282782593195,0.9388777553967523
PHL,Philippines,2022,0.01516524,,,7.309941,8.789724999999999,49.9057625438824,48.51311998355364,,,1.00623885918004,0.99074604428665
PHL,Philippines,2023,0.002312085,,,6.790123,7.719766,54.4250767667774,50.44943060860086,,,1.0339154632904,1.0009940494674634
POL,Poland,1999,0.07320994,0.65746,0.64512,8.285302,8.615559,8.54866139281419,6.845746561025443,1465.27746,1427.5860600000003,1.98898183776117,1.9507675487643936
POL,Poland,2000,0.07492129,0.67786,0.6587733333333333,6.435644,7.4761956666666665,9.9828320427291,8.365956807701263,1472.95828,1462.6162866666666,2.26880270760762,2.09861844514975
POL,Poland,2001,0.1039259,0.63806,0.6577933333333333,7.169253,7.296733000000001,10.7816243395491,9.77103925836413,1441.97757,1460.0711033333334,2.27246301230994,2.1767491858929096
POL,Poland,2002,0.1233761,0.61861,0.6448433333333333,9.063214,7.556037,10.5079731950443,10.424143192440834,1467.79064,1460.90883,2.22915937119973,2.256808363705763
POL,Poland,2003,0.07668217,0.55501,0.6038933333333333,7.951988,8.061485000000001,11.4914715396506,10.927023024748001,1483.34389,1464.3707000000002,2.25405027247288,2.251890885327517
POL,Poland,2004,0.1446596,0.53626,0.56996,7.757297,8.257499666666668,13.3597151479885,11.786386627561134,1533.19754,1494.7773566666667,2.35669134506901,2.279966996247207
POL,Poland,2005,0.09021345,0.54999,0.5470866666666666,7.670251,7.793178666666667,14.7708202836035,13.207335657080867,1595.82994,1537.4571233333334,2.52694062660361,2.379227414715167
POL,Poland,2006,0.09712581,0.56121,0.5491533333333333,8.854589,8.094045666666668,17.8139503054584,15.3148285790168,1629.60294,1586.2101400000001,2.50269557925003,2.4621091836408833
POL,Poland,2007,0.1199938,0.54899,0.5533966666666666,9.017595,8.514145000000001,20.2848246140246,17.623198401028834,1563.45879,1596.2972233333332,2.44439268661931,2.4913429641576497
POL,Poland,2008,0.2195078,0.56103,0.5570766666666667,8.678238,8.850140666666666,25.9717755598224,21.35685015976847,1614.00137,1602.3543666666665,2.5357440118376,2.4942774259023133
POL,Poland,2009,0.1866172,0.59719,0.56907,10.09913,9.264987666666668,31.0449275571275,25.767175910324834,1626.3818,1601.2806533333332,2.44382638507338,2.474654361176763
POL,Poland,2010,0.1504398,0.65932,0.6058466666666668,10.27027,9.682546,32.1546543169306,29.7237858112935,1608.44328,1616.2754833333336,2.33066839967317,2.43674626552805
POL,Poland,2011,0.1654977,0.72252,0.6596766666666666,10.84608,10.40516,31.9515862158444,31.717056029967505,1697.02812,1643.9510666666665,2.36319495023064,2.379229911659063
POL,Poland,2012,0.2915925,0.74726,0.7097000000000001,11.9674,11.027916666666664,34.2367307395745,32.7809904241165,1679.90071,1661.7907033333333,2.32716832860701,2.3403438928369398
POL,Poland,2013,0.2262339,0.88476,0.7848466666666667,12.72548,11.84632,31.7023740378027,32.63023033107387,1752.07893,1709.6692533333332,2.42872518403543,2.37302948762436
POL,Poland,2014,0.2692178,0.8807,0.8375733333333333,12.68657,12.459816666666667,26.501210908399,30.8134385619254,1868.31303,1766.7642233333333,2.3480224305274,2.367971981056613
POL,Poland,2015,0.3043693,0.9454,0.9036200000000001,11.63708,12.34971,29.6785766174547,29.294053854552132,2054.74753,1891.7131633333331,2.46980882185261,2.41551881213848
POL,Poland,2016,0.1852375,0.99807,0.9413900000000001,12.75014,12.357930000000001,30.1532074780427,28.7776650012988,2158.37831,2027.1462900000004,2.49656270792301,2.4381313201010064
POL,Poland,2017,0.2349071,0.9616,0.9683566666666668,11.23929,11.875503333333333,31.1609310618477,30.33090505244836,2304.00747,2172.3777700000005,2.57189864734507,2.512756725706897
POL,Poland,2018,0.1477861,1.03055,0.99674,12.57925,12.18956,38.8223890800057,33.37884253996537,2994.85672,2485.7475,2.51462313379767,2.5276948296885835
POL,Poland,2019,0.1634616,1.19426,1.0621366666666667,11.88614,11.901559999999998,44.0700547719943,38.01779163794924,3079.49249,2792.7855600000003,2.58902200469643,2.5585145952797235
POL,Poland,2020,0.1535309,1.3088,1.1778700000000002,10.76175,11.742379999999999,45.8816709962173,42.924704949405765,3159.06604,3077.805083333333,2.52024154587284,2.5412955614556467
POL,Poland,2021,0.1891726,1.37128,1.2914466666666666,11.0019,11.216596666666666,43.0494743694639,44.33373337922517,3260.15498,3166.2378366666667,2.27540290379359,2.46155548478762
POL,Poland,2022,0.1628286,1.41558,1.3652199999999999,11.45725,11.073633333333333,41.1011116173524,43.344085661011206,3558.20467,3325.8085633333335,2.66168028921841,2.4857749129616136
POL,Poland,2023,0.1666243,1.44162,1.409493333333333,10.7475,11.068883333333332,46.8418755101648,43.66415383232703,3721.07204,3513.1438966666665,2.6338584581647,2.5236472170589
PRK,"Korea, Dem. People's Rep.",1999,,,,,,8.01869681061768,7.188755421118486,,,,
PRK,"Korea, Dem. People's Rep.",2000,,,,,,4.24412509601211,6.027046676733266,,,,
PRK,"Korea, Dem. People's Rep.",2001,0.001343869,,,,,4.8903220804644,5.71771466236473,,,,
PRK,"Korea, Dem. People's Rep.",2002,0.002092598,,,,,5.85603913562976,4.99682877070209,,,,
PRK,"Korea, Dem. People's Rep.",2003,0.00920186,,,,,5.21466214013925,5.32034111874447,,,,
PRK,"Korea, Dem. People's Rep.",2004,,,,,,3.80064586294734,4.957115712905449,,,,
PRK,"Korea, Dem. People's Rep.",2005,0.01006847,,,,,1.22852728209166,3.4146117617260834,,,,
PRK,"Korea, Dem. People's Rep.",2006,0.008220679,,,,,-3.30396993582142,0.5750677364058601,,,,
PRK,"Korea, Dem. People's Rep.",2007,0.003339344,,,,,-3.31063437385007,-1.7953590091932767,,,,
PRK,"Korea, Dem. People's Rep.",2008,0.006412106,,,,,-7.63165757483638,-4.748753961502623,,,,
PRK,"Korea, Dem. People's Rep.",2009,0.02021886,,,,,-3.28510630235482,-4.742466083680424,,,,
PRK,"Korea, Dem. People's Rep.",2010,0.01228675,,,,,-4.76872997919131,-5.228497952127503,,,,
PRK,"Korea, Dem. People's Rep.",2011,0.004691642,,,,,-10.2756955914115,-6.109843957652544,,,,
PRK,"Korea, Dem. People's Rep.",2012,0.006060209,,,,,-43.4216974149788,-19.488707661860534,,,,
PRK,"Korea, Dem. People's Rep.",2013,0.006925527,,,,,-43.393365974,-32.36358632679677,,,,
PRK,"Korea, Dem. People's Rep.",2014,0.008562765,,,,,-86.1078057429788,-57.640956377319206,,,,
PRK,"Korea, Dem. People's Rep.",2015,0.008624597,,,,,-74.2493168364946,-67.91682951782447,,,,
PRK,"Korea, Dem. People's Rep.",2016,0.004682994,,,,,-115.319348277003,-91.8921569521588,,,,
PRK,"Korea, Dem. People's Rep.",2017,0.003940449,,,,,-118.52009925333,-102.69625478894254,,,,
PRK,"Korea, Dem. People's Rep.",2018,0.003788505,,,,,-1.00236537524,-78.28060430185768,,,,
PRK,"Korea, Dem. People's Rep.",2019,0.002790042,,,,,5.53043441673447,-37.99734340394517,,,,
PRK,"Korea, Dem. People's Rep.",2020,0.008727019,,,,,5.59078356734367,3.3729508696127133,,,,
PRK,"Korea, Dem. People's Rep.",2021,0.00193461,,,22.22222,,5.60758002612327,5.57626600340047,,,,
PRK,"Korea, Dem. People's Rep.",2022,0.002156195,,,,,5.1371650258218,5.44517620642958,,,,
PRK,"Korea, Dem. People's Rep.",2023,0.003468128,,,,,4.89532080752115,5.213355286488739,,,,
PRT,Portugal,1999,0.04301355,0.62486,0.5793666666666667,,,87.7885682982579,86.92900536100234,1450.22471,1352.89987,3.34252880872711,3.3029759745050966
PRT,Portugal,2000,0.04077994,0.68121,0.6232700000000001,9.589041,,92.1581704549122,89.39062220506041,1546.5656,1449.75712,3.23623407406111,3.2507399469100733
PRT,Portugal,2001,0.07122507,0.72156,0.6758766666666666,14.0625,,89.6907456772857,89.8791614768186,1633.81566,1543.5353233333335,2.60139892507469,3.060053935954303
PRT,Portugal,2002,0.05318685,0.76482,0.72253,6.31579,9.989110333333334,88.7763442228248,90.2084201183409,1717.30179,1632.5610166666665,2.82952285611273,2.88905195174951
PRT,Portugal,2003,0.03955185,0.72184,0.7360733333333332,7.608696,9.328995333333333,87.5937686195704,88.68695283989364,1827.5988,1726.2387500000002,2.99125331767848,2.8073916996219666
PRT,Portugal,2004,0.03915597,0.69802,0.7282266666666667,12.06897,8.664485333333333,89.5751312882081,88.64841471020111,1939.08763,1827.996073333333,2.94988645581361,2.923554209868273
PRT,Portugal,2005,0.07417103,0.7293,0.7163866666666667,7.563025,9.080230333333333,88.203857004116,88.45758563729817,1975.6442,1914.1102099999998,2.94751030311589,2.962883358869327
PRT,Portugal,2006,0.07489952,0.75755,0.72829,13.09524,10.909078333333333,92.7274778840949,90.16882205880633,2013.3272,1976.0196766666668,2.89123604306257,2.9295442673306904
PRT,Portugal,2007,0.08793607,0.95448,0.8137766666666666,8.61244,9.756901666666666,88.6561923138279,89.86250906734627,2344.86601,2111.2791366666665,2.79160412267273,2.8767834896170634
PRT,Portugal,2008,0.08896797,1.12417,0.9453999999999999,13.00813,11.571936666666668,85.8162996853368,89.0666566277532,2674.3872,2344.19347,2.74921828969228,2.8106861518091932
PRT,Portugal,2009,0.07977347,1.44335,1.1740000000000002,13.13869,11.586419999999999,88.4103947786098,87.62762892592484,3827.16557,2948.80626,2.50630999064957,2.6823774676715266
PRT,Portugal,2010,0.08792316,1.58002,1.382513333333333,9.81132,11.986046666666667,85.7463171863979,86.65767055011484,3768.61566,3423.389476666667,2.44031064648659,2.565279642276147
PRT,Portugal,2011,0.07391198,1.53317,1.5188466666666667,14.91228,12.620763333333334,79.4991569273738,84.5519562974605,3923.75527,3839.8455,2.42778647530523,2.45813570414713
PRT,Portugal,2012,0.07116105,1.45558,1.5229233333333332,13.61868,12.78076,82.8098570493666,82.68511038771277,4166.14892,3952.8399499999996,2.31914495400356,2.39574735859846
PRT,Portugal,2013,0.05721255,1.37661,1.45512,14.8,14.443653333333335,85.1213358359836,82.476783270908,4032.33558,4040.7465899999993,2.18846823059979,2.311799886636193
PRT,Portugal,2014,0.03592444,1.32325,1.3851466666666667,10.5042,12.974293333333334,78.7824309158989,82.23787460041636,3605.75824,3934.7475799999997,2.20788077385816,2.2384979861538365
PRT,Portugal,2015,0.09130798,1.28892,1.3295933333333332,6.222222,10.508807333333333,77.4389528455581,80.44757319914686,3658.36239,3765.4854033333336,2.31248422177445,2.236277742077467
PRT,Portugal,2016,0.09589371,1.24552,1.2858966666666667,17.15328,11.293233999999998,84.2773216677394,80.16623514306546,3724.60014,3662.9069233333335,2.45878958461678,2.32638486008313
PRT,Portugal,2017,0.07858211,1.2815,1.27198,11.80812,11.727874,80.5911421809256,80.76913889807436,3992.10969,3791.69074,2.63913896687292,2.47013759108805
PRT,Portugal,2018,0.07643022,1.32224,1.2830866666666667,9.352518,12.771306000000001,87.1736436597448,84.0140358361366,4348.10903,4021.6062866666666,2.62254137254612,2.573489974678607
PRT,Portugal,2019,0.07951621,1.35078,1.3181733333333334,7.1875,9.449379333333333,85.3389743172513,84.36792005264057,4614.40041,4318.206376666666,2.62070621087179,2.6274621834302767
PRT,Portugal,2020,0.1029465,1.39487,1.3559633333333334,12.5731,9.704372666666666,84.3565471596829,85.62305504555967,4859.21726,4607.242233333333,2.64988992415362,2.6310458358571767
PRT,Portugal,2021,0.05997292,1.60979,1.4518133333333336,10.40268,10.054426666666666,71.5091902397404,80.40157057222488,5131.43982,4868.352496666667,2.48030540429018,2.5836338464385302
PRT,Portugal,2022,0.06576394,1.66711,1.5572566666666667,7.598784,10.191521333333332,73.7441240627857,76.53662048740301,5430.93667,5140.53125,2.43969629608245,2.5232972081754164
PRT,Portugal,2023,0.08377456,1.69051,1.6558033333333333,10.55556,9.519008000000001,81.5127954385107,75.58870324701228,5686.65428,5416.3435899999995,2.11582957119826,2.34527709052363
PRY,Paraguay,1999,,,,,,-58.2855939809634,-60.1357413438354,,,0.625847943252299,0.7786762137900453
PRY,Paraguay,2000,,,,,,-64.5356346471288,-61.3259124710299,,,0.382399597292061,0.5852743697490533
PRY,Paraguay,2001,,,,,,-75.6766456690964,-66.16595809906286,,,1.03765717543183,0.68196823865873
PRY,Paraguay,2002,,0.06699,,,,-56.1792897787784,-65.46385669833454,93.41644,,1.23855968747133,0.8862054867317405
PRY,Paraguay,2003,0.004843084,0.07493,,,,-60.7674428588073,-64.20779276889404,87.04033,,0.890202024032653,1.0554729623119377
PRY,Paraguay,2004,,0.06135,0.06775666666666667,,,-67.4718244775978,-61.47285237172783,86.56907,89.00861333333334,1.24205624949405,1.1236059869993442
PRY,Paraguay,2005,,0.06066,0.06564666666666667,,,-64.9436638151556,-64.39431038385358,92.40942,88.67294,1.4645087718688,1.1989223484651677
PRY,Paraguay,2006,0.001826818,0.06091,0.06097333333333333,,,-66.2513931142504,-66.2222938023346,77.36216,85.44688333333333,1.06627617967975,1.2576137336808666
PRY,Paraguay,2007,,,,,,-70.3399491391658,-67.1783353561906,,,1.17172784539607,1.2341709323148733
PRY,Paraguay,2008,,,,,,-71.0487512407267,-69.21336449804762,,,1.18468233202769,1.1408954523678367
PRY,Paraguay,2009,,0.04113,,,,-64.9300892011494,-68.7729298603473,83.42281,,1.0244040314141,1.1269380696126199
PRY,Paraguay,2010,0.007497001,,,,,-56.1275652679616,-64.0354685699459,,,1.06449790544983,1.0911947562972069
PRY,Paraguay,2011,0.00117291,,,,,-48.2957341679954,-56.45112954570214,,,0.955709595640352,1.0148705108347607
PRY,Paraguay,2012,,0.04216,,,,-51.1735129678521,-51.86560413460304,54.89543,,0.990570202846925,1.0035925679790356
PRY,Paraguay,2013,,0.06517,,,,-50.6437187919529,-50.037655309266796,184.63997,,1.03882302555255,0.9950342746799423
PRY,Paraguay,2014,,0.07163,0.059653333333333336,,,-50.8428537953527,-50.88669518505257,,,0.911167373389165,0.98018686726288
PRY,Paraguay,2015,,0.07901,0.07193666666666666,,,-34.5088276480658,-45.33180007845713,166.70785,,1.04888620183822,0.9996255335933116
PRY,Paraguay,2016,,0.09674,0.08246,,,-27.0790807237855,-37.47692072240133,199.86552,,1.00386955374373,0.987974376323705
PRY,Paraguay,2017,,0.11676,0.09750333333333334,,,-26.9531597983145,-29.513689390055266,132.3061,166.29315666666665,0.957883726401707,1.0035464939945522
PRY,Paraguay,2018,0.003099686,0.14888,0.12079333333333332,,,-18.440096941221,-24.157445821107,147.43833,159.86998333333332,0.988377654092241,0.983376978079226
PRY,Paraguay,2019,0.002092532,0.14684,0.13749333333333333,,,-12.4750587577865,-19.289438499107334,152.27558,144.00666999999999,1.05397051991534,1.0000773001364294
PRY,Paraguay,2020,,0.13751,0.14441,,,-1.47695205377248,-10.797369250926659,169.35536,156.35642333333334,0.939784032255535,0.994044068754372
PRY,Paraguay,2021,0.00064487,0.15697,0.14710666666666664,50.0,,0.799334515503988,-4.384225432018331,141.19046,154.2738,0.899868141471166,0.9645408978806804
PRY,Paraguay,2022,,0.14398,0.14615333333333333,,,10.2799678618319,3.2007834411878022,142.72905,151.09162333333333,0.90401650259858,0.9145562254417604
PRY,Paraguay,2023,,0.11944,0.14013,,,5.65149773480291,5.576933370712933,133.19638,139.03863,0.817558468458568,0.8738143708427714
PSE,West Bank and Gaza,1999,,,,,,,,,,,
PSE,West Bank and Gaza,2000,,,,,,,,,,,
PSE,West Bank and Gaza,2001,,,,,,,,,,,
PSE,West Bank and Gaza,2002,,,,,,,,,,,
PSE,West Bank and Gaza,2003,,,,,,,,,,,
PSE,West Bank and Gaza,2004,,,,,,,,,,,
PSE,West Bank and Gaza,2005,,,,,,,,,,,
PSE,West Bank and Gaza,2006,,,,,,,,,,,
PSE,West Bank and Gaza,2007,,,,,,,,,,,
PSE,West Bank and Gaza,2008,,0.19723,,,,,,75.87829,,,
PSE,West Bank and Gaza,2009,,0.14914,,,,,,95.94897,,,
PSE,West Bank and Gaza,2010,,0.35646,0.2342766666666667,,,,,146.32938,106.05221333333333,,
PSE,West Bank and Gaza,2011,,0.36156,0.28905333333333333,,,,,330.6725,190.98361666666668,,
PSE,West Bank and Gaza,2012,,,,,,,,,,,
PSE,West Bank and Gaza,2013,,,,,,,,,,,
PSE,West Bank and Gaza,2014,0.003525845,0.45434,,,,,,584.35347,,,
PSE,West Bank and Gaza,2015,0.003551305,,,,,,,,,,
PSE,West Bank and Gaza,2016,,,,100.0,,,,,,,
PSE,West Bank and Gaza,2017,,,,,,,,,,,
PSE,West Bank and Gaza,2018,,,,,,,,,,,
PSE,West Bank and Gaza,2019,0.001046266,,,,,,,,,,
PSE,West Bank and Gaza,2020,0.0009696687,,,,,,,,,,
PSE,West Bank and Gaza,2021,0.00193461,,,,,,,,,,
PSE,West Bank and Gaza,2022,,,,,,,,,,,
PSE,West Bank and Gaza,2023,,,,,,,,,,,
QAT,Qatar,1999,,,,,,-342.021466985226,-296.4727056991583,,,,
QAT,Qatar,2000,,,,,,-388.733342051641,-338.99146149049574,,,,
QAT,Qatar,2001,,,,,,-461.044772856456,-397.2665272977743,,,,
QAT,Qatar,2002,,,,,,-428.99090517088,-426.2563400263257,,,,
QAT,Qatar,2003,,,,,,-370.537051029118,-420.1909096854847,,,,
QAT,Qatar,2004,,,,,,,,,,,
QAT,Qatar,2005,0.001342462,,,,,-403.478441513785,,,,,
QAT,Qatar,2006,,,,,,-433.201721460375,,,,,
QAT,Qatar,2007,,,,,,-404.593052030533,-413.75773833489774,,,,
QAT,Qatar,2008,,,,,,-398.626815705122,-412.14052973201,,,,
QAT,Qatar,2009,0.005749439,,,,,-485.961776245768,-429.7272146604744,,,,
QAT,Qatar,2010,0.0012495,,,,,-484.921921581576,-456.50350451082204,,,,
QAT,Qatar,2011,0.01485687,,,45.45454,,-552.964982586372,-507.94956013790534,,,,
QAT,Qatar,2012,0.008598945,,,,,-668.988044936118,-568.958316368022,,,,
QAT,Qatar,2013,0.005386522,0.4786,,4.285714,,-491.825593531981,-571.2595403514903,647.4387,,,
QAT,Qatar,2014,0.01527866,,,,,-467.432205774208,-542.7486147474357,,,,
QAT,Qatar,2015,0.02308348,,,,,-480.745392700726,-480.001064002305,,,,
QAT,Qatar,2016,0.0256219,0.51883,,,,-479.505760954495,-475.894453143143,643.91403,,,
QAT,Qatar,2017,0.01844847,,,22.85714,,-495.965255306416,-485.405469653879,,,,
QAT,Qatar,2018,0.01498182,,,34.78261,,-420.581659623901,-465.35089196160396,,,,
QAT,Qatar,2019,0.005231329,0.53129,,22.22222,26.620656666666665,-427.396102425305,-447.98100578520734,585.61288,,,
QAT,Qatar,2020,0.01422181,,,25.0,27.33494333333333,-420.352957663,-422.7769065707353,,,,
QAT,Qatar,2021,0.01160766,,,26.92308,24.715099999999996,-421.519760158898,-423.08960674906774,,,,
QAT,Qatar,2022,0.00431239,0.68058,,,,-407.478877315299,-416.45053171239897,947.77921,,,
QAT,Qatar,2023,0.002312085,,,,,-396.072574936239,-408.3570708034786,,,,
REU,Réunion,1999,,,,,,,,,,,
REU,Réunion,2000,,,,,,,,,,,
REU,Réunion,2001,,,,,,,,,,,
REU,Réunion,2002,,,,,,,,,,,
REU,Réunion,2003,,,,,,,,,,,
REU,Réunion,2004,,,,,,,,,,,
REU,Réunion,2005,,,,,,,,,,,
REU,Réunion,2006,,,,,,,,,,,
REU,Réunion,2007,,,,,,,,,,,
REU,Réunion,2008,,,,,,,,,,,
REU,Réunion,2009,0.00143736,,,,,,,,,,
REU,Réunion,2010,0.0012495,,,,,,,,,,
REU,Réunion,2011,0.003518731,,,,,,,,,,
REU,Réunion,2012,,,,80.0,,,,,,,
REU,Réunion,2013,,,,,,,,,,,
REU,Réunion,2014,,,,,,,,,,,
REU,Réunion,2015,,,,,,,,,,,
REU,Réunion,2016,0.001130378,,,,,,,,,,
REU,Réunion,2017,0.0007164453,,,,,,,,,,
REU,Réunion,2018,,,,,,,,,,,
REU,Réunion,2019,,,,,,,,,,,
REU,Réunion,2020,,,,,,,,,,,
REU,Réunion,2021,,,,,,,,,,,
REU,Réunion,2022,,,,,,,,,,,
REU,Réunion,2023,,,,,,,,,,,
ROU,Romania,1999,0.01846541,0.49541,0.5815466666666667,6.117647,5.929764333333334,29.042248036107,30.950518422028136,1230.48005,1278.6050033333333,2.55784612386928,2.0950163275186733
ROU,Romania,2000,0.04552179,0.39832,0.4894133333333333,7.961783,6.536908333333333,21.2470217594307,27.670799291596,1056.12086,1183.7956666666666,3.41524215868107,2.69220315914513
ROU,Romania,2001,0.008959129,0.36626,0.41999666666666674,7.518797,7.199409,21.6999585594501,23.9964094516626,926.23746,1070.9461233333334,2.77521197609256,2.9161000862143034
ROU,Romania,2002,0.01743831,0.39129,0.38528999999999997,9.782609,8.421063,26.344289319888,23.0970898795896,897.21217,959.8568300000001,1.57618021816574,2.588878117646457
ROU,Romania,2003,0.05932778,0.37721,0.37825333333333333,11.92053,9.740645333333333,24.4432449897371,24.162497623025065,928.25307,917.2342333333332,1.57646046699481,1.9759508870843703
ROU,Romania,2004,0.04800232,0.39708,0.38852666666666663,14.13043,11.944522999999998,25.5753417904759,25.454292033367,966.74922,930.7381533333333,2.2991117769785,1.8172508207130165
ROU,Romania,2005,0.06672037,0.38942,0.3879033333333333,10.94675,12.332569999999999,29.7765838149577,26.598390198390234,988.65988,961.2207233333334,2.37350951155906,2.0830272518441233
ROU,Romania,2006,0.05541347,0.41262,0.39970666666666665,11.18012,12.085766666666666,27.5435545358736,27.63182671376907,1077.55642,1010.9885066666667,2.0058431512288,2.2261548132554534
ROU,Romania,2007,0.06266836,0.45682,0.41961999999999994,10.11905,10.74864,29.268130541335,28.862756297388767,900.56598,988.9274266666666,1.94236480917049,2.1072391573194498
ROU,Romania,2008,0.06941105,0.51148,0.4603066666666667,11.99144,11.096870000000001,31.5660305708733,29.459238549360634,897.74358,958.6219933333332,2.0034950284886,1.9839009962959633
ROU,Romania,2009,0.08638532,0.55215,0.5068166666666667,12.4792,11.529896666666668,27.7403133719836,29.524824828063966,932.80168,910.3704133333332,1.6923433173924,1.87940105168383
ROU,Romania,2010,0.05027156,0.44393,0.5025200000000001,12.40768,12.292773333333335,19.8753716534027,26.3939051987532,933.38509,921.3101166666667,1.7900826325642,1.8286403261484
ROU,Romania,2011,0.04124735,0.44657,0.48088333333333333,11.50628,12.131053333333334,21.3829496176522,22.999544881012834,964.52527,943.5706799999999,2.0600151541084,1.8474803680216667
ROU,Romania,2012,0.06447298,0.47457,0.45502333333333334,13.24921,12.387723333333334,21.1373458762379,20.798555715764266,789.87506,895.9284733333334,1.85395972651494,1.9013525043958468
ROU,Romania,2013,0.04882497,0.46244,0.46119333333333334,14.0,12.918496666666664,22.4978897514261,21.6727284151054,891.59994,882.00009,1.91172231419593,1.9418990649397567
ROU,Romania,2014,0.02989133,0.39022,0.44240999999999997,11.36364,12.87095,18.2976206313665,20.644285419676834,923.69506,868.3900199999999,2.0655948856458,1.9437589754522235
ROU,Romania,2015,0.02624019,0.38207,0.4115766666666667,12.17105,12.511563333333333,16.7184828406556,19.171331074482733,904.75745,906.68415,2.74463485846271,2.2406506861014797
ROU,Romania,2016,0.0357953,0.48796,0.42008333333333336,13.40361,12.312766666666667,16.7628336345383,17.2596457021868,876.41011,901.6208733333333,2.80563308925058,2.53862094445303
ROU,Romania,2017,0.06161429,0.48863,0.45288666666666666,13.125,12.899886666666667,21.9859554487795,18.489090641324466,910.44851,897.2053566666667,2.75991171063878,2.7700598861173567
ROU,Romania,2018,0.04146691,0.50693,0.49450666666666665,16.41791,14.315506666666666,23.494459981394,20.747749688237267,887.74694,891.5351866666666,2.23686451933923,2.6008031064095305
ROU,Romania,2019,0.03250399,0.49698,0.4975133333333333,10.03421,13.192373333333334,24.3584414026006,23.279618944258033,876.17129,891.4555799999999,2.20810419311781,2.401626807698607
ROU,Romania,2020,0.02973651,0.47491,0.49293999999999993,13.0137,13.155273333333334,30.3563927051241,26.0697646963729,887.46612,883.7947833333334,2.3323331054651,2.2591006059740466
ROU,Romania,2021,0.03520991,0.46414,0.47867666666666664,10.55341,11.20044,28.1874709480622,27.634101685262298,942.32049,901.9859666666667,2.15528388045626,2.2319070596797235
ROU,Romania,2022,0.02371814,0.47108,0.4700433333333333,11.02757,11.531559999999999,31.6860422448878,30.07663529935803,988.67695,939.4878533333334,2.18339620631732,2.2236710640795603
ROU,Romania,2023,0.03121315,0.46274,0.4659866666666666,8.798018,10.126332666666668,32.4641501715792,30.779221121509735,998.72545,976.5742966666667,1.80333945086185,2.047339845878477
RUS,Russian Federation,1999,0.4904197,0.95383,0.9878266666666665,9.712586,10.487959,-58.9096813271004,-56.12136672527987,3333.54675,3574.9015333333336,,
RUS,Russian Federation,2000,0.6041121,0.99623,0.9979333333333332,9.768638,10.614281333333333,-57.7936860028178,-57.70704707505746,3368.95669,3433.675186666667,,
RUS,Russian Federation,2001,0.5164937,1.04983,0.9999633333333332,11.62123,10.367484666666668,-56.4420863609392,-57.715151230285805,3446.16801,3382.890483333333,,
RUS,Russian Federation,2002,0.4080565,1.17694,1.0743333333333334,7.594012,9.661293333333333,-59.0796515152006,-57.771807959652534,3452.78814,3422.637613333334,,
RUS,Russian Federation,2003,0.410855,1.24652,1.1577633333333335,7.332589,8.849277,-66.1771236725413,-60.56628718289371,3375.24439,3424.733513333333,,
RUS,Russian Federation,2004,0.4031615,1.28604,1.2365000000000002,6.770433,7.232344666666666,-70.9880441566655,-65.41493978146913,3335.95046,3387.99433,,
RUS,Russian Federation,2005,0.4591891,1.15133,1.2279633333333333,6.471495,6.858172333333333,-79.4316196680477,-72.19892916575151,3283.69795,3331.6309333333334,,
RUS,Russian Federation,2006,0.4853594,1.06797,1.1684466666666669,6.822146,6.688024666666667,-82.7505507849001,-77.72340486987109,3206.1882,3275.27887,,
RUS,Russian Federation,2007,0.3998308,1.07294,1.0974133333333331,6.926525,6.740055333333333,-80.2578909463708,-80.81335379977287,3218.09388,3235.9933433333335,,
RUS,Russian Federation,2008,0.4281226,1.11611,1.0856733333333333,7.588345,7.112338666666666,-82.1146643771996,-81.70770203615683,3259.50421,3227.9287633333333,,
RUS,Russian Federation,2009,0.4332511,1.04435,1.0777999999999999,7.465927,7.3269323333333345,-77.9549418466465,-80.10916572340564,3137.57879,3205.0589600000003,,
RUS,Russian Federation,2010,0.3767779,1.25192,1.13746,6.736421,7.263564333333334,-83.1446934737547,-81.07143323253361,3075.23481,3157.4392700000003,,
RUS,Russian Federation,2011,0.4085861,1.1302,1.1421566666666667,7.140622,7.114323333333334,-82.9133267590228,-81.33765402647467,3071.56116,3094.7915866666667,,
RUS,Russian Federation,2012,0.3612522,1.01545,1.1325233333333333,7.145468,7.0075036666666675,-80.5398797468387,-82.1992999932054,3109.37401,3085.3899933333337,,
RUS,Russian Federation,2013,0.3351786,1.02766,1.0577699999999999,7.97514,7.42041,-80.1643740294964,-81.20586017845262,3075.21492,3085.383363333333,,
RUS,Russian Federation,2014,0.3733869,1.02732,1.0234766666666666,7.347386,7.489331333333333,-86.6691211198004,-82.45779163204516,3050.2782,3078.2890433333337,,
RUS,Russian Federation,2015,0.2690141,1.07241,1.0424633333333333,7.027063,7.449863000000001,-83.4914151148436,-83.44163675471346,3072.93883,3066.1439833333334,,
RUS,Russian Federation,2016,0.3005298,1.10085,1.06686,7.670074,7.348174333333333,-89.8620525060983,-86.67419624691411,3096.02745,3073.0814933333336,,
RUS,Russian Federation,2017,0.3275767,1.10238,1.09188,7.839128,7.512088333333334,-90.2786476218132,-87.87737174758503,2946.99732,3038.654533333333,,
RUS,Russian Federation,2018,0.3158777,1.10967,1.1043,7.166679,7.558627,-91.767026435367,-90.63590885442618,2811.96725,2951.6640066666664,,
RUS,Russian Federation,2019,0.2723978,0.99001,1.0673533333333332,7.416451,7.474086,-91.9855343432551,-91.34373613347843,2772.63667,2843.86708,,
RUS,Russian Federation,2020,0.3158581,1.03531,1.0449966666666666,7.418289,7.3338063333333325,-99.0517032163785,-94.26808799833354,2734.68619,2773.096703333333,,
RUS,Russian Federation,2021,0.2115711,1.09099,1.0387699999999997,7.383472,7.406070666666667,-90.0513586441006,-93.69619873457806,2710.16353,2739.16213,,
RUS,Russian Federation,2022,0.1397933,0.96602,1.0307733333333333,6.596747,7.132836,-80.5092437705523,-89.87076854367713,2647.79283,2697.547516666667,,
RUS,Russian Federation,2023,0.1051999,0.91494,0.9906499999999999,3.935599,5.971939333333334,-75.1375358449974,-81.89937941988343,2657.93662,2671.9643266666667,,
SAU,Saudi Arabia,1999,0.01737921,,,46.66667,,-416.649616865942,-422.769392073662,,,,
SAU,Saudi Arabia,2000,0.01707067,,,33.33333,,-368.926301285126,-406.3154949412413,,,,
SAU,Saudi Arabia,2001,0.01343869,,,26.31579,35.43859666666666,-348.213745162547,-377.9298877712051,,,,
SAU,Saudi Arabia,2002,0.04010812,,,,,-325.783228284745,-347.6410915774727,,,,
SAU,Saudi Arabia,2003,0.007264626,,,34.61538,,-251.374590953102,-308.4571881334646,,,,
SAU,Saudi Arabia,2004,0.03190487,0.06233,,16.12903,,-304.056898022563,-293.73823908680333,,,,
SAU,Saudi Arabia,2005,0.03389717,0.05315,,,,-327.812890446441,-294.414793140702,,,,
SAU,Saudi Arabia,2006,0.03988552,0.0423,0.05259333333333333,16.07143,,-327.78579329972,-319.885193922908,,,,
SAU,Saudi Arabia,2007,0.04491418,0.04245,0.04596666666666666,18.36735,,-294.220788761899,-316.60649083602,,,,
SAU,Saudi Arabia,2008,0.03526658,0.04521,0.04332,22.91667,19.118483333333334,-260.343119888032,-294.1165673165503,,,,
SAU,Saudi Arabia,2009,0.04791199,0.04902,0.04556000000000001,12.85714,18.047053333333334,-247.605329375852,-267.38974600859433,,,,
SAU,Saudi Arabia,2010,0.05143776,0.07338,0.05587,8.571428,14.781745999999998,-197.276525003426,-235.07499142243668,,,,
SAU,Saudi Arabia,2011,0.1005575,0.884,0.33546666666666664,17.04036,12.822975999999999,-174.572051159403,-206.4846351795603,,,,
SAU,Saudi Arabia,2012,0.1245127,0.88541,0.6142633333333334,19.24686,14.952882666666667,-194.479146834173,-188.77590766566732,,,,
SAU,Saudi Arabia,2013,0.1545547,0.85824,0.8758833333333333,23.78855,20.025256666666667,-198.404746766711,-189.15198158676233,,,,
SAU,Saudi Arabia,2014,0.2046949,0.79069,0.8447800000000001,26.45349,23.162966666666666,-196.871813635467,-196.58523574545032,,,,
SAU,Saudi Arabia,2015,0.2695045,,,21.54341,23.928483333333332,-172.635167721495,-189.30390937455766,,,,
SAU,Saudi Arabia,2016,0.2297681,,,19.83471,22.610536666666665,-175.630386958295,-181.71245610508564,,,,
SAU,Saudi Arabia,2017,0.389997,,,25.97087,22.449663333333337,-188.313378451395,-178.8596443770617,,,,
SAU,Saudi Arabia,2018,0.2594093,,,29.34233,25.04930333333333,-170.01284446789,-177.98553662585996,,,,
SAU,Saudi Arabia,2019,0.2927801,,,23.76374,26.358980000000003,-186.869965836857,-181.73206291871398,,,,
SAU,Saudi Arabia,2020,0.2942945,,,20.89077,24.665613333333336,-177.715405473393,-178.19940525938,,,,
SAU,Saudi Arabia,2021,0.1900755,0.47618,,15.14599,19.9335,-167.391802328969,-177.32572454640635,512.05775,,,
SAU,Saudi Arabia,2022,0.132606,0.39379,,15.11628,17.051013333333334,-159.988472996237,-168.3652269328663,794.29927,,,
SAU,Saudi Arabia,2023,0.1056623,0.41439,0.42812,14.53846,14.933576666666667,-178.200448812201,-168.52690804580232,958.18871,754.8485766666666,,
SGP,Singapore,1999,0.1797663,1.73708,1.49088,5.031446,3.803843333333333,196.629214827434,189.98821378942702,2951.84056,2694.703843333333,,
SGP,Singapore,2000,0.1052691,1.81624,1.6563233333333336,2.970297,3.6601553333333334,217.735476344851,201.87224274304901,3195.81224,2915.832523333333,,
SGP,Singapore,2001,0.09720654,1.81699,1.7901033333333334,3.665689,3.889144,218.729473537416,211.03138823656698,4167.62404,3438.4256133333333,,
SGP,Singapore,2002,0.08631965,2.0093,1.8808433333333336,2.620087,3.085357666666667,208.664572934777,215.043174272348,4103.62946,3822.355246666666,,
SGP,Singapore,2003,0.1525571,2.03282,1.953036666666667,3.250975,3.178917,207.59861227614,211.66421958277763,4363.37967,4211.54439,,
SGP,Singapore,2004,0.1975201,1.99679,2.0129699999999997,4.435484,3.435515333333333,189.537024588449,201.93340326645531,4835.52476,4434.1779633333335,,
SGP,Singapore,2005,0.1938291,2.07859,2.0360666666666667,5.379747,4.355402000000001,190.07586273938,195.73716653465632,5164.84335,4787.915926666667,,
SGP,Singapore,2006,0.173552,2.14806,2.07448,5.544747,5.119992666666666,236.275469317464,205.29611888176433,5650.62317,5216.997093333333,0.418807557245808,
SGP,Singapore,2007,0.1799906,2.11656,2.1144033333333336,4.458599,5.127697666666667,239.462723776914,221.93801861125266,5785.80782,5533.758113333333,0.367379920409751,
SGP,Singapore,2008,0.2822395,2.31986,2.1948266666666667,6.389452,5.464266000000001,271.316427060438,249.018206718272,6083.98319,5840.13806,0.318557999743993,0.3682484924665173
SGP,Singapore,2009,0.3219686,2.59673,2.344383333333333,5.732484,5.526845000000001,262.215986853303,257.66504589688503,5916.30242,5928.697810000001,0.311635771813129,0.33252456398895763
SGP,Singapore,2010,0.2663102,2.1279,2.3481633333333334,7.029703,6.383879666666668,256.852513663809,263.46164252585,6219.94574,6073.410449999999,0.268029299437489,0.29940769033153697
SGP,Singapore,2011,0.2992094,1.92918,2.2179366666666667,6.927711,6.563299333333333,278.36489282559,265.811131114234,6368.34517,6168.197776666667,0.209584623987527,0.2630832317460483
SGP,Singapore,2012,0.2784621,2.06955,2.0422100000000003,7.859359,7.272257666666666,318.370020905262,284.529142464887,6578.63079,6388.9739,0.189288773439307,0.22230089895477434
SGP,Singapore,2013,0.2655651,1.91833,1.9723533333333334,8.095238,7.627436,288.091215185,294.9420429719507,6514.09973,6487.02523,0.17661391027753,0.19182910256812133
SGP,Singapore,2014,0.2688484,1.92104,1.96964,8.221344,8.058647,267.276576719405,291.24593760322233,6734.96456,6609.231693333334,0.161924674301814,0.17594245267288366
SGP,Singapore,2015,0.2326104,2.08228,1.9738833333333334,8.429395,8.248659000000002,275.189793160703,276.852528355036,6756.24778,6668.437356666666,0.168568374332708,0.169035652970684
SGP,Singapore,2016,0.2522627,2.17445,2.0592566666666667,7.062147,7.904295333333333,277.405757867332,273.2907092491467,7134.93412,6875.382153333333,0.232687151513729,0.18772673338275034
SGP,Singapore,2017,0.2708521,2.06892,2.10855,6.504065,7.331869,274.260261369755,275.61860413259666,7052.85651,6981.346136666667,0.249417130100758,0.21689088531573167
SGP,Singapore,2018,0.2237629,1.89683,2.0467333333333335,6.809339,6.791850333333333,275.903826650794,275.85661529596035,6950.10748,7045.966036666668,0.272334644194769,0.25147964193641864
SGP,Singapore,2019,0.1956368,1.80836,1.9247033333333334,6.890131,6.734511666666666,273.793180423015,274.6524228145213,7002.45715,7001.807046666666,0.249897373940837,0.2572163827454546
SGP,Singapore,2020,0.2607485,1.88845,1.8645466666666668,6.006192,6.568554,269.815306923958,273.170771332589,7509.61271,7154.059113333333,0.276337758872914,0.26618992566950667
SGP,Singapore,2021,0.2456955,2.15983,1.9522133333333336,5.18346,6.026594333333333,264.429457913529,269.34598175350067,7503.32643,7338.46543,0.239794868896853,0.25534333390353464
SGP,Singapore,2022,0.1973278,1.93761,1.9952966666666665,5.115233,5.434961666666666,248.668236081717,260.9710003064013,7956.39818,7656.445773333334,0.24621863220063,0.254117086656799
SGP,Singapore,2023,0.2277789,1.80821,1.9685499999999998,4.490227,4.92964,258.425380474946,257.17435815673065,8781.74332,8080.48931,0.190983991358065,0.225665830818516
SLV,El Salvador,1999,0.002172402,0.08818,,,,51.4018569459055,48.55295937486233,,,0.0,0.0
SLV,El Salvador,2000,0.005690224,,,,,48.4629192253189,49.52114371897144,,,0.0,0.0
SLV,El Salvador,2001,,,,,,59.8729545913672,53.245910254197206,,,0.0,0.0
SLV,El Salvador,2002,0.002615747,,,,,56.6540781241192,54.9966506469351,,,0.0130266287380597,0.0043422095793532334
SLV,El Salvador,2003,0.002421542,,,33.33333,,55.9835880293992,57.5035402482952,,,0.512468604766562,0.1751650778348739
SLV,El Salvador,2004,0.006525995,,,,,57.517017247556,56.718227800358136,,,0.507252679706581,0.3442493044037342
SLV,El Salvador,2005,,,,,,57.2777629894411,56.92612275546543,,,0.489004928489023,0.5029087376540553
SLV,El Salvador,2006,,,,,,54.2296669631386,56.34148240004523,,,0.45169410804191,0.48265057207917134
SLV,El Salvador,2007,,,,,,53.5021664079333,55.003198786837665,,,0.431371725158993,0.45735692056330873
SLV,El Salvador,2008,0.003206053,0.1056,,,,56.2631967452319,54.665010038767925,,,0.41337310976237,0.432146314321091
SLV,El Salvador,2009,,0.13399,,,,50.5744986885525,53.44662061390591,,,0.548327123660374,0.4643573195272457
SLV,El Salvador,2010,,0.0909,0.11016333333333332,,,50.9657352991719,52.6011435776521,,,0.580940873581299,0.514213702334681
SLV,El Salvador,2011,,0.07806,0.10098333333333333,,,49.3751870486129,50.30514034544577,,,0.561743548534806,0.5636705152588263
SLV,El Salvador,2012,,0.0355,0.06815333333333333,,,49.699279630301,50.013400659361935,,,0.510126828366455,0.5509370834941866
SLV,El Salvador,2013,0.0005771273,0.03397,0.04917666666666667,,,49.5697792926002,49.5480819905047,,,0.499902965457804,0.5239244474530217
SLV,El Salvador,2014,,0.06387,0.04444666666666666,25.0,,52.7178205566494,50.6622931598502,,,0.492534183966921,0.5008546592637266
SLV,El Salvador,2015,0.002367536,0.09377,0.06387,,,56.109940109749,52.79917998633287,,,0.489004108539723,0.49381375265481603
SLV,El Salvador,2016,,0.14348,0.10037333333333333,,,58.3988681990275,55.74220962180863,64.78066,,0.540326401357824,0.507288231288156
SLV,El Salvador,2017,0.002149336,0.14493,0.12739333333333333,,,58.3762720417145,57.62836011683033,67.49915,,0.568345905041914,0.5325588049798203
SLV,El Salvador,2018,0.004132914,0.18078,0.15639666666666666,,,54.9469270082557,57.24068908299923,65.55077,65.94352666666667,0.566915913207439,0.5585294065357257
SLV,El Salvador,2019,,0.16531,0.16367333333333334,,,57.4519137737529,56.92503760790769,73.49466,68.84819333333333,0.56390549195263,0.566389103400661
SLV,El Salvador,2020,,0.17477,0.17362000000000002,,,61.3227949934178,57.90721192514213,75.70551,71.58364666666667,0.566538459526399,0.565786621562156
SLV,El Salvador,2021,,0.16299,0.16769,,,51.4791072174028,56.75127199485783,59.77671,69.65896,0.457915542974576,0.5294531648178683
SLV,El Salvador,2022,,0.16252,0.16676,,,56.9331140988565,56.57833876989236,65.31984,66.93402,0.540988325018655,0.52181410917321
SLV,El Salvador,2023,0.002312085,0.14333,0.15628,,,59.5054447583379,55.97255535819907,57.61826,60.904936666666664,0.416400429665374,0.471768099219535
SRB,Serbia,1999,,0.69758,,,,24.6915550842577,25.581214226822166,,,,
SRB,Serbia,2000,,0.87925,0.7491366666666667,,,14.1533410789905,21.968929035742367,,,,
SRB,Serbia,2001,,0.80171,0.7928466666666667,,,13.906998567689,17.5839649103124,,,,
SRB,Serbia,2002,,0.28973,0.6568966666666666,8.333333,,23.5402358429442,17.200191829874566,,,,
SRB,Serbia,2003,0.004843084,0.6108,0.5674133333333334,,,26.4643735389661,21.3038693165331,,,,
SRB,Serbia,2004,0.002175332,0.46825,0.45626000000000005,7.692307,,28.7273661972035,26.243991859704597,,,3.43825155099115,
SRB,Serbia,2005,,0.28194,0.45366333333333336,15.625,,33.5693833590025,29.587041031724038,,,2.93042791276858,
SRB,Serbia,2006,0.02173913,0.38621,0.3788,21.42857,14.915292333333333,36.6830311471939,32.99326023446664,,,2.83626379085615,3.0683144182052935
SRB,Serbia,2007,0.02515639,0.42907,0.36574,15.0,17.35119,38.3792813728492,36.2105652930152,,,2.91201687639319,2.8929028600059734
SRB,Serbia,2008,0.0302972,0.55664,0.4573066666666667,8.333333,14.920634333333334,36.5131697656189,37.191827428554,1190.39138,,2.69656117873006,2.8149472819931334
SRB,Serbia,2009,0.01964392,0.64463,0.5434466666666667,20.93023,14.754521000000002,37.8018251972477,37.56475877857193,1354.72005,,2.52789742696677,2.7121584940300068
SRB,Serbia,2010,0.03474206,0.78609,0.6624533333333333,13.51351,14.259024333333334,32.388555676533,35.5678502131332,1423.86226,1322.9912299999999,3.07283212033018,2.765763575342337
SRB,Serbia,2011,0.03514822,0.67458,0.7017666666666665,19.62617,18.023303333333335,33.4695734620312,34.5533181119373,1503.41256,1427.3316233333335,3.14274870071314,2.9144927493366963
SRB,Serbia,2012,0.007070244,0.65677,0.7058133333333334,24.77876,19.306146666666663,30.6598397229168,32.17265628716033,1616.19262,1514.4891466666668,3.12218104616589,3.1125872890697366
SRB,Serbia,2013,0.01058067,0.81922,0.7168566666666667,5.785124,16.730017999999998,28.0036380918044,30.711017092250803,1635.37121,1584.9921299999999,2.96689184259137,3.0772738631567997
SRB,Serbia,2014,0.01371162,0.65574,0.7105766666666665,14.56311,15.042331333333332,24.1746930961234,27.6127236369482,1718.61748,1656.7271033333334,3.19251654903205,3.0938631459297703
SRB,Serbia,2015,0.01262686,0.69287,0.72261,13.7931,11.380444666666667,28.1570392598149,26.778456815914236,1822.70033,1725.5630066666665,3.72670476020169,3.2953710506083698
SRB,Serbia,2016,0.01770925,0.77867,0.7090933333333332,5.0,11.118736666666669,27.8417033393736,26.724478565103965,2060.14765,1867.1551533333331,3.94452874557606,3.621250018269933
SRB,Serbia,2017,0.02049034,0.80779,0.7597766666666667,3.26087,7.351323333333333,30.0627769340857,28.68717317775807,2121.8924,2001.5801266666665,4.21436736781479,3.96186695786418
SRB,Serbia,2018,0.02307544,0.83834,0.8082666666666666,10.71429,6.325053333333334,34.139277708288,30.68125266058243,2067.73261,2083.2575533333334,,
SRB,Serbia,2019,0.01185768,0.88154,0.8425566666666665,8.737864,7.571008,35.0640386890373,33.088697777137,2075.98604,2088.5370166666667,,
SRB,Serbia,2020,0.008403796,0.84798,0.8559533333333333,4.385965,7.946039666666667,35.9593454155817,35.05422060430234,2087.27636,2076.9983366666665,,
SRB,Serbia,2021,0.009673051,0.86478,0.8647666666666666,14.14141,9.088413000000001,30.0750675668529,33.69948389049063,2149.85336,2104.37192,,
SRB,Serbia,2022,0.00934351,0.94784,0.8868666666666666,6.306306,8.277893666666666,35.0037392718509,33.679384084761836,2206.70833,2147.9460166666668,,
SRB,Serbia,2023,0.02003807,0.91938,0.9106666666666667,4.424779,8.290831666666667,45.3074666486561,36.79542449578664,2349.67681,2235.4128333333333,,
SVK,Slovak Republic,1999,0.02606882,0.76234,0.8964033333333333,9.821428,9.628865666666668,70.683096464519,72.30554999224002,1888.15391,1872.790506666667,2.0296008014919,2.1328720982081966
SVK,Slovak Republic,2000,0.02939949,0.64406,0.8174166666666668,7.608696,9.543374666666667,66.1275134551537,69.93630207658396,1711.85647,1820.69602,2.09228153861338,2.0889043355671966
SVK,Slovak Republic,2001,0.03583651,0.63865,0.6816833333333333,11.47541,9.635177999999998,65.0047112666577,67.2717737287768,1850.51312,1816.8411666666668,2.36043035907548,2.16077089972692
SVK,Slovak Republic,2002,0.00784724,0.62571,0.63614,12.93103,10.671712,62.2607578676943,64.46432752983524,1781.46308,1781.2775566666667,2.11591213020814,2.1895413426323334
SVK,Slovak Republic,2003,0.04358776,0.564,0.6094533333333333,3.846154,9.417531333333333,64.1994984234894,63.821655852613794,1706.99261,1779.6562700000002,2.24293432141774,2.239758936900453
SVK,Slovak Republic,2004,0.04169386,0.56511,0.5849399999999999,10.52632,9.101168,64.6311257471989,63.69712734612753,1790.43354,1759.6297433333336,2.4558520939303,2.27156618185206
SVK,Slovak Republic,2005,0.02013693,0.50263,0.5439133333333334,12.5,8.957491333333332,67.8716202587327,65.567414809807,1993.83051,1830.4188866666666,2.4968064155337,2.3985309436272466
SVK,Slovak Republic,2006,0.02822868,0.49537,0.5210366666666667,13.33333,12.119883333333334,65.5579585598042,66.02023485524528,2031.13681,1938.4669533333333,2.39028685855213,2.4476484560053766
SVK,Slovak Republic,2007,0.03673279,0.47498,0.4909933333333334,17.36111,14.398146666666667,64.0400059450288,65.82319492118857,2190.13371,2071.7003433333334,2.28436309696001,2.3904854570152803
SVK,Slovak Republic,2008,0.0238851,0.44734,0.4725633333333333,7.518797,12.737745666666667,69.1625263772008,66.25349696067794,2297.64491,2172.97181,2.12287958575161,2.26584318042125
SVK,Slovak Republic,2009,0.02587248,0.4616,0.4613066666666667,10.37037,11.750092333333333,65.3978607311472,66.20013101779227,2340.90823,2276.22895,2.05404002688926,2.1537609032002933
SVK,Slovak Republic,2010,0.04478367,0.47302,0.46065333333333336,12.19512,10.028095666666665,67.2341888731788,67.26485866050893,2469.7369,2369.430013333333,1.96379601656678,2.046905209735883
SVK,Slovak Republic,2011,0.05683403,0.60583,0.5134833333333334,14.05405,12.206513333333334,61.280218952637,64.637422852321,2817.3661,2542.67041,2.05324992326947,2.023695322241837
SVK,Slovak Republic,2012,0.03229382,0.65398,0.57761,21.42857,15.89258,62.5662681413386,63.69355865571813,2840.91952,2709.3408400000003,2.39137988216278,2.1361419406663433
SVK,Slovak Republic,2013,0.03231913,0.79377,0.6845266666666667,12.0603,15.847639999999998,58.1388682785269,60.6617851241675,2827.14865,2828.4780900000005,2.34513354584135,2.2632544504245335
SVK,Slovak Republic,2014,0.03878429,0.8184,0.7553833333333332,9.67742,14.388763333333335,57.6004806670878,59.4352056956511,2723.15005,2797.07274,2.48323131184805,2.4065815799507266
SVK,Slovak Republic,2015,0.05405875,0.87462,0.8289300000000001,12.30769,11.348469999999999,59.7953254868921,58.51155814416893,2723.67121,2757.98997,2.51535782441872,2.4479075607027063
SVK,Slovak Republic,2016,0.05423929,1.15366,0.9488933333333333,12.73408,11.573063333333332,57.3579679272209,58.25125802706693,2658.90096,2701.9074066666667,2.46290571294187,2.487164949736213
SVK,Slovak Republic,2017,0.04329718,0.78513,0.9378033333333334,11.63636,12.226043333333335,57.4894350317092,58.21424281527407,2609.14992,2663.9073633333333,2.44948231496327,2.4759152841079533
SVK,Slovak Republic,2018,0.03630077,0.88153,0.9401066666666665,10.15038,11.50694,61.8303015860407,58.892568181656934,2803.05136,2690.367413333333,2.50083194121671,2.4710733230406166
SVK,Slovak Republic,2019,0.03180648,0.83184,0.8328333333333333,9.893993,10.560244333333333,60.7892050948817,60.03631390421054,3003.38839,2805.1965566666663,2.44134530647341,2.463886520884463
SVK,Slovak Republic,2020,0.03086779,0.82138,0.8449166666666668,9.638555,9.894309333333332,69.4728958880142,64.0308008563122,3116.82472,2974.42149,2.47188143127156,2.471352892987227
SVK,Slovak Republic,2021,0.03756368,0.88944,0.8475533333333334,6.844107,8.792218333333333,55.8608938539428,62.04099827894623,3167.43232,3095.8818100000003,2.4139779533481,2.44240156369769
SVK,Slovak Republic,2022,0.02120258,0.90093,0.8705833333333333,6.976744,7.819802,51.9404849852974,59.0914249090848,3211.13115,3165.1293966666667,2.32323303942216,2.40303080801394
SVK,Slovak Republic,2023,0.01965272,0.97686,0.9224100000000001,8.984375,7.601742000000001,68.8872819822269,58.896220273822365,3387.47411,3255.34586,1.97013731202369,2.23578276826465
SVN,Slovenia,1999,0.02606882,1.31033,1.2752733333333333,8.139535,6.498500333333333,52.4131442181962,54.3904414635326,2160.49912,2148.043666666667,5.31755319682277,4.706380653796606
SVN,Slovenia,2000,0.02465764,1.34289,1.30061,12.32877,8.192631333333333,55.8812385777751,54.555988338192236,2239.48814,2141.9057866666667,4.36959679107478,4.75135286283177
SVN,Slovenia,2001,0.02418965,1.36862,1.340613333333333,3.937008,8.135104333333333,51.7833418123658,53.359241536112364,2183.7261,2194.57112,3.00055574839197,4.22923524542984
SVN,Slovenia,2002,0.03008109,1.4824,1.39797,3.669725,6.645167666666667,48.8455238672026,52.17003475244783,2262.53562,2228.5832866666665,3.27722883688884,3.549127125451863
SVN,Slovenia,2003,0.03148005,1.46036,1.4371266666666667,3.289474,3.632069,49.6913940876881,50.10675325575216,2331.11354,2259.1250866666664,3.29601326397097,3.191265949750593
SVN,Slovenia,2004,0.02610398,1.25957,1.4007766666666666,2.840909,3.2667026666666668,52.3979550434148,50.311624332768496,1895.25158,2162.9669133333337,3.34537687156215,3.3062063241406534
SVN,Slovenia,2005,0.05034233,1.38062,1.3668500000000001,2.312139,2.814174,51.2606533507315,51.116667493944796,2021.91495,2082.7600233333337,3.35606651266773,3.332485549400283
SVN,Slovenia,2006,0.02740226,1.42797,1.3560533333333333,6.5,3.884349333333333,50.862334218348,51.506980870831434,2634.49569,2183.8874066666667,3.22644574562372,3.309296376617867
SVN,Slovenia,2007,0.01235557,1.54569,1.4514266666666664,3.804348,4.205495666666667,51.1452060032502,51.08939785744324,2928.65083,2528.3538233333334,3.02459100255743,3.2023677536162936
SVN,Slovenia,2008,0.03019033,1.43261,1.4687566666666667,3.636364,4.646904,51.2447668759392,51.0841023658458,3115.13903,2892.7618500000003,2.98985112114482,3.08029595644199
SVN,Slovenia,2009,0.03329884,1.63465,1.53765,3.902439,3.781050333333333,54.1628047431398,52.18425920744306,3477.77233,3173.8540633333337,2.95623518443348,2.990225769378577
SVN,Slovenia,2010,0.03123751,1.83331,1.6335233333333334,4.672897,4.070566666666667,48.2930177846054,51.23352980122814,3671.25911,3421.3901566666664,3.64419126637259,3.196759190650297
SVN,Slovenia,2011,0.05043515,2.06914,1.8457,6.818182,5.131172666666667,48.6957623237549,50.3838616171667,3770.38211,3639.8045166666666,3.74040173154207,3.4469427274493802
SVN,Slovenia,2012,0.04509669,2.4311,2.1111833333333334,7.782101,6.424393333333334,47.7772903770856,48.25535682848196,4287.95887,3909.8666966666665,3.71250455091078,3.6990325162751465
SVN,Slovenia,2013,0.05348046,2.58339,2.3612100000000003,11.11111,8.570464333333334,51.5118783183444,49.3283103397283,4330.67354,4129.671506666667,4.1026902327167,3.851865505056517
SVN,Slovenia,2014,0.04877418,2.59426,2.53625,7.581227,8.824812666666668,47.3067695838114,48.865312759747134,4236.51087,4285.04776,4.51978508177042,4.111659955132634
SVN,Slovenia,2015,0.04537778,2.38854,2.522063333333333,7.76699,8.819775666666667,44.8245997036697,47.88108253527517,4166.88131,4244.688573333333,4.46055891736177,4.361011410616297
SVN,Slovenia,2016,0.04888884,2.21611,2.3996366666666664,9.95671,8.434975666666666,49.0810501456121,47.07080647769774,3836.54008,4079.9774199999997,4.64088208802614,4.540408695719443
SVN,Slovenia,2017,0.04406139,2.02922,2.21129,14.03509,10.586263333333333,49.1781653352419,47.6946050615079,3939.83347,3981.0849533333335,4.68470844511297,4.59538315016696
SVN,Slovenia,2018,0.03547418,1.88219,2.0425066666666667,10.68702,11.559606666666667,51.1019448090133,49.78705342995576,4510.81305,4095.728866666667,4.48162195254049,4.6024041618932
SVN,Slovenia,2019,0.04028124,1.96365,1.9583533333333332,9.905661,11.542590333333331,52.2003950266627,50.826835056972634,4880.49036,4443.712293333333,4.23468740631753,4.467005934656997
SVN,Slovenia,2020,0.02618106,2.05725,1.9676966666666662,12.06226,10.884980333333333,52.8491569267821,52.050498920819365,5060.56961,4817.291006666666,4.02342209458558,4.246577151147867
SVN,Slovenia,2021,0.03192107,2.15559,2.05883,8.333333,10.100418,45.7953577906934,50.281636581379395,5187.16109,5042.740353333334,3.54073662224667,3.932948707716593
SVN,Slovenia,2022,0.02677275,2.13847,2.117103333333333,7.983193,9.459595333333333,48.7162208424474,49.120245186640965,5235.17998,5160.970226666665,3.48949249384955,3.6845504035606
SVN,Slovenia,2023,0.02807532,2.1,2.131353333333333,7.335907,7.8841443333333325,53.5470840696794,49.35288756760673,5370.37458,5264.23855,3.16855768425959,3.3995956001186034
SWE,Sweden,1999,1.441606,,,6.933744,6.9307316666666665,39.0022825979437,39.94622312906367,,,2.76845851839641,2.8073736162749836
SWE,Sweden,2000,1.208793,3.37825,,7.44888,6.830244,36.2688367660035,38.247203124031536,4508.76656,,2.65108347727488,2.7191261708533534
SWE,Sweden,2001,1.04123,,,5.600379,6.661001,40.5018771943793,38.5909988527755,,,2.58766409691173,2.6690686975276727
SWE,Sweden,2002,1.136978,3.87215,,5.936294,6.3285176666666665,38.0106007366646,38.26043823234913,5177.98913,,2.64195195303096,2.6268998424058565
SWE,Sweden,2003,1.110842,,,7.296588,6.2777536666666665,38.3978448691625,38.97010760006879,,,2.70219232930571,2.643936126416133
SWE,Sweden,2004,1.034515,3.5823,,7.780429,7.004437,44.9097819511297,40.439409185652266,5389.38189,,2.72292699070083,2.6890237576791667
SWE,Sweden,2005,0.9069674,3.36628,,7.8203,7.632439000000001,38.5714679773194,40.6263649325372,5434.9691,,2.66182327028424,2.695647530096927
SWE,Sweden,2006,0.9653862,3.3641,3.43756,7.544007,7.714912000000001,39.4564038962862,40.97921794157843,6103.30894,5642.55331,2.70502920768081,2.6965931562219603
SWE,Sweden,2007,0.9201006,3.47963,3.4033366666666667,10.14263,8.502312333333334,39.7943388512261,39.274070241610566,6159.34885,5899.2089633333335,2.59780196656695,2.654884814844
SWE,Sweden,2008,0.912977,3.24176,3.36183,9.140149,8.942262,38.2973061041952,39.182682950569166,5026.89783,5763.185206666666,2.50508011259148,2.60263709561308
SWE,Sweden,2009,0.9291608,3.49083,3.4040733333333333,10.02423,9.769003,40.0701577104912,39.38726755530417,5468.69683,5551.647836666666,2.56503821321983,2.5559734307927537
SWE,Sweden,2010,0.9357784,3.41266,3.3817500000000003,12.72563,10.630003,39.4899565134968,39.285806776061065,5110.718,5202.10422,2.66039897104554,2.576839098952284
SWE,Sweden,2011,0.8619198,3.18756,3.363683333333333,13.76374,12.171199999999999,39.0838376725614,39.547983965516465,5279.17412,5286.196316666667,2.56811865080158,2.5978519450223168
SWE,Sweden,2012,0.898001,3.20686,3.2690266666666665,11.63539,12.708253333333333,38.4576912510901,39.0104951457161,5172.47477,5187.45563,2.37363747643282,2.5340516994266467
SWE,Sweden,2013,0.9400662,3.24636,3.2135933333333333,14.125,13.17471,31.4711024148045,36.33754377948534,5196.71759,5216.12216,2.3888951894906,2.4435504389083333
SWE,Sweden,2014,1.041299,3.27557,3.24293,14.88312,13.547836666666667,34.0046385923583,34.64447741941763,6717.6193,5695.603886666667,2.33492964772086,2.36582077121476
SWE,Sweden,2015,1.014952,3.12457,3.2155,11.7251,13.57774,34.1036106348048,33.193117213989204,6909.46438,6274.600423333333,2.19210582682823,2.3053102213465633
SWE,Sweden,2016,1.018896,3.24088,3.213673333333334,11.33214,12.646786666666666,32.883202401172,33.663817209445035,6846.13413,6824.405936666667,2.19519264511449,2.2407427065545265
SWE,Sweden,2017,1.056775,3.25643,3.2072933333333338,11.67954,11.578926666666666,35.3637060312274,34.116839689068065,7143.443,6966.347170000001,2.23188845017139,2.2063956407047036
SWE,Sweden,2018,0.9708068,3.39374,3.2970166666666665,11.12195,11.377876666666667,28.6965231394653,32.31447719062157,7316.6476,7102.07491,2.15701121580691,2.1946974370309302
SWE,Sweden,2019,0.9732913,3.34602,3.3320633333333336,12.60113,11.800873333333334,30.7465687576629,31.60226597611853,7425.66896,7295.253186666666,2.10889759685028,2.1659324209428603
SWE,Sweden,2020,0.9918742,3.39847,3.37941,12.53295,12.085343333333332,32.0197034760007,30.487598457709634,7685.83827,7476.0516099999995,2.09706457389107,2.1209911288494196
SWE,Sweden,2021,0.9232927,3.50181,3.415433333333334,13.53111,12.888396666666665,34.4417513884611,32.40267454070823,7754.64384,7622.050356666667,1.98146438801365,2.062475519585
SWE,Sweden,2022,0.8673653,3.41565,3.4386433333333333,11.74825,12.604103333333333,22.5497844839512,29.670413116137667,8159.79705,7866.759719999999,1.91108675419168,1.9965385720321336
SWE,Sweden,2023,0.812775,3.47239,3.463283333333333,10.49555,11.92497,28.6998914864254,28.563809119612568,8639.24439,8184.5617600000005,1.64705162637798,1.8465342561944365
THA,Thailand,1999,0.003258603,,,,,44.8577620734337,48.701401061864665,,,,
THA,Thailand,2000,0.02465764,0.24836,,,,45.0485136855656,46.1637946127451,168.24107,,,
THA,Thailand,2001,0.01478256,0.24471,,8.045977,,44.1327960543727,44.679690604457335,,,,
THA,Thailand,2002,0.03226088,0.25231,0.24846000000000001,9.433962,,46.5617427146413,45.247684151526535,279.59954,,,
THA,Thailand,2003,0.04076263,0.23055,0.2425233333333333,10.52632,9.335419666666667,46.9962899893864,45.896942919466795,,,,
THA,Thailand,2004,0.0308172,0.24534,0.24273333333333333,,,47.9668949890537,47.1749758976938,280.52762,,,
THA,Thailand,2005,0.02547801,0.23828,0.23805666666666667,,,50.592533714573,48.51857289767103,,,,
THA,Thailand,2006,0.02587992,0.21889,0.23417,10.11236,,48.0652759811039,48.87490156157687,311.93079,,,
THA,Thailand,2007,0.05509918,0.23271,0.22996000000000003,3.370786,,47.2099671270942,48.62259227425704,,,,
THA,Thailand,2008,0.02778579,0.2008,0.21746666666666667,9.565217,7.682787666666667,46.3873326792832,47.2208585958271,320.05038,,,
THA,Thailand,2009,0.04048564,0.20331,0.21227333333333331,11.88811,8.274704333333334,44.1134208342255,45.90357354686764,,,,
THA,Thailand,2010,0.05289551,0.23455,0.21288666666666667,6.756757,9.403361333333333,44.6820782033473,45.060943905618664,324.12834,,,
THA,Thailand,2011,0.0340144,,,21.21212,13.285662333333333,43.659469263271,44.151656100281265,,,,
THA,Thailand,2012,0.03554231,0.36146,,10.6383,12.869059,44.4812321023071,44.27425985630847,528.55687,,,
THA,Thailand,2013,0.03443526,,,10.9589,14.269773333333333,43.6825522470004,43.941084537526166,,,,
THA,Thailand,2014,0.04622774,0.44163,,10.4712,10.689466666666666,43.0405417053826,43.73477535156337,773.81018,,,
THA,Thailand,2015,0.06905314,0.47988,,13.37209,11.600729999999999,44.024030705902,43.582374886095,941.80061,,,
THA,Thailand,2016,0.05708408,0.61609,0.5125333333333333,7.731959,10.525083,46.3193962539699,44.46132288841816,844.08077,853.2305200000001,,
THA,Thailand,2017,0.03761338,0.77829,0.6247533333333334,12.38095,11.161666333333335,45.7149338923838,45.3527869507519,1179.07394,988.31844,,
THA,Thailand,2018,0.04597867,1.00165,0.7986766666666666,10.75949,10.290799666666667,47.6577862985132,46.56403881495563,1315.74983,1112.96818,,
THA,Thailand,2019,0.03208549,1.11375,0.9645633333333334,7.462687,10.201042333333334,51.1007781069847,48.15783276596056,1712.15367,1402.3258133333331,,
THA,Thailand,2020,0.04719055,1.14317,1.08619,8.928572,9.050249666666668,48.6312117750796,49.12992539352583,1744.16222,1590.6885733333331,,
THA,Thailand,2021,0.03433933,1.32818,1.1950333333333334,9.036144,8.475801,51.2390033904315,50.323664424165266,2018.34788,1824.8879233333334,,
THA,Thailand,2022,0.01689019,1.20822,1.2265233333333334,7.432433,8.465716333333333,53.4974617478355,51.12255897111553,1695.79586,1819.4353199999998,,
THA,Thailand,2023,0.0242769,1.15902,1.2318066666666665,4.716981,7.061852666666667,57.1245185678327,53.95366123536656,1863.07585,1859.0731966666665,,
TJK,Tajikistan,1999,,,,11.76471,8.643792333333334,43.8590347637846,41.17835061940857,,,,
TJK,Tajikistan,2000,,,,7.692307,9.819005666666667,38.4759851888212,41.48852985903169,,,,
TJK,Tajikistan,2001,,,,,,41.3030670209098,41.21269565783853,,,,
TJK,Tajikistan,2002,,0.08953,,5.714286,,39.4519591390824,39.743670449604465,,,,
TJK,Tajikistan,2003,,0.07068,,,,36.2675858661848,39.007537342059,,,,
TJK,Tajikistan,2004,0.004713219,0.06885,0.07635333333333333,,,32.56065046383,36.09339848969907,,,,
TJK,Tajikistan,2005,0.001342462,0.06697,0.06883333333333334,,,36.6483292583539,35.1588551961229,,,,
TJK,Tajikistan,2006,,0.0957,0.07717333333333333,17.64706,,34.4248239256914,34.54460121595843,,,,
TJK,Tajikistan,2007,,0.10732,0.08999666666666666,,,37.8959768749505,36.3230433529986,,,,
TJK,Tajikistan,2008,,0.06778,0.09026666666666666,,,39.3868383272357,37.23587970929253,,,,
TJK,Tajikistan,2009,,0.06983,0.08164333333333333,,,40.6079956390964,39.296936947094196,,,,
TJK,Tajikistan,2010,,0.08577,0.07446000000000001,,,31.0954776121077,37.03010385947994,,,,
TJK,Tajikistan,2011,,0.08914,0.08158,,,30.4959711945902,34.06648148193143,,,,
TJK,Tajikistan,2012,,0.12148,0.09879666666666666,,,30.9671063433857,30.852851716694534,,,,
TJK,Tajikistan,2013,,0.11432,0.10831333333333333,,,29.9765500232478,30.479875853741234,,,,
TJK,Tajikistan,2014,,0.11851,0.11810333333333334,,,27.9862518016792,29.643302722770898,,,,
TJK,Tajikistan,2015,,0.11624,0.11635666666666666,,,32.1115058553733,30.024769226766765,,,,
TJK,Tajikistan,2016,,0.1034,0.11271666666666667,,,31.0273372811847,30.375031646079066,,,,
TJK,Tajikistan,2017,,0.10622,0.10862,,,29.6614364203336,30.93342651896387,,,,
TJK,Tajikistan,2018,0.002066457,0.10957,0.10639666666666665,,,24.1780734297045,28.28894904374093,,,,
TJK,Tajikistan,2019,,0.09401,0.10326666666666666,,,25.2206707209068,26.353393523648304,,,,
TJK,Tajikistan,2020,,0.09367,0.09908333333333334,,,28.4363361069615,25.945026752524267,,,,
TJK,Tajikistan,2021,,0.08969,0.09245666666666667,,,31.8478778741541,28.501628234007466,,,,
TJK,Tajikistan,2022,,,,,,30.3959131545337,30.226709045216435,,,,
TJK,Tajikistan,2023,,,,,,28.045014066896,30.0962683651946,,,,
TKM,Turkmenistan,1999,,,,,,-42.1570384379278,-92.6832478790022,,,,
TKM,Turkmenistan,2000,,,,,,-75.2911133152137,-60.191115799792435,,,,
TKM,Turkmenistan,2001,,,,,,-206.729993051109,-108.05938160141683,,,,
TKM,Turkmenistan,2002,,,,,,-273.248307650988,-185.0898046724369,,,,
TKM,Turkmenistan,2003,,,,,,-374.676778228486,-284.8850263101943,,,,
TKM,Turkmenistan,2004,,,,,,-279.511713707768,-309.145599862414,,,,
TKM,Turkmenistan,2005,,,,,,-215.214332675018,-289.8009415370907,,,,
TKM,Turkmenistan,2006,,,,,,-240.600934746004,-245.1089937095967,,,,
TKM,Turkmenistan,2007,,,,,,-224.484054948309,-226.766440789777,,,,
TKM,Turkmenistan,2008,,,,,,-256.628846660806,-240.57127878503965,,,,
TKM,Turkmenistan,2009,,,,,,-198.588094349214,-226.56699865277633,,,,
TKM,Turkmenistan,2010,,,,,,-104.281485128895,-186.4994753796383,,,,
TKM,Turkmenistan,2011,,,,,,-105.87146132324,-136.24701360044966,,,,
TKM,Turkmenistan,2012,,,,,,-163.934113302291,-124.69568658480866,,,,
TKM,Turkmenistan,2013,,,,,,-174.894150747988,-148.23324179117301,,,,
TKM,Turkmenistan,2014,,,,,,-223.974464898393,-187.60090964955734,,,,
TKM,Turkmenistan,2015,0.002367536,,,,,-239.458327536848,-212.775647727743,,,,
TKM,Turkmenistan,2016,,0.11,,,,-249.248057438709,-237.56028329131667,,,,
TKM,Turkmenistan,2017,0.002149336,0.16,,,,-236.063033970097,-241.589806315218,,,,
TKM,Turkmenistan,2018,0.002066457,0.09,0.12,,,-230.67380495554,-238.66163212144866,,,,
TKM,Turkmenistan,2019,,0.08,0.10999999999999999,,,-246.805374383112,-237.84740443624966,,,,
TKM,Turkmenistan,2020,,0.11,0.09333333333333334,,,-242.606816871905,-240.02866540351897,,,,
TKM,Turkmenistan,2021,,0.13,0.10666666666666667,,,-228.307462499266,-239.23988458476097,,,,
TKM,Turkmenistan,2022,0.00431239,0.1,0.11333333333333334,,,-114.799527217808,-195.23793552965967,,,,
TKM,Turkmenistan,2023,,0.14,0.12333333333333334,,,-109.777211443604,-150.96140038689268,,,,
TTO,Trinidad and Tobago,1999,0.001303441,0.12715,0.11531000000000001,,,-69.0743446397378,-68.21390249528203,,,0.573986601865231,0.545311290513271
TTO,Trinidad and Tobago,2000,,0.12292,0.12186666666666668,,,-68.8660816639163,-67.90008537933984,,,0.692693456324951,0.6093757189196487
TTO,Trinidad and Tobago,2001,,0.108,0.11935666666666667,,,-85.3900749882344,-74.4435004306295,,,0.465999107741608,0.5775597219772634
TTO,Trinidad and Tobago,2002,0.002615747,0.10417,0.11169666666666667,,,-73.9614942379677,-76.07255029670614,,,0.393399415119172,0.5173639930619104
TTO,Trinidad and Tobago,2003,,0.13178,0.11464999999999999,,,-86.142229473017,-81.83126623307304,,,0.376999467045656,0.4121326633021454
TTO,Trinidad and Tobago,2004,,0.11501,0.11698666666666667,,,-117.110499741525,-92.40474115083657,,,0.297899366297124,0.35609941615398394
TTO,Trinidad and Tobago,2005,0.005504095,0.11441,0.12040000000000001,,,-126.052808671929,-109.76851262882366,,,0.242799813289994,0.30589954887759135
TTO,Trinidad and Tobago,2006,0.001461454,0.11431,0.11457666666666666,,,-109.991519772593,-117.71827606201566,,,0.215399972189666,0.25203305059226133
TTO,Trinidad and Tobago,2007,0.001780984,0.07233,0.10035,,,-120.313269759775,-118.785866068099,,,0.214600132814723,0.224266639431461
TTO,Trinidad and Tobago,2008,0.0009160151,0.05922,0.08195333333333334,,,-110.394540973968,-113.566443502112,,,0.247099369856812,0.22569982495373367
TTO,Trinidad and Tobago,2009,0.001608474,0.03072,0.054090000000000006,,,-116.004076290009,-115.57062900791733,,,0.265859419124065,0.24251964059853334
TTO,Trinidad and Tobago,2010,0.0025823,0.05665,0.048863333333333335,,,-119.025874603737,-115.14149728923799,,,0.347333877524097,0.2867642221683247
TTO,Trinidad and Tobago,2011,0.002345821,0.04771,0.045026666666666666,,,-111.994535321279,-115.67482873834166,,,0.340094005719625,0.3177624341225957
TTO,Trinidad and Tobago,2012,,0.04024,0.0482,,,-102.189632394827,-111.07001410661434,,,0.324898164507263,0.337442015916995
TTO,Trinidad and Tobago,2013,,0.04155,0.043166666666666666,,,-103.3302078276,-105.83812518123534,,,0.35450640113798,0.33983285712162264
TTO,Trinidad and Tobago,2014,0.004309366,0.0541,0.04529666666666667,,,-103.14765731449,-102.88916584563901,,,0.353658220114939,0.34435426192006063
TTO,Trinidad and Tobago,2015,,0.07657,0.05740666666666667,,,-99.5661133427134,-102.01465949493446,,,0.348307457903171,0.35215735971869666
TTO,Trinidad and Tobago,2016,,0.08051,0.07039333333333334,,,-90.9862083304454,-97.89999299588294,,,0.384874856406865,0.3622801781416583
TTO,Trinidad and Tobago,2017,0.002149336,0.08662,0.08123333333333334,,,-87.8494512172291,-92.80059096346262,,,0.442997105040264,0.3920598064501
TTO,Trinidad and Tobago,2018,0.004821734,0.08587,0.08433333333333333,,,-89.0427720674429,-89.29281053837246,496.90234,,0.317124081948203,0.38166534779844397
TTO,Trinidad and Tobago,2019,0.004185063,0.08371,0.08539999999999999,,,-98.612004910146,-91.834742731606,543.60048,,0.25962657497355,0.3399159206540057
TTO,Trinidad and Tobago,2020,,0.06007,0.07655,33.33333,,-99.9829642962366,-95.87924709127516,459.95724,500.1533533333333,0.195631083075429,0.25746057999906063
TTO,Trinidad and Tobago,2021,,0.06455,0.06944333333333334,,,-98.1954799115316,-98.93014970597142,604.73029,536.0960033333332,0.161712487720148,0.20565671525637566
TTO,Trinidad and Tobago,2022,,0.05445,0.05969,,,-66.6623603025868,-88.28026817011835,539.19183,534.6264533333333,0.152092896834984,0.1698121558768537
TTO,Trinidad and Tobago,2023,,0.05039,0.05646333333333333,,,-75.4573322877313,-80.10505750061657,492.71552,545.54588,0.126468458260463,0.14675794760519834
TUN,Tunisia,1999,,,,,,-0.927893890956605,-0.29489192346108234,,,,
TUN,Tunisia,2000,,,,,,8.51106353572454,2.720705135429858,,,,
TUN,Tunisia,2001,0.002687739,,,,,11.1338474060466,6.239005683604845,,,1.75616134439105,
TUN,Tunisia,2002,0.001307873,,,,,21.3593976952117,13.668102878994281,,,1.78702149856188,
TUN,Tunisia,2003,,0.54302,,,,20.1938358843954,17.562360328551232,,,1.74270243521471,1.7619617593892134
TUN,Tunisia,2004,0.002175332,0.65044,,,,24.9047286141397,22.152654064582265,,,1.55364516678687,1.6944563668544868
TUN,Tunisia,2005,0.01208216,0.73095,0.64147,,,23.5584113600062,22.885658619513766,,,1.49206843724655,1.5961386797493766
TUN,Tunisia,2006,0.005480453,0.71195,0.69778,,,21.2480683835315,23.237069452559137,,,1.45133147046882,1.49901502483408
TUN,Tunisia,2007,0.008904918,0.67729,0.70673,,,27.2510212379287,24.019166993822136,,,1.38729835702761,1.4435660882476602
TUN,Tunisia,2008,0.009618159,0.6654,0.68488,,,15.4379651720393,21.312351597833167,1078.62762,,1.36853071824645,1.40238684858096
TUN,Tunisia,2009,0.00910328,0.63933,0.6606733333333333,,,23.5144207019722,22.06780237064673,1208.60937,,1.29805947573343,1.3512961836691633
TUN,Tunisia,2010,0.011662,0.70644,0.6703899999999999,6.666667,,19.0684187056851,19.340268193232202,1480.83462,1256.02387,1.28890439569299,1.3184981965576232
TUN,Tunisia,2011,0.008601343,0.65806,0.6679433333333332,,,20.1327808535579,20.9052067537384,1375.49899,1354.9809933333333,1.30603546510371,1.2976664455100433
TUN,Tunisia,2012,0.007643507,0.67458,0.6796933333333334,,,25.5655833709984,21.5889276434138,1420.37634,1425.5699833333335,1.11342456249924,1.23612147443198
TUN,Tunisia,2013,0.004232267,0.64937,0.66067,,,29.3821994901611,25.026854571572468,1614.44868,1470.1080033333335,1.17772989189307,1.1990633064986733
TUN,Tunisia,2014,0.001371162,0.637,0.65365,,,33.2000054980551,29.3825961197382,1781.88853,1605.5711833333332,1.17635512159584,1.1558365253293834
TUN,Tunisia,2015,0.00631343,0.61988,0.6354166666666666,,,39.1507232851142,33.910976091110136,1795.0618,1730.4663366666664,1.18587098388841,1.1799853324591068
TUN,Tunisia,2016,0.00995809,0.59413,0.6170033333333333,,,45.1826044906527,39.17777775794067,1774.94539,1783.9652400000002,1.27296876938396,1.2117316249560701
TUN,Tunisia,2017,0.006089785,0.56539,0.5931333333333334,27.77778,,47.5548046077732,43.96271079451336,1969.10018,1846.3691233333332,1.51123819078288,1.3233593146850833
TUN,Tunisia,2018,0.008265829,0.69953,0.6196833333333334,10.71429,,52.3621384277953,48.36651584207373,1919.04269,1887.6960866666666,1.57009959612595,1.4514355187642634
TUN,Tunisia,2019,0.004882574,0.71645,0.6604566666666667,,,54.4610762827666,51.45933977277837,1789.95356,1892.6988099999999,1.51412298868886,1.5318202585325633
TUN,Tunisia,2020,0.003232229,0.74658,0.7208533333333333,,,57.8401377816142,54.8877841640587,1726.2166,1811.7376166666666,1.36848555326952,1.48423604602811
TUN,Tunisia,2021,0.003546785,,,,,55.3236177550338,55.87494393980487,1644.57277,1720.2476433333334,1.3011865910194,1.3945983776592599
TUN,Tunisia,2022,0.001078097,,,,,53.3071890588679,55.49031486517197,1610.3428,1660.3773899999999,1.35397011046134,1.3412140849167533
TUN,Tunisia,2023,0.002697433,,,,,53.1400289008402,53.92361190491397,1703.91532,1652.94363,1.46773349901745,1.3742967334993967
TUR,Turkiye,1999,0.01846541,0.36198,0.4350833333333333,6.557377,,60.6476962338191,60.74639332548887,298.97969,298.68205666666665,1.79233486829403,1.8254382003480034
TUR,Turkiye,2000,0.03698646,0.45557,0.43640999999999996,10.0,7.791853,61.4495154493949,60.91587245071184,312.68431,304.88042666666666,2.52999840656698,2.0802895995646167
TUR,Turkiye,2001,0.05778638,0.46558,0.42771,3.614458,6.723945,66.4118980253342,62.83636990284939,355.04829,322.23743,2.40564982653842,2.24266103379981
TUR,Turkiye,2002,0.06582963,0.52247,0.4812066666666666,6.086957,6.567138333333333,65.3827730782475,64.4147288509922,344.81485,337.51581666666664,2.64913963866246,2.52826262392262
TUR,Turkiye,2003,0.04439494,0.50904,0.49903000000000003,12.12121,7.274208333333333,68.8098367142749,66.86816927261886,360.00407,353.28907,3.4494189647523,2.834736143317727
TUR,Turkiye,2004,0.09285559,0.46532,0.49894333333333335,6.369427,8.192531333333333,71.8014634682364,68.6646910869196,484.24236,396.35375999999997,4.00416653418929,3.367575045868017
TUR,Turkiye,2005,0.1158257,0.49713,0.49049666666666675,6.190476,8.227037666666666,71.9972658232343,70.8695220019152,496.59332,446.94658333333336,3.4982959956121,3.6506271648512296
TUR,Turkiye,2006,0.08738278,0.56381,0.5087533333333333,9.448819,7.336240666666666,73.6048165950947,72.46784862885515,567.50023,516.11197,3.92862765497781,3.8103633949263997
TUR,Turkiye,2007,0.1313475,0.55292,0.5379533333333334,8.169934,7.936409666666666,74.1979484170948,73.26667694514127,612.17385,558.7558,3.10260787171714,3.5098438407690167
TUR,Turkiye,2008,0.1397432,0.68616,0.6009633333333334,10.51345,9.377401,75.5977950715525,74.46685336124733,705.52013,628.3980700000001,2.96774265934355,3.3329927286795
TUR,Turkiye,2009,0.1374732,0.68741,0.6421633333333333,8.592321,9.091901666666667,73.6741545438837,74.48996601084367,742.74528,686.8130866666667,3.22447336141594,3.0982746308255433
TUR,Turkiye,2010,0.1151206,0.80363,0.7257333333333333,6.61157,8.572447,71.5993831278916,73.62377758110927,801.95239,750.0726,3.3408941027771,3.1777033745121965
TUR,Turkiye,2011,0.1343988,0.79369,0.7615766666666666,4.274611,6.492833999999999,71.8113675930831,72.36163508828614,882.50416,809.0672766666667,3.7051417959276,3.42350308670688
TUR,Turkiye,2012,0.1160694,0.79393,0.7970833333333333,7.786885,6.224355333333333,72.3455243356568,71.9187583522105,977.26304,887.2398633333333,3.45519742648734,3.5004111083973464
TUR,Turkiye,2013,0.1535264,0.82595,0.8045233333333334,7.928389,6.663295000000001,76.5045153451191,73.55380242461968,1100.18611,986.6511033333335,3.25158023596899,3.47063981946131
TUR,Turkiye,2014,0.214959,0.81206,0.8106466666666666,9.137055,8.284109666666666,76.7082026488658,75.18608077654723,1175.90164,1084.4502633333334,3.48884476866911,3.3985408103751467
TUR,Turkiye,2015,0.247013,0.8564,0.83147,5.063291,7.376245,78.733472872237,77.31539695540731,1163.53689,1146.5415466666668,3.25386018186791,3.331428395502003
TUR,Turkiye,2016,0.2535545,0.96732,0.8785933333333333,6.536585,6.912310333333333,80.4443196769827,78.62866506602849,1136.18026,1158.5395966666667,3.29905696484939,3.3472539717954697
TUR,Turkiye,2017,0.3255169,1.11979,0.98117,6.590555,6.063477,77.2878181142887,78.82187022116946,1263.789,1187.8353833333333,3.25661761391326,3.2698449202101867
TUR,Turkiye,2018,0.2402257,1.17632,1.08781,5.749208,6.292116,79.1725104847079,78.9682160919931,1420.59574,1273.5216666666668,3.09350381848445,3.216392799082367
TUR,Turkiye,2019,0.2242845,1.27093,1.1890133333333333,4.652499,5.664087333333334,75.8316479912546,77.43065886341707,1585.08328,1423.1560066666668,2.29844381237095,2.8828550815895535
TUR,Turkiye,2020,0.2532775,1.3196,1.2556166666666668,5.71003,5.370578999999999,72.1973632944636,75.73384059014204,1737.57621,1581.0850766666665,2.08912052406197,2.493689384972457
TUR,Turkiye,2021,0.2938995,1.36748,1.3193366666666666,4.225352,4.862627,71.3330026792086,73.12067132164226,1964.65668,1762.4387233333334,2.62495013437474,2.3375048236025533
TUR,Turkiye,2022,0.2866661,1.40209,1.3630566666666668,4.609767,4.848382999999999,72.1247121502374,71.88502604130319,2209.69913,1970.6440066666667,1.62687297189057,2.11364787677576
TUR,Turkiye,2023,0.2342913,1.32342,1.36433,4.170008,4.335042333333334,72.704129716299,72.053948181915,2478.67633,2217.6773799999996,1.79735896742425,2.0163940245631866
TWN,Chinese Taipei,1999,0.3779979,,,2.36548,2.664873,,,,,,
TWN,Chinese Taipei,2000,0.4514244,,,2.633762,2.548696,,,,,,
TWN,Chinese Taipei,2001,0.6459532,,,2.684713,2.561318333333333,,,,,,
TWN,Chinese Taipei,2002,1.024239,,,3.106596,2.8083569999999995,,,,,,
TWN,Chinese Taipei,2003,1.248708,,,3.388979,3.060096,,,,,,
TWN,Chinese Taipei,2004,1.635269,,,3.915104,3.470226333333333,,,,,,
TWN,Chinese Taipei,2005,1.574977,,,4.408072,3.9040516666666663,,,,,,
TWN,Chinese Taipei,2006,1.830106,,,4.226657,4.183277666666666,,,,,,
TWN,Chinese Taipei,2007,1.902591,,,4.924689,4.519806,,,,,,
TWN,Chinese Taipei,2008,2.295374,,,5.543989,4.898445,,,,,,
TWN,Chinese Taipei,2009,2.507882,,,6.060966,5.509881333333333,,,,,,
TWN,Chinese Taipei,2010,2.385171,,,7.263311,6.289421999999999,,,,,,
TWN,Chinese Taipei,2011,2.469563,,,7.878534,7.067603666666667,,,,,,
TWN,Chinese Taipei,2012,2.478986,,,8.147447,7.763097333333334,,,,,,
TWN,Chinese Taipei,2013,2.11485,,,8.435013,8.153664666666666,,,,,,
TWN,Chinese Taipei,2014,1.956138,,,7.350015,7.977491666666666,,,,,,
TWN,Chinese Taipei,2015,2.036775,,,7.056401,7.613809666666666,,,,,,
TWN,Chinese Taipei,2016,1.952841,,,7.030994,7.145803333333333,,,,,,
TWN,Chinese Taipei,2017,1.991186,,,7.166948,7.0847809999999996,,,,,,
TWN,Chinese Taipei,2018,1.966032,,,7.008461,7.068801,,,,,,
TWN,Chinese Taipei,2019,1.921557,,,7.063105,7.079504666666668,,,,,,
TWN,Chinese Taipei,2020,1.880737,,,6.560467,6.877344333333333,,,,,,
TWN,Chinese Taipei,2021,2.039273,,,7.058684,6.894085333333334,,,,,,
TWN,Chinese Taipei,2022,1.93195,,,6.446146,6.688432333333334,,,,,,
TWN,Chinese Taipei,2023,1.398927,,,5.272938,6.259256,,,,,,
UKR,Ukraine,1999,0.07277546,1.06993,,12.13873,10.295235333333332,45.2085451908046,48.1391483594556,,,0.0,0.0
UKR,Ukraine,2000,0.1119077,0.96968,1.0773033333333333,7.189542,9.272946,44.2899719293592,45.873342354028665,,,,
UKR,Ukraine,2001,0.1581286,0.92904,0.98955,8.688246,9.338839333333333,43.0716323662971,44.19004982882029,,,,
UKR,Ukraine,2002,0.1473537,0.98944,0.96272,9.024135,8.300641,43.282336474547,43.547980256734434,,,,
UKR,Ukraine,2003,0.1835529,0.96269,0.96039,6.593407,8.101929333333333,43.6308798885512,43.32828290979844,,,0.789405820499022,
UKR,Ukraine,2004,0.1421217,1.07166,1.00793,4.585485,6.734342333333333,46.5528104358729,44.488675599657036,,,0.911919381298336,
UKR,Ukraine,2005,0.1245134,1.04392,1.02609,6.887755,6.022215666666667,45.3272945319252,45.17032828544976,,,0.801214116304567,0.8341797727006416
UKR,Ukraine,2006,0.1586287,0.99518,1.03692,7.206733,6.226657666666667,42.3524330847312,44.744179350843105,,,0.687879735417919,0.800337744340274
UKR,Ukraine,2007,0.1419221,0.91403,0.9843766666666666,7.696419,7.263635666666666,41.505757722563,43.06182844640646,1451.9222,,0.537520751551278,0.6755382010912546
UKR,Ukraine,2008,0.1288833,0.81869,0.9093,9.550302,8.151151333333333,40.9975720378261,41.618587615040106,1430.03134,,0.466866460925622,0.5640889826316063
UKR,Ukraine,2009,0.123014,0.80991,0.8475433333333333,8.049354,8.432025,42.5204681941426,41.674599318177236,1404.84115,1428.9315633333333,0.415635146277978,0.47334078625162607
UKR,Ukraine,2010,0.1156204,0.82596,0.8181866666666667,11.26482,9.621492000000002,36.1671153829289,39.89505187163254,1324.32376,1386.39875,0.678224830577736,0.5202421459271119
UKR,Ukraine,2011,0.09187799,0.80278,0.8128833333333333,8.942139,9.418771,31.6525165328535,36.780033369975,1306.70104,1345.2886500000002,0.905967213699926,0.6666090635185467
UKR,Ukraine,2012,0.07429489,0.7109,0.77988,9.300834,9.835931,37.6841419079097,35.16792460789737,1237.47634,1289.5003800000002,0.97012155531508,0.851437866530914
UKR,Ukraine,2013,0.07891254,0.72363,0.7457699999999999,9.432571,9.225181333333332,31.427445048662,33.58803449647507,1210.04567,1251.4076833333331,1.11191844287575,0.9960024039635854
UKR,Ukraine,2014,0.05621763,0.733,0.7225100000000001,8.070501,8.934635333333333,27.0329941513733,32.04819370264833,1139.62164,1195.71455,0.941232054431062,1.0077573508739641
UKR,Ukraine,2015,0.06155594,0.65034,0.7023233333333333,9.841629,9.114900333333333,25.9620798341884,28.14083967807457,1002.50854,1117.39195,1.52831806266226,1.193822853323024
UKR,Ukraine,2016,0.04502672,0.61477,0.6660366666666667,7.268723,8.393617666666666,32.3138309846762,28.436301656745968,1005.99722,1049.3758,1.83885946473292,1.4361365272754139
UKR,Ukraine,2017,0.07415209,0.48339,0.5828333333333333,8.99654,8.702297333333332,30.2136005974433,29.496503805435967,1037.24086,1015.2488733333333,2.67343678339209,2.0135381035957565
UKR,Ukraine,2018,0.05958285,0.44878,0.5156466666666667,8.243728,8.169663666666667,37.0787870531022,33.20207287840723,994.07744,1012.4385066666667,2.70810323255837,2.40679982689446
UKR,Ukraine,2019,0.07166921,0.47113,0.46776666666666666,6.422019,7.887429,34.5707022017466,33.95436328409736,988.07663,1006.4649766666668,2.45887127489257,2.61347043028101
UKR,Ukraine,2020,0.0492915,0.43384,0.45125,10.38961,8.351785666666666,36.7816866171433,36.14372529066403,880.55411,954.2360600000001,2.19443083073519,2.4538017793953766
UKR,Ukraine,2021,0.03353324,0.40318,0.43605,10.0,8.937209666666666,34.0531189804873,35.135169266459066,846.24846,904.9597333333335,,
UKR,Ukraine,2022,0.01958544,0.38478,0.40726666666666667,5.429864,8.606491333333333,33.4524998604523,34.7624351526943,774.07275,833.6251066666667,,
UKR,Ukraine,2023,0.04046149,0.32673,0.3715633333333333,6.565657,7.331840333333333,23.3690635612636,30.291560800734402,586.07925,735.46682,,
URY,Uruguay,1999,0.003258603,0.19186,0.26893666666666666,,,66.2717601547388,71.1898852387617,,,2.6447041254293,2.6988140705654264
URY,Uruguay,2000,,0.22417,0.25532333333333335,,,81.6888731500745,73.73629592616727,223.02794,,2.43696195410371,2.5836873982445834
URY,Uruguay,2001,0.005375477,0.20925,0.20842666666666668,,,74.3455134135059,74.1020489061064,282.62753,,2.6864267142733,2.589364264602103
URY,Uruguay,2002,0.001743831,,,16.66667,,67.9603647842861,74.6649171159555,,,2.82329771908332,2.648895462486777
URY,Uruguay,2003,0.004843084,0.23818,,,,54.7758560496691,65.69391141582037,378.96957,,2.39229541580663,2.63400661638775
URY,Uruguay,2004,0.004350664,,,,,71.9733616373765,64.90319415711058,,,2.16142640203419,2.4590065123080467
URY,Uruguay,2005,0.01610954,,,7.142857,,85.5310858467532,70.76010117793292,,,2.10618024691358,2.219967354918133
URY,Uruguay,2006,0.003653635,0.46031,,,,73.3928585588659,76.96576868099852,,,2.17330673053847,2.1469711264954134
URY,Uruguay,2007,0.01001803,0.36385,,3.703704,,84.2385368177988,81.05416040780597,,,2.03251141523687,2.10399946422964
URY,Uruguay,2008,0.008015133,0.42159,0.41525000000000006,,,67.3864296374718,75.00594167137884,,,1.90424158278997,2.0366865761884365
URY,Uruguay,2009,0.00143736,0.37442,0.38662,,,72.4030858135456,74.67601742293873,433.22906,,1.50955036859559,1.8154344555408102
URY,Uruguay,2010,0.002499,0.40239,0.39946666666666664,,,75.0503191672895,71.6132782061023,565.96314,,1.52067191303794,1.6448212881411666
URY,Uruguay,2011,0.003518731,0.32882,0.3685433333333334,15.78947,,62.7352182074142,70.0628743960831,637.83958,545.6772599999999,1.54714102536679,1.5257877690001067
URY,Uruguay,2012,0.006305893,0.32962,0.35361000000000004,,,64.4474243415539,67.41098723875253,628.67776,610.8268266666665,1.61374190084787,1.5605182797508668
URY,Uruguay,2013,0.0134663,0.30808,0.32217333333333337,34.61538,,72.0683778077383,66.4170067855688,647.29155,637.9362966666666,1.51378353866127,1.5582221549586432
URY,Uruguay,2014,0.009989892,0.29118,0.30962666666666666,,,55.3855952609039,63.967132470065366,651.49701,642.4887733333334,1.55212032253699,1.5598819206820433
URY,Uruguay,2015,0.002367536,0.31707,0.30544333333333334,41.66667,,49.8373126804455,59.097095249695904,664.34395,654.3775033333333,1.58945515340599,1.5517863382014163
URY,Uruguay,2016,0.007535852,0.35109,0.31978,,,48.1289475686782,51.117285170009204,687.09204,667.6443333333333,1.66080934496431,1.6007949403024302
URY,Uruguay,2017,,0.37391,0.3473566666666667,,,44.3243908329878,47.4302170273705,739.46982,696.9686033333334,1.67267570092919,1.6409800664331635
URY,Uruguay,2018,0.001033229,0.44052,0.3885066666666666,,,39.2909394190717,43.91475927357923,756.67885,727.7469033333333,1.736853739526,1.6901129284731666
URY,Uruguay,2019,0.004882574,0.50484,0.43975666666666663,,,43.9215686274509,42.51229962650347,787.06548,761.0713833333333,1.71761831023096,1.7090492502287165
URY,Uruguay,2020,,0.56805,0.5044700000000001,27.27273,,38.9090676790537,40.70719190852543,803.42212,782.3888166666666,1.67507434117256,1.7098487969765064
URY,Uruguay,2021,0.0009673051,0.67606,0.5829833333333333,,,44.751994641194,42.527543649232875,820.55725,803.6816166666667,1.78616654692212,1.7262863994418798
URY,Uruguay,2022,0.005390487,0.61467,0.6195933333333333,,,41.9778791519344,41.87964715739403,845.8214,823.2669233333332,1.79064387283521,1.7506282536432967
URY,Uruguay,2023,,0.62206,0.6375966666666667,,,46.2068935643027,44.31225578581037,880.30452,848.8943899999999,1.4977638297946,1.6915247498506434
USA,United States,1999,21.182,2.49621,2.474493333333333,5.574435,5.847081666666668,25.151158841066,23.637801760882,3472.48581,3330.0130666666664,1.02559152413648,1.0432375146077766
USA,United States,2000,22.19368,2.54362,2.505656666666667,5.565061,5.6314530000000005,25.88803401009,24.910353396928368,3547.1262,3443.4962800000008,1.01320436391334,1.02640354136524
USA,United States,2001,22.35317,2.61982,2.5532166666666662,6.151195,5.763563666666667,26.6791454298185,25.906112760324834,3556.3917,3525.3345700000004,0.977383212798187,1.0053930336160022
USA,United States,2002,23.92873,2.63715,2.6001966666666667,5.880312,5.865522666666667,28.9159685414131,27.161049327107197,3598.59475,3567.3708833333335,0.941288124310794,0.9772919003407736
USA,United States,2003,21.83639,2.54746,2.6014766666666667,6.252262,6.094589666666667,27.8963061327111,27.8304733679809,3645.74808,3600.2448433333334,0.927028317407057,0.948566551505346
USA,United States,2004,21.78244,2.55014,2.57825,6.37989,6.1708213333333335,29.2685841234767,28.693619599200304,3851.4654,3698.6027433333334,0.902668400769872,0.9236616141625743
USA,United States,2005,22.63963,2.48685,2.5281499999999997,6.56654,6.399564000000001,30.9353501432903,29.366746799826032,3710.14634,3735.7866066666666,0.882834694638606,0.9041771376051783
USA,United States,2006,23.3669,2.50192,2.51297,6.558463,6.501631,31.7584924866635,30.654142251143497,3635.29099,3732.30091,0.873593665315433,0.8863655869079704
USA,United States,2007,24.51205,2.54545,2.5114066666666672,6.963618,6.696207,31.7737943317032,31.489212320552337,3674.19384,3673.2103899999997,0.853505581342459,0.869977980432166
USA,United States,2008,24.44589,2.61516,2.5541766666666668,7.501985,7.008022,30.5507287280746,31.3610051821471,3624.05411,3644.51298,0.834122662707814,0.8537406364552353
USA,United States,2009,23.26648,2.74481,2.6351400000000003,8.312212,7.592605,27.9184127584533,30.080978606077036,3751.46069,3683.2362133333336,0.803900198932123,0.8305094809941321
USA,United States,2010,22.0715,2.7918,2.717256666666666,9.483536,8.432577666666669,25.9120016993863,28.127047728638065,3877.89208,3751.135626666666,0.807239799346142,0.8150875536620262
USA,United States,2011,21.40145,2.71443,2.7503466666666667,10.34645,9.380732666666667,24.0850218737468,25.9718121105288,3643.92768,3757.76015,0.800750416756069,0.8039634716781112
USA,United States,2012,23.13055,2.73803,2.748086666666667,10.0215,9.950495333333334,20.6799127023379,23.55897875849033,3754.88228,3758.90068,0.805158036689348,0.8043827509305196
USA,United States,2013,25.1095,2.67272,2.7083933333333334,9.917152,10.095034,17.518452859975,20.761129145353234,3734.6577,3711.155886666666,0.790314333052171,0.7987409288325295
USA,United States,2014,23.18358,2.69591,2.70222,9.298224,9.745625333333333,14.4330808261608,17.54381546282457,3815.20951,3768.24983,0.763682212758677,0.7863848608333986
USA,United States,2015,23.03311,2.70882,2.692483333333333,9.14593,9.453768666666667,11.6957018790028,14.549078521712866,3915.0339,3821.6337033333334,0.751743782335191,0.7685801093820129
USA,United States,2016,22.35768,2.77328,2.7260033333333333,9.498515,9.314222999999998,11.738944672511,12.6225757925582,3949.66371,3893.3023733333334,0.751563487768803,0.7556631609542236
USA,United States,2017,20.80066,2.83677,2.772956666666667,9.669801,9.438082,12.2997773544084,11.9114746353074,3897.11007,3920.60256,0.741066755324354,0.7481246751427827
USA,United States,2018,19.24624,2.88315,2.8310666666666666,9.951627,9.706647666666667,8.10034813467893,10.713023387199442,4020.59227,3955.7886833333337,0.724869422971592,0.7391665553549163
USA,United States,2019,17.85233,2.98956,2.9031599999999997,9.758102,9.793176666666666,3.59207211661354,7.99739920190029,4322.78826,4080.163533333334,0.728329110291397,0.7314217628624476
USA,United States,2020,16.7884,3.14297,3.0052266666666667,9.035924,9.581884333333333,-0.898716368808055,3.597901294161472,4367.20971,4236.8634133333335,0.720078899787381,0.7244258110167899
USA,United States,2021,14.33043,3.41788,3.18347,8.735234,9.17642,-3.9655132596338,-0.4240525039427716,4567.79267,4419.263546666666,0.645453131632215,0.6979537139036643
USA,United States,2022,12.35069,3.4689,3.34325,7.458618,8.409925333333334,-4.18993101612738,-3.018053548189745,4900.77179,4611.9247233333335,0.637515613669796,0.6676825483631307
USA,United States,2023,10.59949,3.48736,3.4580466666666667,6.072602,7.422151333333335,-6.49503863234049,-4.883494302700557,4937.49441,4802.019623333334,,
UZB,Uzbekistan,1999,0.003258603,,,,,-9.92952200612311,-12.165583861991735,,,,
UZB,Uzbekistan,2000,0.005690224,,,,,-8.5330229586015,-11.297022462576935,,,,
UZB,Uzbekistan,2001,0.002687739,0.36063,,,,-9.1354616511515,-9.19933553862537,665.80742,,,
UZB,Uzbekistan,2002,0.005231494,0.34544,,,,-8.97241210575861,-8.880298905170536,618.85551,,,
UZB,Uzbekistan,2003,0.004843084,0.29356,0.33321,,,-6.16360063152717,-8.090491462812425,635.0763,639.9130766666667,,
UZB,Uzbekistan,2004,0.007613661,0.26825,0.3024166666666666,,,-10.3070038028431,-8.481005513376294,592.78249,615.5714333333334,,
UZB,Uzbekistan,2005,0.004027386,0.27041,0.27740666666666663,16.66667,,-14.3365959186156,-10.269066784328624,583.10334,603.6540433333333,,
UZB,Uzbekistan,2006,0.006393862,0.23741,0.25869,,,-19.5328707366237,-14.725490152694134,638.4791,604.78831,,
UZB,Uzbekistan,2007,0.003061065,0.22395,0.24392333333333335,,,-20.6565490511899,-18.17533856880973,571.67593,597.75279,,
UZB,Uzbekistan,2008,0.002671711,0.21721,0.22619,,,-23.1003420094092,-21.096587265740933,563.73574,591.2969233333333,,
UZB,Uzbekistan,2009,0.00143736,0.19354,0.21156666666666665,10.34483,,-23.4991848226511,-22.418691961083397,587.88058,574.43075,,
UZB,Uzbekistan,2010,0.002499,0.20315,0.20463333333333333,,,-30.1400653523456,-25.579864061468637,580.2566,577.2909733333335,,
UZB,Uzbekistan,2011,0.004691642,0.1543,0.18366333333333332,,,-20.0851490901407,-24.574799755045802,551.74753,573.2949033333333,,
UZB,Uzbekistan,2012,,0.14877,0.16874,,,-13.1387487595104,-21.121321067332236,582.25635,571.42016,,
UZB,Uzbekistan,2013,0.004232267,0.15512,0.15273,,,-25.5946547831785,-19.606184210943198,520.30903,551.4376366666667,,
UZB,Uzbekistan,2014,0.002350563,0.155,0.15296333333333334,,,-20.7386196271376,-19.824007723275496,514.76473,539.1100366666666,,
UZB,Uzbekistan,2015,,0.15335,0.15449000000000002,,,-18.5046022726549,-21.612625560990335,508.96456,514.67944,,
UZB,Uzbekistan,2016,0.003391133,0.16497,0.15777333333333332,,,-21.6515984403769,-20.298273446723133,504.73687,509.48872,,
UZB,Uzbekistan,2017,0.007522676,0.17238,0.16356666666666667,,,-19.2502939633838,-19.80216489213853,512.96908,508.89016999999996,,
UZB,Uzbekistan,2018,0.001033229,0.13212,0.15649,,,-15.4708920311501,-18.790928144970266,501.98291,506.5629533333333,,
UZB,Uzbekistan,2019,,0.11164,0.13871333333333333,22.22222,,-25.3415373836626,-20.020907792732164,481.96007,498.9706866666667,,
UZB,Uzbekistan,2020,0.001939337,0.10128,0.11501333333333334,,,-19.6798566667118,-20.164095360508167,422.11189,468.68495666666666,,
UZB,Uzbekistan,2021,,0.12554,0.11282000000000002,,,1.01931488568097,-14.667359721564475,426.4918,443.52125333333333,,
UZB,Uzbekistan,2022,0.001078097,0.11843,0.11508333333333333,,,0.721052917201011,-5.979829621276607,523.87885,457.49418,,
UZB,Uzbekistan,2023,0.00154139,0.14297,0.12898,,,1.54758954098202,1.0959857812880003,543.83922,498.06995666666666,,
VEN,"Venezuela, RB",1999,0.02281022,,,13.95349,13.552676666666665,-331.611182401718,,49.59925,,8.63352068057348,7.461386416186296
VEN,"Venezuela, RB",2000,0.008535337,,,20.0,16.17894,-262.25008728227,,56.05112,,7.19851492389064,8.57441100617451
VEN,"Venezuela, RB",2001,0.02418965,,,14.28571,16.079733333333333,-270.159444026815,-288.00690457026764,61.52819,55.72618666666667,5.87448264890821,7.235506084457444
VEN,"Venezuela, RB",2002,0.00784724,,,6.0,13.42857,-304.793764322681,-279.0677652105887,71.13539,62.9049,5.48620768524579,6.186401752681547
VEN,"Venezuela, RB",2003,0.004035904,,,,,-208.938472626002,-261.2972269918327,69.86922,67.51093333333334,3.84940652818991,5.07003228744797
VEN,"Venezuela, RB",2004,0.001450221,,,,,-212.929827668797,-242.2206882058267,95.45289,78.81916666666667,2.06201388681944,3.7992093667517133
VEN,"Venezuela, RB",2005,0.01476708,,,13.63636,,-257.811439718686,-226.55991333782836,105.25189,90.19133333333333,1.41332875688231,2.4415830572972204
VEN,"Venezuela, RB",2006,0.02435757,0.18907,,8.695652,,-261.532717589311,-244.09132832559797,122.2736,107.65946000000001,1.55150992972406,1.67561752447527
VEN,"Venezuela, RB",2007,0.02114918,0.31742,,12.5,11.61067066666667,-245.825835342647,-255.05666421688133,147.25143,124.92564,1.92735437620264,1.6307310209363368
VEN,"Venezuela, RB",2008,0.02644994,0.2011,0.2358633333333333,17.14286,12.779504000000001,-230.357226707121,-245.90525987969298,164.09665,144.54056,1.42325391433747,1.6340394067547235
VEN,"Venezuela, RB",2009,0.005509879,0.23803,0.25218333333333337,18.51852,16.05379333333333,-237.604574655964,-237.929212235244,188.85344,166.73384000000001,1.73242384082504,1.6943440437883834
VEN,"Venezuela, RB",2010,0.006664001,0.24014,0.22642333333333334,11.11111,15.590829999999999,-220.744897997542,-229.56889978687568,184.39061,179.11356666666666,1.06870145900464,1.4081264047223836
VEN,"Venezuela, RB",2011,0.0117291,0.18823,0.22213333333333332,15.625,15.084876666666666,-166.820270959998,-208.38991453783467,202.71225,191.98543333333336,1.25859386524788,1.35323972169252
VEN,"Venezuela, RB",2012,0.01261179,0.15296,0.19377666666666668,21.05263,15.929580000000001,-200.44193216855,-196.00236704203,231.7288,206.27722000000003,0.0,0.7757651080841734
VEN,"Venezuela, RB",2013,0.007387229,0.2501,0.19709666666666667,24.44444,20.374023333333334,-189.708438469581,-185.65688053270966,295.73383,243.39162666666667,0.0,0.41953128841596005
VEN,"Venezuela, RB",2014,0.01010742,0.31853,0.24053,,,-160.450889399116,-183.533753345749,364.33159,297.26474,0.0,0.0
VEN,"Venezuela, RB",2015,0.003551305,0.33713,0.30191999999999997,,,-190.94256301978,-180.36729696282566,272.27029,310.77857,0.0,0.0
VEN,"Venezuela, RB",2016,0.009043022,,,,,-186.845880868101,-179.4131110956657,246.15054,294.2508066666667,0.0,0.0
VEN,"Venezuela, RB",2017,0.001074668,,,,,-188.124132744977,-188.63752554428598,291.69278,270.03787000000005,,
VEN,"Venezuela, RB",2018,0.002755276,,,,,-170.104677355241,-181.6915636561063,,,,
VEN,"Venezuela, RB",2019,0.001046266,,,,,-176.984702454494,-178.404504184904,,,,
VEN,"Venezuela, RB",2020,,,,,,-114.748420352314,-153.94593338734967,230.87605,,,
VEN,"Venezuela, RB",2021,0.0009673051,,,,,-86.8957784593866,-126.2096337553982,289.59954,,,
VEN,"Venezuela, RB",2022,0.003593658,,,,,-74.6737345214109,-92.10597777770384,276.3565,265.6106966666667,,
VEN,"Venezuela, RB",2023,0.001156043,,,,,-73.9084713357919,-78.49266143886314,350.37843,305.4448233333333,,
VGB,British Virgin Islands,1999,0.005431004,,,,,,,,,,
VGB,British Virgin Islands,2000,0.01138045,,,,,,,,,,
VGB,British Virgin Islands,2001,0.002687739,,,,,,,,,,
VGB,British Virgin Islands,2002,0.01150929,,,,,,,,,,
VGB,British Virgin Islands,2003,0.007587499,,,,,,,,,,
VGB,British Virgin Islands,2004,0.01450221,,,,,,,,,,
VGB,British Virgin Islands,2005,0.005369848,,,5.555555,,,,,,,
VGB,British Virgin Islands,2006,0.01452755,,,,,,,,,,
VGB,British Virgin Islands,2007,0.001669672,,,,,,,,,,
VGB,British Virgin Islands,2008,0.001603027,,,6.25,,,,,,,
VGB,British Virgin Islands,2009,0.0007186799,,,8.0,,,,,,,
VGB,British Virgin Islands,2010,,,,,,,,,,,
VGB,British Virgin Islands,2011,,,,,,,,,,,
VGB,British Virgin Islands,2012,,,,,,,,,,,
VGB,British Virgin Islands,2013,,,,,,,,,,,
VGB,British Virgin Islands,2014,,,,,,,,,,,
VGB,British Virgin Islands,2015,0.001183768,,,,,,,,,,
VGB,British Virgin Islands,2016,,,,,,,,,,,
VGB,British Virgin Islands,2017,0.002388151,,,,,,,,,,
VGB,British Virgin Islands,2018,0.001033229,,,,,,,,,,
VGB,British Virgin Islands,2019,0.002790042,,,14.81481,,,,,,,
VGB,British Virgin Islands,2020,0.00226256,,,,,,,,,,
VGB,British Virgin Islands,2021,0.00580383,,,,,,,,,,
VGB,British Virgin Islands,2022,0.002156195,,,,,,,,,,
VGB,British Virgin Islands,2023,,,,,,,,,,,
VNM,Viet Nam,1999,0.002172402,,,,,-29.3495826689748,-25.9119207316859,,,,
VNM,Viet Nam,2000,,,,,,-36.7718113411456,-30.249459013734867,,,,
VNM,Viet Nam,2001,0.001075095,,,,,-33.9882051597439,-33.369866389954765,,,,
VNM,Viet Nam,2002,0.006277792,,,,,-35.8794997443859,-35.546505415091794,,,,
VNM,Viet Nam,2003,0.01130053,0.19273,,,,-32.2772637840966,-34.04832289607547,119.01999,,,
VNM,Viet Nam,2004,0.008701327,,,,,-29.2456635465831,-32.46747569168853,,,0.522297908398363,
VNM,Viet Nam,2005,0.02147939,,,,,-41.123530683475,-34.21548600471823,,,0.500903802133587,
VNM,Viet Nam,2006,0.00621118,,,11.76471,,-41.5631995095119,-37.31079791319,,,0.431399954317775,0.484867221616575
VNM,Viet Nam,2007,0.02421024,,,,,-51.5227736003665,-44.736501264451135,,,0.374433962264151,0.43557923957183764
VNM,Viet Nam,2008,0.01106088,,,,,-42.3103522585646,-45.13210845614767,,,0.35664,0.38749130552730865
VNM,Viet Nam,2009,0.003791892,,,,,-21.8039816938349,-38.545702517588666,,,0.278827160493827,0.33663370758599265
VNM,Viet Nam,2010,0.007580301,,,,,-26.0471052534672,-30.053813068622233,,,0.495138121546961,0.3768684273469294
VNM,Viet Nam,2011,0.02072142,,,,,-12.6270709461704,-20.159385964490834,,,0.383978102189781,0.38598112807685636
VNM,Viet Nam,2012,0.02205152,0.14955,,,,-9.67986967598824,-16.11801529187528,,,0.316412429378531,0.3985095510384243
VNM,Viet Nam,2013,0.01135017,,,,,-11.5275567021365,-11.278165774765048,,,0.311449621654656,0.33728005107432263
VNM,Viet Nam,2014,0.03815747,0.29932,,,,-7.96659861783875,-9.724674998654496,684.84168,,0.265078292185678,0.297646781072955
VNM,Viet Nam,2015,0.0333428,,,,,-0.423015509753411,-6.639056943242887,,,0.244676100680753,0.273734671507029
VNM,Viet Nam,2016,0.03353454,0.35629,,,,8.2509798159245,-0.04621143722255372,681.68167,,0.520616557487684,0.34345698345137166
VNM,Viet Nam,2017,0.03268782,,,19.28572,,16.0161241734677,7.948029493212928,,,0.773617021276596,0.5129698931483443
VNM,Viet Nam,2018,0.04646085,0.41895,,15.76577,,18.9278038893355,14.398302626242566,707.70007,,0.710111302208942,0.6681149603244073
VNM,Viet Nam,2019,0.0195303,,,8.461538,14.504342666666668,26.8530098738827,20.598979312228636,,,0.671184035080108,0.718304119521882
VNM,Viet Nam,2020,0.0324839,0.41652,,,,39.207047800102,28.3292871877734,754.61752,,0.818088183564813,0.7331278402846211
VNM,Viet Nam,2021,0.03956278,,,9.859155,,46.4252856536063,37.49511444253033,,,0.754116915422886,0.7477963780226023
VNM,Viet Nam,2022,0.02414938,0.42494,,7.94702,,33.9749706257745,39.8691013598276,767.88667,,0.690129574597949,0.7541115578618826
VNM,Viet Nam,2023,0.006550908,,,,,33.9991947830939,38.13315035415823,,,0.450963344741015,0.6317366115872833
WSM,Samoa,1999,,,,,,,,,,0.0,0.0
WSM,Samoa,2000,,,,,,,,,,0.0,0.0
WSM,Samoa,2001,,,,,,,,,,0.0,0.0
WSM,Samoa,2002,,,,,,,,,,0.0,0.0
WSM,Samoa,2003,,,,,,,,,,0.0,0.0
WSM,Samoa,2004,,,,100.0,,,,,,0.0,0.0
WSM,Samoa,2005,,,,,,,,,,0.0,0.0
WSM,Samoa,2006,,,,,,,,,,0.22549364633087,0.07516454877695666
WSM,Samoa,2007,,,,,,,,,,0.151428119347298,0.12564058855938934
WSM,Samoa,2008,0.001603027,,,22.22222,,,,,,0.169249053144841,0.18205693960766967
WSM,Samoa,2009,,,,,,,,,,0.157089582320788,0.15925558493764233
WSM,Samoa,2010,,,,,,,,,,0.0,0.10877954515520967
WSM,Samoa,2011,,,,,,,,,,0.0,0.052363194106929335
WSM,Samoa,2012,,,,,,,,,,0.0,0.0
WSM,Samoa,2013,,,,,,,,,,0.0,0.0
WSM,Samoa,2014,,,,,,,,,,0.0,0.0
WSM,Samoa,2015,,,,,,,,,,0.0,0.0
WSM,Samoa,2016,,,,,,,,,,0.0,0.0
WSM,Samoa,2017,,,,,,,,,,0.0,0.0
WSM,Samoa,2018,,,,,,,,,,0.0,0.0
WSM,Samoa,2019,,,,,,,,,,0.0,0.0
WSM,Samoa,2020,,,,,,,,,,0.0,0.0
WSM,Samoa,2021,,,,,,,,,,0.0,0.0
WSM,Samoa,2022,,,,,,,,,,0.0,0.0
WSM,Samoa,2023,,,,,,,,,,0.0,0.0
ZAF,South Africa,1999,0.3117397,,,22.91667,,-21.3419877590172,-24.251393728497003,,,2.12331706048151,1.7687291074920266
ZAF,South Africa,2000,0.245628,,,20.0,20.972223333333332,-27.7774825062417,-25.477562363325063,,,2.06392614023403,1.9441307163268504
ZAF,South Africa,2001,0.3339067,,,,,-29.5244367454808,-26.214635670246565,,,1.86437686660502,2.017206689106853
ZAF,South Africa,2002,0.3871305,0.64224,,6.666667,,-32.8103171353307,-30.037412129017735,299.48395,,1.75753162703633,1.8952782112917934
ZAF,South Africa,2003,0.2260106,,,21.15385,,-36.1697469696271,-32.834833616812865,,,1.57363607510001,1.7318481895804532
ZAF,South Africa,2004,0.232543,0.6765,,4.6875,10.836005666666665,-28.7237571851505,-32.567940430036096,292.80758,,1.55799048898868,1.6297193970416732
ZAF,South Africa,2005,0.273191,0.72681,,,,-22.9970445505187,-29.296849568432098,367.54743,,1.5927297609794,1.5747854416893634
ZAF,South Africa,2006,0.1720601,0.77024,0.7245166666666667,6.17284,,-26.2144747117144,-25.9784254824612,351.38625,337.2470866666667,1.55575483376162,1.5688250279098999
ZAF,South Africa,2007,0.1804359,0.80291,0.7666533333333333,,,-23.4240099319074,-24.211843064713502,373.41244,364.11537333333337,1.53306324742826,1.56051594738976
ZAF,South Africa,2008,0.2016378,0.79364,0.78893,7.792208,,-14.3360040269529,-21.324829556858234,384.41697,369.73855333333336,1.44348476700411,1.5107676160646635
ZAF,South Africa,2009,0.1322029,0.80567,0.8007399999999999,22.78481,,-7.7959520670235,-15.185322008627933,381.59248,379.8072966666667,1.22598144806191,1.40084315416476
ZAF,South Africa,2010,0.1650173,0.74993,0.78308,18.29268,16.289899333333334,-2.21746218763465,-8.116472760537016,384.84932,383.61959,1.36091826334854,1.3434614928048534
ZAF,South Africa,2011,0.1172743,0.66284,0.73948,18.18182,19.753103333333332,-13.6296516132212,-7.881021955959784,359.80904,375.41694666666666,1.52457273984887,1.3704908170864398
ZAF,South Africa,2012,0.1299833,0.66753,0.6934333333333332,10.57692,15.683806666666664,-11.5550577098989,-9.134057170251582,381.96714,375.5418333333333,1.59361046811567,1.4930338237710268
ZAF,South Africa,2013,0.120812,0.66934,0.66657,,,-18.0622557556805,-14.415655026266867,400.95517,380.91045,1.67463262924502,1.5976052790698534
ZAF,South Africa,2014,0.1264211,0.6633,0.6667233333333332,6.790123,,-18.68910274231,-16.102138735963134,430.44849,404.4569333333333,1.72248673018494,1.6635766091818767
ZAF,South Africa,2015,0.1471818,0.70987,0.6808366666666666,9.6,,-12.7792229481547,-16.510193815381733,427.63838,419.68068,1.75221061260671,1.7164433240122232
ZAF,South Africa,2016,0.06356491,0.73147,0.7015466666666667,6.862745,7.7509559999999995,-17.6657935079825,-16.378039732815733,466.56084,441.5492366666667,1.85425409993887,1.77631714757684
ZAF,South Africa,2017,0.0579246,0.74992,0.73042,16.66667,11.043138333333333,-14.3066269248334,-14.917214460323535,481.99586,458.73169333333334,1.84806628726305,1.8181769999362098
ZAF,South Africa,2018,0.08989089,0.76257,0.7479866666666667,9.0,10.843138333333334,-15.4268438091069,-15.7997547473076,516.53674,488.36448,1.93520686562428,1.8791757509420666
ZAF,South Africa,2019,0.07487776,0.68586,0.7327833333333333,8.490566,11.385745333333332,-17.0816213484132,-15.605030694117834,500.79079,499.77446333333336,1.95750553520465,1.91359289603066
ZAF,South Africa,2020,0.08604194,0.61304,0.6871566666666666,11.01695,9.502505333333334,-13.2803829153548,-15.262949357624967,479.86558,499.06437000000005,2.01662178304014,1.9697780612896898
ZAF,South Africa,2021,0.05207326,0.60296,0.6339533333333334,14.28571,11.264408666666666,-19.0992444990468,-16.487082920938267,459.98774,480.2147033333333,1.91830284858102,1.9641433889419366
ZAF,South Africa,2022,0.04779565,0.6139,0.6099666666666667,2.083333,9.128664333333333,-9.88306279514187,-14.087563403181157,454.79773,464.8836833333333,1.98546152493488,1.9734620521853465
ZAF,South Africa,2023,0.06049956,0.61479,0.6105499999999999,5.426357,7.265133333333334,-14.1484249128245,-14.376910735671055,444.16298,452.9828166666667,1.62513656487784,1.84296697946458
