feature,country_code,country_name,year_start,year_end,calendar_year_span,total_years,observed_years,missing_years,missing_share,first_observed_year,last_observed_year,leading_missing_years,internal_missing_years,trailing_missing_years,missingness_pattern
gdp_constant_2015_usd_lag1_3_mean,ABW,Aruba,2007,2007,1,1,1,0,0.0,2007.0,2007.0,0,0,0,complete
gdp_constant_2015_usd_lag1_3_mean,AFG,Afghanistan,2013,2019,7,3,3,0,0.0,2013.0,2019.0,0,0,0,complete
gdp_constant_2015_usd_lag1_3_mean,AGO,Angola,2013,2013,1,1,1,0,0.0,2013.0,2013.0,0,0,0,complete
gdp_constant_2015_usd_lag1_3_mean,ALB,Albania,2001,2023,23,14,14,0,0.0,2001.0,2023.0,0,0,0,complete
gdp_constant_2015_usd_lag1_3_mean,ARE,United Arab Emirates,2000,2023,24,24,24,0,0.0,2000.0,2023.0,0,0,0,complete
gdp_constant_2015_usd_lag1_3_mean,ARG,Argentina,1999,2023,25,25,25,0,0.0,1999.0,2023.0,0,0,0,complete
gdp_constant_2015_usd_lag1_3_mean,ARM,Armenia,1999,2023,25,22,22,0,0.0,1999.0,2023.0,0,0,0,complete
gdp_constant_2015_usd_lag1_3_mean,ATG,Antigua and Barbuda,2017,2023,7,5,5,0,0.0,2017.0,2023.0,0,0,0,complete
gdp_constant_2015_usd_lag1_3_mean,AUS,Australia,1999,2023,25,25,25,0,0.0,1999.0,2023.0,0,0,0,complete
gdp_constant_2015_usd_lag1_3_mean,AUT,Austria,1999,2023,25,25,25,0,0.0,1999.0,2023.0,0,0,0,complete
gdp_constant_2015_usd_lag1_3_mean,AZE,Azerbaijan,1999,2023,25,21,21,0,0.0,1999.0,2023.0,0,0,0,complete
gdp_constant_2015_usd_lag1_3_mean,BEL,Belgium,1999,2023,25,25,25,0,0.0,1999.0,2023.0,0,0,0,complete
gdp_constant_2015_usd_lag1_3_mean,BEN,Benin,2012,2012,1,1,1,0,0.0,2012.0,2012.0,0,0,0,complete
gdp_constant_2015_usd_lag1_3_mean,BFA,Burkina Faso,2008,2023,16,6,6,0,0.0,2008.0,2023.0,0,0,0,complete
gdp_constant_2015_usd_lag1_3_mean,BGD,Bangladesh,2000,2023,24,22,22,0,0.0,2000.0,2023.0,0,0,0,complete
gdp_constant_2015_usd_lag1_3_mean,BGR,Bulgaria,1999,2023,25,25,25,0,0.0,1999.0,2023.0,0,0,0,complete
gdp_constant_2015_usd_lag1_3_mean,BHR,Bahrain,2004,2022,19,9,9,0,0.0,2004.0,2022.0,0,0,0,complete
gdp_constant_2015_usd_lag1_3_mean,BHS,"Bahamas, The",1999,2023,25,17,17,0,0.0,1999.0,2023.0,0,0,0,complete
gdp_constant_2015_usd_lag1_3_mean,BIH,Bosnia and Herzegovina,2002,2022,21,20,20,0,0.0,2002.0,2022.0,0,0,0,complete
gdp_constant_2015_usd_lag1_3_mean,BLR,Belarus,1999,2022,24,24,24,0,0.0,1999.0,2022.0,0,0,0,complete
gdp_constant_2015_usd_lag1_3_mean,BLZ,Belize,2001,2020,20,6,6,0,0.0,2001.0,2020.0,0,0,0,complete
gdp_constant_2015_usd_lag1_3_mean,BOL,Bolivia,2006,2023,18,7,7,0,0.0,2006.0,2023.0,0,0,0,complete
gdp_constant_2015_usd_lag1_3_mean,BRA,Brazil,1999,2023,25,25,25,0,0.0,1999.0,2023.0,0,0,0,complete
gdp_constant_2015_usd_lag1_3_mean,BRN,Brunei Darussalam,2009,2016,8,6,6,0,0.0,2009.0,2016.0,0,0,0,complete
gdp_constant_2015_usd_lag1_3_mean,BTN,Bhutan,2014,2022,9,3,3,0,0.0,2014.0,2022.0,0,0,0,complete
gdp_constant_2015_usd_lag1_3_mean,BWA,Botswana,2001,2019,19,3,3,0,0.0,2001.0,2019.0,0,0,0,complete
gdp_constant_2015_usd_lag1_3_mean,CAF,Central African Republic,2005,2020,16,8,8,0,0.0,2005.0,2020.0,0,0,0,complete
gdp_constant_2015_usd_lag1_3_mean,CAN,Canada,1999,2023,25,25,25,0,0.0,1999.0,2023.0,0,0,0,complete
gdp_constant_2015_usd_lag1_3_mean,CHE,Switzerland,1999,2023,25,25,25,0,0.0,1999.0,2023.0,0,0,0,complete
gdp_constant_2015_usd_lag1_3_mean,CHL,Chile,1999,2023,25,25,25,0,0.0,1999.0,2023.0,0,0,0,complete
gdp_constant_2015_usd_lag1_3_mean,CHN,China,1999,2023,25,25,25,0,0.0,1999.0,2023.0,0,0,0,complete
gdp_constant_2015_usd_lag1_3_mean,CIV,Cote d'Ivoire,2010,2023,14,7,7,0,0.0,2010.0,2023.0,0,0,0,complete
gdp_constant_2015_usd_lag1_3_mean,CMR,Cameroon,2004,2022,19,12,12,0,0.0,2004.0,2022.0,0,0,0,complete
gdp_constant_2015_usd_lag1_3_mean,COG,"Congo, Rep.",2004,2020,17,5,5,0,0.0,2004.0,2020.0,0,0,0,complete
gdp_constant_2015_usd_lag1_3_mean,COL,Colombia,1999,2023,25,25,25,0,0.0,1999.0,2023.0,0,0,0,complete
gdp_constant_2015_usd_lag1_3_mean,CPV,Cabo Verde,2015,2022,8,4,4,0,0.0,2015.0,2022.0,0,0,0,complete
gdp_constant_2015_usd_lag1_3_mean,CRI,Costa Rica,1999,2022,24,18,18,0,0.0,1999.0,2022.0,0,0,0,complete
gdp_constant_2015_usd_lag1_3_mean,CUB,Cuba,2001,2023,23,15,15,0,0.0,2001.0,2023.0,0,0,0,complete
gdp_constant_2015_usd_lag1_3_mean,CYP,Cyprus,1999,2023,25,24,24,0,0.0,1999.0,2023.0,0,0,0,complete
gdp_constant_2015_usd_lag1_3_mean,CZE,Czechia,1999,2023,25,25,25,0,0.0,1999.0,2023.0,0,0,0,complete
gdp_constant_2015_usd_lag1_3_mean,DEU,Germany,1999,2023,25,25,25,0,0.0,1999.0,2023.0,0,0,0,complete
gdp_constant_2015_usd_lag1_3_mean,DJI,Djibouti,2011,2020,10,5,3,2,0.4,2018.0,2020.0,2,0,0,late_start
gdp_constant_2015_usd_lag1_3_mean,DNK,Denmark,1999,2023,25,25,25,0,0.0,1999.0,2023.0,0,0,0,complete
gdp_constant_2015_usd_lag1_3_mean,DOM,Dominican Republic,2000,2021,22,13,13,0,0.0,2000.0,2021.0,0,0,0,complete
gdp_constant_2015_usd_lag1_3_mean,DZA,Algeria,2000,2023,24,24,24,0,0.0,2000.0,2023.0,0,0,0,complete
gdp_constant_2015_usd_lag1_3_mean,ECU,Ecuador,1999,2022,24,19,19,0,0.0,1999.0,2022.0,0,0,0,complete
gdp_constant_2015_usd_lag1_3_mean,EGY,"Egypt, Arab Rep.",1999,2023,25,25,25,0,0.0,1999.0,2023.0,0,0,0,complete
gdp_constant_2015_usd_lag1_3_mean,ERI,Eritrea,2006,2019,14,4,2,2,0.5,2006.0,2008.0,0,0,2,early_end
gdp_constant_2015_usd_lag1_3_mean,ESP,Spain,1999,2023,25,25,25,0,0.0,1999.0,2023.0,0,0,0,complete
gdp_constant_2015_usd_lag1_3_mean,EST,Estonia,2000,2023,24,24,24,0,0.0,2000.0,2023.0,0,0,0,complete
gdp_constant_2015_usd_lag1_3_mean,ETH,Ethiopia,2004,2023,20,19,19,0,0.0,2004.0,2023.0,0,0,0,complete
gdp_constant_2015_usd_lag1_3_mean,FIN,Finland,1999,2023,25,25,25,0,0.0,1999.0,2023.0,0,0,0,complete
gdp_constant_2015_usd_lag1_3_mean,FRA,France,1999,2023,25,25,25,0,0.0,1999.0,2023.0,0,0,0,complete
gdp_constant_2015_usd_lag1_3_mean,FRO,Faroe Islands,2007,2022,16,12,9,3,0.25,2011.0,2022.0,3,0,0,late_start
gdp_constant_2015_usd_lag1_3_mean,GAB,Gabon,2005,2015,11,7,7,0,0.0,2005.0,2015.0,0,0,0,complete
gdp_constant_2015_usd_lag1_3_mean,GBR,United Kingdom,1999,2023,25,25,25,0,0.0,1999.0,2023.0,0,0,0,complete
gdp_constant_2015_usd_lag1_3_mean,GEO,Georgia,1999,2023,25,23,23,0,0.0,1999.0,2023.0,0,0,0,complete
gdp_constant_2015_usd_lag1_3_mean,GHA,Ghana,2003,2023,21,16,16,0,0.0,2003.0,2023.0,0,0,0,complete
gdp_constant_2015_usd_lag1_3_mean,GIN,Guinea,2019,2019,1,1,1,0,0.0,2019.0,2019.0,0,0,0,complete
gdp_constant_2015_usd_lag1_3_mean,GMB,"Gambia, The",2020,2020,1,1,1,0,0.0,2020.0,2020.0,0,0,0,complete
gdp_constant_2015_usd_lag1_3_mean,GNQ,Equatorial Guinea,2002,2002,1,1,1,0,0.0,2002.0,2002.0,0,0,0,complete
gdp_constant_2015_usd_lag1_3_mean,GRC,Greece,1999,2023,25,25,25,0,0.0,1999.0,2023.0,0,0,0,complete
gdp_constant_2015_usd_lag1_3_mean,GRL,Greenland,2011,2014,4,2,2,0,0.0,2011.0,2014.0,0,0,0,complete
gdp_constant_2015_usd_lag1_3_mean,GTM,Guatemala,1999,2023,25,10,10,0,0.0,1999.0,2023.0,0,0,0,complete
gdp_constant_2015_usd_lag1_3_mean,GUY,Guyana,2000,2014,15,6,6,0,0.0,2000.0,2014.0,0,0,0,complete
gdp_constant_2015_usd_lag1_3_mean,HKG,"Hong Kong SAR, China",1999,2023,25,25,25,0,0.0,1999.0,2023.0,0,0,0,complete
gdp_constant_2015_usd_lag1_3_mean,HND,Honduras,2001,2020,20,5,5,0,0.0,2001.0,2020.0,0,0,0,complete
gdp_constant_2015_usd_lag1_3_mean,HRV,Croatia,1999,2023,25,25,25,0,0.0,1999.0,2023.0,0,0,0,complete
gdp_constant_2015_usd_lag1_3_mean,HTI,Haiti,2014,2014,1,1,1,0,0.0,2014.0,2014.0,0,0,0,complete
gdp_constant_2015_usd_lag1_3_mean,HUN,Hungary,1999,2023,25,25,25,0,0.0,1999.0,2023.0,0,0,0,complete
gdp_constant_2015_usd_lag1_3_mean,IDN,Indonesia,1999,2023,25,25,25,0,0.0,1999.0,2023.0,0,0,0,complete
gdp_constant_2015_usd_lag1_3_mean,IND,India,1999,2023,25,25,25,0,0.0,1999.0,2023.0,0,0,0,complete
gdp_constant_2015_usd_lag1_3_mean,IRL,Ireland,1999,2023,25,25,25,0,0.0,1999.0,2023.0,0,0,0,complete
gdp_constant_2015_usd_lag1_3_mean,IRN,"Iran, Islamic Rep.",1999,2023,25,25,25,0,0.0,1999.0,2023.0,0,0,0,complete
gdp_constant_2015_usd_lag1_3_mean,IRQ,Iraq,2003,2023,21,11,11,0,0.0,2003.0,2023.0,0,0,0,complete
gdp_constant_2015_usd_lag1_3_mean,ISL,Iceland,1999,2023,25,24,24,0,0.0,1999.0,2023.0,0,0,0,complete
gdp_constant_2015_usd_lag1_3_mean,ISR,Israel,1999,2023,25,25,25,0,0.0,1999.0,2023.0,0,0,0,complete
gdp_constant_2015_usd_lag1_3_mean,ITA,Italy,1999,2023,25,25,25,0,0.0,1999.0,2023.0,0,0,0,complete
gdp_constant_2015_usd_lag1_3_mean,JOR,Jordan,1999,2023,25,25,25,0,0.0,1999.0,2023.0,0,0,0,complete
gdp_constant_2015_usd_lag1_3_mean,JPN,Japan,1999,2023,25,25,25,0,0.0,1999.0,2023.0,0,0,0,complete
gdp_constant_2015_usd_lag1_3_mean,KAZ,Kazakhstan,1999,2023,25,25,25,0,0.0,1999.0,2023.0,0,0,0,complete
gdp_constant_2015_usd_lag1_3_mean,KEN,Kenya,1999,2023,25,22,22,0,0.0,1999.0,2023.0,0,0,0,complete
gdp_constant_2015_usd_lag1_3_mean,KGZ,Kyrgyz Republic,2009,2021,13,4,4,0,0.0,2009.0,2021.0,0,0,0,complete
gdp_constant_2015_usd_lag1_3_mean,KHM,Cambodia,2008,2021,14,4,4,0,0.0,2008.0,2021.0,0,0,0,complete
gdp_constant_2015_usd_lag1_3_mean,KIR,Kiribati,2011,2011,1,1,1,0,0.0,2011.0,2011.0,0,0,0,complete
gdp_constant_2015_usd_lag1_3_mean,KOR,"Korea, Rep.",1999,2023,25,25,25,0,0.0,1999.0,2023.0,0,0,0,complete
gdp_constant_2015_usd_lag1_3_mean,KWT,Kuwait,2006,2023,18,16,16,0,0.0,2006.0,2023.0,0,0,0,complete
gdp_constant_2015_usd_lag1_3_mean,LAO,Lao PDR,2000,2023,24,6,6,0,0.0,2000.0,2023.0,0,0,0,complete
gdp_constant_2015_usd_lag1_3_mean,LBN,Lebanon,1999,2023,25,24,24,0,0.0,1999.0,2023.0,0,0,0,complete
gdp_constant_2015_usd_lag1_3_mean,LBY,Libya,2009,2021,13,4,4,0,0.0,2009.0,2021.0,0,0,0,complete
gdp_constant_2015_usd_lag1_3_mean,LKA,Sri Lanka,2000,2023,24,24,24,0,0.0,2000.0,2023.0,0,0,0,complete
gdp_constant_2015_usd_lag1_3_mean,LSO,Lesotho,2015,2015,1,1,1,0,0.0,2015.0,2015.0,0,0,0,complete
gdp_constant_2015_usd_lag1_3_mean,LTU,Lithuania,2000,2023,24,24,24,0,0.0,2000.0,2023.0,0,0,0,complete
gdp_constant_2015_usd_lag1_3_mean,LUX,Luxembourg,1999,2023,25,25,25,0,0.0,1999.0,2023.0,0,0,0,complete
gdp_constant_2015_usd_lag1_3_mean,LVA,Latvia,1999,2023,25,22,22,0,0.0,1999.0,2023.0,0,0,0,complete
gdp_constant_2015_usd_lag1_3_mean,MAC,"Macao SAR, China",2009,2022,14,9,9,0,0.0,2009.0,2022.0,0,0,0,complete
gdp_constant_2015_usd_lag1_3_mean,MAR,Morocco,1999,2023,25,25,25,0,0.0,1999.0,2023.0,0,0,0,complete
gdp_constant_2015_usd_lag1_3_mean,MDA,Moldova,2001,2021,21,18,18,0,0.0,2001.0,2021.0,0,0,0,complete
gdp_constant_2015_usd_lag1_3_mean,MDG,Madagascar,2008,2015,8,5,5,0,0.0,2008.0,2015.0,0,0,0,complete
gdp_constant_2015_usd_lag1_3_mean,MDV,Maldives,2011,2011,1,1,1,0,0.0,2011.0,2011.0,0,0,0,complete
gdp_constant_2015_usd_lag1_3_mean,MEX,Mexico,1999,2023,25,25,25,0,0.0,1999.0,2023.0,0,0,0,complete
gdp_constant_2015_usd_lag1_3_mean,MHL,Marshall Islands,2016,2016,1,1,1,0,0.0,2016.0,2016.0,0,0,0,complete
gdp_constant_2015_usd_lag1_3_mean,MKD,North Macedonia,2002,2023,22,12,12,0,0.0,2002.0,2023.0,0,0,0,complete
gdp_constant_2015_usd_lag1_3_mean,MLI,Mali,2005,2019,15,5,5,0,0.0,2005.0,2019.0,0,0,0,complete
gdp_constant_2015_usd_lag1_3_mean,MLT,Malta,2000,2023,24,22,22,0,0.0,2000.0,2023.0,0,0,0,complete
gdp_constant_2015_usd_lag1_3_mean,MNE,Montenegro,2003,2023,21,10,10,0,0.0,2003.0,2023.0,0,0,0,complete
gdp_constant_2015_usd_lag1_3_mean,MNG,Mongolia,2005,2020,16,11,11,0,0.0,2005.0,2020.0,0,0,0,complete
gdp_constant_2015_usd_lag1_3_mean,MOZ,Mozambique,2008,2009,2,2,2,0,0.0,2008.0,2009.0,0,0,0,complete
gdp_constant_2015_usd_lag1_3_mean,MRT,Mauritania,2010,2021,12,6,6,0,0.0,2010.0,2021.0,0,0,0,complete
gdp_constant_2015_usd_lag1_3_mean,MUS,Mauritius,2003,2021,19,14,14,0,0.0,2003.0,2021.0,0,0,0,complete
gdp_constant_2015_usd_lag1_3_mean,MYS,Malaysia,1999,2023,25,25,25,0,0.0,1999.0,2023.0,0,0,0,complete
gdp_constant_2015_usd_lag1_3_mean,NAM,Namibia,2001,2023,23,9,9,0,0.0,2001.0,2023.0,0,0,0,complete
gdp_constant_2015_usd_lag1_3_mean,NCL,New Caledonia,2007,2021,15,8,0,8,1.0,,,8,0,0,all_missing
gdp_constant_2015_usd_lag1_3_mean,NER,Niger,2003,2022,20,10,10,0,0.0,2003.0,2022.0,0,0,0,complete
gdp_constant_2015_usd_lag1_3_mean,NIC,Nicaragua,2011,2011,1,1,1,0,0.0,2011.0,2011.0,0,0,0,complete
gdp_constant_2015_usd_lag1_3_mean,NLD,Netherlands,1999,2023,25,25,25,0,0.0,1999.0,2023.0,0,0,0,complete
gdp_constant_2015_usd_lag1_3_mean,NOR,Norway,1999,2023,25,25,25,0,0.0,1999.0,2023.0,0,0,0,complete
gdp_constant_2015_usd_lag1_3_mean,NPL,Nepal,2000,2022,23,17,17,0,0.0,2000.0,2022.0,0,0,0,complete
gdp_constant_2015_usd_lag1_3_mean,NRU,Nauru,2019,2019,1,1,1,0,0.0,2019.0,2019.0,0,0,0,complete
gdp_constant_2015_usd_lag1_3_mean,NZL,New Zealand,1999,2023,25,25,25,0,0.0,1999.0,2023.0,0,0,0,complete
gdp_constant_2015_usd_lag1_3_mean,OMN,Oman,2003,2022,20,10,10,0,0.0,2003.0,2022.0,0,0,0,complete
gdp_constant_2015_usd_lag1_3_mean,PAK,Pakistan,1999,2023,25,22,22,0,0.0,1999.0,2023.0,0,0,0,complete
gdp_constant_2015_usd_lag1_3_mean,PAN,Panama,2002,2023,22,21,21,0,0.0,2002.0,2023.0,0,0,0,complete
gdp_constant_2015_usd_lag1_3_mean,PER,Peru,1999,2023,25,25,25,0,0.0,1999.0,2023.0,0,0,0,complete
gdp_constant_2015_usd_lag1_3_mean,PHL,Philippines,1999,2023,25,25,25,0,0.0,1999.0,2023.0,0,0,0,complete
gdp_constant_2015_usd_lag1_3_mean,POL,Poland,1999,2023,25,25,25,0,0.0,1999.0,2023.0,0,0,0,complete
gdp_constant_2015_usd_lag1_3_mean,PRI,Puerto Rico (US),2004,2023,20,17,17,0,0.0,2004.0,2023.0,0,0,0,complete
gdp_constant_2015_usd_lag1_3_mean,PRT,Portugal,1999,2023,25,25,25,0,0.0,1999.0,2023.0,0,0,0,complete
gdp_constant_2015_usd_lag1_3_mean,PRY,Paraguay,2003,2021,19,7,7,0,0.0,2003.0,2021.0,0,0,0,complete
gdp_constant_2015_usd_lag1_3_mean,PSE,West Bank and Gaza,2014,2021,8,5,5,0,0.0,2014.0,2021.0,0,0,0,complete
gdp_constant_2015_usd_lag1_3_mean,QAT,Qatar,2005,2023,19,16,16,0,0.0,2005.0,2023.0,0,0,0,complete
gdp_constant_2015_usd_lag1_3_mean,ROU,Romania,1999,2023,25,25,25,0,0.0,1999.0,2023.0,0,0,0,complete
gdp_constant_2015_usd_lag1_3_mean,RUS,Russian Federation,1999,2023,25,25,25,0,0.0,1999.0,2023.0,0,0,0,complete
gdp_constant_2015_usd_lag1_3_mean,RWA,Rwanda,2003,2016,14,3,3,0,0.0,2003.0,2016.0,0,0,0,complete
gdp_constant_2015_usd_lag1_3_mean,SAU,Saudi Arabia,1999,2023,25,25,25,0,0.0,1999.0,2023.0,0,0,0,complete
gdp_constant_2015_usd_lag1_3_mean,SDN,Sudan,2004,2021,18,9,9,0,0.0,2004.0,2021.0,0,0,0,complete
gdp_constant_2015_usd_lag1_3_mean,SEN,Senegal,2001,2019,19,10,10,0,0.0,2001.0,2019.0,0,0,0,complete
gdp_constant_2015_usd_lag1_3_mean,SGP,Singapore,1999,2023,25,25,25,0,0.0,1999.0,2023.0,0,0,0,complete
gdp_constant_2015_usd_lag1_3_mean,SLB,Solomon Islands,2015,2016,2,2,2,0,0.0,2015.0,2016.0,0,0,0,complete
gdp_constant_2015_usd_lag1_3_mean,SLE,Sierra Leone,2001,2019,19,10,10,0,0.0,2001.0,2019.0,0,0,0,complete
gdp_constant_2015_usd_lag1_3_mean,SLV,El Salvador,1999,2023,25,11,11,0,0.0,1999.0,2023.0,0,0,0,complete
gdp_constant_2015_usd_lag1_3_mean,SMR,San Marino,2006,2022,17,6,6,0,0.0,2006.0,2022.0,0,0,0,complete
gdp_constant_2015_usd_lag1_3_mean,SOM,"Somalia, Fed. Rep.",2012,2013,2,2,2,0,0.0,2012.0,2013.0,0,0,0,complete
gdp_constant_2015_usd_lag1_3_mean,SRB,Serbia,2003,2023,21,20,20,0,0.0,2003.0,2023.0,0,0,0,complete
gdp_constant_2015_usd_lag1_3_mean,SUR,Suriname,2009,2009,1,1,1,0,0.0,2009.0,2009.0,0,0,0,complete
gdp_constant_2015_usd_lag1_3_mean,SVK,Slovak Republic,1999,2023,25,25,25,0,0.0,1999.0,2023.0,0,0,0,complete
gdp_constant_2015_usd_lag1_3_mean,SVN,Slovenia,1999,2023,25,25,25,0,0.0,1999.0,2023.0,0,0,0,complete
gdp_constant_2015_usd_lag1_3_mean,SWE,Sweden,1999,2023,25,25,25,0,0.0,1999.0,2023.0,0,0,0,complete
gdp_constant_2015_usd_lag1_3_mean,SWZ,Eswatini,2006,2019,14,6,6,0,0.0,2006.0,2019.0,0,0,0,complete
gdp_constant_2015_usd_lag1_3_mean,SYC,Seychelles,2004,2021,18,9,9,0,0.0,2004.0,2021.0,0,0,0,complete
gdp_constant_2015_usd_lag1_3_mean,SYR,Syrian Arab Republic,1999,2022,24,8,8,0,0.0,1999.0,2022.0,0,0,0,complete
gdp_constant_2015_usd_lag1_3_mean,TCD,Chad,2009,2009,1,1,1,0,0.0,2009.0,2009.0,0,0,0,complete
gdp_constant_2015_usd_lag1_3_mean,TGO,Togo,2007,2015,9,3,3,0,0.0,2007.0,2015.0,0,0,0,complete
gdp_constant_2015_usd_lag1_3_mean,THA,Thailand,1999,2023,25,25,25,0,0.0,1999.0,2023.0,0,0,0,complete
gdp_constant_2015_usd_lag1_3_mean,TJK,Tajikistan,2004,2018,15,3,3,0,0.0,2004.0,2018.0,0,0,0,complete
gdp_constant_2015_usd_lag1_3_mean,TKM,Turkmenistan,2015,2022,8,4,4,0,0.0,2015.0,2022.0,0,0,0,complete
gdp_constant_2015_usd_lag1_3_mean,TON,Tonga,2008,2008,1,1,1,0,0.0,2008.0,2008.0,0,0,0,complete
gdp_constant_2015_usd_lag1_3_mean,TUN,Tunisia,2001,2023,23,22,22,0,0.0,2001.0,2023.0,0,0,0,complete
gdp_constant_2015_usd_lag1_3_mean,TUR,Turkiye,1999,2023,25,25,25,0,0.0,1999.0,2023.0,0,0,0,complete
gdp_constant_2015_usd_lag1_3_mean,TZA,Tanzania,1999,2018,20,7,7,0,0.0,1999.0,2018.0,0,0,0,complete
gdp_constant_2015_usd_lag1_3_mean,UGA,Uganda,2007,2023,17,4,4,0,0.0,2007.0,2023.0,0,0,0,complete
gdp_constant_2015_usd_lag1_3_mean,UKR,Ukraine,1999,2023,25,25,25,0,0.0,1999.0,2023.0,0,0,0,complete
gdp_constant_2015_usd_lag1_3_mean,URY,Uruguay,1999,2022,24,21,21,0,0.0,1999.0,2022.0,0,0,0,complete
gdp_constant_2015_usd_lag1_3_mean,USA,United States,1999,2023,25,25,25,0,0.0,1999.0,2023.0,0,0,0,complete
gdp_constant_2015_usd_lag1_3_mean,UZB,Uzbekistan,1999,2023,25,21,21,0,0.0,1999.0,2023.0,0,0,0,complete
gdp_constant_2015_usd_lag1_3_mean,VEN,"Venezuela, RB",1999,2023,25,24,24,0,0.0,1999.0,2023.0,0,0,0,complete
gdp_constant_2015_usd_lag1_3_mean,VIR,Virgin Islands (U.S.),2017,2017,1,1,1,0,0.0,2017.0,2017.0,0,0,0,complete
gdp_constant_2015_usd_lag1_3_mean,VNM,Viet Nam,1999,2023,25,24,24,0,0.0,1999.0,2023.0,0,0,0,complete
gdp_constant_2015_usd_lag1_3_mean,VUT,Vanuatu,2000,2002,3,2,2,0,0.0,2000.0,2002.0,0,0,0,complete
gdp_constant_2015_usd_lag1_3_mean,WSM,Samoa,2008,2008,1,1,1,0,0.0,2008.0,2008.0,0,0,0,complete
gdp_constant_2015_usd_lag1_3_mean,YEM,"Yemen, Rep.",2003,2019,17,8,8,0,0.0,2003.0,2019.0,0,0,0,complete
gdp_constant_2015_usd_lag1_3_mean,ZAF,South Africa,1999,2023,25,25,25,0,0.0,1999.0,2023.0,0,0,0,complete
gdp_constant_2015_usd_lag1_3_mean,ZMB,Zambia,2009,2018,10,4,4,0,0.0,2009.0,2018.0,0,0,0,complete
gdp_constant_2015_usd_lag1_3_mean,ZWE,Zimbabwe,1999,2023,25,16,16,0,0.0,1999.0,2023.0,0,0,0,complete
renewable_energy_share_lag1_3_mean,ABW,Aruba,2007,2007,1,1,1,0,0.0,2007.0,2007.0,0,0,0,complete
renewable_energy_share_lag1_3_mean,AFG,Afghanistan,2013,2019,7,3,3,0,0.0,2013.0,2019.0,0,0,0,complete
renewable_energy_share_lag1_3_mean,AGO,Angola,2013,2013,1,1,1,0,0.0,2013.0,2013.0,0,0,0,complete
renewable_energy_share_lag1_3_mean,ALB,Albania,2001,2023,23,14,13,1,0.07142857142857142,2001.0,2022.0,0,0,1,early_end
renewable_energy_share_lag1_3_mean,ARE,United Arab Emirates,2000,2023,24,24,23,1,0.041666666666666664,2000.0,2022.0,0,0,1,early_end
renewable_energy_share_lag1_3_mean,ARG,Argentina,1999,2023,25,25,24,1,0.04,1999.0,2022.0,0,0,1,early_end
renewable_energy_share_lag1_3_mean,ARM,Armenia,1999,2023,25,22,21,1,0.045454545454545456,1999.0,2022.0,0,0,1,early_end
renewable_energy_share_lag1_3_mean,ATG,Antigua and Barbuda,2017,2023,7,5,5,0,0.0,2017.0,2023.0,0,0,0,complete
renewable_energy_share_lag1_3_mean,AUS,Australia,1999,2023,25,25,24,1,0.04,1999.0,2022.0,0,0,1,early_end
renewable_energy_share_lag1_3_mean,AUT,Austria,1999,2023,25,25,24,1,0.04,1999.0,2022.0,0,0,1,early_end
renewable_energy_share_lag1_3_mean,AZE,Azerbaijan,1999,2023,25,21,20,1,0.047619047619047616,1999.0,2021.0,0,0,1,early_end
renewable_energy_share_lag1_3_mean,BEL,Belgium,1999,2023,25,25,24,1,0.04,1999.0,2022.0,0,0,1,early_end
renewable_energy_share_lag1_3_mean,BEN,Benin,2012,2012,1,1,1,0,0.0,2012.0,2012.0,0,0,0,complete
renewable_energy_share_lag1_3_mean,BFA,Burkina Faso,2008,2023,16,6,6,0,0.0,2008.0,2023.0,0,0,0,complete
renewable_energy_share_lag1_3_mean,BGD,Bangladesh,2000,2023,24,22,21,1,0.045454545454545456,2000.0,2022.0,0,0,1,early_end
renewable_energy_share_lag1_3_mean,BGR,Bulgaria,1999,2023,25,25,24,1,0.04,1999.0,2022.0,0,0,1,early_end
renewable_energy_share_lag1_3_mean,BHR,Bahrain,2004,2022,19,9,9,0,0.0,2004.0,2022.0,0,0,0,complete
renewable_energy_share_lag1_3_mean,BHS,"Bahamas, The",1999,2023,25,17,17,0,0.0,1999.0,2023.0,0,0,0,complete
renewable_energy_share_lag1_3_mean,BIH,Bosnia and Herzegovina,2002,2022,21,20,20,0,0.0,2002.0,2022.0,0,0,0,complete
renewable_energy_share_lag1_3_mean,BLR,Belarus,1999,2022,24,24,24,0,0.0,1999.0,2022.0,0,0,0,complete
renewable_energy_share_lag1_3_mean,BLZ,Belize,2001,2020,20,6,6,0,0.0,2001.0,2020.0,0,0,0,complete
renewable_energy_share_lag1_3_mean,BOL,Bolivia,2006,2023,18,7,6,1,0.14285714285714285,2006.0,2022.0,0,0,1,early_end
renewable_energy_share_lag1_3_mean,BRA,Brazil,1999,2023,25,25,24,1,0.04,1999.0,2022.0,0,0,1,early_end
renewable_energy_share_lag1_3_mean,BRN,Brunei Darussalam,2009,2016,8,6,6,0,0.0,2009.0,2016.0,0,0,0,complete
renewable_energy_share_lag1_3_mean,BTN,Bhutan,2014,2022,9,3,3,0,0.0,2014.0,2022.0,0,0,0,complete
renewable_energy_share_lag1_3_mean,BWA,Botswana,2001,2019,19,3,3,0,0.0,2001.0,2019.0,0,0,0,complete
renewable_energy_share_lag1_3_mean,CAF,Central African Republic,2005,2020,16,8,8,0,0.0,2005.0,2020.0,0,0,0,complete
renewable_energy_share_lag1_3_mean,CAN,Canada,1999,2023,25,25,24,1,0.04,1999.0,2022.0,0,0,1,early_end
renewable_energy_share_lag1_3_mean,CHE,Switzerland,1999,2023,25,25,24,1,0.04,1999.0,2022.0,0,0,1,early_end
renewable_energy_share_lag1_3_mean,CHL,Chile,1999,2023,25,25,24,1,0.04,1999.0,2022.0,0,0,1,early_end
renewable_energy_share_lag1_3_mean,CHN,China,1999,2023,25,25,24,1,0.04,1999.0,2022.0,0,0,1,early_end
renewable_energy_share_lag1_3_mean,CIV,Cote d'Ivoire,2010,2023,14,7,6,1,0.14285714285714285,2010.0,2022.0,0,0,1,early_end
renewable_energy_share_lag1_3_mean,CMR,Cameroon,2004,2022,19,12,12,0,0.0,2004.0,2022.0,0,0,0,complete
renewable_energy_share_lag1_3_mean,COG,"Congo, Rep.",2004,2020,17,5,5,0,0.0,2004.0,2020.0,0,0,0,complete
renewable_energy_share_lag1_3_mean,COL,Colombia,1999,2023,25,25,24,1,0.04,1999.0,2022.0,0,0,1,early_end
renewable_energy_share_lag1_3_mean,CPV,Cabo Verde,2015,2022,8,4,4,0,0.0,2015.0,2022.0,0,0,0,complete
renewable_energy_share_lag1_3_mean,CRI,Costa Rica,1999,2022,24,18,18,0,0.0,1999.0,2022.0,0,0,0,complete
renewable_energy_share_lag1_3_mean,CUB,Cuba,2001,2023,23,15,14,1,0.06666666666666667,2001.0,2019.0,0,0,1,early_end
renewable_energy_share_lag1_3_mean,CYP,Cyprus,1999,2023,25,24,23,1,0.041666666666666664,1999.0,2022.0,0,0,1,early_end
renewable_energy_share_lag1_3_mean,CZE,Czechia,1999,2023,25,25,24,1,0.04,1999.0,2022.0,0,0,1,early_end
renewable_energy_share_lag1_3_mean,DEU,Germany,1999,2023,25,25,24,1,0.04,1999.0,2022.0,0,0,1,early_end
renewable_energy_share_lag1_3_mean,DJI,Djibouti,2011,2020,10,5,5,0,0.0,2011.0,2020.0,0,0,0,complete
renewable_energy_share_lag1_3_mean,DNK,Denmark,1999,2023,25,25,24,1,0.04,1999.0,2022.0,0,0,1,early_end
renewable_energy_share_lag1_3_mean,DOM,Dominican Republic,2000,2021,22,13,13,0,0.0,2000.0,2021.0,0,0,0,complete
renewable_energy_share_lag1_3_mean,DZA,Algeria,2000,2023,24,24,23,1,0.041666666666666664,2000.0,2022.0,0,0,1,early_end
renewable_energy_share_lag1_3_mean,ECU,Ecuador,1999,2022,24,19,19,0,0.0,1999.0,2022.0,0,0,0,complete
renewable_energy_share_lag1_3_mean,EGY,"Egypt, Arab Rep.",1999,2023,25,25,24,1,0.04,1999.0,2022.0,0,0,1,early_end
renewable_energy_share_lag1_3_mean,ERI,Eritrea,2006,2019,14,4,4,0,0.0,2006.0,2019.0,0,0,0,complete
renewable_energy_share_lag1_3_mean,ESP,Spain,1999,2023,25,25,24,1,0.04,1999.0,2022.0,0,0,1,early_end
renewable_energy_share_lag1_3_mean,EST,Estonia,2000,2023,24,24,23,1,0.041666666666666664,2000.0,2022.0,0,0,1,early_end
renewable_energy_share_lag1_3_mean,ETH,Ethiopia,2004,2023,20,19,18,1,0.05263157894736842,2004.0,2022.0,0,0,1,early_end
renewable_energy_share_lag1_3_mean,FIN,Finland,1999,2023,25,25,24,1,0.04,1999.0,2022.0,0,0,1,early_end
renewable_energy_share_lag1_3_mean,FRA,France,1999,2023,25,25,24,1,0.04,1999.0,2022.0,0,0,1,early_end
renewable_energy_share_lag1_3_mean,FRO,Faroe Islands,2007,2022,16,12,12,0,0.0,2007.0,2022.0,0,0,0,complete
renewable_energy_share_lag1_3_mean,GAB,Gabon,2005,2015,11,7,7,0,0.0,2005.0,2015.0,0,0,0,complete
renewable_energy_share_lag1_3_mean,GBR,United Kingdom,1999,2023,25,25,24,1,0.04,1999.0,2022.0,0,0,1,early_end
renewable_energy_share_lag1_3_mean,GEO,Georgia,1999,2023,25,23,22,1,0.043478260869565216,1999.0,2021.0,0,0,1,early_end
renewable_energy_share_lag1_3_mean,GHA,Ghana,2003,2023,21,16,15,1,0.0625,2003.0,2022.0,0,0,1,early_end
renewable_energy_share_lag1_3_mean,GIN,Guinea,2019,2019,1,1,1,0,0.0,2019.0,2019.0,0,0,0,complete
renewable_energy_share_lag1_3_mean,GMB,"Gambia, The",2020,2020,1,1,1,0,0.0,2020.0,2020.0,0,0,0,complete
renewable_energy_share_lag1_3_mean,GNQ,Equatorial Guinea,2002,2002,1,1,1,0,0.0,2002.0,2002.0,0,0,0,complete
renewable_energy_share_lag1_3_mean,GRC,Greece,1999,2023,25,25,24,1,0.04,1999.0,2022.0,0,0,1,early_end
renewable_energy_share_lag1_3_mean,GRL,Greenland,2011,2014,4,2,2,0,0.0,2011.0,2014.0,0,0,0,complete
renewable_energy_share_lag1_3_mean,GTM,Guatemala,1999,2023,25,10,9,1,0.1,1999.0,2022.0,0,0,1,early_end
renewable_energy_share_lag1_3_mean,GUY,Guyana,2000,2014,15,6,6,0,0.0,2000.0,2014.0,0,0,0,complete
renewable_energy_share_lag1_3_mean,HKG,"Hong Kong SAR, China",1999,2023,25,25,24,1,0.04,1999.0,2022.0,0,0,1,early_end
renewable_energy_share_lag1_3_mean,HND,Honduras,2001,2020,20,5,5,0,0.0,2001.0,2020.0,0,0,0,complete
renewable_energy_share_lag1_3_mean,HRV,Croatia,1999,2023,25,25,24,1,0.04,1999.0,2022.0,0,0,1,early_end
renewable_energy_share_lag1_3_mean,HTI,Haiti,2014,2014,1,1,1,0,0.0,2014.0,2014.0,0,0,0,complete
renewable_energy_share_lag1_3_mean,HUN,Hungary,1999,2023,25,25,24,1,0.04,1999.0,2022.0,0,0,1,early_end
renewable_energy_share_lag1_3_mean,IDN,Indonesia,1999,2023,25,25,24,1,0.04,1999.0,2022.0,0,0,1,early_end
renewable_energy_share_lag1_3_mean,IND,India,1999,2023,25,25,24,1,0.04,1999.0,2022.0,0,0,1,early_end
renewable_energy_share_lag1_3_mean,IRL,Ireland,1999,2023,25,25,24,1,0.04,1999.0,2022.0,0,0,1,early_end
renewable_energy_share_lag1_3_mean,IRN,"Iran, Islamic Rep.",1999,2023,25,25,24,1,0.04,1999.0,2022.0,0,0,1,early_end
renewable_energy_share_lag1_3_mean,IRQ,Iraq,2003,2023,21,11,10,1,0.09090909090909091,2003.0,2022.0,0,0,1,early_end
renewable_energy_share_lag1_3_mean,ISL,Iceland,1999,2023,25,24,23,1,0.041666666666666664,1999.0,2022.0,0,0,1,early_end
renewable_energy_share_lag1_3_mean,ISR,Israel,1999,2023,25,25,24,1,0.04,1999.0,2022.0,0,0,1,early_end
renewable_energy_share_lag1_3_mean,ITA,Italy,1999,2023,25,25,24,1,0.04,1999.0,2022.0,0,0,1,early_end
renewable_energy_share_lag1_3_mean,JOR,Jordan,1999,2023,25,25,24,1,0.04,1999.0,2022.0,0,0,1,early_end
renewable_energy_share_lag1_3_mean,JPN,Japan,1999,2023,25,25,24,1,0.04,1999.0,2022.0,0,0,1,early_end
renewable_energy_share_lag1_3_mean,KAZ,Kazakhstan,1999,2023,25,25,24,1,0.04,1999.0,2022.0,0,0,1,early_end
renewable_energy_share_lag1_3_mean,KEN,Kenya,1999,2023,25,22,21,1,0.045454545454545456,1999.0,2021.0,0,0,1,early_end
renewable_energy_share_lag1_3_mean,KGZ,Kyrgyz Republic,2009,2021,13,4,4,0,0.0,2009.0,2021.0,0,0,0,complete
renewable_energy_share_lag1_3_mean,KHM,Cambodia,2008,2021,14,4,4,0,0.0,2008.0,2021.0,0,0,0,complete
renewable_energy_share_lag1_3_mean,KIR,Kiribati,2011,2011,1,1,1,0,0.0,2011.0,2011.0,0,0,0,complete
renewable_energy_share_lag1_3_mean,KOR,"Korea, Rep.",1999,2023,25,25,24,1,0.04,1999.0,2022.0,0,0,1,early_end
renewable_energy_share_lag1_3_mean,KWT,Kuwait,2006,2023,18,16,15,1,0.0625,2006.0,2022.0,0,0,1,early_end
renewable_energy_share_lag1_3_mean,LAO,Lao PDR,2000,2023,24,6,6,0,0.0,2000.0,2023.0,0,0,0,complete
renewable_energy_share_lag1_3_mean,LBN,Lebanon,1999,2023,25,24,23,1,0.041666666666666664,1999.0,2022.0,0,0,1,early_end
renewable_energy_share_lag1_3_mean,LBY,Libya,2009,2021,13,4,4,0,0.0,2009.0,2021.0,0,0,0,complete
renewable_energy_share_lag1_3_mean,LKA,Sri Lanka,2000,2023,24,24,23,1,0.041666666666666664,2000.0,2022.0,0,0,1,early_end
renewable_energy_share_lag1_3_mean,LSO,Lesotho,2015,2015,1,1,1,0,0.0,2015.0,2015.0,0,0,0,complete
renewable_energy_share_lag1_3_mean,LTU,Lithuania,2000,2023,24,24,23,1,0.041666666666666664,2000.0,2022.0,0,0,1,early_end
renewable_energy_share_lag1_3_mean,LUX,Luxembourg,1999,2023,25,25,24,1,0.04,1999.0,2022.0,0,0,1,early_end
renewable_energy_share_lag1_3_mean,LVA,Latvia,1999,2023,25,22,21,1,0.045454545454545456,1999.0,2022.0,0,0,1,early_end
renewable_energy_share_lag1_3_mean,MAC,"Macao SAR, China",2009,2022,14,9,9,0,0.0,2009.0,2022.0,0,0,0,complete
renewable_energy_share_lag1_3_mean,MAR,Morocco,1999,2023,25,25,24,1,0.04,1999.0,2022.0,0,0,1,early_end
renewable_energy_share_lag1_3_mean,MDA,Moldova,2001,2021,21,18,18,0,0.0,2001.0,2021.0,0,0,0,complete
renewable_energy_share_lag1_3_mean,MDG,Madagascar,2008,2015,8,5,5,0,0.0,2008.0,2015.0,0,0,0,complete
renewable_energy_share_lag1_3_mean,MDV,Maldives,2011,2011,1,1,1,0,0.0,2011.0,2011.0,0,0,0,complete
renewable_energy_share_lag1_3_mean,MEX,Mexico,1999,2023,25,25,24,1,0.04,1999.0,2022.0,0,0,1,early_end
renewable_energy_share_lag1_3_mean,MHL,Marshall Islands,2016,2016,1,1,1,0,0.0,2016.0,2016.0,0,0,0,complete
renewable_energy_share_lag1_3_mean,MKD,North Macedonia,2002,2023,22,12,11,1,0.08333333333333333,2002.0,2022.0,0,0,1,early_end
renewable_energy_share_lag1_3_mean,MLI,Mali,2005,2019,15,5,5,0,0.0,2005.0,2019.0,0,0,0,complete
renewable_energy_share_lag1_3_mean,MLT,Malta,2000,2023,24,22,21,1,0.045454545454545456,2000.0,2022.0,0,0,1,early_end
renewable_energy_share_lag1_3_mean,MNE,Montenegro,2003,2023,21,10,6,4,0.4,2011.0,2021.0,3,0,1,bounded_coverage_window
renewable_energy_share_lag1_3_mean,MNG,Mongolia,2005,2020,16,11,11,0,0.0,2005.0,2020.0,0,0,0,complete
renewable_energy_share_lag1_3_mean,MOZ,Mozambique,2008,2009,2,2,2,0,0.0,2008.0,2009.0,0,0,0,complete
renewable_energy_share_lag1_3_mean,MRT,Mauritania,2010,2021,12,6,6,0,0.0,2010.0,2021.0,0,0,0,complete
renewable_energy_share_lag1_3_mean,MUS,Mauritius,2003,2021,19,14,14,0,0.0,2003.0,2021.0,0,0,0,complete
renewable_energy_share_lag1_3_mean,MYS,Malaysia,1999,2023,25,25,24,1,0.04,1999.0,2022.0,0,0,1,early_end
renewable_energy_share_lag1_3_mean,NAM,Namibia,2001,2023,23,9,8,1,0.1111111111111111,2001.0,2019.0,0,0,1,early_end
renewable_energy_share_lag1_3_mean,NCL,New Caledonia,2007,2021,15,8,8,0,0.0,2007.0,2021.0,0,0,0,complete
renewable_energy_share_lag1_3_mean,NER,Niger,2003,2022,20,10,10,0,0.0,2003.0,2022.0,0,0,0,complete
renewable_energy_share_lag1_3_mean,NIC,Nicaragua,2011,2011,1,1,1,0,0.0,2011.0,2011.0,0,0,0,complete
renewable_energy_share_lag1_3_mean,NLD,Netherlands,1999,2023,25,25,24,1,0.04,1999.0,2022.0,0,0,1,early_end
renewable_energy_share_lag1_3_mean,NOR,Norway,1999,2023,25,25,24,1,0.04,1999.0,2022.0,0,0,1,early_end
renewable_energy_share_lag1_3_mean,NPL,Nepal,2000,2022,23,17,17,0,0.0,2000.0,2022.0,0,0,0,complete
renewable_energy_share_lag1_3_mean,NRU,Nauru,2019,2019,1,1,1,0,0.0,2019.0,2019.0,0,0,0,complete
renewable_energy_share_lag1_3_mean,NZL,New Zealand,1999,2023,25,25,24,1,0.04,1999.0,2022.0,0,0,1,early_end
renewable_energy_share_lag1_3_mean,OMN,Oman,2003,2022,20,10,10,0,0.0,2003.0,2022.0,0,0,0,complete
renewable_energy_share_lag1_3_mean,PAK,Pakistan,1999,2023,25,22,21,1,0.045454545454545456,1999.0,2022.0,0,0,1,early_end
renewable_energy_share_lag1_3_mean,PAN,Panama,2002,2023,22,21,20,1,0.047619047619047616,2002.0,2022.0,0,0,1,early_end
renewable_energy_share_lag1_3_mean,PER,Peru,1999,2023,25,25,24,1,0.04,1999.0,2022.0,0,0,1,early_end
renewable_energy_share_lag1_3_mean,PHL,Philippines,1999,2023,25,25,24,1,0.04,1999.0,2022.0,0,0,1,early_end
renewable_energy_share_lag1_3_mean,POL,Poland,1999,2023,25,25,24,1,0.04,1999.0,2022.0,0,0,1,early_end
renewable_energy_share_lag1_3_mean,PRI,Puerto Rico (US),2004,2023,20,17,17,0,0.0,2004.0,2023.0,0,0,0,complete
renewable_energy_share_lag1_3_mean,PRT,Portugal,1999,2023,25,25,24,1,0.04,1999.0,2022.0,0,0,1,early_end
renewable_energy_share_lag1_3_mean,PRY,Paraguay,2003,2021,19,7,7,0,0.0,2003.0,2021.0,0,0,0,complete
renewable_energy_share_lag1_3_mean,PSE,West Bank and Gaza,2014,2021,8,5,5,0,0.0,2014.0,2021.0,0,0,0,complete
renewable_energy_share_lag1_3_mean,QAT,Qatar,2005,2023,19,16,15,1,0.0625,2005.0,2022.0,0,0,1,early_end
renewable_energy_share_lag1_3_mean,ROU,Romania,1999,2023,25,25,24,1,0.04,1999.0,2022.0,0,0,1,early_end
renewable_energy_share_lag1_3_mean,RUS,Russian Federation,1999,2023,25,25,24,1,0.04,1999.0,2022.0,0,0,1,early_end
renewable_energy_share_lag1_3_mean,RWA,Rwanda,2003,2016,14,3,3,0,0.0,2003.0,2016.0,0,0,0,complete
renewable_energy_share_lag1_3_mean,SAU,Saudi Arabia,1999,2023,25,25,24,1,0.04,1999.0,2022.0,0,0,1,early_end
renewable_energy_share_lag1_3_mean,SDN,Sudan,2004,2021,18,9,9,0,0.0,2004.0,2021.0,0,0,0,complete
renewable_energy_share_lag1_3_mean,SEN,Senegal,2001,2019,19,10,10,0,0.0,2001.0,2019.0,0,0,0,complete
renewable_energy_share_lag1_3_mean,SGP,Singapore,1999,2023,25,25,24,1,0.04,1999.0,2022.0,0,0,1,early_end
renewable_energy_share_lag1_3_mean,SLB,Solomon Islands,2015,2016,2,2,2,0,0.0,2015.0,2016.0,0,0,0,complete
renewable_energy_share_lag1_3_mean,SLE,Sierra Leone,2001,2019,19,10,10,0,0.0,2001.0,2019.0,0,0,0,complete
renewable_energy_share_lag1_3_mean,SLV,El Salvador,1999,2023,25,11,10,1,0.09090909090909091,1999.0,2018.0,0,0,1,early_end
renewable_energy_share_lag1_3_mean,SMR,San Marino,2006,2022,17,6,0,6,1.0,,,6,0,0,all_missing
renewable_energy_share_lag1_3_mean,SOM,"Somalia, Fed. Rep.",2012,2013,2,2,2,0,0.0,2012.0,2013.0,0,0,0,complete
renewable_energy_share_lag1_3_mean,SRB,Serbia,2003,2023,21,20,19,1,0.05,2003.0,2022.0,0,0,1,early_end
renewable_energy_share_lag1_3_mean,SUR,Suriname,2009,2009,1,1,1,0,0.0,2009.0,2009.0,0,0,0,complete
renewable_energy_share_lag1_3_mean,SVK,Slovak Republic,1999,2023,25,25,24,1,0.04,1999.0,2022.0,0,0,1,early_end
renewable_energy_share_lag1_3_mean,SVN,Slovenia,1999,2023,25,25,24,1,0.04,1999.0,2022.0,0,0,1,early_end
renewable_energy_share_lag1_3_mean,SWE,Sweden,1999,2023,25,25,24,1,0.04,1999.0,2022.0,0,0,1,early_end
renewable_energy_share_lag1_3_mean,SWZ,Eswatini,2006,2019,14,6,6,0,0.0,2006.0,2019.0,0,0,0,complete
renewable_energy_share_lag1_3_mean,SYC,Seychelles,2004,2021,18,9,9,0,0.0,2004.0,2021.0,0,0,0,complete
renewable_energy_share_lag1_3_mean,SYR,Syrian Arab Republic,1999,2022,24,8,8,0,0.0,1999.0,2022.0,0,0,0,complete
renewable_energy_share_lag1_3_mean,TCD,Chad,2009,2009,1,1,1,0,0.0,2009.0,2009.0,0,0,0,complete
renewable_energy_share_lag1_3_mean,TGO,Togo,2007,2015,9,3,3,0,0.0,2007.0,2015.0,0,0,0,complete
renewable_energy_share_lag1_3_mean,THA,Thailand,1999,2023,25,25,24,1,0.04,1999.0,2022.0,0,0,1,early_end
renewable_energy_share_lag1_3_mean,TJK,Tajikistan,2004,2018,15,3,3,0,0.0,2004.0,2018.0,0,0,0,complete
renewable_energy_share_lag1_3_mean,TKM,Turkmenistan,2015,2022,8,4,4,0,0.0,2015.0,2022.0,0,0,0,complete
renewable_energy_share_lag1_3_mean,TON,Tonga,2008,2008,1,1,1,0,0.0,2008.0,2008.0,0,0,0,complete
renewable_energy_share_lag1_3_mean,TUN,Tunisia,2001,2023,23,22,21,1,0.045454545454545456,2001.0,2022.0,0,0,1,early_end
renewable_energy_share_lag1_3_mean,TUR,Turkiye,1999,2023,25,25,24,1,0.04,1999.0,2022.0,0,0,1,early_end
renewable_energy_share_lag1_3_mean,TZA,Tanzania,1999,2018,20,7,7,0,0.0,1999.0,2018.0,0,0,0,complete
renewable_energy_share_lag1_3_mean,UGA,Uganda,2007,2023,17,4,4,0,0.0,2007.0,2023.0,0,0,0,complete
renewable_energy_share_lag1_3_mean,UKR,Ukraine,1999,2023,25,25,24,1,0.04,1999.0,2022.0,0,0,1,early_end
renewable_energy_share_lag1_3_mean,URY,Uruguay,1999,2022,24,21,21,0,0.0,1999.0,2022.0,0,0,0,complete
renewable_energy_share_lag1_3_mean,USA,United States,1999,2023,25,25,24,1,0.04,1999.0,2022.0,0,0,1,early_end
renewable_energy_share_lag1_3_mean,UZB,Uzbekistan,1999,2023,25,21,20,1,0.047619047619047616,1999.0,2022.0,0,0,1,early_end
renewable_energy_share_lag1_3_mean,VEN,"Venezuela, RB",1999,2023,25,24,23,1,0.041666666666666664,1999.0,2022.0,0,0,1,early_end
renewable_energy_share_lag1_3_mean,VIR,Virgin Islands (U.S.),2017,2017,1,1,1,0,0.0,2017.0,2017.0,0,0,0,complete
renewable_energy_share_lag1_3_mean,VNM,Viet Nam,1999,2023,25,24,23,1,0.041666666666666664,1999.0,2022.0,0,0,1,early_end
renewable_energy_share_lag1_3_mean,VUT,Vanuatu,2000,2002,3,2,2,0,0.0,2000.0,2002.0,0,0,0,complete
renewable_energy_share_lag1_3_mean,WSM,Samoa,2008,2008,1,1,1,0,0.0,2008.0,2008.0,0,0,0,complete
renewable_energy_share_lag1_3_mean,YEM,"Yemen, Rep.",2003,2019,17,8,8,0,0.0,2003.0,2019.0,0,0,0,complete
renewable_energy_share_lag1_3_mean,ZAF,South Africa,1999,2023,25,25,24,1,0.04,1999.0,2022.0,0,0,1,early_end
renewable_energy_share_lag1_3_mean,ZMB,Zambia,2009,2018,10,4,4,0,0.0,2009.0,2018.0,0,0,0,complete
renewable_energy_share_lag1_3_mean,ZWE,Zimbabwe,1999,2023,25,16,15,1,0.0625,1999.0,2022.0,0,0,1,early_end
wgi_regulatory_quality_lag1_3_mean,ABW,Aruba,2007,2007,1,1,1,0,0.0,2007.0,2007.0,0,0,0,complete
wgi_regulatory_quality_lag1_3_mean,AFG,Afghanistan,2013,2019,7,3,3,0,0.0,2013.0,2019.0,0,0,0,complete
wgi_regulatory_quality_lag1_3_mean,AGO,Angola,2013,2013,1,1,1,0,0.0,2013.0,2013.0,0,0,0,complete
wgi_regulatory_quality_lag1_3_mean,ALB,Albania,2001,2023,23,14,12,2,0.14285714285714285,2007.0,2023.0,2,0,0,late_start
wgi_regulatory_quality_lag1_3_mean,ARE,United Arab Emirates,2000,2023,24,24,19,5,0.20833333333333334,2005.0,2023.0,5,0,0,late_start
wgi_regulatory_quality_lag1_3_mean,ARG,Argentina,1999,2023,25,25,19,6,0.24,2005.0,2023.0,6,0,0,late_start
wgi_regulatory_quality_lag1_3_mean,ARM,Armenia,1999,2023,25,22,18,4,0.18181818181818182,2005.0,2023.0,4,0,0,late_start
wgi_regulatory_quality_lag1_3_mean,ATG,Antigua and Barbuda,2017,2023,7,5,5,0,0.0,2017.0,2023.0,0,0,0,complete
wgi_regulatory_quality_lag1_3_mean,AUS,Australia,1999,2023,25,25,19,6,0.24,2005.0,2023.0,6,0,0,late_start
wgi_regulatory_quality_lag1_3_mean,AUT,Austria,1999,2023,25,25,19,6,0.24,2005.0,2023.0,6,0,0,late_start
wgi_regulatory_quality_lag1_3_mean,AZE,Azerbaijan,1999,2023,25,21,16,5,0.23809523809523808,2005.0,2023.0,5,0,0,late_start
wgi_regulatory_quality_lag1_3_mean,BEL,Belgium,1999,2023,25,25,19,6,0.24,2005.0,2023.0,6,0,0,late_start
wgi_regulatory_quality_lag1_3_mean,BEN,Benin,2012,2012,1,1,1,0,0.0,2012.0,2012.0,0,0,0,complete
wgi_regulatory_quality_lag1_3_mean,BFA,Burkina Faso,2008,2023,16,6,6,0,0.0,2008.0,2023.0,0,0,0,complete
wgi_regulatory_quality_lag1_3_mean,BGD,Bangladesh,2000,2023,24,22,19,3,0.13636363636363635,2005.0,2023.0,3,0,0,late_start
wgi_regulatory_quality_lag1_3_mean,BGR,Bulgaria,1999,2023,25,25,19,6,0.24,2005.0,2023.0,6,0,0,late_start
wgi_regulatory_quality_lag1_3_mean,BHR,Bahrain,2004,2022,19,9,8,1,0.1111111111111111,2005.0,2022.0,1,0,0,late_start
wgi_regulatory_quality_lag1_3_mean,BHS,"Bahamas, The",1999,2023,25,17,11,6,0.35294117647058826,2005.0,2023.0,6,0,0,late_start
wgi_regulatory_quality_lag1_3_mean,BIH,Bosnia and Herzegovina,2002,2022,21,20,17,3,0.15,2005.0,2022.0,3,0,0,late_start
wgi_regulatory_quality_lag1_3_mean,BLR,Belarus,1999,2022,24,24,18,6,0.25,2005.0,2022.0,6,0,0,late_start
wgi_regulatory_quality_lag1_3_mean,BLZ,Belize,2001,2020,20,6,3,3,0.5,2013.0,2020.0,3,0,0,late_start
wgi_regulatory_quality_lag1_3_mean,BOL,Bolivia,2006,2023,18,7,7,0,0.0,2006.0,2023.0,0,0,0,complete
wgi_regulatory_quality_lag1_3_mean,BRA,Brazil,1999,2023,25,25,19,6,0.24,2005.0,2023.0,6,0,0,late_start
wgi_regulatory_quality_lag1_3_mean,BRN,Brunei Darussalam,2009,2016,8,6,6,0,0.0,2009.0,2016.0,0,0,0,complete
wgi_regulatory_quality_lag1_3_mean,BTN,Bhutan,2014,2022,9,3,3,0,0.0,2014.0,2022.0,0,0,0,complete
wgi_regulatory_quality_lag1_3_mean,BWA,Botswana,2001,2019,19,3,2,1,0.3333333333333333,2012.0,2019.0,1,0,0,late_start
wgi_regulatory_quality_lag1_3_mean,CAF,Central African Republic,2005,2020,16,8,8,0,0.0,2005.0,2020.0,0,0,0,complete
wgi_regulatory_quality_lag1_3_mean,CAN,Canada,1999,2023,25,25,19,6,0.24,2005.0,2023.0,6,0,0,late_start
wgi_regulatory_quality_lag1_3_mean,CHE,Switzerland,1999,2023,25,25,19,6,0.24,2005.0,2023.0,6,0,0,late_start
wgi_regulatory_quality_lag1_3_mean,CHL,Chile,1999,2023,25,25,19,6,0.24,2005.0,2023.0,6,0,0,late_start
wgi_regulatory_quality_lag1_3_mean,CHN,China,1999,2023,25,25,19,6,0.24,2005.0,2023.0,6,0,0,late_start
wgi_regulatory_quality_lag1_3_mean,CIV,Cote d'Ivoire,2010,2023,14,7,7,0,0.0,2010.0,2023.0,0,0,0,complete
wgi_regulatory_quality_lag1_3_mean,CMR,Cameroon,2004,2022,19,12,11,1,0.08333333333333333,2008.0,2022.0,1,0,0,late_start
wgi_regulatory_quality_lag1_3_mean,COG,"Congo, Rep.",2004,2020,17,5,4,1,0.2,2008.0,2020.0,1,0,0,late_start
wgi_regulatory_quality_lag1_3_mean,COL,Colombia,1999,2023,25,25,19,6,0.24,2005.0,2023.0,6,0,0,late_start
wgi_regulatory_quality_lag1_3_mean,CPV,Cabo Verde,2015,2022,8,4,4,0,0.0,2015.0,2022.0,0,0,0,complete
wgi_regulatory_quality_lag1_3_mean,CRI,Costa Rica,1999,2022,24,18,14,4,0.2222222222222222,2005.0,2022.0,4,0,0,late_start
wgi_regulatory_quality_lag1_3_mean,CUB,Cuba,2001,2023,23,15,12,3,0.2,2005.0,2023.0,3,0,0,late_start
wgi_regulatory_quality_lag1_3_mean,CYP,Cyprus,1999,2023,25,24,19,5,0.20833333333333334,2005.0,2023.0,5,0,0,late_start
wgi_regulatory_quality_lag1_3_mean,CZE,Czechia,1999,2023,25,25,19,6,0.24,2005.0,2023.0,6,0,0,late_start
wgi_regulatory_quality_lag1_3_mean,DEU,Germany,1999,2023,25,25,19,6,0.24,2005.0,2023.0,6,0,0,late_start
wgi_regulatory_quality_lag1_3_mean,DJI,Djibouti,2011,2020,10,5,5,0,0.0,2011.0,2020.0,0,0,0,complete
wgi_regulatory_quality_lag1_3_mean,DNK,Denmark,1999,2023,25,25,19,6,0.24,2005.0,2023.0,6,0,0,late_start
wgi_regulatory_quality_lag1_3_mean,DOM,Dominican Republic,2000,2021,22,13,12,1,0.07692307692307693,2007.0,2021.0,1,0,0,late_start
wgi_regulatory_quality_lag1_3_mean,DZA,Algeria,2000,2023,24,24,19,5,0.20833333333333334,2005.0,2023.0,5,0,0,late_start
wgi_regulatory_quality_lag1_3_mean,ECU,Ecuador,1999,2022,24,19,16,3,0.15789473684210525,2005.0,2022.0,3,0,0,late_start
wgi_regulatory_quality_lag1_3_mean,EGY,"Egypt, Arab Rep.",1999,2023,25,25,19,6,0.24,2005.0,2023.0,6,0,0,late_start
wgi_regulatory_quality_lag1_3_mean,ERI,Eritrea,2006,2019,14,4,4,0,0.0,2006.0,2019.0,0,0,0,complete
wgi_regulatory_quality_lag1_3_mean,ESP,Spain,1999,2023,25,25,19,6,0.24,2005.0,2023.0,6,0,0,late_start
wgi_regulatory_quality_lag1_3_mean,EST,Estonia,2000,2023,24,24,19,5,0.20833333333333334,2005.0,2023.0,5,0,0,late_start
wgi_regulatory_quality_lag1_3_mean,ETH,Ethiopia,2004,2023,20,19,18,1,0.05263157894736842,2005.0,2023.0,1,0,0,late_start
wgi_regulatory_quality_lag1_3_mean,FIN,Finland,1999,2023,25,25,19,6,0.24,2005.0,2023.0,6,0,0,late_start
wgi_regulatory_quality_lag1_3_mean,FRA,France,1999,2023,25,25,19,6,0.24,2005.0,2023.0,6,0,0,late_start
wgi_regulatory_quality_lag1_3_mean,FRO,Faroe Islands,2007,2022,16,12,0,12,1.0,,,12,0,0,all_missing
wgi_regulatory_quality_lag1_3_mean,GAB,Gabon,2005,2015,11,7,7,0,0.0,2005.0,2015.0,0,0,0,complete
wgi_regulatory_quality_lag1_3_mean,GBR,United Kingdom,1999,2023,25,25,19,6,0.24,2005.0,2023.0,6,0,0,late_start
wgi_regulatory_quality_lag1_3_mean,GEO,Georgia,1999,2023,25,23,18,5,0.21739130434782608,2005.0,2023.0,5,0,0,late_start
wgi_regulatory_quality_lag1_3_mean,GHA,Ghana,2003,2023,21,16,15,1,0.0625,2005.0,2023.0,1,0,0,late_start
wgi_regulatory_quality_lag1_3_mean,GIN,Guinea,2019,2019,1,1,1,0,0.0,2019.0,2019.0,0,0,0,complete
wgi_regulatory_quality_lag1_3_mean,GMB,"Gambia, The",2020,2020,1,1,1,0,0.0,2020.0,2020.0,0,0,0,complete
wgi_regulatory_quality_lag1_3_mean,GNQ,Equatorial Guinea,2002,2002,1,1,0,1,1.0,,,1,0,0,all_missing
wgi_regulatory_quality_lag1_3_mean,GRC,Greece,1999,2023,25,25,19,6,0.24,2005.0,2023.0,6,0,0,late_start
wgi_regulatory_quality_lag1_3_mean,GRL,Greenland,2011,2014,4,2,1,1,0.5,2014.0,2014.0,1,0,0,late_start
wgi_regulatory_quality_lag1_3_mean,GTM,Guatemala,1999,2023,25,10,8,2,0.2,2005.0,2023.0,2,0,0,late_start
wgi_regulatory_quality_lag1_3_mean,GUY,Guyana,2000,2014,15,6,5,1,0.16666666666666666,2006.0,2014.0,1,0,0,late_start
wgi_regulatory_quality_lag1_3_mean,HKG,"Hong Kong SAR, China",1999,2023,25,25,19,6,0.24,2005.0,2023.0,6,0,0,late_start
wgi_regulatory_quality_lag1_3_mean,HND,Honduras,2001,2020,20,5,3,2,0.4,2005.0,2020.0,2,0,0,late_start
wgi_regulatory_quality_lag1_3_mean,HRV,Croatia,1999,2023,25,25,19,6,0.24,2005.0,2023.0,6,0,0,late_start
wgi_regulatory_quality_lag1_3_mean,HTI,Haiti,2014,2014,1,1,1,0,0.0,2014.0,2014.0,0,0,0,complete
wgi_regulatory_quality_lag1_3_mean,HUN,Hungary,1999,2023,25,25,19,6,0.24,2005.0,2023.0,6,0,0,late_start
wgi_regulatory_quality_lag1_3_mean,IDN,Indonesia,1999,2023,25,25,19,6,0.24,2005.0,2023.0,6,0,0,late_start
wgi_regulatory_quality_lag1_3_mean,IND,India,1999,2023,25,25,19,6,0.24,2005.0,2023.0,6,0,0,late_start
wgi_regulatory_quality_lag1_3_mean,IRL,Ireland,1999,2023,25,25,19,6,0.24,2005.0,2023.0,6,0,0,late_start
wgi_regulatory_quality_lag1_3_mean,IRN,"Iran, Islamic Rep.",1999,2023,25,25,19,6,0.24,2005.0,2023.0,6,0,0,late_start
wgi_regulatory_quality_lag1_3_mean,IRQ,Iraq,2003,2023,21,11,10,1,0.09090909090909091,2006.0,2023.0,1,0,0,late_start
wgi_regulatory_quality_lag1_3_mean,ISL,Iceland,1999,2023,25,24,19,5,0.20833333333333334,2005.0,2023.0,5,0,0,late_start
wgi_regulatory_quality_lag1_3_mean,ISR,Israel,1999,2023,25,25,19,6,0.24,2005.0,2023.0,6,0,0,late_start
wgi_regulatory_quality_lag1_3_mean,ITA,Italy,1999,2023,25,25,19,6,0.24,2005.0,2023.0,6,0,0,late_start
wgi_regulatory_quality_lag1_3_mean,JOR,Jordan,1999,2023,25,25,19,6,0.24,2005.0,2023.0,6,0,0,late_start
wgi_regulatory_quality_lag1_3_mean,JPN,Japan,1999,2023,25,25,19,6,0.24,2005.0,2023.0,6,0,0,late_start
wgi_regulatory_quality_lag1_3_mean,KAZ,Kazakhstan,1999,2023,25,25,19,6,0.24,2005.0,2023.0,6,0,0,late_start
wgi_regulatory_quality_lag1_3_mean,KEN,Kenya,1999,2023,25,22,17,5,0.22727272727272727,2005.0,2023.0,5,0,0,late_start
wgi_regulatory_quality_lag1_3_mean,KGZ,Kyrgyz Republic,2009,2021,13,4,4,0,0.0,2009.0,2021.0,0,0,0,complete
wgi_regulatory_quality_lag1_3_mean,KHM,Cambodia,2008,2021,14,4,4,0,0.0,2008.0,2021.0,0,0,0,complete
wgi_regulatory_quality_lag1_3_mean,KIR,Kiribati,2011,2011,1,1,1,0,0.0,2011.0,2011.0,0,0,0,complete
wgi_regulatory_quality_lag1_3_mean,KOR,"Korea, Rep.",1999,2023,25,25,19,6,0.24,2005.0,2023.0,6,0,0,late_start
wgi_regulatory_quality_lag1_3_mean,KWT,Kuwait,2006,2023,18,16,16,0,0.0,2006.0,2023.0,0,0,0,complete
wgi_regulatory_quality_lag1_3_mean,LAO,Lao PDR,2000,2023,24,6,5,1,0.16666666666666666,2011.0,2023.0,1,0,0,late_start
wgi_regulatory_quality_lag1_3_mean,LBN,Lebanon,1999,2023,25,24,19,5,0.20833333333333334,2005.0,2023.0,5,0,0,late_start
wgi_regulatory_quality_lag1_3_mean,LBY,Libya,2009,2021,13,4,4,0,0.0,2009.0,2021.0,0,0,0,complete
wgi_regulatory_quality_lag1_3_mean,LKA,Sri Lanka,2000,2023,24,24,19,5,0.20833333333333334,2005.0,2023.0,5,0,0,late_start
wgi_regulatory_quality_lag1_3_mean,LSO,Lesotho,2015,2015,1,1,1,0,0.0,2015.0,2015.0,0,0,0,complete
wgi_regulatory_quality_lag1_3_mean,LTU,Lithuania,2000,2023,24,24,19,5,0.20833333333333334,2005.0,2023.0,5,0,0,late_start
wgi_regulatory_quality_lag1_3_mean,LUX,Luxembourg,1999,2023,25,25,19,6,0.24,2005.0,2023.0,6,0,0,late_start
wgi_regulatory_quality_lag1_3_mean,LVA,Latvia,1999,2023,25,22,17,5,0.22727272727272727,2006.0,2023.0,5,0,0,late_start
wgi_regulatory_quality_lag1_3_mean,MAC,"Macao SAR, China",2009,2022,14,9,9,0,0.0,2009.0,2022.0,0,0,0,complete
wgi_regulatory_quality_lag1_3_mean,MAR,Morocco,1999,2023,25,25,19,6,0.24,2005.0,2023.0,6,0,0,late_start
wgi_regulatory_quality_lag1_3_mean,MDA,Moldova,2001,2021,21,18,15,3,0.16666666666666666,2005.0,2021.0,3,0,0,late_start
wgi_regulatory_quality_lag1_3_mean,MDG,Madagascar,2008,2015,8,5,5,0,0.0,2008.0,2015.0,0,0,0,complete
wgi_regulatory_quality_lag1_3_mean,MDV,Maldives,2011,2011,1,1,1,0,0.0,2011.0,2011.0,0,0,0,complete
wgi_regulatory_quality_lag1_3_mean,MEX,Mexico,1999,2023,25,25,19,6,0.24,2005.0,2023.0,6,0,0,late_start
wgi_regulatory_quality_lag1_3_mean,MHL,Marshall Islands,2016,2016,1,1,1,0,0.0,2016.0,2016.0,0,0,0,complete
wgi_regulatory_quality_lag1_3_mean,MKD,North Macedonia,2002,2023,22,12,10,2,0.16666666666666666,2005.0,2023.0,2,0,0,late_start
wgi_regulatory_quality_lag1_3_mean,MLI,Mali,2005,2019,15,5,5,0,0.0,2005.0,2019.0,0,0,0,complete
wgi_regulatory_quality_lag1_3_mean,MLT,Malta,2000,2023,24,22,19,3,0.13636363636363635,2005.0,2023.0,3,0,0,late_start
wgi_regulatory_quality_lag1_3_mean,MNE,Montenegro,2003,2023,21,10,7,3,0.3,2011.0,2023.0,3,0,0,late_start
wgi_regulatory_quality_lag1_3_mean,MNG,Mongolia,2005,2020,16,11,11,0,0.0,2005.0,2020.0,0,0,0,complete
wgi_regulatory_quality_lag1_3_mean,MOZ,Mozambique,2008,2009,2,2,2,0,0.0,2008.0,2009.0,0,0,0,complete
wgi_regulatory_quality_lag1_3_mean,MRT,Mauritania,2010,2021,12,6,6,0,0.0,2010.0,2021.0,0,0,0,complete
wgi_regulatory_quality_lag1_3_mean,MUS,Mauritius,2003,2021,19,14,13,1,0.07142857142857142,2005.0,2021.0,1,0,0,late_start
wgi_regulatory_quality_lag1_3_mean,MYS,Malaysia,1999,2023,25,25,19,6,0.24,2005.0,2023.0,6,0,0,late_start
wgi_regulatory_quality_lag1_3_mean,NAM,Namibia,2001,2023,23,9,8,1,0.1111111111111111,2011.0,2023.0,1,0,0,late_start
wgi_regulatory_quality_lag1_3_mean,NCL,New Caledonia,2007,2021,15,8,0,8,1.0,,,8,0,0,all_missing
wgi_regulatory_quality_lag1_3_mean,NER,Niger,2003,2022,20,10,9,1,0.1,2006.0,2022.0,1,0,0,late_start
wgi_regulatory_quality_lag1_3_mean,NIC,Nicaragua,2011,2011,1,1,1,0,0.0,2011.0,2011.0,0,0,0,complete
wgi_regulatory_quality_lag1_3_mean,NLD,Netherlands,1999,2023,25,25,19,6,0.24,2005.0,2023.0,6,0,0,late_start
wgi_regulatory_quality_lag1_3_mean,NOR,Norway,1999,2023,25,25,19,6,0.24,2005.0,2023.0,6,0,0,late_start
wgi_regulatory_quality_lag1_3_mean,NPL,Nepal,2000,2022,23,17,16,1,0.058823529411764705,2006.0,2022.0,1,0,0,late_start
wgi_regulatory_quality_lag1_3_mean,NRU,Nauru,2019,2019,1,1,1,0,0.0,2019.0,2019.0,0,0,0,complete
wgi_regulatory_quality_lag1_3_mean,NZL,New Zealand,1999,2023,25,25,19,6,0.24,2005.0,2023.0,6,0,0,late_start
wgi_regulatory_quality_lag1_3_mean,OMN,Oman,2003,2022,20,10,8,2,0.2,2012.0,2022.0,2,0,0,late_start
wgi_regulatory_quality_lag1_3_mean,PAK,Pakistan,1999,2023,25,22,19,3,0.13636363636363635,2005.0,2023.0,3,0,0,late_start
wgi_regulatory_quality_lag1_3_mean,PAN,Panama,2002,2023,22,21,18,3,0.14285714285714285,2005.0,2023.0,3,0,0,late_start
wgi_regulatory_quality_lag1_3_mean,PER,Peru,1999,2023,25,25,19,6,0.24,2005.0,2023.0,6,0,0,late_start
wgi_regulatory_quality_lag1_3_mean,PHL,Philippines,1999,2023,25,25,19,6,0.24,2005.0,2023.0,6,0,0,late_start
wgi_regulatory_quality_lag1_3_mean,POL,Poland,1999,2023,25,25,19,6,0.24,2005.0,2023.0,6,0,0,late_start
wgi_regulatory_quality_lag1_3_mean,PRI,Puerto Rico (US),2004,2023,20,17,16,1,0.058823529411764705,2005.0,2023.0,1,0,0,late_start
wgi_regulatory_quality_lag1_3_mean,PRT,Portugal,1999,2023,25,25,19,6,0.24,2005.0,2023.0,6,0,0,late_start
wgi_regulatory_quality_lag1_3_mean,PRY,Paraguay,2003,2021,19,7,6,1,0.14285714285714285,2006.0,2021.0,1,0,0,late_start
wgi_regulatory_quality_lag1_3_mean,PSE,West Bank and Gaza,2014,2021,8,5,5,0,0.0,2014.0,2021.0,0,0,0,complete
wgi_regulatory_quality_lag1_3_mean,QAT,Qatar,2005,2023,19,16,16,0,0.0,2005.0,2023.0,0,0,0,complete
wgi_regulatory_quality_lag1_3_mean,ROU,Romania,1999,2023,25,25,19,6,0.24,2005.0,2023.0,6,0,0,late_start
wgi_regulatory_quality_lag1_3_mean,RUS,Russian Federation,1999,2023,25,25,19,6,0.24,2005.0,2023.0,6,0,0,late_start
wgi_regulatory_quality_lag1_3_mean,RWA,Rwanda,2003,2016,14,3,1,2,0.6666666666666666,2016.0,2016.0,2,0,0,late_start
wgi_regulatory_quality_lag1_3_mean,SAU,Saudi Arabia,1999,2023,25,25,19,6,0.24,2005.0,2023.0,6,0,0,late_start
wgi_regulatory_quality_lag1_3_mean,SDN,Sudan,2004,2021,18,9,8,1,0.1111111111111111,2005.0,2021.0,1,0,0,late_start
wgi_regulatory_quality_lag1_3_mean,SEN,Senegal,2001,2019,19,10,8,2,0.2,2008.0,2019.0,2,0,0,late_start
wgi_regulatory_quality_lag1_3_mean,SGP,Singapore,1999,2023,25,25,19,6,0.24,2005.0,2023.0,6,0,0,late_start
wgi_regulatory_quality_lag1_3_mean,SLB,Solomon Islands,2015,2016,2,2,2,0,0.0,2015.0,2016.0,0,0,0,complete
wgi_regulatory_quality_lag1_3_mean,SLE,Sierra Leone,2001,2019,19,10,6,4,0.4,2007.0,2019.0,4,0,0,late_start
wgi_regulatory_quality_lag1_3_mean,SLV,El Salvador,1999,2023,25,11,6,5,0.45454545454545453,2008.0,2023.0,5,0,0,late_start
wgi_regulatory_quality_lag1_3_mean,SMR,San Marino,2006,2022,17,6,1,5,0.8333333333333334,2022.0,2022.0,5,0,0,late_start
wgi_regulatory_quality_lag1_3_mean,SOM,"Somalia, Fed. Rep.",2012,2013,2,2,2,0,0.0,2012.0,2013.0,0,0,0,complete
wgi_regulatory_quality_lag1_3_mean,SRB,Serbia,2003,2023,21,20,18,2,0.1,2006.0,2023.0,2,0,0,late_start
wgi_regulatory_quality_lag1_3_mean,SUR,Suriname,2009,2009,1,1,1,0,0.0,2009.0,2009.0,0,0,0,complete
wgi_regulatory_quality_lag1_3_mean,SVK,Slovak Republic,1999,2023,25,25,19,6,0.24,2005.0,2023.0,6,0,0,late_start
wgi_regulatory_quality_lag1_3_mean,SVN,Slovenia,1999,2023,25,25,19,6,0.24,2005.0,2023.0,6,0,0,late_start
wgi_regulatory_quality_lag1_3_mean,SWE,Sweden,1999,2023,25,25,19,6,0.24,2005.0,2023.0,6,0,0,late_start
wgi_regulatory_quality_lag1_3_mean,SWZ,Eswatini,2006,2019,14,6,6,0,0.0,2006.0,2019.0,0,0,0,complete
wgi_regulatory_quality_lag1_3_mean,SYC,Seychelles,2004,2021,18,9,8,1,0.1111111111111111,2005.0,2021.0,1,0,0,late_start
wgi_regulatory_quality_lag1_3_mean,SYR,Syrian Arab Republic,1999,2022,24,8,6,2,0.25,2005.0,2022.0,2,0,0,late_start
wgi_regulatory_quality_lag1_3_mean,TCD,Chad,2009,2009,1,1,1,0,0.0,2009.0,2009.0,0,0,0,complete
wgi_regulatory_quality_lag1_3_mean,TGO,Togo,2007,2015,9,3,3,0,0.0,2007.0,2015.0,0,0,0,complete
wgi_regulatory_quality_lag1_3_mean,THA,Thailand,1999,2023,25,25,19,6,0.24,2005.0,2023.0,6,0,0,late_start
wgi_regulatory_quality_lag1_3_mean,TJK,Tajikistan,2004,2018,15,3,2,1,0.3333333333333333,2005.0,2018.0,1,0,0,late_start
wgi_regulatory_quality_lag1_3_mean,TKM,Turkmenistan,2015,2022,8,4,4,0,0.0,2015.0,2022.0,0,0,0,complete
wgi_regulatory_quality_lag1_3_mean,TON,Tonga,2008,2008,1,1,1,0,0.0,2008.0,2008.0,0,0,0,complete
wgi_regulatory_quality_lag1_3_mean,TUN,Tunisia,2001,2023,23,22,19,3,0.13636363636363635,2005.0,2023.0,3,0,0,late_start
wgi_regulatory_quality_lag1_3_mean,TUR,Turkiye,1999,2023,25,25,19,6,0.24,2005.0,2023.0,6,0,0,late_start
wgi_regulatory_quality_lag1_3_mean,TZA,Tanzania,1999,2018,20,7,6,1,0.14285714285714285,2006.0,2018.0,1,0,0,late_start
wgi_regulatory_quality_lag1_3_mean,UGA,Uganda,2007,2023,17,4,4,0,0.0,2007.0,2023.0,0,0,0,complete
wgi_regulatory_quality_lag1_3_mean,UKR,Ukraine,1999,2023,25,25,19,6,0.24,2005.0,2023.0,6,0,0,late_start
wgi_regulatory_quality_lag1_3_mean,URY,Uruguay,1999,2022,24,21,16,5,0.23809523809523808,2005.0,2022.0,5,0,0,late_start
wgi_regulatory_quality_lag1_3_mean,USA,United States,1999,2023,25,25,19,6,0.24,2005.0,2023.0,6,0,0,late_start
wgi_regulatory_quality_lag1_3_mean,UZB,Uzbekistan,1999,2023,25,21,15,6,0.2857142857142857,2005.0,2023.0,6,0,0,late_start
wgi_regulatory_quality_lag1_3_mean,VEN,"Venezuela, RB",1999,2023,25,24,18,6,0.25,2005.0,2023.0,6,0,0,late_start
wgi_regulatory_quality_lag1_3_mean,VIR,Virgin Islands (U.S.),2017,2017,1,1,1,0,0.0,2017.0,2017.0,0,0,0,complete
wgi_regulatory_quality_lag1_3_mean,VNM,Viet Nam,1999,2023,25,24,19,5,0.20833333333333334,2005.0,2023.0,5,0,0,late_start
wgi_regulatory_quality_lag1_3_mean,VUT,Vanuatu,2000,2002,3,2,0,2,1.0,,,2,0,0,all_missing
wgi_regulatory_quality_lag1_3_mean,WSM,Samoa,2008,2008,1,1,1,0,0.0,2008.0,2008.0,0,0,0,complete
wgi_regulatory_quality_lag1_3_mean,YEM,"Yemen, Rep.",2003,2019,17,8,7,1,0.125,2008.0,2019.0,1,0,0,late_start
wgi_regulatory_quality_lag1_3_mean,ZAF,South Africa,1999,2023,25,25,19,6,0.24,2005.0,2023.0,6,0,0,late_start
wgi_regulatory_quality_lag1_3_mean,ZMB,Zambia,2009,2018,10,4,4,0,0.0,2009.0,2018.0,0,0,0,complete
wgi_regulatory_quality_lag1_3_mean,ZWE,Zimbabwe,1999,2023,25,16,13,3,0.1875,2005.0,2023.0,3,0,0,late_start
co2_per_capita_ar5_lag1_3_mean,ABW,Aruba,2007,2007,1,1,1,0,0.0,2007.0,2007.0,0,0,0,complete
co2_per_capita_ar5_lag1_3_mean,AFG,Afghanistan,2013,2019,7,3,3,0,0.0,2013.0,2019.0,0,0,0,complete
co2_per_capita_ar5_lag1_3_mean,AGO,Angola,2013,2013,1,1,1,0,0.0,2013.0,2013.0,0,0,0,complete
co2_per_capita_ar5_lag1_3_mean,ALB,Albania,2001,2023,23,14,14,0,0.0,2001.0,2023.0,0,0,0,complete
co2_per_capita_ar5_lag1_3_mean,ARE,United Arab Emirates,2000,2023,24,24,24,0,0.0,2000.0,2023.0,0,0,0,complete
co2_per_capita_ar5_lag1_3_mean,ARG,Argentina,1999,2023,25,25,25,0,0.0,1999.0,2023.0,0,0,0,complete
co2_per_capita_ar5_lag1_3_mean,ARM,Armenia,1999,2023,25,22,22,0,0.0,1999.0,2023.0,0,0,0,complete
co2_per_capita_ar5_lag1_3_mean,ATG,Antigua and Barbuda,2017,2023,7,5,5,0,0.0,2017.0,2023.0,0,0,0,complete
co2_per_capita_ar5_lag1_3_mean,AUS,Australia,1999,2023,25,25,25,0,0.0,1999.0,2023.0,0,0,0,complete
co2_per_capita_ar5_lag1_3_mean,AUT,Austria,1999,2023,25,25,25,0,0.0,1999.0,2023.0,0,0,0,complete
co2_per_capita_ar5_lag1_3_mean,AZE,Azerbaijan,1999,2023,25,21,21,0,0.0,1999.0,2023.0,0,0,0,complete
co2_per_capita_ar5_lag1_3_mean,BEL,Belgium,1999,2023,25,25,25,0,0.0,1999.0,2023.0,0,0,0,complete
co2_per_capita_ar5_lag1_3_mean,BEN,Benin,2012,2012,1,1,1,0,0.0,2012.0,2012.0,0,0,0,complete
co2_per_capita_ar5_lag1_3_mean,BFA,Burkina Faso,2008,2023,16,6,6,0,0.0,2008.0,2023.0,0,0,0,complete
co2_per_capita_ar5_lag1_3_mean,BGD,Bangladesh,2000,2023,24,22,22,0,0.0,2000.0,2023.0,0,0,0,complete
co2_per_capita_ar5_lag1_3_mean,BGR,Bulgaria,1999,2023,25,25,25,0,0.0,1999.0,2023.0,0,0,0,complete
co2_per_capita_ar5_lag1_3_mean,BHR,Bahrain,2004,2022,19,9,9,0,0.0,2004.0,2022.0,0,0,0,complete
co2_per_capita_ar5_lag1_3_mean,BHS,"Bahamas, The",1999,2023,25,17,17,0,0.0,1999.0,2023.0,0,0,0,complete
co2_per_capita_ar5_lag1_3_mean,BIH,Bosnia and Herzegovina,2002,2022,21,20,20,0,0.0,2002.0,2022.0,0,0,0,complete
co2_per_capita_ar5_lag1_3_mean,BLR,Belarus,1999,2022,24,24,24,0,0.0,1999.0,2022.0,0,0,0,complete
co2_per_capita_ar5_lag1_3_mean,BLZ,Belize,2001,2020,20,6,6,0,0.0,2001.0,2020.0,0,0,0,complete
co2_per_capita_ar5_lag1_3_mean,BOL,Bolivia,2006,2023,18,7,7,0,0.0,2006.0,2023.0,0,0,0,complete
co2_per_capita_ar5_lag1_3_mean,BRA,Brazil,1999,2023,25,25,25,0,0.0,1999.0,2023.0,0,0,0,complete
co2_per_capita_ar5_lag1_3_mean,BRN,Brunei Darussalam,2009,2016,8,6,6,0,0.0,2009.0,2016.0,0,0,0,complete
co2_per_capita_ar5_lag1_3_mean,BTN,Bhutan,2014,2022,9,3,3,0,0.0,2014.0,2022.0,0,0,0,complete
co2_per_capita_ar5_lag1_3_mean,BWA,Botswana,2001,2019,19,3,3,0,0.0,2001.0,2019.0,0,0,0,complete
co2_per_capita_ar5_lag1_3_mean,CAF,Central African Republic,2005,2020,16,8,8,0,0.0,2005.0,2020.0,0,0,0,complete
co2_per_capita_ar5_lag1_3_mean,CAN,Canada,1999,2023,25,25,25,0,0.0,1999.0,2023.0,0,0,0,complete
co2_per_capita_ar5_lag1_3_mean,CHE,Switzerland,1999,2023,25,25,25,0,0.0,1999.0,2023.0,0,0,0,complete
co2_per_capita_ar5_lag1_3_mean,CHL,Chile,1999,2023,25,25,25,0,0.0,1999.0,2023.0,0,0,0,complete
co2_per_capita_ar5_lag1_3_mean,CHN,China,1999,2023,25,25,25,0,0.0,1999.0,2023.0,0,0,0,complete
co2_per_capita_ar5_lag1_3_mean,CIV,Cote d'Ivoire,2010,2023,14,7,7,0,0.0,2010.0,2023.0,0,0,0,complete
co2_per_capita_ar5_lag1_3_mean,CMR,Cameroon,2004,2022,19,12,12,0,0.0,2004.0,2022.0,0,0,0,complete
co2_per_capita_ar5_lag1_3_mean,COG,"Congo, Rep.",2004,2020,17,5,5,0,0.0,2004.0,2020.0,0,0,0,complete
co2_per_capita_ar5_lag1_3_mean,COL,Colombia,1999,2023,25,25,25,0,0.0,1999.0,2023.0,0,0,0,complete
co2_per_capita_ar5_lag1_3_mean,CPV,Cabo Verde,2015,2022,8,4,4,0,0.0,2015.0,2022.0,0,0,0,complete
co2_per_capita_ar5_lag1_3_mean,CRI,Costa Rica,1999,2022,24,18,18,0,0.0,1999.0,2022.0,0,0,0,complete
co2_per_capita_ar5_lag1_3_mean,CUB,Cuba,2001,2023,23,15,15,0,0.0,2001.0,2023.0,0,0,0,complete
co2_per_capita_ar5_lag1_3_mean,CYP,Cyprus,1999,2023,25,24,24,0,0.0,1999.0,2023.0,0,0,0,complete
co2_per_capita_ar5_lag1_3_mean,CZE,Czechia,1999,2023,25,25,25,0,0.0,1999.0,2023.0,0,0,0,complete
co2_per_capita_ar5_lag1_3_mean,DEU,Germany,1999,2023,25,25,25,0,0.0,1999.0,2023.0,0,0,0,complete
co2_per_capita_ar5_lag1_3_mean,DJI,Djibouti,2011,2020,10,5,5,0,0.0,2011.0,2020.0,0,0,0,complete
co2_per_capita_ar5_lag1_3_mean,DNK,Denmark,1999,2023,25,25,25,0,0.0,1999.0,2023.0,0,0,0,complete
co2_per_capita_ar5_lag1_3_mean,DOM,Dominican Republic,2000,2021,22,13,13,0,0.0,2000.0,2021.0,0,0,0,complete
co2_per_capita_ar5_lag1_3_mean,DZA,Algeria,2000,2023,24,24,24,0,0.0,2000.0,2023.0,0,0,0,complete
co2_per_capita_ar5_lag1_3_mean,ECU,Ecuador,1999,2022,24,19,19,0,0.0,1999.0,2022.0,0,0,0,complete
co2_per_capita_ar5_lag1_3_mean,EGY,"Egypt, Arab Rep.",1999,2023,25,25,25,0,0.0,1999.0,2023.0,0,0,0,complete
co2_per_capita_ar5_lag1_3_mean,ERI,Eritrea,2006,2019,14,4,4,0,0.0,2006.0,2019.0,0,0,0,complete
co2_per_capita_ar5_lag1_3_mean,ESP,Spain,1999,2023,25,25,25,0,0.0,1999.0,2023.0,0,0,0,complete
co2_per_capita_ar5_lag1_3_mean,EST,Estonia,2000,2023,24,24,24,0,0.0,2000.0,2023.0,0,0,0,complete
co2_per_capita_ar5_lag1_3_mean,ETH,Ethiopia,2004,2023,20,19,19,0,0.0,2004.0,2023.0,0,0,0,complete
co2_per_capita_ar5_lag1_3_mean,FIN,Finland,1999,2023,25,25,25,0,0.0,1999.0,2023.0,0,0,0,complete
co2_per_capita_ar5_lag1_3_mean,FRA,France,1999,2023,25,25,25,0,0.0,1999.0,2023.0,0,0,0,complete
co2_per_capita_ar5_lag1_3_mean,FRO,Faroe Islands,2007,2022,16,12,12,0,0.0,2007.0,2022.0,0,0,0,complete
co2_per_capita_ar5_lag1_3_mean,GAB,Gabon,2005,2015,11,7,7,0,0.0,2005.0,2015.0,0,0,0,complete
co2_per_capita_ar5_lag1_3_mean,GBR,United Kingdom,1999,2023,25,25,25,0,0.0,1999.0,2023.0,0,0,0,complete
co2_per_capita_ar5_lag1_3_mean,GEO,Georgia,1999,2023,25,23,23,0,0.0,1999.0,2023.0,0,0,0,complete
co2_per_capita_ar5_lag1_3_mean,GHA,Ghana,2003,2023,21,16,16,0,0.0,2003.0,2023.0,0,0,0,complete
co2_per_capita_ar5_lag1_3_mean,GIN,Guinea,2019,2019,1,1,1,0,0.0,2019.0,2019.0,0,0,0,complete
co2_per_capita_ar5_lag1_3_mean,GMB,"Gambia, The",2020,2020,1,1,1,0,0.0,2020.0,2020.0,0,0,0,complete
co2_per_capita_ar5_lag1_3_mean,GNQ,Equatorial Guinea,2002,2002,1,1,1,0,0.0,2002.0,2002.0,0,0,0,complete
co2_per_capita_ar5_lag1_3_mean,GRC,Greece,1999,2023,25,25,25,0,0.0,1999.0,2023.0,0,0,0,complete
co2_per_capita_ar5_lag1_3_mean,GRL,Greenland,2011,2014,4,2,2,0,0.0,2011.0,2014.0,0,0,0,complete
co2_per_capita_ar5_lag1_3_mean,GTM,Guatemala,1999,2023,25,10,10,0,0.0,1999.0,2023.0,0,0,0,complete
co2_per_capita_ar5_lag1_3_mean,GUY,Guyana,2000,2014,15,6,6,0,0.0,2000.0,2014.0,0,0,0,complete
co2_per_capita_ar5_lag1_3_mean,HKG,"Hong Kong SAR, China",1999,2023,25,25,25,0,0.0,1999.0,2023.0,0,0,0,complete
co2_per_capita_ar5_lag1_3_mean,HND,Honduras,2001,2020,20,5,5,0,0.0,2001.0,2020.0,0,0,0,complete
co2_per_capita_ar5_lag1_3_mean,HRV,Croatia,1999,2023,25,25,25,0,0.0,1999.0,2023.0,0,0,0,complete
co2_per_capita_ar5_lag1_3_mean,HTI,Haiti,2014,2014,1,1,1,0,0.0,2014.0,2014.0,0,0,0,complete
co2_per_capita_ar5_lag1_3_mean,HUN,Hungary,1999,2023,25,25,25,0,0.0,1999.0,2023.0,0,0,0,complete
co2_per_capita_ar5_lag1_3_mean,IDN,Indonesia,1999,2023,25,25,25,0,0.0,1999.0,2023.0,0,0,0,complete
co2_per_capita_ar5_lag1_3_mean,IND,India,1999,2023,25,25,25,0,0.0,1999.0,2023.0,0,0,0,complete
co2_per_capita_ar5_lag1_3_mean,IRL,Ireland,1999,2023,25,25,25,0,0.0,1999.0,2023.0,0,0,0,complete
co2_per_capita_ar5_lag1_3_mean,IRN,"Iran, Islamic Rep.",1999,2023,25,25,25,0,0.0,1999.0,2023.0,0,0,0,complete
co2_per_capita_ar5_lag1_3_mean,IRQ,Iraq,2003,2023,21,11,11,0,0.0,2003.0,2023.0,0,0,0,complete
co2_per_capita_ar5_lag1_3_mean,ISL,Iceland,1999,2023,25,24,24,0,0.0,1999.0,2023.0,0,0,0,complete
co2_per_capita_ar5_lag1_3_mean,ISR,Israel,1999,2023,25,25,25,0,0.0,1999.0,2023.0,0,0,0,complete
co2_per_capita_ar5_lag1_3_mean,ITA,Italy,1999,2023,25,25,25,0,0.0,1999.0,2023.0,0,0,0,complete
co2_per_capita_ar5_lag1_3_mean,JOR,Jordan,1999,2023,25,25,25,0,0.0,1999.0,2023.0,0,0,0,complete
co2_per_capita_ar5_lag1_3_mean,JPN,Japan,1999,2023,25,25,25,0,0.0,1999.0,2023.0,0,0,0,complete
co2_per_capita_ar5_lag1_3_mean,KAZ,Kazakhstan,1999,2023,25,25,25,0,0.0,1999.0,2023.0,0,0,0,complete
co2_per_capita_ar5_lag1_3_mean,KEN,Kenya,1999,2023,25,22,22,0,0.0,1999.0,2023.0,0,0,0,complete
co2_per_capita_ar5_lag1_3_mean,KGZ,Kyrgyz Republic,2009,2021,13,4,4,0,0.0,2009.0,2021.0,0,0,0,complete
co2_per_capita_ar5_lag1_3_mean,KHM,Cambodia,2008,2021,14,4,4,0,0.0,2008.0,2021.0,0,0,0,complete
co2_per_capita_ar5_lag1_3_mean,KIR,Kiribati,2011,2011,1,1,1,0,0.0,2011.0,2011.0,0,0,0,complete
co2_per_capita_ar5_lag1_3_mean,KOR,"Korea, Rep.",1999,2023,25,25,25,0,0.0,1999.0,2023.0,0,0,0,complete
co2_per_capita_ar5_lag1_3_mean,KWT,Kuwait,2006,2023,18,16,16,0,0.0,2006.0,2023.0,0,0,0,complete
co2_per_capita_ar5_lag1_3_mean,LAO,Lao PDR,2000,2023,24,6,6,0,0.0,2000.0,2023.0,0,0,0,complete
co2_per_capita_ar5_lag1_3_mean,LBN,Lebanon,1999,2023,25,24,24,0,0.0,1999.0,2023.0,0,0,0,complete
co2_per_capita_ar5_lag1_3_mean,LBY,Libya,2009,2021,13,4,4,0,0.0,2009.0,2021.0,0,0,0,complete
co2_per_capita_ar5_lag1_3_mean,LKA,Sri Lanka,2000,2023,24,24,24,0,0.0,2000.0,2023.0,0,0,0,complete
co2_per_capita_ar5_lag1_3_mean,LSO,Lesotho,2015,2015,1,1,1,0,0.0,2015.0,2015.0,0,0,0,complete
co2_per_capita_ar5_lag1_3_mean,LTU,Lithuania,2000,2023,24,24,24,0,0.0,2000.0,2023.0,0,0,0,complete
co2_per_capita_ar5_lag1_3_mean,LUX,Luxembourg,1999,2023,25,25,25,0,0.0,1999.0,2023.0,0,0,0,complete
co2_per_capita_ar5_lag1_3_mean,LVA,Latvia,1999,2023,25,22,22,0,0.0,1999.0,2023.0,0,0,0,complete
co2_per_capita_ar5_lag1_3_mean,MAC,"Macao SAR, China",2009,2022,14,9,9,0,0.0,2009.0,2022.0,0,0,0,complete
co2_per_capita_ar5_lag1_3_mean,MAR,Morocco,1999,2023,25,25,25,0,0.0,1999.0,2023.0,0,0,0,complete
co2_per_capita_ar5_lag1_3_mean,MDA,Moldova,2001,2021,21,18,18,0,0.0,2001.0,2021.0,0,0,0,complete
co2_per_capita_ar5_lag1_3_mean,MDG,Madagascar,2008,2015,8,5,5,0,0.0,2008.0,2015.0,0,0,0,complete
co2_per_capita_ar5_lag1_3_mean,MDV,Maldives,2011,2011,1,1,1,0,0.0,2011.0,2011.0,0,0,0,complete
co2_per_capita_ar5_lag1_3_mean,MEX,Mexico,1999,2023,25,25,25,0,0.0,1999.0,2023.0,0,0,0,complete
co2_per_capita_ar5_lag1_3_mean,MHL,Marshall Islands,2016,2016,1,1,1,0,0.0,2016.0,2016.0,0,0,0,complete
co2_per_capita_ar5_lag1_3_mean,MKD,North Macedonia,2002,2023,22,12,12,0,0.0,2002.0,2023.0,0,0,0,complete
co2_per_capita_ar5_lag1_3_mean,MLI,Mali,2005,2019,15,5,5,0,0.0,2005.0,2019.0,0,0,0,complete
co2_per_capita_ar5_lag1_3_mean,MLT,Malta,2000,2023,24,22,22,0,0.0,2000.0,2023.0,0,0,0,complete
co2_per_capita_ar5_lag1_3_mean,MNE,Montenegro,2003,2023,21,10,0,10,1.0,,,10,0,0,all_missing
co2_per_capita_ar5_lag1_3_mean,MNG,Mongolia,2005,2020,16,11,11,0,0.0,2005.0,2020.0,0,0,0,complete
co2_per_capita_ar5_lag1_3_mean,MOZ,Mozambique,2008,2009,2,2,2,0,0.0,2008.0,2009.0,0,0,0,complete
co2_per_capita_ar5_lag1_3_mean,MRT,Mauritania,2010,2021,12,6,6,0,0.0,2010.0,2021.0,0,0,0,complete
co2_per_capita_ar5_lag1_3_mean,MUS,Mauritius,2003,2021,19,14,14,0,0.0,2003.0,2021.0,0,0,0,complete
co2_per_capita_ar5_lag1_3_mean,MYS,Malaysia,1999,2023,25,25,25,0,0.0,1999.0,2023.0,0,0,0,complete
co2_per_capita_ar5_lag1_3_mean,NAM,Namibia,2001,2023,23,9,9,0,0.0,2001.0,2023.0,0,0,0,complete
co2_per_capita_ar5_lag1_3_mean,NCL,New Caledonia,2007,2021,15,8,8,0,0.0,2007.0,2021.0,0,0,0,complete
co2_per_capita_ar5_lag1_3_mean,NER,Niger,2003,2022,20,10,10,0,0.0,2003.0,2022.0,0,0,0,complete
co2_per_capita_ar5_lag1_3_mean,NIC,Nicaragua,2011,2011,1,1,1,0,0.0,2011.0,2011.0,0,0,0,complete
co2_per_capita_ar5_lag1_3_mean,NLD,Netherlands,1999,2023,25,25,25,0,0.0,1999.0,2023.0,0,0,0,complete
co2_per_capita_ar5_lag1_3_mean,NOR,Norway,1999,2023,25,25,25,0,0.0,1999.0,2023.0,0,0,0,complete
co2_per_capita_ar5_lag1_3_mean,NPL,Nepal,2000,2022,23,17,17,0,0.0,2000.0,2022.0,0,0,0,complete
co2_per_capita_ar5_lag1_3_mean,NRU,Nauru,2019,2019,1,1,1,0,0.0,2019.0,2019.0,0,0,0,complete
co2_per_capita_ar5_lag1_3_mean,NZL,New Zealand,1999,2023,25,25,25,0,0.0,1999.0,2023.0,0,0,0,complete
co2_per_capita_ar5_lag1_3_mean,OMN,Oman,2003,2022,20,10,10,0,0.0,2003.0,2022.0,0,0,0,complete
co2_per_capita_ar5_lag1_3_mean,PAK,Pakistan,1999,2023,25,22,22,0,0.0,1999.0,2023.0,0,0,0,complete
co2_per_capita_ar5_lag1_3_mean,PAN,Panama,2002,2023,22,21,21,0,0.0,2002.0,2023.0,0,0,0,complete
co2_per_capita_ar5_lag1_3_mean,PER,Peru,1999,2023,25,25,25,0,0.0,1999.0,2023.0,0,0,0,complete
co2_per_capita_ar5_lag1_3_mean,PHL,Philippines,1999,2023,25,25,25,0,0.0,1999.0,2023.0,0,0,0,complete
co2_per_capita_ar5_lag1_3_mean,POL,Poland,1999,2023,25,25,25,0,0.0,1999.0,2023.0,0,0,0,complete
co2_per_capita_ar5_lag1_3_mean,PRI,Puerto Rico (US),2004,2023,20,17,17,0,0.0,2004.0,2023.0,0,0,0,complete
co2_per_capita_ar5_lag1_3_mean,PRT,Portugal,1999,2023,25,25,25,0,0.0,1999.0,2023.0,0,0,0,complete
co2_per_capita_ar5_lag1_3_mean,PRY,Paraguay,2003,2021,19,7,7,0,0.0,2003.0,2021.0,0,0,0,complete
co2_per_capita_ar5_lag1_3_mean,PSE,West Bank and Gaza,2014,2021,8,5,0,5,1.0,,,5,0,0,all_missing
co2_per_capita_ar5_lag1_3_mean,QAT,Qatar,2005,2023,19,16,16,0,0.0,2005.0,2023.0,0,0,0,complete
co2_per_capita_ar5_lag1_3_mean,ROU,Romania,1999,2023,25,25,25,0,0.0,1999.0,2023.0,0,0,0,complete
co2_per_capita_ar5_lag1_3_mean,RUS,Russian Federation,1999,2023,25,25,25,0,0.0,1999.0,2023.0,0,0,0,complete
co2_per_capita_ar5_lag1_3_mean,RWA,Rwanda,2003,2016,14,3,3,0,0.0,2003.0,2016.0,0,0,0,complete
co2_per_capita_ar5_lag1_3_mean,SAU,Saudi Arabia,1999,2023,25,25,25,0,0.0,1999.0,2023.0,0,0,0,complete
co2_per_capita_ar5_lag1_3_mean,SDN,Sudan,2004,2021,18,9,9,0,0.0,2004.0,2021.0,0,0,0,complete
co2_per_capita_ar5_lag1_3_mean,SEN,Senegal,2001,2019,19,10,10,0,0.0,2001.0,2019.0,0,0,0,complete
co2_per_capita_ar5_lag1_3_mean,SGP,Singapore,1999,2023,25,25,25,0,0.0,1999.0,2023.0,0,0,0,complete
co2_per_capita_ar5_lag1_3_mean,SLB,Solomon Islands,2015,2016,2,2,2,0,0.0,2015.0,2016.0,0,0,0,complete
co2_per_capita_ar5_lag1_3_mean,SLE,Sierra Leone,2001,2019,19,10,10,0,0.0,2001.0,2019.0,0,0,0,complete
co2_per_capita_ar5_lag1_3_mean,SLV,El Salvador,1999,2023,25,11,11,0,0.0,1999.0,2023.0,0,0,0,complete
co2_per_capita_ar5_lag1_3_mean,SMR,San Marino,2006,2022,17,6,0,6,1.0,,,6,0,0,all_missing
co2_per_capita_ar5_lag1_3_mean,SOM,"Somalia, Fed. Rep.",2012,2013,2,2,2,0,0.0,2012.0,2013.0,0,0,0,complete
co2_per_capita_ar5_lag1_3_mean,SRB,Serbia,2003,2023,21,20,0,20,1.0,,,20,0,0,all_missing
co2_per_capita_ar5_lag1_3_mean,SUR,Suriname,2009,2009,1,1,1,0,0.0,2009.0,2009.0,0,0,0,complete
co2_per_capita_ar5_lag1_3_mean,SVK,Slovak Republic,1999,2023,25,25,25,0,0.0,1999.0,2023.0,0,0,0,complete
co2_per_capita_ar5_lag1_3_mean,SVN,Slovenia,1999,2023,25,25,25,0,0.0,1999.0,2023.0,0,0,0,complete
co2_per_capita_ar5_lag1_3_mean,SWE,Sweden,1999,2023,25,25,25,0,0.0,1999.0,2023.0,0,0,0,complete
co2_per_capita_ar5_lag1_3_mean,SWZ,Eswatini,2006,2019,14,6,6,0,0.0,2006.0,2019.0,0,0,0,complete
co2_per_capita_ar5_lag1_3_mean,SYC,Seychelles,2004,2021,18,9,9,0,0.0,2004.0,2021.0,0,0,0,complete
co2_per_capita_ar5_lag1_3_mean,SYR,Syrian Arab Republic,1999,2022,24,8,8,0,0.0,1999.0,2022.0,0,0,0,complete
co2_per_capita_ar5_lag1_3_mean,TCD,Chad,2009,2009,1,1,1,0,0.0,2009.0,2009.0,0,0,0,complete
co2_per_capita_ar5_lag1_3_mean,TGO,Togo,2007,2015,9,3,3,0,0.0,2007.0,2015.0,0,0,0,complete
co2_per_capita_ar5_lag1_3_mean,THA,Thailand,1999,2023,25,25,25,0,0.0,1999.0,2023.0,0,0,0,complete
co2_per_capita_ar5_lag1_3_mean,TJK,Tajikistan,2004,2018,15,3,3,0,0.0,2004.0,2018.0,0,0,0,complete
co2_per_capita_ar5_lag1_3_mean,TKM,Turkmenistan,2015,2022,8,4,4,0,0.0,2015.0,2022.0,0,0,0,complete
co2_per_capita_ar5_lag1_3_mean,TON,Tonga,2008,2008,1,1,1,0,0.0,2008.0,2008.0,0,0,0,complete
co2_per_capita_ar5_lag1_3_mean,TUN,Tunisia,2001,2023,23,22,22,0,0.0,2001.0,2023.0,0,0,0,complete
co2_per_capita_ar5_lag1_3_mean,TUR,Turkiye,1999,2023,25,25,25,0,0.0,1999.0,2023.0,0,0,0,complete
co2_per_capita_ar5_lag1_3_mean,TZA,Tanzania,1999,2018,20,7,7,0,0.0,1999.0,2018.0,0,0,0,complete
co2_per_capita_ar5_lag1_3_mean,UGA,Uganda,2007,2023,17,4,4,0,0.0,2007.0,2023.0,0,0,0,complete
co2_per_capita_ar5_lag1_3_mean,UKR,Ukraine,1999,2023,25,25,25,0,0.0,1999.0,2023.0,0,0,0,complete
co2_per_capita_ar5_lag1_3_mean,URY,Uruguay,1999,2022,24,21,21,0,0.0,1999.0,2022.0,0,0,0,complete
co2_per_capita_ar5_lag1_3_mean,USA,United States,1999,2023,25,25,25,0,0.0,1999.0,2023.0,0,0,0,complete
co2_per_capita_ar5_lag1_3_mean,UZB,Uzbekistan,1999,2023,25,21,21,0,0.0,1999.0,2023.0,0,0,0,complete
co2_per_capita_ar5_lag1_3_mean,VEN,"Venezuela, RB",1999,2023,25,24,24,0,0.0,1999.0,2023.0,0,0,0,complete
co2_per_capita_ar5_lag1_3_mean,VIR,Virgin Islands (U.S.),2017,2017,1,1,1,0,0.0,2017.0,2017.0,0,0,0,complete
co2_per_capita_ar5_lag1_3_mean,VNM,Viet Nam,1999,2023,25,24,24,0,0.0,1999.0,2023.0,0,0,0,complete
co2_per_capita_ar5_lag1_3_mean,VUT,Vanuatu,2000,2002,3,2,2,0,0.0,2000.0,2002.0,0,0,0,complete
co2_per_capita_ar5_lag1_3_mean,WSM,Samoa,2008,2008,1,1,1,0,0.0,2008.0,2008.0,0,0,0,complete
co2_per_capita_ar5_lag1_3_mean,YEM,"Yemen, Rep.",2003,2019,17,8,8,0,0.0,2003.0,2019.0,0,0,0,complete
co2_per_capita_ar5_lag1_3_mean,ZAF,South Africa,1999,2023,25,25,25,0,0.0,1999.0,2023.0,0,0,0,complete
co2_per_capita_ar5_lag1_3_mean,ZMB,Zambia,2009,2018,10,4,4,0,0.0,2009.0,2018.0,0,0,0,complete
co2_per_capita_ar5_lag1_3_mean,ZWE,Zimbabwe,1999,2023,25,16,16,0,0.0,1999.0,2023.0,0,0,0,complete
fdi_net_inflows_lag1_3_mean,ABW,Aruba,2007,2007,1,1,1,0,0.0,2007.0,2007.0,0,0,0,complete
fdi_net_inflows_lag1_3_mean,AFG,Afghanistan,2013,2019,7,3,3,0,0.0,2013.0,2019.0,0,0,0,complete
fdi_net_inflows_lag1_3_mean,AGO,Angola,2013,2013,1,1,1,0,0.0,2013.0,2013.0,0,0,0,complete
fdi_net_inflows_lag1_3_mean,ALB,Albania,2001,2023,23,14,14,0,0.0,2001.0,2023.0,0,0,0,complete
fdi_net_inflows_lag1_3_mean,ARE,United Arab Emirates,2000,2023,24,24,24,0,0.0,2000.0,2023.0,0,0,0,complete
fdi_net_inflows_lag1_3_mean,ARG,Argentina,1999,2023,25,25,25,0,0.0,1999.0,2023.0,0,0,0,complete
fdi_net_inflows_lag1_3_mean,ARM,Armenia,1999,2023,25,22,22,0,0.0,1999.0,2023.0,0,0,0,complete
fdi_net_inflows_lag1_3_mean,ATG,Antigua and Barbuda,2017,2023,7,5,5,0,0.0,2017.0,2023.0,0,0,0,complete
fdi_net_inflows_lag1_3_mean,AUS,Australia,1999,2023,25,25,25,0,0.0,1999.0,2023.0,0,0,0,complete
fdi_net_inflows_lag1_3_mean,AUT,Austria,1999,2023,25,25,25,0,0.0,1999.0,2023.0,0,0,0,complete
fdi_net_inflows_lag1_3_mean,AZE,Azerbaijan,1999,2023,25,21,21,0,0.0,1999.0,2023.0,0,0,0,complete
fdi_net_inflows_lag1_3_mean,BEL,Belgium,1999,2023,25,25,25,0,0.0,1999.0,2023.0,0,0,0,complete
fdi_net_inflows_lag1_3_mean,BEN,Benin,2012,2012,1,1,1,0,0.0,2012.0,2012.0,0,0,0,complete
fdi_net_inflows_lag1_3_mean,BFA,Burkina Faso,2008,2023,16,6,6,0,0.0,2008.0,2023.0,0,0,0,complete
fdi_net_inflows_lag1_3_mean,BGD,Bangladesh,2000,2023,24,22,22,0,0.0,2000.0,2023.0,0,0,0,complete
fdi_net_inflows_lag1_3_mean,BGR,Bulgaria,1999,2023,25,25,25,0,0.0,1999.0,2023.0,0,0,0,complete
fdi_net_inflows_lag1_3_mean,BHR,Bahrain,2004,2022,19,9,9,0,0.0,2004.0,2022.0,0,0,0,complete
fdi_net_inflows_lag1_3_mean,BHS,"Bahamas, The",1999,2023,25,17,17,0,0.0,1999.0,2023.0,0,0,0,complete
fdi_net_inflows_lag1_3_mean,BIH,Bosnia and Herzegovina,2002,2022,21,20,20,0,0.0,2002.0,2022.0,0,0,0,complete
fdi_net_inflows_lag1_3_mean,BLR,Belarus,1999,2022,24,24,24,0,0.0,1999.0,2022.0,0,0,0,complete
fdi_net_inflows_lag1_3_mean,BLZ,Belize,2001,2020,20,6,6,0,0.0,2001.0,2020.0,0,0,0,complete
fdi_net_inflows_lag1_3_mean,BOL,Bolivia,2006,2023,18,7,7,0,0.0,2006.0,2023.0,0,0,0,complete
fdi_net_inflows_lag1_3_mean,BRA,Brazil,1999,2023,25,25,25,0,0.0,1999.0,2023.0,0,0,0,complete
fdi_net_inflows_lag1_3_mean,BRN,Brunei Darussalam,2009,2016,8,6,6,0,0.0,2009.0,2016.0,0,0,0,complete
fdi_net_inflows_lag1_3_mean,BTN,Bhutan,2014,2022,9,3,3,0,0.0,2014.0,2022.0,0,0,0,complete
fdi_net_inflows_lag1_3_mean,BWA,Botswana,2001,2019,19,3,3,0,0.0,2001.0,2019.0,0,0,0,complete
fdi_net_inflows_lag1_3_mean,CAF,Central African Republic,2005,2020,16,8,8,0,0.0,2005.0,2020.0,0,0,0,complete
fdi_net_inflows_lag1_3_mean,CAN,Canada,1999,2023,25,25,25,0,0.0,1999.0,2023.0,0,0,0,complete
fdi_net_inflows_lag1_3_mean,CHE,Switzerland,1999,2023,25,25,25,0,0.0,1999.0,2023.0,0,0,0,complete
fdi_net_inflows_lag1_3_mean,CHL,Chile,1999,2023,25,25,25,0,0.0,1999.0,2023.0,0,0,0,complete
fdi_net_inflows_lag1_3_mean,CHN,China,1999,2023,25,25,25,0,0.0,1999.0,2023.0,0,0,0,complete
fdi_net_inflows_lag1_3_mean,CIV,Cote d'Ivoire,2010,2023,14,7,7,0,0.0,2010.0,2023.0,0,0,0,complete
fdi_net_inflows_lag1_3_mean,CMR,Cameroon,2004,2022,19,12,12,0,0.0,2004.0,2022.0,0,0,0,complete
fdi_net_inflows_lag1_3_mean,COG,"Congo, Rep.",2004,2020,17,5,5,0,0.0,2004.0,2020.0,0,0,0,complete
fdi_net_inflows_lag1_3_mean,COL,Colombia,1999,2023,25,25,25,0,0.0,1999.0,2023.0,0,0,0,complete
fdi_net_inflows_lag1_3_mean,CPV,Cabo Verde,2015,2022,8,4,4,0,0.0,2015.0,2022.0,0,0,0,complete
fdi_net_inflows_lag1_3_mean,CRI,Costa Rica,1999,2022,24,18,18,0,0.0,1999.0,2022.0,0,0,0,complete
fdi_net_inflows_lag1_3_mean,CUB,Cuba,2001,2023,23,15,0,15,1.0,,,15,0,0,all_missing
fdi_net_inflows_lag1_3_mean,CYP,Cyprus,1999,2023,25,24,24,0,0.0,1999.0,2023.0,0,0,0,complete
fdi_net_inflows_lag1_3_mean,CZE,Czechia,1999,2023,25,25,25,0,0.0,1999.0,2023.0,0,0,0,complete
fdi_net_inflows_lag1_3_mean,DEU,Germany,1999,2023,25,25,25,0,0.0,1999.0,2023.0,0,0,0,complete
fdi_net_inflows_lag1_3_mean,DJI,Djibouti,2011,2020,10,5,5,0,0.0,2011.0,2020.0,0,0,0,complete
fdi_net_inflows_lag1_3_mean,DNK,Denmark,1999,2023,25,25,25,0,0.0,1999.0,2023.0,0,0,0,complete
fdi_net_inflows_lag1_3_mean,DOM,Dominican Republic,2000,2021,22,13,13,0,0.0,2000.0,2021.0,0,0,0,complete
fdi_net_inflows_lag1_3_mean,DZA,Algeria,2000,2023,24,24,24,0,0.0,2000.0,2023.0,0,0,0,complete
fdi_net_inflows_lag1_3_mean,ECU,Ecuador,1999,2022,24,19,19,0,0.0,1999.0,2022.0,0,0,0,complete
fdi_net_inflows_lag1_3_mean,EGY,"Egypt, Arab Rep.",1999,2023,25,25,25,0,0.0,1999.0,2023.0,0,0,0,complete
fdi_net_inflows_lag1_3_mean,ERI,Eritrea,2006,2019,14,4,4,0,0.0,2006.0,2019.0,0,0,0,complete
fdi_net_inflows_lag1_3_mean,ESP,Spain,1999,2023,25,25,25,0,0.0,1999.0,2023.0,0,0,0,complete
fdi_net_inflows_lag1_3_mean,EST,Estonia,2000,2023,24,24,24,0,0.0,2000.0,2023.0,0,0,0,complete
fdi_net_inflows_lag1_3_mean,ETH,Ethiopia,2004,2023,20,19,19,0,0.0,2004.0,2023.0,0,0,0,complete
fdi_net_inflows_lag1_3_mean,FIN,Finland,1999,2023,25,25,25,0,0.0,1999.0,2023.0,0,0,0,complete
fdi_net_inflows_lag1_3_mean,FRA,France,1999,2023,25,25,25,0,0.0,1999.0,2023.0,0,0,0,complete
fdi_net_inflows_lag1_3_mean,FRO,Faroe Islands,2007,2022,16,12,0,12,1.0,,,12,0,0,all_missing
fdi_net_inflows_lag1_3_mean,GAB,Gabon,2005,2015,11,7,7,0,0.0,2005.0,2015.0,0,0,0,complete
fdi_net_inflows_lag1_3_mean,GBR,United Kingdom,1999,2023,25,25,25,0,0.0,1999.0,2023.0,0,0,0,complete
fdi_net_inflows_lag1_3_mean,GEO,Georgia,1999,2023,25,23,22,1,0.043478260869565216,2001.0,2023.0,1,0,0,late_start
fdi_net_inflows_lag1_3_mean,GHA,Ghana,2003,2023,21,16,16,0,0.0,2003.0,2023.0,0,0,0,complete
fdi_net_inflows_lag1_3_mean,GIN,Guinea,2019,2019,1,1,1,0,0.0,2019.0,2019.0,0,0,0,complete
fdi_net_inflows_lag1_3_mean,GMB,"Gambia, The",2020,2020,1,1,1,0,0.0,2020.0,2020.0,0,0,0,complete
fdi_net_inflows_lag1_3_mean,GNQ,Equatorial Guinea,2002,2002,1,1,1,0,0.0,2002.0,2002.0,0,0,0,complete
fdi_net_inflows_lag1_3_mean,GRC,Greece,1999,2023,25,25,25,0,0.0,1999.0,2023.0,0,0,0,complete
fdi_net_inflows_lag1_3_mean,GRL,Greenland,2011,2014,4,2,0,2,1.0,,,2,0,0,all_missing
fdi_net_inflows_lag1_3_mean,GTM,Guatemala,1999,2023,25,10,10,0,0.0,1999.0,2023.0,0,0,0,complete
fdi_net_inflows_lag1_3_mean,GUY,Guyana,2000,2014,15,6,6,0,0.0,2000.0,2014.0,0,0,0,complete
fdi_net_inflows_lag1_3_mean,HKG,"Hong Kong SAR, China",1999,2023,25,25,25,0,0.0,1999.0,2023.0,0,0,0,complete
fdi_net_inflows_lag1_3_mean,HND,Honduras,2001,2020,20,5,5,0,0.0,2001.0,2020.0,0,0,0,complete
fdi_net_inflows_lag1_3_mean,HRV,Croatia,1999,2023,25,25,25,0,0.0,1999.0,2023.0,0,0,0,complete
fdi_net_inflows_lag1_3_mean,HTI,Haiti,2014,2014,1,1,1,0,0.0,2014.0,2014.0,0,0,0,complete
fdi_net_inflows_lag1_3_mean,HUN,Hungary,1999,2023,25,25,25,0,0.0,1999.0,2023.0,0,0,0,complete
fdi_net_inflows_lag1_3_mean,IDN,Indonesia,1999,2023,25,25,25,0,0.0,1999.0,2023.0,0,0,0,complete
fdi_net_inflows_lag1_3_mean,IND,India,1999,2023,25,25,25,0,0.0,1999.0,2023.0,0,0,0,complete
fdi_net_inflows_lag1_3_mean,IRL,Ireland,1999,2023,25,25,25,0,0.0,1999.0,2023.0,0,0,0,complete
fdi_net_inflows_lag1_3_mean,IRN,"Iran, Islamic Rep.",1999,2023,25,25,25,0,0.0,1999.0,2023.0,0,0,0,complete
fdi_net_inflows_lag1_3_mean,IRQ,Iraq,2003,2023,21,11,11,0,0.0,2003.0,2023.0,0,0,0,complete
fdi_net_inflows_lag1_3_mean,ISL,Iceland,1999,2023,25,24,24,0,0.0,1999.0,2023.0,0,0,0,complete
fdi_net_inflows_lag1_3_mean,ISR,Israel,1999,2023,25,25,25,0,0.0,1999.0,2023.0,0,0,0,complete
fdi_net_inflows_lag1_3_mean,ITA,Italy,1999,2023,25,25,25,0,0.0,1999.0,2023.0,0,0,0,complete
fdi_net_inflows_lag1_3_mean,JOR,Jordan,1999,2023,25,25,25,0,0.0,1999.0,2023.0,0,0,0,complete
fdi_net_inflows_lag1_3_mean,JPN,Japan,1999,2023,25,25,25,0,0.0,1999.0,2023.0,0,0,0,complete
fdi_net_inflows_lag1_3_mean,KAZ,Kazakhstan,1999,2023,25,25,25,0,0.0,1999.0,2023.0,0,0,0,complete
fdi_net_inflows_lag1_3_mean,KEN,Kenya,1999,2023,25,22,22,0,0.0,1999.0,2023.0,0,0,0,complete
fdi_net_inflows_lag1_3_mean,KGZ,Kyrgyz Republic,2009,2021,13,4,4,0,0.0,2009.0,2021.0,0,0,0,complete
fdi_net_inflows_lag1_3_mean,KHM,Cambodia,2008,2021,14,4,4,0,0.0,2008.0,2021.0,0,0,0,complete
fdi_net_inflows_lag1_3_mean,KIR,Kiribati,2011,2011,1,1,1,0,0.0,2011.0,2011.0,0,0,0,complete
fdi_net_inflows_lag1_3_mean,KOR,"Korea, Rep.",1999,2023,25,25,25,0,0.0,1999.0,2023.0,0,0,0,complete
fdi_net_inflows_lag1_3_mean,KWT,Kuwait,2006,2023,18,16,16,0,0.0,2006.0,2023.0,0,0,0,complete
fdi_net_inflows_lag1_3_mean,LAO,Lao PDR,2000,2023,24,6,6,0,0.0,2000.0,2023.0,0,0,0,complete
fdi_net_inflows_lag1_3_mean,LBN,Lebanon,1999,2023,25,24,24,0,0.0,1999.0,2023.0,0,0,0,complete
fdi_net_inflows_lag1_3_mean,LBY,Libya,2009,2021,13,4,1,3,0.75,2009.0,2009.0,0,0,3,early_end
fdi_net_inflows_lag1_3_mean,LKA,Sri Lanka,2000,2023,24,24,24,0,0.0,2000.0,2023.0,0,0,0,complete
fdi_net_inflows_lag1_3_mean,LSO,Lesotho,2015,2015,1,1,1,0,0.0,2015.0,2015.0,0,0,0,complete
fdi_net_inflows_lag1_3_mean,LTU,Lithuania,2000,2023,24,24,24,0,0.0,2000.0,2023.0,0,0,0,complete
fdi_net_inflows_lag1_3_mean,LUX,Luxembourg,1999,2023,25,25,19,6,0.24,2005.0,2023.0,6,0,0,late_start
fdi_net_inflows_lag1_3_mean,LVA,Latvia,1999,2023,25,22,22,0,0.0,1999.0,2023.0,0,0,0,complete
fdi_net_inflows_lag1_3_mean,MAC,"Macao SAR, China",2009,2022,14,9,9,0,0.0,2009.0,2022.0,0,0,0,complete
fdi_net_inflows_lag1_3_mean,MAR,Morocco,1999,2023,25,25,25,0,0.0,1999.0,2023.0,0,0,0,complete
fdi_net_inflows_lag1_3_mean,MDA,Moldova,2001,2021,21,18,18,0,0.0,2001.0,2021.0,0,0,0,complete
fdi_net_inflows_lag1_3_mean,MDG,Madagascar,2008,2015,8,5,5,0,0.0,2008.0,2015.0,0,0,0,complete
fdi_net_inflows_lag1_3_mean,MDV,Maldives,2011,2011,1,1,1,0,0.0,2011.0,2011.0,0,0,0,complete
fdi_net_inflows_lag1_3_mean,MEX,Mexico,1999,2023,25,25,25,0,0.0,1999.0,2023.0,0,0,0,complete
fdi_net_inflows_lag1_3_mean,MHL,Marshall Islands,2016,2016,1,1,1,0,0.0,2016.0,2016.0,0,0,0,complete
fdi_net_inflows_lag1_3_mean,MKD,North Macedonia,2002,2023,22,12,12,0,0.0,2002.0,2023.0,0,0,0,complete
fdi_net_inflows_lag1_3_mean,MLI,Mali,2005,2019,15,5,5,0,0.0,2005.0,2019.0,0,0,0,complete
fdi_net_inflows_lag1_3_mean,MLT,Malta,2000,2023,24,22,22,0,0.0,2000.0,2023.0,0,0,0,complete
fdi_net_inflows_lag1_3_mean,MNE,Montenegro,2003,2023,21,10,7,3,0.3,2011.0,2023.0,3,0,0,late_start
fdi_net_inflows_lag1_3_mean,MNG,Mongolia,2005,2020,16,11,11,0,0.0,2005.0,2020.0,0,0,0,complete
fdi_net_inflows_lag1_3_mean,MOZ,Mozambique,2008,2009,2,2,2,0,0.0,2008.0,2009.0,0,0,0,complete
fdi_net_inflows_lag1_3_mean,MRT,Mauritania,2010,2021,12,6,6,0,0.0,2010.0,2021.0,0,0,0,complete
fdi_net_inflows_lag1_3_mean,MUS,Mauritius,2003,2021,19,14,14,0,0.0,2003.0,2021.0,0,0,0,complete
fdi_net_inflows_lag1_3_mean,MYS,Malaysia,1999,2023,25,25,25,0,0.0,1999.0,2023.0,0,0,0,complete
fdi_net_inflows_lag1_3_mean,NAM,Namibia,2001,2023,23,9,9,0,0.0,2001.0,2023.0,0,0,0,complete
fdi_net_inflows_lag1_3_mean,NCL,New Caledonia,2007,2021,15,8,8,0,0.0,2007.0,2021.0,0,0,0,complete
fdi_net_inflows_lag1_3_mean,NER,Niger,2003,2022,20,10,10,0,0.0,2003.0,2022.0,0,0,0,complete
fdi_net_inflows_lag1_3_mean,NIC,Nicaragua,2011,2011,1,1,1,0,0.0,2011.0,2011.0,0,0,0,complete
fdi_net_inflows_lag1_3_mean,NLD,Netherlands,1999,2023,25,25,25,0,0.0,1999.0,2023.0,0,0,0,complete
fdi_net_inflows_lag1_3_mean,NOR,Norway,1999,2023,25,25,25,0,0.0,1999.0,2023.0,0,0,0,complete
fdi_net_inflows_lag1_3_mean,NPL,Nepal,2000,2022,23,17,17,0,0.0,2000.0,2022.0,0,0,0,complete
fdi_net_inflows_lag1_3_mean,NRU,Nauru,2019,2019,1,1,0,1,1.0,,,1,0,0,all_missing
fdi_net_inflows_lag1_3_mean,NZL,New Zealand,1999,2023,25,25,25,0,0.0,1999.0,2023.0,0,0,0,complete
fdi_net_inflows_lag1_3_mean,OMN,Oman,2003,2022,20,10,10,0,0.0,2003.0,2022.0,0,0,0,complete
fdi_net_inflows_lag1_3_mean,PAK,Pakistan,1999,2023,25,22,22,0,0.0,1999.0,2023.0,0,0,0,complete
fdi_net_inflows_lag1_3_mean,PAN,Panama,2002,2023,22,21,21,0,0.0,2002.0,2023.0,0,0,0,complete
fdi_net_inflows_lag1_3_mean,PER,Peru,1999,2023,25,25,25,0,0.0,1999.0,2023.0,0,0,0,complete
fdi_net_inflows_lag1_3_mean,PHL,Philippines,1999,2023,25,25,25,0,0.0,1999.0,2023.0,0,0,0,complete
fdi_net_inflows_lag1_3_mean,POL,Poland,1999,2023,25,25,25,0,0.0,1999.0,2023.0,0,0,0,complete
fdi_net_inflows_lag1_3_mean,PRI,Puerto Rico (US),2004,2023,20,17,0,17,1.0,,,17,0,0,all_missing
fdi_net_inflows_lag1_3_mean,PRT,Portugal,1999,2023,25,25,25,0,0.0,1999.0,2023.0,0,0,0,complete
fdi_net_inflows_lag1_3_mean,PRY,Paraguay,2003,2021,19,7,7,0,0.0,2003.0,2021.0,0,0,0,complete
fdi_net_inflows_lag1_3_mean,PSE,West Bank and Gaza,2014,2021,8,5,5,0,0.0,2014.0,2021.0,0,0,0,complete
fdi_net_inflows_lag1_3_mean,QAT,Qatar,2005,2023,19,16,16,0,0.0,2005.0,2023.0,0,0,0,complete
fdi_net_inflows_lag1_3_mean,ROU,Romania,1999,2023,25,25,25,0,0.0,1999.0,2023.0,0,0,0,complete
fdi_net_inflows_lag1_3_mean,RUS,Russian Federation,1999,2023,25,25,25,0,0.0,1999.0,2023.0,0,0,0,complete
fdi_net_inflows_lag1_3_mean,RWA,Rwanda,2003,2016,14,3,3,0,0.0,2003.0,2016.0,0,0,0,complete
fdi_net_inflows_lag1_3_mean,SAU,Saudi Arabia,1999,2023,25,25,25,0,0.0,1999.0,2023.0,0,0,0,complete
fdi_net_inflows_lag1_3_mean,SDN,Sudan,2004,2021,18,9,9,0,0.0,2004.0,2021.0,0,0,0,complete
fdi_net_inflows_lag1_3_mean,SEN,Senegal,2001,2019,19,10,10,0,0.0,2001.0,2019.0,0,0,0,complete
fdi_net_inflows_lag1_3_mean,SGP,Singapore,1999,2023,25,25,25,0,0.0,1999.0,2023.0,0,0,0,complete
fdi_net_inflows_lag1_3_mean,SLB,Solomon Islands,2015,2016,2,2,2,0,0.0,2015.0,2016.0,0,0,0,complete
fdi_net_inflows_lag1_3_mean,SLE,Sierra Leone,2001,2019,19,10,10,0,0.0,2001.0,2019.0,0,0,0,complete
fdi_net_inflows_lag1_3_mean,SLV,El Salvador,1999,2023,25,11,10,1,0.09090909090909091,2000.0,2023.0,1,0,0,late_start
fdi_net_inflows_lag1_3_mean,SMR,San Marino,2006,2022,17,6,0,6,1.0,,,6,0,0,all_missing
fdi_net_inflows_lag1_3_mean,SOM,"Somalia, Fed. Rep.",2012,2013,2,2,2,0,0.0,2012.0,2013.0,0,0,0,complete
fdi_net_inflows_lag1_3_mean,SRB,Serbia,2003,2023,21,20,20,0,0.0,2003.0,2023.0,0,0,0,complete
fdi_net_inflows_lag1_3_mean,SUR,Suriname,2009,2009,1,1,1,0,0.0,2009.0,2009.0,0,0,0,complete
fdi_net_inflows_lag1_3_mean,SVK,Slovak Republic,1999,2023,25,25,25,0,0.0,1999.0,2023.0,0,0,0,complete
fdi_net_inflows_lag1_3_mean,SVN,Slovenia,1999,2023,25,25,25,0,0.0,1999.0,2023.0,0,0,0,complete
fdi_net_inflows_lag1_3_mean,SWE,Sweden,1999,2023,25,25,25,0,0.0,1999.0,2023.0,0,0,0,complete
fdi_net_inflows_lag1_3_mean,SWZ,Eswatini,2006,2019,14,6,6,0,0.0,2006.0,2019.0,0,0,0,complete
fdi_net_inflows_lag1_3_mean,SYC,Seychelles,2004,2021,18,9,9,0,0.0,2004.0,2021.0,0,0,0,complete
fdi_net_inflows_lag1_3_mean,SYR,Syrian Arab Republic,1999,2022,24,8,4,4,0.5,1999.0,2010.0,0,0,4,early_end
fdi_net_inflows_lag1_3_mean,TCD,Chad,2009,2009,1,1,1,0,0.0,2009.0,2009.0,0,0,0,complete
fdi_net_inflows_lag1_3_mean,TGO,Togo,2007,2015,9,3,3,0,0.0,2007.0,2015.0,0,0,0,complete
fdi_net_inflows_lag1_3_mean,THA,Thailand,1999,2023,25,25,25,0,0.0,1999.0,2023.0,0,0,0,complete
fdi_net_inflows_lag1_3_mean,TJK,Tajikistan,2004,2018,15,3,3,0,0.0,2004.0,2018.0,0,0,0,complete
fdi_net_inflows_lag1_3_mean,TKM,Turkmenistan,2015,2022,8,4,4,0,0.0,2015.0,2022.0,0,0,0,complete
fdi_net_inflows_lag1_3_mean,TON,Tonga,2008,2008,1,1,1,0,0.0,2008.0,2008.0,0,0,0,complete
fdi_net_inflows_lag1_3_mean,TUN,Tunisia,2001,2023,23,22,22,0,0.0,2001.0,2023.0,0,0,0,complete
fdi_net_inflows_lag1_3_mean,TUR,Turkiye,1999,2023,25,25,25,0,0.0,1999.0,2023.0,0,0,0,complete
fdi_net_inflows_lag1_3_mean,TZA,Tanzania,1999,2018,20,7,7,0,0.0,1999.0,2018.0,0,0,0,complete
fdi_net_inflows_lag1_3_mean,UGA,Uganda,2007,2023,17,4,4,0,0.0,2007.0,2023.0,0,0,0,complete
fdi_net_inflows_lag1_3_mean,UKR,Ukraine,1999,2023,25,25,25,0,0.0,1999.0,2023.0,0,0,0,complete
fdi_net_inflows_lag1_3_mean,URY,Uruguay,1999,2022,24,21,21,0,0.0,1999.0,2022.0,0,0,0,complete
fdi_net_inflows_lag1_3_mean,USA,United States,1999,2023,25,25,25,0,0.0,1999.0,2023.0,0,0,0,complete
fdi_net_inflows_lag1_3_mean,UZB,Uzbekistan,1999,2023,25,21,21,0,0.0,1999.0,2023.0,0,0,0,complete
fdi_net_inflows_lag1_3_mean,VEN,"Venezuela, RB",1999,2023,25,24,24,0,0.0,1999.0,2023.0,0,0,0,complete
fdi_net_inflows_lag1_3_mean,VIR,Virgin Islands (U.S.),2017,2017,1,1,0,1,1.0,,,1,0,0,all_missing
fdi_net_inflows_lag1_3_mean,VNM,Viet Nam,1999,2023,25,24,24,0,0.0,1999.0,2023.0,0,0,0,complete
fdi_net_inflows_lag1_3_mean,VUT,Vanuatu,2000,2002,3,2,2,0,0.0,2000.0,2002.0,0,0,0,complete
fdi_net_inflows_lag1_3_mean,WSM,Samoa,2008,2008,1,1,1,0,0.0,2008.0,2008.0,0,0,0,complete
fdi_net_inflows_lag1_3_mean,YEM,"Yemen, Rep.",2003,2019,17,8,8,0,0.0,2003.0,2019.0,0,0,0,complete
fdi_net_inflows_lag1_3_mean,ZAF,South Africa,1999,2023,25,25,25,0,0.0,1999.0,2023.0,0,0,0,complete
fdi_net_inflows_lag1_3_mean,ZMB,Zambia,2009,2018,10,4,4,0,0.0,2009.0,2018.0,0,0,0,complete
fdi_net_inflows_lag1_3_mean,ZWE,Zimbabwe,1999,2023,25,16,16,0,0.0,1999.0,2023.0,0,0,0,complete
env_technology_rta_lag1_3_mean,ABW,Aruba,2007,2007,1,1,0,1,1.0,,,1,0,0,all_missing
env_technology_rta_lag1_3_mean,AFG,Afghanistan,2013,2019,7,3,0,3,1.0,,,3,0,0,all_missing
env_technology_rta_lag1_3_mean,AGO,Angola,2013,2013,1,1,0,1,1.0,,,1,0,0,all_missing
env_technology_rta_lag1_3_mean,ALB,Albania,2001,2023,23,14,4,10,0.7142857142857143,2015.0,2018.0,7,0,3,bounded_coverage_window
env_technology_rta_lag1_3_mean,ARE,United Arab Emirates,2000,2023,24,24,21,3,0.125,2003.0,2023.0,3,0,0,late_start
env_technology_rta_lag1_3_mean,ARG,Argentina,1999,2023,25,25,25,0,0.0,1999.0,2023.0,0,0,0,complete
env_technology_rta_lag1_3_mean,ARM,Armenia,1999,2023,25,22,15,7,0.3181818181818182,2005.0,2023.0,4,3,0,intermittent_gaps
env_technology_rta_lag1_3_mean,ATG,Antigua and Barbuda,2017,2023,7,5,0,5,1.0,,,5,0,0,all_missing
env_technology_rta_lag1_3_mean,AUS,Australia,1999,2023,25,25,25,0,0.0,1999.0,2023.0,0,0,0,complete
env_technology_rta_lag1_3_mean,AUT,Austria,1999,2023,25,25,25,0,0.0,1999.0,2023.0,0,0,0,complete
env_technology_rta_lag1_3_mean,AZE,Azerbaijan,1999,2023,25,21,10,11,0.5238095238095238,2002.0,2019.0,3,6,2,intermittent_gaps
env_technology_rta_lag1_3_mean,BEL,Belgium,1999,2023,25,25,25,0,0.0,1999.0,2023.0,0,0,0,complete
env_technology_rta_lag1_3_mean,BEN,Benin,2012,2012,1,1,0,1,1.0,,,1,0,0,all_missing
env_technology_rta_lag1_3_mean,BFA,Burkina Faso,2008,2023,16,6,0,6,1.0,,,6,0,0,all_missing
env_technology_rta_lag1_3_mean,BGD,Bangladesh,2000,2023,24,22,17,5,0.22727272727272727,2007.0,2023.0,5,0,0,late_start
env_technology_rta_lag1_3_mean,BGR,Bulgaria,1999,2023,25,25,25,0,0.0,1999.0,2023.0,0,0,0,complete
env_technology_rta_lag1_3_mean,BHR,Bahrain,2004,2022,19,9,1,8,0.8888888888888888,2014.0,2014.0,5,0,3,bounded_coverage_window
env_technology_rta_lag1_3_mean,BHS,"Bahamas, The",1999,2023,25,17,8,9,0.5294117647058824,1999.0,2021.0,0,8,1,intermittent_gaps
env_technology_rta_lag1_3_mean,BIH,Bosnia and Herzegovina,2002,2022,21,20,16,4,0.2,2005.0,2020.0,3,0,1,bounded_coverage_window
env_technology_rta_lag1_3_mean,BLR,Belarus,1999,2022,24,24,24,0,0.0,1999.0,2022.0,0,0,0,complete
env_technology_rta_lag1_3_mean,BLZ,Belize,2001,2020,20,6,0,6,1.0,,,6,0,0,all_missing
env_technology_rta_lag1_3_mean,BOL,Bolivia,2006,2023,18,7,0,7,1.0,,,7,0,0,all_missing
env_technology_rta_lag1_3_mean,BRA,Brazil,1999,2023,25,25,25,0,0.0,1999.0,2023.0,0,0,0,complete
env_technology_rta_lag1_3_mean,BRN,Brunei Darussalam,2009,2016,8,6,2,4,0.6666666666666666,2015.0,2016.0,4,0,0,late_start
env_technology_rta_lag1_3_mean,BTN,Bhutan,2014,2022,9,3,0,3,1.0,,,3,0,0,all_missing
env_technology_rta_lag1_3_mean,BWA,Botswana,2001,2019,19,3,0,3,1.0,,,3,0,0,all_missing
env_technology_rta_lag1_3_mean,CAF,Central African Republic,2005,2020,16,8,0,8,1.0,,,8,0,0,all_missing
env_technology_rta_lag1_3_mean,CAN,Canada,1999,2023,25,25,25,0,0.0,1999.0,2023.0,0,0,0,complete
env_technology_rta_lag1_3_mean,CHE,Switzerland,1999,2023,25,25,25,0,0.0,1999.0,2023.0,0,0,0,complete
env_technology_rta_lag1_3_mean,CHL,Chile,1999,2023,25,25,25,0,0.0,1999.0,2023.0,0,0,0,complete
env_technology_rta_lag1_3_mean,CHN,China,1999,2023,25,25,25,0,0.0,1999.0,2023.0,0,0,0,complete
env_technology_rta_lag1_3_mean,CIV,Cote d'Ivoire,2010,2023,14,7,0,7,1.0,,,7,0,0,all_missing
env_technology_rta_lag1_3_mean,CMR,Cameroon,2004,2022,19,12,1,11,0.9166666666666666,2022.0,2022.0,11,0,0,late_start
env_technology_rta_lag1_3_mean,COG,"Congo, Rep.",2004,2020,17,5,0,5,1.0,,,5,0,0,all_missing
env_technology_rta_lag1_3_mean,COL,Colombia,1999,2023,25,25,25,0,0.0,1999.0,2023.0,0,0,0,complete
env_technology_rta_lag1_3_mean,CPV,Cabo Verde,2015,2022,8,4,0,4,1.0,,,4,0,0,all_missing
env_technology_rta_lag1_3_mean,CRI,Costa Rica,1999,2022,24,18,6,12,0.6666666666666666,2007.0,2022.0,6,6,0,intermittent_gaps
env_technology_rta_lag1_3_mean,CUB,Cuba,2001,2023,23,15,8,7,0.4666666666666667,2006.0,2013.0,4,0,3,bounded_coverage_window
env_technology_rta_lag1_3_mean,CYP,Cyprus,1999,2023,25,24,21,3,0.125,1999.0,2023.0,0,3,0,intermittent_gaps
env_technology_rta_lag1_3_mean,CZE,Czechia,1999,2023,25,25,25,0,0.0,1999.0,2023.0,0,0,0,complete
env_technology_rta_lag1_3_mean,DEU,Germany,1999,2023,25,25,25,0,0.0,1999.0,2023.0,0,0,0,complete
env_technology_rta_lag1_3_mean,DJI,Djibouti,2011,2020,10,5,0,5,1.0,,,5,0,0,all_missing
env_technology_rta_lag1_3_mean,DNK,Denmark,1999,2023,25,25,25,0,0.0,1999.0,2023.0,0,0,0,complete
env_technology_rta_lag1_3_mean,DOM,Dominican Republic,2000,2021,22,13,2,11,0.8461538461538461,2016.0,2021.0,8,3,0,intermittent_gaps
env_technology_rta_lag1_3_mean,DZA,Algeria,2000,2023,24,24,21,3,0.125,2003.0,2023.0,3,0,0,late_start
env_technology_rta_lag1_3_mean,ECU,Ecuador,1999,2022,24,19,9,10,0.5263157894736842,2007.0,2022.0,5,5,0,intermittent_gaps
env_technology_rta_lag1_3_mean,EGY,"Egypt, Arab Rep.",1999,2023,25,25,24,1,0.04,2000.0,2023.0,1,0,0,late_start
env_technology_rta_lag1_3_mean,ERI,Eritrea,2006,2019,14,4,0,4,1.0,,,4,0,0,all_missing
env_technology_rta_lag1_3_mean,ESP,Spain,1999,2023,25,25,25,0,0.0,1999.0,2023.0,0,0,0,complete
env_technology_rta_lag1_3_mean,EST,Estonia,2000,2023,24,24,21,3,0.125,2003.0,2023.0,3,0,0,late_start
env_technology_rta_lag1_3_mean,ETH,Ethiopia,2004,2023,20,19,13,6,0.3157894736842105,2011.0,2023.0,6,0,0,late_start
env_technology_rta_lag1_3_mean,FIN,Finland,1999,2023,25,25,25,0,0.0,1999.0,2023.0,0,0,0,complete
env_technology_rta_lag1_3_mean,FRA,France,1999,2023,25,25,25,0,0.0,1999.0,2023.0,0,0,0,complete
env_technology_rta_lag1_3_mean,FRO,Faroe Islands,2007,2022,16,12,6,6,0.5,2013.0,2018.0,5,0,1,bounded_coverage_window
env_technology_rta_lag1_3_mean,GAB,Gabon,2005,2015,11,7,0,7,1.0,,,7,0,0,all_missing
env_technology_rta_lag1_3_mean,GBR,United Kingdom,1999,2023,25,25,25,0,0.0,1999.0,2023.0,0,0,0,complete
env_technology_rta_lag1_3_mean,GEO,Georgia,1999,2023,25,23,18,5,0.21739130434782608,2004.0,2021.0,4,0,1,bounded_coverage_window
env_technology_rta_lag1_3_mean,GHA,Ghana,2003,2023,21,16,4,12,0.75,2008.0,2017.0,4,4,4,intermittent_gaps
env_technology_rta_lag1_3_mean,GIN,Guinea,2019,2019,1,1,0,1,1.0,,,1,0,0,all_missing
env_technology_rta_lag1_3_mean,GMB,"Gambia, The",2020,2020,1,1,0,1,1.0,,,1,0,0,all_missing
env_technology_rta_lag1_3_mean,GNQ,Equatorial Guinea,2002,2002,1,1,0,1,1.0,,,1,0,0,all_missing
env_technology_rta_lag1_3_mean,GRC,Greece,1999,2023,25,25,25,0,0.0,1999.0,2023.0,0,0,0,complete
env_technology_rta_lag1_3_mean,GRL,Greenland,2011,2014,4,2,0,2,1.0,,,2,0,0,all_missing
env_technology_rta_lag1_3_mean,GTM,Guatemala,1999,2023,25,10,0,10,1.0,,,10,0,0,all_missing
env_technology_rta_lag1_3_mean,GUY,Guyana,2000,2014,15,6,0,6,1.0,,,6,0,0,all_missing
env_technology_rta_lag1_3_mean,HKG,"Hong Kong SAR, China",1999,2023,25,25,25,0,0.0,1999.0,2023.0,0,0,0,complete
env_technology_rta_lag1_3_mean,HND,Honduras,2001,2020,20,5,0,5,1.0,,,5,0,0,all_missing
env_technology_rta_lag1_3_mean,HRV,Croatia,1999,2023,25,25,25,0,0.0,1999.0,2023.0,0,0,0,complete
env_technology_rta_lag1_3_mean,HTI,Haiti,2014,2014,1,1,0,1,1.0,,,1,0,0,all_missing
env_technology_rta_lag1_3_mean,HUN,Hungary,1999,2023,25,25,25,0,0.0,1999.0,2023.0,0,0,0,complete
env_technology_rta_lag1_3_mean,IDN,Indonesia,1999,2023,25,25,25,0,0.0,1999.0,2023.0,0,0,0,complete
env_technology_rta_lag1_3_mean,IND,India,1999,2023,25,25,25,0,0.0,1999.0,2023.0,0,0,0,complete
env_technology_rta_lag1_3_mean,IRL,Ireland,1999,2023,25,25,25,0,0.0,1999.0,2023.0,0,0,0,complete
env_technology_rta_lag1_3_mean,IRN,"Iran, Islamic Rep.",1999,2023,25,25,24,1,0.04,2000.0,2023.0,1,0,0,late_start
env_technology_rta_lag1_3_mean,IRQ,Iraq,2003,2023,21,11,0,11,1.0,,,11,0,0,all_missing
env_technology_rta_lag1_3_mean,ISL,Iceland,1999,2023,25,24,21,3,0.125,1999.0,2023.0,0,3,0,intermittent_gaps
env_technology_rta_lag1_3_mean,ISR,Israel,1999,2023,25,25,25,0,0.0,1999.0,2023.0,0,0,0,complete
env_technology_rta_lag1_3_mean,ITA,Italy,1999,2023,25,25,25,0,0.0,1999.0,2023.0,0,0,0,complete
env_technology_rta_lag1_3_mean,JOR,Jordan,1999,2023,25,25,22,3,0.12,2002.0,2023.0,3,0,0,late_start
env_technology_rta_lag1_3_mean,JPN,Japan,1999,2023,25,25,25,0,0.0,1999.0,2023.0,0,0,0,complete
env_technology_rta_lag1_3_mean,KAZ,Kazakhstan,1999,2023,25,25,22,3,0.12,2002.0,2023.0,3,0,0,late_start
env_technology_rta_lag1_3_mean,KEN,Kenya,1999,2023,25,22,12,10,0.45454545454545453,2002.0,2021.0,3,6,1,intermittent_gaps
env_technology_rta_lag1_3_mean,KGZ,Kyrgyz Republic,2009,2021,13,4,0,4,1.0,,,4,0,0,all_missing
env_technology_rta_lag1_3_mean,KHM,Cambodia,2008,2021,14,4,0,4,1.0,,,4,0,0,all_missing
env_technology_rta_lag1_3_mean,KIR,Kiribati,2011,2011,1,1,0,1,1.0,,,1,0,0,all_missing
env_technology_rta_lag1_3_mean,KOR,"Korea, Rep.",1999,2023,25,25,25,0,0.0,1999.0,2023.0,0,0,0,complete
env_technology_rta_lag1_3_mean,KWT,Kuwait,2006,2023,18,16,11,5,0.3125,2013.0,2023.0,5,0,0,late_start
env_technology_rta_lag1_3_mean,LAO,Lao PDR,2000,2023,24,6,0,6,1.0,,,6,0,0,all_missing
env_technology_rta_lag1_3_mean,LBN,Lebanon,1999,2023,25,24,19,5,0.20833333333333334,2001.0,2023.0,2,3,0,intermittent_gaps
env_technology_rta_lag1_3_mean,LBY,Libya,2009,2021,13,4,0,4,1.0,,,4,0,0,all_missing
env_technology_rta_lag1_3_mean,LKA,Sri Lanka,2000,2023,24,24,21,3,0.125,2003.0,2023.0,3,0,0,late_start
env_technology_rta_lag1_3_mean,LSO,Lesotho,2015,2015,1,1,0,1,1.0,,,1,0,0,all_missing
env_technology_rta_lag1_3_mean,LTU,Lithuania,2000,2023,24,24,21,3,0.125,2003.0,2023.0,3,0,0,late_start
env_technology_rta_lag1_3_mean,LUX,Luxembourg,1999,2023,25,25,25,0,0.0,1999.0,2023.0,0,0,0,complete
env_technology_rta_lag1_3_mean,LVA,Latvia,1999,2023,25,22,14,8,0.36363636363636365,1999.0,2023.0,0,8,0,intermittent_gaps
env_technology_rta_lag1_3_mean,MAC,"Macao SAR, China",2009,2022,14,9,0,9,1.0,,,9,0,0,all_missing
env_technology_rta_lag1_3_mean,MAR,Morocco,1999,2023,25,25,22,3,0.12,2002.0,2023.0,3,0,0,late_start
env_technology_rta_lag1_3_mean,MDA,Moldova,2001,2021,21,18,6,12,0.6666666666666666,2008.0,2021.0,6,6,0,intermittent_gaps
env_technology_rta_lag1_3_mean,MDG,Madagascar,2008,2015,8,5,0,5,1.0,,,5,0,0,all_missing
env_technology_rta_lag1_3_mean,MDV,Maldives,2011,2011,1,1,0,1,1.0,,,1,0,0,all_missing
env_technology_rta_lag1_3_mean,MEX,Mexico,1999,2023,25,25,25,0,0.0,1999.0,2023.0,0,0,0,complete
env_technology_rta_lag1_3_mean,MHL,Marshall Islands,2016,2016,1,1,0,1,1.0,,,1,0,0,all_missing
env_technology_rta_lag1_3_mean,MKD,North Macedonia,2002,2023,22,12,0,12,1.0,,,12,0,0,all_missing
env_technology_rta_lag1_3_mean,MLI,Mali,2005,2019,15,5,0,5,1.0,,,5,0,0,all_missing
env_technology_rta_lag1_3_mean,MLT,Malta,2000,2023,24,22,17,5,0.22727272727272727,2007.0,2023.0,5,0,0,late_start
env_technology_rta_lag1_3_mean,MNE,Montenegro,2003,2023,21,10,0,10,1.0,,,10,0,0,all_missing
env_technology_rta_lag1_3_mean,MNG,Mongolia,2005,2020,16,11,4,7,0.6363636363636364,2014.0,2017.0,5,0,2,bounded_coverage_window
env_technology_rta_lag1_3_mean,MOZ,Mozambique,2008,2009,2,2,0,2,1.0,,,2,0,0,all_missing
env_technology_rta_lag1_3_mean,MRT,Mauritania,2010,2021,12,6,0,6,1.0,,,6,0,0,all_missing
env_technology_rta_lag1_3_mean,MUS,Mauritius,2003,2021,19,14,2,12,0.8571428571428571,2008.0,2009.0,4,0,8,bounded_coverage_window
env_technology_rta_lag1_3_mean,MYS,Malaysia,1999,2023,25,25,25,0,0.0,1999.0,2023.0,0,0,0,complete
env_technology_rta_lag1_3_mean,NAM,Namibia,2001,2023,23,9,1,8,0.8888888888888888,2014.0,2014.0,4,0,4,bounded_coverage_window
env_technology_rta_lag1_3_mean,NCL,New Caledonia,2007,2021,15,8,0,8,1.0,,,8,0,0,all_missing
env_technology_rta_lag1_3_mean,NER,Niger,2003,2022,20,10,0,10,1.0,,,10,0,0,all_missing
env_technology_rta_lag1_3_mean,NIC,Nicaragua,2011,2011,1,1,0,1,1.0,,,1,0,0,all_missing
env_technology_rta_lag1_3_mean,NLD,Netherlands,1999,2023,25,25,25,0,0.0,1999.0,2023.0,0,0,0,complete
env_technology_rta_lag1_3_mean,NOR,Norway,1999,2023,25,25,25,0,0.0,1999.0,2023.0,0,0,0,complete
env_technology_rta_lag1_3_mean,NPL,Nepal,2000,2022,23,17,10,7,0.4117647058823529,2009.0,2018.0,4,0,3,bounded_coverage_window
env_technology_rta_lag1_3_mean,NRU,Nauru,2019,2019,1,1,0,1,1.0,,,1,0,0,all_missing
env_technology_rta_lag1_3_mean,NZL,New Zealand,1999,2023,25,25,25,0,0.0,1999.0,2023.0,0,0,0,complete
env_technology_rta_lag1_3_mean,OMN,Oman,2003,2022,20,10,3,7,0.7,2020.0,2022.0,7,0,0,late_start
env_technology_rta_lag1_3_mean,PAK,Pakistan,1999,2023,25,22,17,5,0.22727272727272727,2007.0,2023.0,5,0,0,late_start
env_technology_rta_lag1_3_mean,PAN,Panama,2002,2023,22,21,15,6,0.2857142857142857,2005.0,2023.0,3,3,0,intermittent_gaps
env_technology_rta_lag1_3_mean,PER,Peru,1999,2023,25,25,22,3,0.12,2002.0,2023.0,3,0,0,late_start
env_technology_rta_lag1_3_mean,PHL,Philippines,1999,2023,25,25,22,3,0.12,2002.0,2023.0,3,0,0,late_start
env_technology_rta_lag1_3_mean,POL,Poland,1999,2023,25,25,25,0,0.0,1999.0,2023.0,0,0,0,complete
env_technology_rta_lag1_3_mean,PRI,Puerto Rico (US),2004,2023,20,17,8,9,0.5294117647058824,2012.0,2023.0,6,3,0,intermittent_gaps
env_technology_rta_lag1_3_mean,PRT,Portugal,1999,2023,25,25,25,0,0.0,1999.0,2023.0,0,0,0,complete
env_technology_rta_lag1_3_mean,PRY,Paraguay,2003,2021,19,7,0,7,1.0,,,7,0,0,all_missing
env_technology_rta_lag1_3_mean,PSE,West Bank and Gaza,2014,2021,8,5,0,5,1.0,,,5,0,0,all_missing
env_technology_rta_lag1_3_mean,QAT,Qatar,2005,2023,19,16,12,4,0.25,2012.0,2023.0,4,0,0,late_start
env_technology_rta_lag1_3_mean,ROU,Romania,1999,2023,25,25,22,3,0.12,2002.0,2023.0,3,0,0,late_start
env_technology_rta_lag1_3_mean,RUS,Russian Federation,1999,2023,25,25,25,0,0.0,1999.0,2023.0,0,0,0,complete
env_technology_rta_lag1_3_mean,RWA,Rwanda,2003,2016,14,3,0,3,1.0,,,3,0,0,all_missing
env_technology_rta_lag1_3_mean,SAU,Saudi Arabia,1999,2023,25,25,24,1,0.04,2000.0,2023.0,1,0,0,late_start
env_technology_rta_lag1_3_mean,SDN,Sudan,2004,2021,18,9,0,9,1.0,,,9,0,0,all_missing
env_technology_rta_lag1_3_mean,SEN,Senegal,2001,2019,19,10,2,8,0.8,2011.0,2012.0,5,0,3,bounded_coverage_window
env_technology_rta_lag1_3_mean,SGP,Singapore,1999,2023,25,25,25,0,0.0,1999.0,2023.0,0,0,0,complete
env_technology_rta_lag1_3_mean,SLB,Solomon Islands,2015,2016,2,2,0,2,1.0,,,2,0,0,all_missing
env_technology_rta_lag1_3_mean,SLE,Sierra Leone,2001,2019,19,10,1,9,0.9,2004.0,2004.0,3,0,6,bounded_coverage_window
env_technology_rta_lag1_3_mean,SLV,El Salvador,1999,2023,25,11,0,11,1.0,,,11,0,0,all_missing
env_technology_rta_lag1_3_mean,SMR,San Marino,2006,2022,17,6,1,5,0.8333333333333334,2009.0,2009.0,3,0,2,bounded_coverage_window
env_technology_rta_lag1_3_mean,SOM,"Somalia, Fed. Rep.",2012,2013,2,2,0,2,1.0,,,2,0,0,all_missing
env_technology_rta_lag1_3_mean,SRB,Serbia,2003,2023,21,20,15,5,0.25,2009.0,2023.0,5,0,0,late_start
env_technology_rta_lag1_3_mean,SUR,Suriname,2009,2009,1,1,0,1,1.0,,,1,0,0,all_missing
env_technology_rta_lag1_3_mean,SVK,Slovak Republic,1999,2023,25,25,25,0,0.0,1999.0,2023.0,0,0,0,complete
env_technology_rta_lag1_3_mean,SVN,Slovenia,1999,2023,25,25,25,0,0.0,1999.0,2023.0,0,0,0,complete
env_technology_rta_lag1_3_mean,SWE,Sweden,1999,2023,25,25,25,0,0.0,1999.0,2023.0,0,0,0,complete
env_technology_rta_lag1_3_mean,SWZ,Eswatini,2006,2019,14,6,0,6,1.0,,,6,0,0,all_missing
env_technology_rta_lag1_3_mean,SYC,Seychelles,2004,2021,18,9,1,8,0.8888888888888888,2018.0,2018.0,7,0,1,bounded_coverage_window
env_technology_rta_lag1_3_mean,SYR,Syrian Arab Republic,1999,2022,24,8,0,8,1.0,,,8,0,0,all_missing
env_technology_rta_lag1_3_mean,TCD,Chad,2009,2009,1,1,0,1,1.0,,,1,0,0,all_missing
env_technology_rta_lag1_3_mean,TGO,Togo,2007,2015,9,3,0,3,1.0,,,3,0,0,all_missing
env_technology_rta_lag1_3_mean,THA,Thailand,1999,2023,25,25,22,3,0.12,2002.0,2023.0,3,0,0,late_start
env_technology_rta_lag1_3_mean,TJK,Tajikistan,2004,2018,15,3,0,3,1.0,,,3,0,0,all_missing
env_technology_rta_lag1_3_mean,TKM,Turkmenistan,2015,2022,8,4,0,4,1.0,,,4,0,0,all_missing
env_technology_rta_lag1_3_mean,TON,Tonga,2008,2008,1,1,0,1,1.0,,,1,0,0,all_missing
env_technology_rta_lag1_3_mean,TUN,Tunisia,2001,2023,23,22,17,5,0.22727272727272727,2007.0,2023.0,5,0,0,late_start
env_technology_rta_lag1_3_mean,TUR,Turkiye,1999,2023,25,25,25,0,0.0,1999.0,2023.0,0,0,0,complete
env_technology_rta_lag1_3_mean,TZA,Tanzania,1999,2018,20,7,0,7,1.0,,,7,0,0,all_missing
env_technology_rta_lag1_3_mean,UGA,Uganda,2007,2023,17,4,0,4,1.0,,,4,0,0,all_missing
env_technology_rta_lag1_3_mean,UKR,Ukraine,1999,2023,25,25,25,0,0.0,1999.0,2023.0,0,0,0,complete
env_technology_rta_lag1_3_mean,URY,Uruguay,1999,2022,24,21,13,8,0.38095238095238093,2004.0,2016.0,4,0,4,bounded_coverage_window
env_technology_rta_lag1_3_mean,USA,United States,1999,2023,25,25,25,0,0.0,1999.0,2023.0,0,0,0,complete
env_technology_rta_lag1_3_mean,UZB,Uzbekistan,1999,2023,25,21,10,11,0.5238095238095238,2002.0,2011.0,3,0,8,bounded_coverage_window
env_technology_rta_lag1_3_mean,VEN,"Venezuela, RB",1999,2023,25,24,21,3,0.125,1999.0,2019.0,0,0,3,early_end
env_technology_rta_lag1_3_mean,VIR,Virgin Islands (U.S.),2017,2017,1,1,0,1,1.0,,,1,0,0,all_missing
env_technology_rta_lag1_3_mean,VNM,Viet Nam,1999,2023,25,24,20,4,0.16666666666666666,2004.0,2023.0,4,0,0,late_start
env_technology_rta_lag1_3_mean,VUT,Vanuatu,2000,2002,3,2,0,2,1.0,,,2,0,0,all_missing
env_technology_rta_lag1_3_mean,WSM,Samoa,2008,2008,1,1,0,1,1.0,,,1,0,0,all_missing
env_technology_rta_lag1_3_mean,YEM,"Yemen, Rep.",2003,2019,17,8,0,8,1.0,,,8,0,0,all_missing
env_technology_rta_lag1_3_mean,ZAF,South Africa,1999,2023,25,25,25,0,0.0,1999.0,2023.0,0,0,0,complete
env_technology_rta_lag1_3_mean,ZMB,Zambia,2009,2018,10,4,0,4,1.0,,,4,0,0,all_missing
env_technology_rta_lag1_3_mean,ZWE,Zimbabwe,1999,2023,25,16,1,15,0.9375,2019.0,2019.0,12,0,3,bounded_coverage_window
scientific_journal_articles_lag1_3_mean,ABW,Aruba,2007,2007,1,1,0,1,1.0,,,1,0,0,all_missing
scientific_journal_articles_lag1_3_mean,AFG,Afghanistan,2013,2019,7,3,3,0,0.0,2013.0,2019.0,0,0,0,complete
scientific_journal_articles_lag1_3_mean,AGO,Angola,2013,2013,1,1,1,0,0.0,2013.0,2013.0,0,0,0,complete
scientific_journal_articles_lag1_3_mean,ALB,Albania,2001,2023,23,14,14,0,0.0,2001.0,2023.0,0,0,0,complete
scientific_journal_articles_lag1_3_mean,ARE,United Arab Emirates,2000,2023,24,24,24,0,0.0,2000.0,2023.0,0,0,0,complete
scientific_journal_articles_lag1_3_mean,ARG,Argentina,1999,2023,25,25,25,0,0.0,1999.0,2023.0,0,0,0,complete
scientific_journal_articles_lag1_3_mean,ARM,Armenia,1999,2023,25,22,22,0,0.0,1999.0,2023.0,0,0,0,complete
scientific_journal_articles_lag1_3_mean,ATG,Antigua and Barbuda,2017,2023,7,5,5,0,0.0,2017.0,2023.0,0,0,0,complete
scientific_journal_articles_lag1_3_mean,AUS,Australia,1999,2023,25,25,25,0,0.0,1999.0,2023.0,0,0,0,complete
scientific_journal_articles_lag1_3_mean,AUT,Austria,1999,2023,25,25,25,0,0.0,1999.0,2023.0,0,0,0,complete
scientific_journal_articles_lag1_3_mean,AZE,Azerbaijan,1999,2023,25,21,21,0,0.0,1999.0,2023.0,0,0,0,complete
scientific_journal_articles_lag1_3_mean,BEL,Belgium,1999,2023,25,25,25,0,0.0,1999.0,2023.0,0,0,0,complete
scientific_journal_articles_lag1_3_mean,BEN,Benin,2012,2012,1,1,1,0,0.0,2012.0,2012.0,0,0,0,complete
scientific_journal_articles_lag1_3_mean,BFA,Burkina Faso,2008,2023,16,6,6,0,0.0,2008.0,2023.0,0,0,0,complete
scientific_journal_articles_lag1_3_mean,BGD,Bangladesh,2000,2023,24,22,22,0,0.0,2000.0,2023.0,0,0,0,complete
scientific_journal_articles_lag1_3_mean,BGR,Bulgaria,1999,2023,25,25,25,0,0.0,1999.0,2023.0,0,0,0,complete
scientific_journal_articles_lag1_3_mean,BHR,Bahrain,2004,2022,19,9,9,0,0.0,2004.0,2022.0,0,0,0,complete
scientific_journal_articles_lag1_3_mean,BHS,"Bahamas, The",1999,2023,25,17,17,0,0.0,1999.0,2023.0,0,0,0,complete
scientific_journal_articles_lag1_3_mean,BIH,Bosnia and Herzegovina,2002,2022,21,20,20,0,0.0,2002.0,2022.0,0,0,0,complete
scientific_journal_articles_lag1_3_mean,BLR,Belarus,1999,2022,24,24,24,0,0.0,1999.0,2022.0,0,0,0,complete
scientific_journal_articles_lag1_3_mean,BLZ,Belize,2001,2020,20,6,6,0,0.0,2001.0,2020.0,0,0,0,complete
scientific_journal_articles_lag1_3_mean,BOL,Bolivia,2006,2023,18,7,7,0,0.0,2006.0,2023.0,0,0,0,complete
scientific_journal_articles_lag1_3_mean,BRA,Brazil,1999,2023,25,25,25,0,0.0,1999.0,2023.0,0,0,0,complete
scientific_journal_articles_lag1_3_mean,BRN,Brunei Darussalam,2009,2016,8,6,6,0,0.0,2009.0,2016.0,0,0,0,complete
scientific_journal_articles_lag1_3_mean,BTN,Bhutan,2014,2022,9,3,3,0,0.0,2014.0,2022.0,0,0,0,complete
scientific_journal_articles_lag1_3_mean,BWA,Botswana,2001,2019,19,3,3,0,0.0,2001.0,2019.0,0,0,0,complete
scientific_journal_articles_lag1_3_mean,CAF,Central African Republic,2005,2020,16,8,8,0,0.0,2005.0,2020.0,0,0,0,complete
scientific_journal_articles_lag1_3_mean,CAN,Canada,1999,2023,25,25,25,0,0.0,1999.0,2023.0,0,0,0,complete
scientific_journal_articles_lag1_3_mean,CHE,Switzerland,1999,2023,25,25,25,0,0.0,1999.0,2023.0,0,0,0,complete
scientific_journal_articles_lag1_3_mean,CHL,Chile,1999,2023,25,25,25,0,0.0,1999.0,2023.0,0,0,0,complete
scientific_journal_articles_lag1_3_mean,CHN,China,1999,2023,25,25,25,0,0.0,1999.0,2023.0,0,0,0,complete
scientific_journal_articles_lag1_3_mean,CIV,Cote d'Ivoire,2010,2023,14,7,7,0,0.0,2010.0,2023.0,0,0,0,complete
scientific_journal_articles_lag1_3_mean,CMR,Cameroon,2004,2022,19,12,12,0,0.0,2004.0,2022.0,0,0,0,complete
scientific_journal_articles_lag1_3_mean,COG,"Congo, Rep.",2004,2020,17,5,5,0,0.0,2004.0,2020.0,0,0,0,complete
scientific_journal_articles_lag1_3_mean,COL,Colombia,1999,2023,25,25,25,0,0.0,1999.0,2023.0,0,0,0,complete
scientific_journal_articles_lag1_3_mean,CPV,Cabo Verde,2015,2022,8,4,4,0,0.0,2015.0,2022.0,0,0,0,complete
scientific_journal_articles_lag1_3_mean,CRI,Costa Rica,1999,2022,24,18,18,0,0.0,1999.0,2022.0,0,0,0,complete
scientific_journal_articles_lag1_3_mean,CUB,Cuba,2001,2023,23,15,15,0,0.0,2001.0,2023.0,0,0,0,complete
scientific_journal_articles_lag1_3_mean,CYP,Cyprus,1999,2023,25,24,24,0,0.0,1999.0,2023.0,0,0,0,complete
scientific_journal_articles_lag1_3_mean,CZE,Czechia,1999,2023,25,25,25,0,0.0,1999.0,2023.0,0,0,0,complete
scientific_journal_articles_lag1_3_mean,DEU,Germany,1999,2023,25,25,25,0,0.0,1999.0,2023.0,0,0,0,complete
scientific_journal_articles_lag1_3_mean,DJI,Djibouti,2011,2020,10,5,5,0,0.0,2011.0,2020.0,0,0,0,complete
scientific_journal_articles_lag1_3_mean,DNK,Denmark,1999,2023,25,25,25,0,0.0,1999.0,2023.0,0,0,0,complete
scientific_journal_articles_lag1_3_mean,DOM,Dominican Republic,2000,2021,22,13,13,0,0.0,2000.0,2021.0,0,0,0,complete
scientific_journal_articles_lag1_3_mean,DZA,Algeria,2000,2023,24,24,24,0,0.0,2000.0,2023.0,0,0,0,complete
scientific_journal_articles_lag1_3_mean,ECU,Ecuador,1999,2022,24,19,19,0,0.0,1999.0,2022.0,0,0,0,complete
scientific_journal_articles_lag1_3_mean,EGY,"Egypt, Arab Rep.",1999,2023,25,25,25,0,0.0,1999.0,2023.0,0,0,0,complete
scientific_journal_articles_lag1_3_mean,ERI,Eritrea,2006,2019,14,4,4,0,0.0,2006.0,2019.0,0,0,0,complete
scientific_journal_articles_lag1_3_mean,ESP,Spain,1999,2023,25,25,25,0,0.0,1999.0,2023.0,0,0,0,complete
scientific_journal_articles_lag1_3_mean,EST,Estonia,2000,2023,24,24,24,0,0.0,2000.0,2023.0,0,0,0,complete
scientific_journal_articles_lag1_3_mean,ETH,Ethiopia,2004,2023,20,19,19,0,0.0,2004.0,2023.0,0,0,0,complete
scientific_journal_articles_lag1_3_mean,FIN,Finland,1999,2023,25,25,25,0,0.0,1999.0,2023.0,0,0,0,complete
scientific_journal_articles_lag1_3_mean,FRA,France,1999,2023,25,25,25,0,0.0,1999.0,2023.0,0,0,0,complete
scientific_journal_articles_lag1_3_mean,FRO,Faroe Islands,2007,2022,16,12,0,12,1.0,,,12,0,0,all_missing
scientific_journal_articles_lag1_3_mean,GAB,Gabon,2005,2015,11,7,7,0,0.0,2005.0,2015.0,0,0,0,complete
scientific_journal_articles_lag1_3_mean,GBR,United Kingdom,1999,2023,25,25,25,0,0.0,1999.0,2023.0,0,0,0,complete
scientific_journal_articles_lag1_3_mean,GEO,Georgia,1999,2023,25,23,23,0,0.0,1999.0,2023.0,0,0,0,complete
scientific_journal_articles_lag1_3_mean,GHA,Ghana,2003,2023,21,16,16,0,0.0,2003.0,2023.0,0,0,0,complete
scientific_journal_articles_lag1_3_mean,GIN,Guinea,2019,2019,1,1,1,0,0.0,2019.0,2019.0,0,0,0,complete
scientific_journal_articles_lag1_3_mean,GMB,"Gambia, The",2020,2020,1,1,1,0,0.0,2020.0,2020.0,0,0,0,complete
scientific_journal_articles_lag1_3_mean,GNQ,Equatorial Guinea,2002,2002,1,1,1,0,0.0,2002.0,2002.0,0,0,0,complete
scientific_journal_articles_lag1_3_mean,GRC,Greece,1999,2023,25,25,25,0,0.0,1999.0,2023.0,0,0,0,complete
scientific_journal_articles_lag1_3_mean,GRL,Greenland,2011,2014,4,2,2,0,0.0,2011.0,2014.0,0,0,0,complete
scientific_journal_articles_lag1_3_mean,GTM,Guatemala,1999,2023,25,10,10,0,0.0,1999.0,2023.0,0,0,0,complete
scientific_journal_articles_lag1_3_mean,GUY,Guyana,2000,2014,15,6,6,0,0.0,2000.0,2014.0,0,0,0,complete
scientific_journal_articles_lag1_3_mean,HKG,"Hong Kong SAR, China",1999,2023,25,25,0,25,1.0,,,25,0,0,all_missing
scientific_journal_articles_lag1_3_mean,HND,Honduras,2001,2020,20,5,5,0,0.0,2001.0,2020.0,0,0,0,complete
scientific_journal_articles_lag1_3_mean,HRV,Croatia,1999,2023,25,25,25,0,0.0,1999.0,2023.0,0,0,0,complete
scientific_journal_articles_lag1_3_mean,HTI,Haiti,2014,2014,1,1,1,0,0.0,2014.0,2014.0,0,0,0,complete
scientific_journal_articles_lag1_3_mean,HUN,Hungary,1999,2023,25,25,25,0,0.0,1999.0,2023.0,0,0,0,complete
scientific_journal_articles_lag1_3_mean,IDN,Indonesia,1999,2023,25,25,25,0,0.0,1999.0,2023.0,0,0,0,complete
scientific_journal_articles_lag1_3_mean,IND,India,1999,2023,25,25,25,0,0.0,1999.0,2023.0,0,0,0,complete
scientific_journal_articles_lag1_3_mean,IRL,Ireland,1999,2023,25,25,25,0,0.0,1999.0,2023.0,0,0,0,complete
scientific_journal_articles_lag1_3_mean,IRN,"Iran, Islamic Rep.",1999,2023,25,25,25,0,0.0,1999.0,2023.0,0,0,0,complete
scientific_journal_articles_lag1_3_mean,IRQ,Iraq,2003,2023,21,11,11,0,0.0,2003.0,2023.0,0,0,0,complete
scientific_journal_articles_lag1_3_mean,ISL,Iceland,1999,2023,25,24,24,0,0.0,1999.0,2023.0,0,0,0,complete
scientific_journal_articles_lag1_3_mean,ISR,Israel,1999,2023,25,25,25,0,0.0,1999.0,2023.0,0,0,0,complete
scientific_journal_articles_lag1_3_mean,ITA,Italy,1999,2023,25,25,25,0,0.0,1999.0,2023.0,0,0,0,complete
scientific_journal_articles_lag1_3_mean,JOR,Jordan,1999,2023,25,25,25,0,0.0,1999.0,2023.0,0,0,0,complete
scientific_journal_articles_lag1_3_mean,JPN,Japan,1999,2023,25,25,25,0,0.0,1999.0,2023.0,0,0,0,complete
scientific_journal_articles_lag1_3_mean,KAZ,Kazakhstan,1999,2023,25,25,25,0,0.0,1999.0,2023.0,0,0,0,complete
scientific_journal_articles_lag1_3_mean,KEN,Kenya,1999,2023,25,22,22,0,0.0,1999.0,2023.0,0,0,0,complete
scientific_journal_articles_lag1_3_mean,KGZ,Kyrgyz Republic,2009,2021,13,4,4,0,0.0,2009.0,2021.0,0,0,0,complete
scientific_journal_articles_lag1_3_mean,KHM,Cambodia,2008,2021,14,4,4,0,0.0,2008.0,2021.0,0,0,0,complete
scientific_journal_articles_lag1_3_mean,KIR,Kiribati,2011,2011,1,1,1,0,0.0,2011.0,2011.0,0,0,0,complete
scientific_journal_articles_lag1_3_mean,KOR,"Korea, Rep.",1999,2023,25,25,25,0,0.0,1999.0,2023.0,0,0,0,complete
scientific_journal_articles_lag1_3_mean,KWT,Kuwait,2006,2023,18,16,16,0,0.0,2006.0,2023.0,0,0,0,complete
scientific_journal_articles_lag1_3_mean,LAO,Lao PDR,2000,2023,24,6,6,0,0.0,2000.0,2023.0,0,0,0,complete
scientific_journal_articles_lag1_3_mean,LBN,Lebanon,1999,2023,25,24,24,0,0.0,1999.0,2023.0,0,0,0,complete
scientific_journal_articles_lag1_3_mean,LBY,Libya,2009,2021,13,4,4,0,0.0,2009.0,2021.0,0,0,0,complete
scientific_journal_articles_lag1_3_mean,LKA,Sri Lanka,2000,2023,24,24,24,0,0.0,2000.0,2023.0,0,0,0,complete
scientific_journal_articles_lag1_3_mean,LSO,Lesotho,2015,2015,1,1,1,0,0.0,2015.0,2015.0,0,0,0,complete
scientific_journal_articles_lag1_3_mean,LTU,Lithuania,2000,2023,24,24,24,0,0.0,2000.0,2023.0,0,0,0,complete
scientific_journal_articles_lag1_3_mean,LUX,Luxembourg,1999,2023,25,25,25,0,0.0,1999.0,2023.0,0,0,0,complete
scientific_journal_articles_lag1_3_mean,LVA,Latvia,1999,2023,25,22,22,0,0.0,1999.0,2023.0,0,0,0,complete
scientific_journal_articles_lag1_3_mean,MAC,"Macao SAR, China",2009,2022,14,9,0,9,1.0,,,9,0,0,all_missing
scientific_journal_articles_lag1_3_mean,MAR,Morocco,1999,2023,25,25,25,0,0.0,1999.0,2023.0,0,0,0,complete
scientific_journal_articles_lag1_3_mean,MDA,Moldova,2001,2021,21,18,18,0,0.0,2001.0,2021.0,0,0,0,complete
scientific_journal_articles_lag1_3_mean,MDG,Madagascar,2008,2015,8,5,5,0,0.0,2008.0,2015.0,0,0,0,complete
scientific_journal_articles_lag1_3_mean,MDV,Maldives,2011,2011,1,1,1,0,0.0,2011.0,2011.0,0,0,0,complete
scientific_journal_articles_lag1_3_mean,MEX,Mexico,1999,2023,25,25,25,0,0.0,1999.0,2023.0,0,0,0,complete
scientific_journal_articles_lag1_3_mean,MHL,Marshall Islands,2016,2016,1,1,1,0,0.0,2016.0,2016.0,0,0,0,complete
scientific_journal_articles_lag1_3_mean,MKD,North Macedonia,2002,2023,22,12,12,0,0.0,2002.0,2023.0,0,0,0,complete
scientific_journal_articles_lag1_3_mean,MLI,Mali,2005,2019,15,5,5,0,0.0,2005.0,2019.0,0,0,0,complete
scientific_journal_articles_lag1_3_mean,MLT,Malta,2000,2023,24,22,22,0,0.0,2000.0,2023.0,0,0,0,complete
scientific_journal_articles_lag1_3_mean,MNE,Montenegro,2003,2023,21,10,10,0,0.0,2003.0,2023.0,0,0,0,complete
scientific_journal_articles_lag1_3_mean,MNG,Mongolia,2005,2020,16,11,11,0,0.0,2005.0,2020.0,0,0,0,complete
scientific_journal_articles_lag1_3_mean,MOZ,Mozambique,2008,2009,2,2,2,0,0.0,2008.0,2009.0,0,0,0,complete
scientific_journal_articles_lag1_3_mean,MRT,Mauritania,2010,2021,12,6,6,0,0.0,2010.0,2021.0,0,0,0,complete
scientific_journal_articles_lag1_3_mean,MUS,Mauritius,2003,2021,19,14,14,0,0.0,2003.0,2021.0,0,0,0,complete
scientific_journal_articles_lag1_3_mean,MYS,Malaysia,1999,2023,25,25,25,0,0.0,1999.0,2023.0,0,0,0,complete
scientific_journal_articles_lag1_3_mean,NAM,Namibia,2001,2023,23,9,9,0,0.0,2001.0,2023.0,0,0,0,complete
scientific_journal_articles_lag1_3_mean,NCL,New Caledonia,2007,2021,15,8,0,8,1.0,,,8,0,0,all_missing
scientific_journal_articles_lag1_3_mean,NER,Niger,2003,2022,20,10,10,0,0.0,2003.0,2022.0,0,0,0,complete
scientific_journal_articles_lag1_3_mean,NIC,Nicaragua,2011,2011,1,1,1,0,0.0,2011.0,2011.0,0,0,0,complete
scientific_journal_articles_lag1_3_mean,NLD,Netherlands,1999,2023,25,25,25,0,0.0,1999.0,2023.0,0,0,0,complete
scientific_journal_articles_lag1_3_mean,NOR,Norway,1999,2023,25,25,25,0,0.0,1999.0,2023.0,0,0,0,complete
scientific_journal_articles_lag1_3_mean,NPL,Nepal,2000,2022,23,17,17,0,0.0,2000.0,2022.0,0,0,0,complete
scientific_journal_articles_lag1_3_mean,NRU,Nauru,2019,2019,1,1,1,0,0.0,2019.0,2019.0,0,0,0,complete
scientific_journal_articles_lag1_3_mean,NZL,New Zealand,1999,2023,25,25,25,0,0.0,1999.0,2023.0,0,0,0,complete
scientific_journal_articles_lag1_3_mean,OMN,Oman,2003,2022,20,10,10,0,0.0,2003.0,2022.0,0,0,0,complete
scientific_journal_articles_lag1_3_mean,PAK,Pakistan,1999,2023,25,22,22,0,0.0,1999.0,2023.0,0,0,0,complete
scientific_journal_articles_lag1_3_mean,PAN,Panama,2002,2023,22,21,21,0,0.0,2002.0,2023.0,0,0,0,complete
scientific_journal_articles_lag1_3_mean,PER,Peru,1999,2023,25,25,25,0,0.0,1999.0,2023.0,0,0,0,complete
scientific_journal_articles_lag1_3_mean,PHL,Philippines,1999,2023,25,25,25,0,0.0,1999.0,2023.0,0,0,0,complete
scientific_journal_articles_lag1_3_mean,POL,Poland,1999,2023,25,25,25,0,0.0,1999.0,2023.0,0,0,0,complete
scientific_journal_articles_lag1_3_mean,PRI,Puerto Rico (US),2004,2023,20,17,17,0,0.0,2004.0,2023.0,0,0,0,complete
scientific_journal_articles_lag1_3_mean,PRT,Portugal,1999,2023,25,25,25,0,0.0,1999.0,2023.0,0,0,0,complete
scientific_journal_articles_lag1_3_mean,PRY,Paraguay,2003,2021,19,7,7,0,0.0,2003.0,2021.0,0,0,0,complete
scientific_journal_articles_lag1_3_mean,PSE,West Bank and Gaza,2014,2021,8,5,5,0,0.0,2014.0,2021.0,0,0,0,complete
scientific_journal_articles_lag1_3_mean,QAT,Qatar,2005,2023,19,16,16,0,0.0,2005.0,2023.0,0,0,0,complete
scientific_journal_articles_lag1_3_mean,ROU,Romania,1999,2023,25,25,25,0,0.0,1999.0,2023.0,0,0,0,complete
scientific_journal_articles_lag1_3_mean,RUS,Russian Federation,1999,2023,25,25,25,0,0.0,1999.0,2023.0,0,0,0,complete
scientific_journal_articles_lag1_3_mean,RWA,Rwanda,2003,2016,14,3,3,0,0.0,2003.0,2016.0,0,0,0,complete
scientific_journal_articles_lag1_3_mean,SAU,Saudi Arabia,1999,2023,25,25,25,0,0.0,1999.0,2023.0,0,0,0,complete
scientific_journal_articles_lag1_3_mean,SDN,Sudan,2004,2021,18,9,9,0,0.0,2004.0,2021.0,0,0,0,complete
scientific_journal_articles_lag1_3_mean,SEN,Senegal,2001,2019,19,10,10,0,0.0,2001.0,2019.0,0,0,0,complete
scientific_journal_articles_lag1_3_mean,SGP,Singapore,1999,2023,25,25,25,0,0.0,1999.0,2023.0,0,0,0,complete
scientific_journal_articles_lag1_3_mean,SLB,Solomon Islands,2015,2016,2,2,2,0,0.0,2015.0,2016.0,0,0,0,complete
scientific_journal_articles_lag1_3_mean,SLE,Sierra Leone,2001,2019,19,10,10,0,0.0,2001.0,2019.0,0,0,0,complete
scientific_journal_articles_lag1_3_mean,SLV,El Salvador,1999,2023,25,11,11,0,0.0,1999.0,2023.0,0,0,0,complete
scientific_journal_articles_lag1_3_mean,SMR,San Marino,2006,2022,17,6,6,0,0.0,2006.0,2022.0,0,0,0,complete
scientific_journal_articles_lag1_3_mean,SOM,"Somalia, Fed. Rep.",2012,2013,2,2,2,0,0.0,2012.0,2013.0,0,0,0,complete
scientific_journal_articles_lag1_3_mean,SRB,Serbia,2003,2023,21,20,20,0,0.0,2003.0,2023.0,0,0,0,complete
scientific_journal_articles_lag1_3_mean,SUR,Suriname,2009,2009,1,1,1,0,0.0,2009.0,2009.0,0,0,0,complete
scientific_journal_articles_lag1_3_mean,SVK,Slovak Republic,1999,2023,25,25,25,0,0.0,1999.0,2023.0,0,0,0,complete
scientific_journal_articles_lag1_3_mean,SVN,Slovenia,1999,2023,25,25,25,0,0.0,1999.0,2023.0,0,0,0,complete
scientific_journal_articles_lag1_3_mean,SWE,Sweden,1999,2023,25,25,25,0,0.0,1999.0,2023.0,0,0,0,complete
scientific_journal_articles_lag1_3_mean,SWZ,Eswatini,2006,2019,14,6,6,0,0.0,2006.0,2019.0,0,0,0,complete
scientific_journal_articles_lag1_3_mean,SYC,Seychelles,2004,2021,18,9,9,0,0.0,2004.0,2021.0,0,0,0,complete
scientific_journal_articles_lag1_3_mean,SYR,Syrian Arab Republic,1999,2022,24,8,8,0,0.0,1999.0,2022.0,0,0,0,complete
scientific_journal_articles_lag1_3_mean,TCD,Chad,2009,2009,1,1,1,0,0.0,2009.0,2009.0,0,0,0,complete
scientific_journal_articles_lag1_3_mean,TGO,Togo,2007,2015,9,3,3,0,0.0,2007.0,2015.0,0,0,0,complete
scientific_journal_articles_lag1_3_mean,THA,Thailand,1999,2023,25,25,25,0,0.0,1999.0,2023.0,0,0,0,complete
scientific_journal_articles_lag1_3_mean,TJK,Tajikistan,2004,2018,15,3,3,0,0.0,2004.0,2018.0,0,0,0,complete
scientific_journal_articles_lag1_3_mean,TKM,Turkmenistan,2015,2022,8,4,4,0,0.0,2015.0,2022.0,0,0,0,complete
scientific_journal_articles_lag1_3_mean,TON,Tonga,2008,2008,1,1,1,0,0.0,2008.0,2008.0,0,0,0,complete
scientific_journal_articles_lag1_3_mean,TUN,Tunisia,2001,2023,23,22,22,0,0.0,2001.0,2023.0,0,0,0,complete
scientific_journal_articles_lag1_3_mean,TUR,Turkiye,1999,2023,25,25,25,0,0.0,1999.0,2023.0,0,0,0,complete
scientific_journal_articles_lag1_3_mean,TZA,Tanzania,1999,2018,20,7,7,0,0.0,1999.0,2018.0,0,0,0,complete
scientific_journal_articles_lag1_3_mean,UGA,Uganda,2007,2023,17,4,4,0,0.0,2007.0,2023.0,0,0,0,complete
scientific_journal_articles_lag1_3_mean,UKR,Ukraine,1999,2023,25,25,25,0,0.0,1999.0,2023.0,0,0,0,complete
scientific_journal_articles_lag1_3_mean,URY,Uruguay,1999,2022,24,21,21,0,0.0,1999.0,2022.0,0,0,0,complete
scientific_journal_articles_lag1_3_mean,USA,United States,1999,2023,25,25,25,0,0.0,1999.0,2023.0,0,0,0,complete
scientific_journal_articles_lag1_3_mean,UZB,Uzbekistan,1999,2023,25,21,21,0,0.0,1999.0,2023.0,0,0,0,complete
scientific_journal_articles_lag1_3_mean,VEN,"Venezuela, RB",1999,2023,25,24,24,0,0.0,1999.0,2023.0,0,0,0,complete
scientific_journal_articles_lag1_3_mean,VIR,Virgin Islands (U.S.),2017,2017,1,1,0,1,1.0,,,1,0,0,all_missing
scientific_journal_articles_lag1_3_mean,VNM,Viet Nam,1999,2023,25,24,24,0,0.0,1999.0,2023.0,0,0,0,complete
scientific_journal_articles_lag1_3_mean,VUT,Vanuatu,2000,2002,3,2,2,0,0.0,2000.0,2002.0,0,0,0,complete
scientific_journal_articles_lag1_3_mean,WSM,Samoa,2008,2008,1,1,1,0,0.0,2008.0,2008.0,0,0,0,complete
scientific_journal_articles_lag1_3_mean,YEM,"Yemen, Rep.",2003,2019,17,8,8,0,0.0,2003.0,2019.0,0,0,0,complete
scientific_journal_articles_lag1_3_mean,ZAF,South Africa,1999,2023,25,25,25,0,0.0,1999.0,2023.0,0,0,0,complete
scientific_journal_articles_lag1_3_mean,ZMB,Zambia,2009,2018,10,4,4,0,0.0,2009.0,2018.0,0,0,0,complete
scientific_journal_articles_lag1_3_mean,ZWE,Zimbabwe,1999,2023,25,16,16,0,0.0,1999.0,2023.0,0,0,0,complete
trade_openness_lag1_3_mean,ABW,Aruba,2007,2007,1,1,1,0,0.0,2007.0,2007.0,0,0,0,complete
trade_openness_lag1_3_mean,AFG,Afghanistan,2013,2019,7,3,0,3,1.0,,,3,0,0,all_missing
trade_openness_lag1_3_mean,AGO,Angola,2013,2013,1,1,1,0,0.0,2013.0,2013.0,0,0,0,complete
trade_openness_lag1_3_mean,ALB,Albania,2001,2023,23,14,14,0,0.0,2001.0,2023.0,0,0,0,complete
trade_openness_lag1_3_mean,ARE,United Arab Emirates,2000,2023,24,24,20,4,0.16666666666666666,2004.0,2023.0,4,0,0,late_start
trade_openness_lag1_3_mean,ARG,Argentina,1999,2023,25,25,25,0,0.0,1999.0,2023.0,0,0,0,complete
trade_openness_lag1_3_mean,ARM,Armenia,1999,2023,25,22,22,0,0.0,1999.0,2023.0,0,0,0,complete
trade_openness_lag1_3_mean,ATG,Antigua and Barbuda,2017,2023,7,5,5,0,0.0,2017.0,2023.0,0,0,0,complete
trade_openness_lag1_3_mean,AUS,Australia,1999,2023,25,25,25,0,0.0,1999.0,2023.0,0,0,0,complete
trade_openness_lag1_3_mean,AUT,Austria,1999,2023,25,25,25,0,0.0,1999.0,2023.0,0,0,0,complete
trade_openness_lag1_3_mean,AZE,Azerbaijan,1999,2023,25,21,21,0,0.0,1999.0,2023.0,0,0,0,complete
trade_openness_lag1_3_mean,BEL,Belgium,1999,2023,25,25,25,0,0.0,1999.0,2023.0,0,0,0,complete
trade_openness_lag1_3_mean,BEN,Benin,2012,2012,1,1,1,0,0.0,2012.0,2012.0,0,0,0,complete
trade_openness_lag1_3_mean,BFA,Burkina Faso,2008,2023,16,6,6,0,0.0,2008.0,2023.0,0,0,0,complete
trade_openness_lag1_3_mean,BGD,Bangladesh,2000,2023,24,22,22,0,0.0,2000.0,2023.0,0,0,0,complete
trade_openness_lag1_3_mean,BGR,Bulgaria,1999,2023,25,25,25,0,0.0,1999.0,2023.0,0,0,0,complete
trade_openness_lag1_3_mean,BHR,Bahrain,2004,2022,19,9,9,0,0.0,2004.0,2022.0,0,0,0,complete
trade_openness_lag1_3_mean,BHS,"Bahamas, The",1999,2023,25,17,17,0,0.0,1999.0,2023.0,0,0,0,complete
trade_openness_lag1_3_mean,BIH,Bosnia and Herzegovina,2002,2022,21,20,20,0,0.0,2002.0,2022.0,0,0,0,complete
trade_openness_lag1_3_mean,BLR,Belarus,1999,2022,24,24,24,0,0.0,1999.0,2022.0,0,0,0,complete
trade_openness_lag1_3_mean,BLZ,Belize,2001,2020,20,6,6,0,0.0,2001.0,2020.0,0,0,0,complete
trade_openness_lag1_3_mean,BOL,Bolivia,2006,2023,18,7,7,0,0.0,2006.0,2023.0,0,0,0,complete
trade_openness_lag1_3_mean,BRA,Brazil,1999,2023,25,25,25,0,0.0,1999.0,2023.0,0,0,0,complete
trade_openness_lag1_3_mean,BRN,Brunei Darussalam,2009,2016,8,6,6,0,0.0,2009.0,2016.0,0,0,0,complete
trade_openness_lag1_3_mean,BTN,Bhutan,2014,2022,9,3,3,0,0.0,2014.0,2022.0,0,0,0,complete
trade_openness_lag1_3_mean,BWA,Botswana,2001,2019,19,3,3,0,0.0,2001.0,2019.0,0,0,0,complete
trade_openness_lag1_3_mean,CAF,Central African Republic,2005,2020,16,8,8,0,0.0,2005.0,2020.0,0,0,0,complete
trade_openness_lag1_3_mean,CAN,Canada,1999,2023,25,25,25,0,0.0,1999.0,2023.0,0,0,0,complete
trade_openness_lag1_3_mean,CHE,Switzerland,1999,2023,25,25,25,0,0.0,1999.0,2023.0,0,0,0,complete
trade_openness_lag1_3_mean,CHL,Chile,1999,2023,25,25,25,0,0.0,1999.0,2023.0,0,0,0,complete
trade_openness_lag1_3_mean,CHN,China,1999,2023,25,25,25,0,0.0,1999.0,2023.0,0,0,0,complete
trade_openness_lag1_3_mean,CIV,Cote d'Ivoire,2010,2023,14,7,7,0,0.0,2010.0,2023.0,0,0,0,complete
trade_openness_lag1_3_mean,CMR,Cameroon,2004,2022,19,12,12,0,0.0,2004.0,2022.0,0,0,0,complete
trade_openness_lag1_3_mean,COG,"Congo, Rep.",2004,2020,17,5,5,0,0.0,2004.0,2020.0,0,0,0,complete
trade_openness_lag1_3_mean,COL,Colombia,1999,2023,25,25,25,0,0.0,1999.0,2023.0,0,0,0,complete
trade_openness_lag1_3_mean,CPV,Cabo Verde,2015,2022,8,4,4,0,0.0,2015.0,2022.0,0,0,0,complete
trade_openness_lag1_3_mean,CRI,Costa Rica,1999,2022,24,18,18,0,0.0,1999.0,2022.0,0,0,0,complete
trade_openness_lag1_3_mean,CUB,Cuba,2001,2023,23,15,15,0,0.0,2001.0,2023.0,0,0,0,complete
trade_openness_lag1_3_mean,CYP,Cyprus,1999,2023,25,24,24,0,0.0,1999.0,2023.0,0,0,0,complete
trade_openness_lag1_3_mean,CZE,Czechia,1999,2023,25,25,25,0,0.0,1999.0,2023.0,0,0,0,complete
trade_openness_lag1_3_mean,DEU,Germany,1999,2023,25,25,25,0,0.0,1999.0,2023.0,0,0,0,complete
trade_openness_lag1_3_mean,DJI,Djibouti,2011,2020,10,5,3,2,0.4,2018.0,2020.0,2,0,0,late_start
trade_openness_lag1_3_mean,DNK,Denmark,1999,2023,25,25,25,0,0.0,1999.0,2023.0,0,0,0,complete
trade_openness_lag1_3_mean,DOM,Dominican Republic,2000,2021,22,13,13,0,0.0,2000.0,2021.0,0,0,0,complete
trade_openness_lag1_3_mean,DZA,Algeria,2000,2023,24,24,24,0,0.0,2000.0,2023.0,0,0,0,complete
trade_openness_lag1_3_mean,ECU,Ecuador,1999,2022,24,19,19,0,0.0,1999.0,2022.0,0,0,0,complete
trade_openness_lag1_3_mean,EGY,"Egypt, Arab Rep.",1999,2023,25,25,25,0,0.0,1999.0,2023.0,0,0,0,complete
trade_openness_lag1_3_mean,ERI,Eritrea,2006,2019,14,4,2,2,0.5,2006.0,2008.0,0,0,2,early_end
trade_openness_lag1_3_mean,ESP,Spain,1999,2023,25,25,25,0,0.0,1999.0,2023.0,0,0,0,complete
trade_openness_lag1_3_mean,EST,Estonia,2000,2023,24,24,24,0,0.0,2000.0,2023.0,0,0,0,complete
trade_openness_lag1_3_mean,ETH,Ethiopia,2004,2023,20,19,10,9,0.47368421052631576,2014.0,2023.0,9,0,0,late_start
trade_openness_lag1_3_mean,FIN,Finland,1999,2023,25,25,25,0,0.0,1999.0,2023.0,0,0,0,complete
trade_openness_lag1_3_mean,FRA,France,1999,2023,25,25,25,0,0.0,1999.0,2023.0,0,0,0,complete
trade_openness_lag1_3_mean,FRO,Faroe Islands,2007,2022,16,12,12,0,0.0,2007.0,2022.0,0,0,0,complete
trade_openness_lag1_3_mean,GAB,Gabon,2005,2015,11,7,7,0,0.0,2005.0,2015.0,0,0,0,complete
trade_openness_lag1_3_mean,GBR,United Kingdom,1999,2023,25,25,25,0,0.0,1999.0,2023.0,0,0,0,complete
trade_openness_lag1_3_mean,GEO,Georgia,1999,2023,25,23,23,0,0.0,1999.0,2023.0,0,0,0,complete
trade_openness_lag1_3_mean,GHA,Ghana,2003,2023,21,16,16,0,0.0,2003.0,2023.0,0,0,0,complete
trade_openness_lag1_3_mean,GIN,Guinea,2019,2019,1,1,1,0,0.0,2019.0,2019.0,0,0,0,complete
trade_openness_lag1_3_mean,GMB,"Gambia, The",2020,2020,1,1,1,0,0.0,2020.0,2020.0,0,0,0,complete
trade_openness_lag1_3_mean,GNQ,Equatorial Guinea,2002,2002,1,1,0,1,1.0,,,1,0,0,all_missing
trade_openness_lag1_3_mean,GRC,Greece,1999,2023,25,25,25,0,0.0,1999.0,2023.0,0,0,0,complete
trade_openness_lag1_3_mean,GRL,Greenland,2011,2014,4,2,2,0,0.0,2011.0,2014.0,0,0,0,complete
trade_openness_lag1_3_mean,GTM,Guatemala,1999,2023,25,10,10,0,0.0,1999.0,2023.0,0,0,0,complete
trade_openness_lag1_3_mean,GUY,Guyana,2000,2014,15,6,2,4,0.6666666666666666,2000.0,2006.0,0,0,4,early_end
trade_openness_lag1_3_mean,HKG,"Hong Kong SAR, China",1999,2023,25,25,25,0,0.0,1999.0,2023.0,0,0,0,complete
trade_openness_lag1_3_mean,HND,Honduras,2001,2020,20,5,5,0,0.0,2001.0,2020.0,0,0,0,complete
trade_openness_lag1_3_mean,HRV,Croatia,1999,2023,25,25,25,0,0.0,1999.0,2023.0,0,0,0,complete
trade_openness_lag1_3_mean,HTI,Haiti,2014,2014,1,1,1,0,0.0,2014.0,2014.0,0,0,0,complete
trade_openness_lag1_3_mean,HUN,Hungary,1999,2023,25,25,25,0,0.0,1999.0,2023.0,0,0,0,complete
trade_openness_lag1_3_mean,IDN,Indonesia,1999,2023,25,25,25,0,0.0,1999.0,2023.0,0,0,0,complete
trade_openness_lag1_3_mean,IND,India,1999,2023,25,25,25,0,0.0,1999.0,2023.0,0,0,0,complete
trade_openness_lag1_3_mean,IRL,Ireland,1999,2023,25,25,25,0,0.0,1999.0,2023.0,0,0,0,complete
trade_openness_lag1_3_mean,IRN,"Iran, Islamic Rep.",1999,2023,25,25,25,0,0.0,1999.0,2023.0,0,0,0,complete
trade_openness_lag1_3_mean,IRQ,Iraq,2003,2023,21,11,11,0,0.0,2003.0,2023.0,0,0,0,complete
trade_openness_lag1_3_mean,ISL,Iceland,1999,2023,25,24,24,0,0.0,1999.0,2023.0,0,0,0,complete
trade_openness_lag1_3_mean,ISR,Israel,1999,2023,25,25,25,0,0.0,1999.0,2023.0,0,0,0,complete
trade_openness_lag1_3_mean,ITA,Italy,1999,2023,25,25,25,0,0.0,1999.0,2023.0,0,0,0,complete
trade_openness_lag1_3_mean,JOR,Jordan,1999,2023,25,25,25,0,0.0,1999.0,2023.0,0,0,0,complete
trade_openness_lag1_3_mean,JPN,Japan,1999,2023,25,25,25,0,0.0,1999.0,2023.0,0,0,0,complete
trade_openness_lag1_3_mean,KAZ,Kazakhstan,1999,2023,25,25,25,0,0.0,1999.0,2023.0,0,0,0,complete
trade_openness_lag1_3_mean,KEN,Kenya,1999,2023,25,22,22,0,0.0,1999.0,2023.0,0,0,0,complete
trade_openness_lag1_3_mean,KGZ,Kyrgyz Republic,2009,2021,13,4,4,0,0.0,2009.0,2021.0,0,0,0,complete
trade_openness_lag1_3_mean,KHM,Cambodia,2008,2021,14,4,4,0,0.0,2008.0,2021.0,0,0,0,complete
trade_openness_lag1_3_mean,KIR,Kiribati,2011,2011,1,1,1,0,0.0,2011.0,2011.0,0,0,0,complete
trade_openness_lag1_3_mean,KOR,"Korea, Rep.",1999,2023,25,25,25,0,0.0,1999.0,2023.0,0,0,0,complete
trade_openness_lag1_3_mean,KWT,Kuwait,2006,2023,18,16,16,0,0.0,2006.0,2023.0,0,0,0,complete
trade_openness_lag1_3_mean,LAO,Lao PDR,2000,2023,24,6,4,2,0.3333333333333333,2000.0,2017.0,0,0,2,early_end
trade_openness_lag1_3_mean,LBN,Lebanon,1999,2023,25,24,24,0,0.0,1999.0,2023.0,0,0,0,complete
trade_openness_lag1_3_mean,LBY,Libya,2009,2021,13,4,4,0,0.0,2009.0,2021.0,0,0,0,complete
trade_openness_lag1_3_mean,LKA,Sri Lanka,2000,2023,24,24,17,7,0.2916666666666667,2000.0,2023.0,0,7,0,intermittent_gaps
trade_openness_lag1_3_mean,LSO,Lesotho,2015,2015,1,1,1,0,0.0,2015.0,2015.0,0,0,0,complete
trade_openness_lag1_3_mean,LTU,Lithuania,2000,2023,24,24,24,0,0.0,2000.0,2023.0,0,0,0,complete
trade_openness_lag1_3_mean,LUX,Luxembourg,1999,2023,25,25,25,0,0.0,1999.0,2023.0,0,0,0,complete
trade_openness_lag1_3_mean,LVA,Latvia,1999,2023,25,22,22,0,0.0,1999.0,2023.0,0,0,0,complete
trade_openness_lag1_3_mean,MAC,"Macao SAR, China",2009,2022,14,9,9,0,0.0,2009.0,2022.0,0,0,0,complete
trade_openness_lag1_3_mean,MAR,Morocco,1999,2023,25,25,25,0,0.0,1999.0,2023.0,0,0,0,complete
trade_openness_lag1_3_mean,MDA,Moldova,2001,2021,21,18,18,0,0.0,2001.0,2021.0,0,0,0,complete
trade_openness_lag1_3_mean,MDG,Madagascar,2008,2015,8,5,5,0,0.0,2008.0,2015.0,0,0,0,complete
trade_openness_lag1_3_mean,MDV,Maldives,2011,2011,1,1,0,1,1.0,,,1,0,0,all_missing
trade_openness_lag1_3_mean,MEX,Mexico,1999,2023,25,25,25,0,0.0,1999.0,2023.0,0,0,0,complete
trade_openness_lag1_3_mean,MHL,Marshall Islands,2016,2016,1,1,1,0,0.0,2016.0,2016.0,0,0,0,complete
trade_openness_lag1_3_mean,MKD,North Macedonia,2002,2023,22,12,12,0,0.0,2002.0,2023.0,0,0,0,complete
trade_openness_lag1_3_mean,MLI,Mali,2005,2019,15,5,5,0,0.0,2005.0,2019.0,0,0,0,complete
trade_openness_lag1_3_mean,MLT,Malta,2000,2023,24,22,22,0,0.0,2000.0,2023.0,0,0,0,complete
trade_openness_lag1_3_mean,MNE,Montenegro,2003,2023,21,10,10,0,0.0,2003.0,2023.0,0,0,0,complete
trade_openness_lag1_3_mean,MNG,Mongolia,2005,2020,16,11,11,0,0.0,2005.0,2020.0,0,0,0,complete
trade_openness_lag1_3_mean,MOZ,Mozambique,2008,2009,2,2,2,0,0.0,2008.0,2009.0,0,0,0,complete
trade_openness_lag1_3_mean,MRT,Mauritania,2010,2021,12,6,6,0,0.0,2010.0,2021.0,0,0,0,complete
trade_openness_lag1_3_mean,MUS,Mauritius,2003,2021,19,14,14,0,0.0,2003.0,2021.0,0,0,0,complete
trade_openness_lag1_3_mean,MYS,Malaysia,1999,2023,25,25,25,0,0.0,1999.0,2023.0,0,0,0,complete
trade_openness_lag1_3_mean,NAM,Namibia,2001,2023,23,9,9,0,0.0,2001.0,2023.0,0,0,0,complete
trade_openness_lag1_3_mean,NCL,New Caledonia,2007,2021,15,8,8,0,0.0,2007.0,2021.0,0,0,0,complete
trade_openness_lag1_3_mean,NER,Niger,2003,2022,20,10,10,0,0.0,2003.0,2022.0,0,0,0,complete
trade_openness_lag1_3_mean,NIC,Nicaragua,2011,2011,1,1,1,0,0.0,2011.0,2011.0,0,0,0,complete
trade_openness_lag1_3_mean,NLD,Netherlands,1999,2023,25,25,25,0,0.0,1999.0,2023.0,0,0,0,complete
trade_openness_lag1_3_mean,NOR,Norway,1999,2023,25,25,25,0,0.0,1999.0,2023.0,0,0,0,complete
trade_openness_lag1_3_mean,NPL,Nepal,2000,2022,23,17,17,0,0.0,2000.0,2022.0,0,0,0,complete
trade_openness_lag1_3_mean,NRU,Nauru,2019,2019,1,1,1,0,0.0,2019.0,2019.0,0,0,0,complete
trade_openness_lag1_3_mean,NZL,New Zealand,1999,2023,25,25,25,0,0.0,1999.0,2023.0,0,0,0,complete
trade_openness_lag1_3_mean,OMN,Oman,2003,2022,20,10,10,0,0.0,2003.0,2022.0,0,0,0,complete
trade_openness_lag1_3_mean,PAK,Pakistan,1999,2023,25,22,22,0,0.0,1999.0,2023.0,0,0,0,complete
trade_openness_lag1_3_mean,PAN,Panama,2002,2023,22,21,21,0,0.0,2002.0,2023.0,0,0,0,complete
trade_openness_lag1_3_mean,PER,Peru,1999,2023,25,25,25,0,0.0,1999.0,2023.0,0,0,0,complete
trade_openness_lag1_3_mean,PHL,Philippines,1999,2023,25,25,25,0,0.0,1999.0,2023.0,0,0,0,complete
trade_openness_lag1_3_mean,POL,Poland,1999,2023,25,25,25,0,0.0,1999.0,2023.0,0,0,0,complete
trade_openness_lag1_3_mean,PRI,Puerto Rico (US),2004,2023,20,17,17,0,0.0,2004.0,2023.0,0,0,0,complete
trade_openness_lag1_3_mean,PRT,Portugal,1999,2023,25,25,25,0,0.0,1999.0,2023.0,0,0,0,complete
trade_openness_lag1_3_mean,PRY,Paraguay,2003,2021,19,7,7,0,0.0,2003.0,2021.0,0,0,0,complete
trade_openness_lag1_3_mean,PSE,West Bank and Gaza,2014,2021,8,5,5,0,0.0,2014.0,2021.0,0,0,0,complete
trade_openness_lag1_3_mean,QAT,Qatar,2005,2023,19,16,16,0,0.0,2005.0,2023.0,0,0,0,complete
trade_openness_lag1_3_mean,ROU,Romania,1999,2023,25,25,25,0,0.0,1999.0,2023.0,0,0,0,complete
trade_openness_lag1_3_mean,RUS,Russian Federation,1999,2023,25,25,25,0,0.0,1999.0,2023.0,0,0,0,complete
trade_openness_lag1_3_mean,RWA,Rwanda,2003,2016,14,3,3,0,0.0,2003.0,2016.0,0,0,0,complete
trade_openness_lag1_3_mean,SAU,Saudi Arabia,1999,2023,25,25,25,0,0.0,1999.0,2023.0,0,0,0,complete
trade_openness_lag1_3_mean,SDN,Sudan,2004,2021,18,9,9,0,0.0,2004.0,2021.0,0,0,0,complete
trade_openness_lag1_3_mean,SEN,Senegal,2001,2019,19,10,10,0,0.0,2001.0,2019.0,0,0,0,complete
trade_openness_lag1_3_mean,SGP,Singapore,1999,2023,25,25,25,0,0.0,1999.0,2023.0,0,0,0,complete
trade_openness_lag1_3_mean,SLB,Solomon Islands,2015,2016,2,2,2,0,0.0,2015.0,2016.0,0,0,0,complete
trade_openness_lag1_3_mean,SLE,Sierra Leone,2001,2019,19,10,10,0,0.0,2001.0,2019.0,0,0,0,complete
trade_openness_lag1_3_mean,SLV,El Salvador,1999,2023,25,11,11,0,0.0,1999.0,2023.0,0,0,0,complete
trade_openness_lag1_3_mean,SMR,San Marino,2006,2022,17,6,1,5,0.8333333333333334,2022.0,2022.0,5,0,0,late_start
trade_openness_lag1_3_mean,SOM,"Somalia, Fed. Rep.",2012,2013,2,2,0,2,1.0,,,2,0,0,all_missing
trade_openness_lag1_3_mean,SRB,Serbia,2003,2023,21,20,20,0,0.0,2003.0,2023.0,0,0,0,complete
trade_openness_lag1_3_mean,SUR,Suriname,2009,2009,1,1,1,0,0.0,2009.0,2009.0,0,0,0,complete
trade_openness_lag1_3_mean,SVK,Slovak Republic,1999,2023,25,25,25,0,0.0,1999.0,2023.0,0,0,0,complete
trade_openness_lag1_3_mean,SVN,Slovenia,1999,2023,25,25,25,0,0.0,1999.0,2023.0,0,0,0,complete
trade_openness_lag1_3_mean,SWE,Sweden,1999,2023,25,25,25,0,0.0,1999.0,2023.0,0,0,0,complete
trade_openness_lag1_3_mean,SWZ,Eswatini,2006,2019,14,6,1,5,0.8333333333333334,2019.0,2019.0,5,0,0,late_start
trade_openness_lag1_3_mean,SYC,Seychelles,2004,2021,18,9,9,0,0.0,2004.0,2021.0,0,0,0,complete
trade_openness_lag1_3_mean,SYR,Syrian Arab Republic,1999,2022,24,8,8,0,0.0,1999.0,2022.0,0,0,0,complete
trade_openness_lag1_3_mean,TCD,Chad,2009,2009,1,1,1,0,0.0,2009.0,2009.0,0,0,0,complete
trade_openness_lag1_3_mean,TGO,Togo,2007,2015,9,3,3,0,0.0,2007.0,2015.0,0,0,0,complete
trade_openness_lag1_3_mean,THA,Thailand,1999,2023,25,25,25,0,0.0,1999.0,2023.0,0,0,0,complete
trade_openness_lag1_3_mean,TJK,Tajikistan,2004,2018,15,3,3,0,0.0,2004.0,2018.0,0,0,0,complete
trade_openness_lag1_3_mean,TKM,Turkmenistan,2015,2022,8,4,4,0,0.0,2015.0,2022.0,0,0,0,complete
trade_openness_lag1_3_mean,TON,Tonga,2008,2008,1,1,1,0,0.0,2008.0,2008.0,0,0,0,complete
trade_openness_lag1_3_mean,TUN,Tunisia,2001,2023,23,22,22,0,0.0,2001.0,2023.0,0,0,0,complete
trade_openness_lag1_3_mean,TUR,Turkiye,1999,2023,25,25,25,0,0.0,1999.0,2023.0,0,0,0,complete
trade_openness_lag1_3_mean,TZA,Tanzania,1999,2018,20,7,7,0,0.0,1999.0,2018.0,0,0,0,complete
trade_openness_lag1_3_mean,UGA,Uganda,2007,2023,17,4,4,0,0.0,2007.0,2023.0,0,0,0,complete
trade_openness_lag1_3_mean,UKR,Ukraine,1999,2023,25,25,25,0,0.0,1999.0,2023.0,0,0,0,complete
trade_openness_lag1_3_mean,URY,Uruguay,1999,2022,24,21,21,0,0.0,1999.0,2022.0,0,0,0,complete
trade_openness_lag1_3_mean,USA,United States,1999,2023,25,25,25,0,0.0,1999.0,2023.0,0,0,0,complete
trade_openness_lag1_3_mean,UZB,Uzbekistan,1999,2023,25,21,20,1,0.047619047619047616,2000.0,2023.0,1,0,0,late_start
trade_openness_lag1_3_mean,VEN,"Venezuela, RB",1999,2023,25,24,24,0,0.0,1999.0,2023.0,0,0,0,complete
trade_openness_lag1_3_mean,VIR,Virgin Islands (U.S.),2017,2017,1,1,1,0,0.0,2017.0,2017.0,0,0,0,complete
trade_openness_lag1_3_mean,VNM,Viet Nam,1999,2023,25,24,24,0,0.0,1999.0,2023.0,0,0,0,complete
trade_openness_lag1_3_mean,VUT,Vanuatu,2000,2002,3,2,2,0,0.0,2000.0,2002.0,0,0,0,complete
trade_openness_lag1_3_mean,WSM,Samoa,2008,2008,1,1,1,0,0.0,2008.0,2008.0,0,0,0,complete
trade_openness_lag1_3_mean,YEM,"Yemen, Rep.",2003,2019,17,8,8,0,0.0,2003.0,2019.0,0,0,0,complete
trade_openness_lag1_3_mean,ZAF,South Africa,1999,2023,25,25,25,0,0.0,1999.0,2023.0,0,0,0,complete
trade_openness_lag1_3_mean,ZMB,Zambia,2009,2018,10,4,4,0,0.0,2009.0,2018.0,0,0,0,complete
trade_openness_lag1_3_mean,ZWE,Zimbabwe,1999,2023,25,16,16,0,0.0,1999.0,2023.0,0,0,0,complete
inflation_lag1_3_mean,ABW,Aruba,2007,2007,1,1,1,0,0.0,2007.0,2007.0,0,0,0,complete
inflation_lag1_3_mean,AFG,Afghanistan,2013,2019,7,3,3,0,0.0,2013.0,2019.0,0,0,0,complete
inflation_lag1_3_mean,AGO,Angola,2013,2013,1,1,1,0,0.0,2013.0,2013.0,0,0,0,complete
inflation_lag1_3_mean,ALB,Albania,2001,2023,23,14,14,0,0.0,2001.0,2023.0,0,0,0,complete
inflation_lag1_3_mean,ARE,United Arab Emirates,2000,2023,24,24,13,11,0.4583333333333333,2011.0,2023.0,11,0,0,late_start
inflation_lag1_3_mean,ARG,Argentina,1999,2023,25,25,3,22,0.88,2021.0,2023.0,22,0,0,late_start
inflation_lag1_3_mean,ARM,Armenia,1999,2023,25,22,22,0,0.0,1999.0,2023.0,0,0,0,complete
inflation_lag1_3_mean,ATG,Antigua and Barbuda,2017,2023,7,5,5,0,0.0,2017.0,2023.0,0,0,0,complete
inflation_lag1_3_mean,AUS,Australia,1999,2023,25,25,25,0,0.0,1999.0,2023.0,0,0,0,complete
inflation_lag1_3_mean,AUT,Austria,1999,2023,25,25,25,0,0.0,1999.0,2023.0,0,0,0,complete
inflation_lag1_3_mean,AZE,Azerbaijan,1999,2023,25,21,21,0,0.0,1999.0,2023.0,0,0,0,complete
inflation_lag1_3_mean,BEL,Belgium,1999,2023,25,25,25,0,0.0,1999.0,2023.0,0,0,0,complete
inflation_lag1_3_mean,BEN,Benin,2012,2012,1,1,1,0,0.0,2012.0,2012.0,0,0,0,complete
inflation_lag1_3_mean,BFA,Burkina Faso,2008,2023,16,6,6,0,0.0,2008.0,2023.0,0,0,0,complete
inflation_lag1_3_mean,BGD,Bangladesh,2000,2023,24,22,22,0,0.0,2000.0,2023.0,0,0,0,complete
inflation_lag1_3_mean,BGR,Bulgaria,1999,2023,25,25,25,0,0.0,1999.0,2023.0,0,0,0,complete
inflation_lag1_3_mean,BHR,Bahrain,2004,2022,19,9,9,0,0.0,2004.0,2022.0,0,0,0,complete
inflation_lag1_3_mean,BHS,"Bahamas, The",1999,2023,25,17,17,0,0.0,1999.0,2023.0,0,0,0,complete
inflation_lag1_3_mean,BIH,Bosnia and Herzegovina,2002,2022,21,20,13,7,0.35,2009.0,2022.0,7,0,0,late_start
inflation_lag1_3_mean,BLR,Belarus,1999,2022,24,24,24,0,0.0,1999.0,2022.0,0,0,0,complete
inflation_lag1_3_mean,BLZ,Belize,2001,2020,20,6,6,0,0.0,2001.0,2020.0,0,0,0,complete
inflation_lag1_3_mean,BOL,Bolivia,2006,2023,18,7,7,0,0.0,2006.0,2023.0,0,0,0,complete
inflation_lag1_3_mean,BRA,Brazil,1999,2023,25,25,25,0,0.0,1999.0,2023.0,0,0,0,complete
inflation_lag1_3_mean,BRN,Brunei Darussalam,2009,2016,8,6,6,0,0.0,2009.0,2016.0,0,0,0,complete
inflation_lag1_3_mean,BTN,Bhutan,2014,2022,9,3,3,0,0.0,2014.0,2022.0,0,0,0,complete
inflation_lag1_3_mean,BWA,Botswana,2001,2019,19,3,3,0,0.0,2001.0,2019.0,0,0,0,complete
inflation_lag1_3_mean,CAF,Central African Republic,2005,2020,16,8,8,0,0.0,2005.0,2020.0,0,0,0,complete
inflation_lag1_3_mean,CAN,Canada,1999,2023,25,25,25,0,0.0,1999.0,2023.0,0,0,0,complete
inflation_lag1_3_mean,CHE,Switzerland,1999,2023,25,25,25,0,0.0,1999.0,2023.0,0,0,0,complete
inflation_lag1_3_mean,CHL,Chile,1999,2023,25,25,25,0,0.0,1999.0,2023.0,0,0,0,complete
inflation_lag1_3_mean,CHN,China,1999,2023,25,25,25,0,0.0,1999.0,2023.0,0,0,0,complete
inflation_lag1_3_mean,CIV,Cote d'Ivoire,2010,2023,14,7,7,0,0.0,2010.0,2023.0,0,0,0,complete
inflation_lag1_3_mean,CMR,Cameroon,2004,2022,19,12,12,0,0.0,2004.0,2022.0,0,0,0,complete
inflation_lag1_3_mean,COG,"Congo, Rep.",2004,2020,17,5,5,0,0.0,2004.0,2020.0,0,0,0,complete
inflation_lag1_3_mean,COL,Colombia,1999,2023,25,25,25,0,0.0,1999.0,2023.0,0,0,0,complete
inflation_lag1_3_mean,CPV,Cabo Verde,2015,2022,8,4,4,0,0.0,2015.0,2022.0,0,0,0,complete
inflation_lag1_3_mean,CRI,Costa Rica,1999,2022,24,18,18,0,0.0,1999.0,2022.0,0,0,0,complete
inflation_lag1_3_mean,CUB,Cuba,2001,2023,23,15,0,15,1.0,,,15,0,0,all_missing
inflation_lag1_3_mean,CYP,Cyprus,1999,2023,25,24,24,0,0.0,1999.0,2023.0,0,0,0,complete
inflation_lag1_3_mean,CZE,Czechia,1999,2023,25,25,25,0,0.0,1999.0,2023.0,0,0,0,complete
inflation_lag1_3_mean,DEU,Germany,1999,2023,25,25,25,0,0.0,1999.0,2023.0,0,0,0,complete
inflation_lag1_3_mean,DJI,Djibouti,2011,2020,10,5,5,0,0.0,2011.0,2020.0,0,0,0,complete
inflation_lag1_3_mean,DNK,Denmark,1999,2023,25,25,25,0,0.0,1999.0,2023.0,0,0,0,complete
inflation_lag1_3_mean,DOM,Dominican Republic,2000,2021,22,13,13,0,0.0,2000.0,2021.0,0,0,0,complete
inflation_lag1_3_mean,DZA,Algeria,2000,2023,24,24,24,0,0.0,2000.0,2023.0,0,0,0,complete
inflation_lag1_3_mean,ECU,Ecuador,1999,2022,24,19,19,0,0.0,1999.0,2022.0,0,0,0,complete
inflation_lag1_3_mean,EGY,"Egypt, Arab Rep.",1999,2023,25,25,25,0,0.0,1999.0,2023.0,0,0,0,complete
inflation_lag1_3_mean,ERI,Eritrea,2006,2019,14,4,0,4,1.0,,,4,0,0,all_missing
inflation_lag1_3_mean,ESP,Spain,1999,2023,25,25,25,0,0.0,1999.0,2023.0,0,0,0,complete
inflation_lag1_3_mean,EST,Estonia,2000,2023,24,24,24,0,0.0,2000.0,2023.0,0,0,0,complete
inflation_lag1_3_mean,ETH,Ethiopia,2004,2023,20,19,19,0,0.0,2004.0,2023.0,0,0,0,complete
inflation_lag1_3_mean,FIN,Finland,1999,2023,25,25,25,0,0.0,1999.0,2023.0,0,0,0,complete
inflation_lag1_3_mean,FRA,France,1999,2023,25,25,25,0,0.0,1999.0,2023.0,0,0,0,complete
inflation_lag1_3_mean,FRO,Faroe Islands,2007,2022,16,12,0,12,1.0,,,12,0,0,all_missing
inflation_lag1_3_mean,GAB,Gabon,2005,2015,11,7,7,0,0.0,2005.0,2015.0,0,0,0,complete
inflation_lag1_3_mean,GBR,United Kingdom,1999,2023,25,25,25,0,0.0,1999.0,2023.0,0,0,0,complete
inflation_lag1_3_mean,GEO,Georgia,1999,2023,25,23,23,0,0.0,1999.0,2023.0,0,0,0,complete
inflation_lag1_3_mean,GHA,Ghana,2003,2023,21,16,16,0,0.0,2003.0,2023.0,0,0,0,complete
inflation_lag1_3_mean,GIN,Guinea,2019,2019,1,1,1,0,0.0,2019.0,2019.0,0,0,0,complete
inflation_lag1_3_mean,GMB,"Gambia, The",2020,2020,1,1,1,0,0.0,2020.0,2020.0,0,0,0,complete
inflation_lag1_3_mean,GNQ,Equatorial Guinea,2002,2002,1,1,1,0,0.0,2002.0,2002.0,0,0,0,complete
inflation_lag1_3_mean,GRC,Greece,1999,2023,25,25,25,0,0.0,1999.0,2023.0,0,0,0,complete
inflation_lag1_3_mean,GRL,Greenland,2011,2014,4,2,0,2,1.0,,,2,0,0,all_missing
inflation_lag1_3_mean,GTM,Guatemala,1999,2023,25,10,10,0,0.0,1999.0,2023.0,0,0,0,complete
inflation_lag1_3_mean,GUY,Guyana,2000,2014,15,6,6,0,0.0,2000.0,2014.0,0,0,0,complete
inflation_lag1_3_mean,HKG,"Hong Kong SAR, China",1999,2023,25,25,25,0,0.0,1999.0,2023.0,0,0,0,complete
inflation_lag1_3_mean,HND,Honduras,2001,2020,20,5,5,0,0.0,2001.0,2020.0,0,0,0,complete
inflation_lag1_3_mean,HRV,Croatia,1999,2023,25,25,25,0,0.0,1999.0,2023.0,0,0,0,complete
inflation_lag1_3_mean,HTI,Haiti,2014,2014,1,1,1,0,0.0,2014.0,2014.0,0,0,0,complete
inflation_lag1_3_mean,HUN,Hungary,1999,2023,25,25,25,0,0.0,1999.0,2023.0,0,0,0,complete
inflation_lag1_3_mean,IDN,Indonesia,1999,2023,25,25,25,0,0.0,1999.0,2023.0,0,0,0,complete
inflation_lag1_3_mean,IND,India,1999,2023,25,25,25,0,0.0,1999.0,2023.0,0,0,0,complete
inflation_lag1_3_mean,IRL,Ireland,1999,2023,25,25,25,0,0.0,1999.0,2023.0,0,0,0,complete
inflation_lag1_3_mean,IRN,"Iran, Islamic Rep.",1999,2023,25,25,25,0,0.0,1999.0,2023.0,0,0,0,complete
inflation_lag1_3_mean,IRQ,Iraq,2003,2023,21,11,11,0,0.0,2003.0,2023.0,0,0,0,complete
inflation_lag1_3_mean,ISL,Iceland,1999,2023,25,24,24,0,0.0,1999.0,2023.0,0,0,0,complete
inflation_lag1_3_mean,ISR,Israel,1999,2023,25,25,25,0,0.0,1999.0,2023.0,0,0,0,complete
inflation_lag1_3_mean,ITA,Italy,1999,2023,25,25,25,0,0.0,1999.0,2023.0,0,0,0,complete
inflation_lag1_3_mean,JOR,Jordan,1999,2023,25,25,25,0,0.0,1999.0,2023.0,0,0,0,complete
inflation_lag1_3_mean,JPN,Japan,1999,2023,25,25,25,0,0.0,1999.0,2023.0,0,0,0,complete
inflation_lag1_3_mean,KAZ,Kazakhstan,1999,2023,25,25,25,0,0.0,1999.0,2023.0,0,0,0,complete
inflation_lag1_3_mean,KEN,Kenya,1999,2023,25,22,22,0,0.0,1999.0,2023.0,0,0,0,complete
inflation_lag1_3_mean,KGZ,Kyrgyz Republic,2009,2021,13,4,4,0,0.0,2009.0,2021.0,0,0,0,complete
inflation_lag1_3_mean,KHM,Cambodia,2008,2021,14,4,4,0,0.0,2008.0,2021.0,0,0,0,complete
inflation_lag1_3_mean,KIR,Kiribati,2011,2011,1,1,1,0,0.0,2011.0,2011.0,0,0,0,complete
inflation_lag1_3_mean,KOR,"Korea, Rep.",1999,2023,25,25,25,0,0.0,1999.0,2023.0,0,0,0,complete
inflation_lag1_3_mean,KWT,Kuwait,2006,2023,18,16,16,0,0.0,2006.0,2023.0,0,0,0,complete
inflation_lag1_3_mean,LAO,Lao PDR,2000,2023,24,6,6,0,0.0,2000.0,2023.0,0,0,0,complete
inflation_lag1_3_mean,LBN,Lebanon,1999,2023,25,24,12,12,0.5,2012.0,2023.0,12,0,0,late_start
inflation_lag1_3_mean,LBY,Libya,2009,2021,13,4,4,0,0.0,2009.0,2021.0,0,0,0,complete
inflation_lag1_3_mean,LKA,Sri Lanka,2000,2023,24,24,24,0,0.0,2000.0,2023.0,0,0,0,complete
inflation_lag1_3_mean,LSO,Lesotho,2015,2015,1,1,1,0,0.0,2015.0,2015.0,0,0,0,complete
inflation_lag1_3_mean,LTU,Lithuania,2000,2023,24,24,24,0,0.0,2000.0,2023.0,0,0,0,complete
inflation_lag1_3_mean,LUX,Luxembourg,1999,2023,25,25,25,0,0.0,1999.0,2023.0,0,0,0,complete
inflation_lag1_3_mean,LVA,Latvia,1999,2023,25,22,22,0,0.0,1999.0,2023.0,0,0,0,complete
inflation_lag1_3_mean,MAC,"Macao SAR, China",2009,2022,14,9,9,0,0.0,2009.0,2022.0,0,0,0,complete
inflation_lag1_3_mean,MAR,Morocco,1999,2023,25,25,25,0,0.0,1999.0,2023.0,0,0,0,complete
inflation_lag1_3_mean,MDA,Moldova,2001,2021,21,18,18,0,0.0,2001.0,2021.0,0,0,0,complete
inflation_lag1_3_mean,MDG,Madagascar,2008,2015,8,5,5,0,0.0,2008.0,2015.0,0,0,0,complete
inflation_lag1_3_mean,MDV,Maldives,2011,2011,1,1,1,0,0.0,2011.0,2011.0,0,0,0,complete
inflation_lag1_3_mean,MEX,Mexico,1999,2023,25,25,25,0,0.0,1999.0,2023.0,0,0,0,complete
inflation_lag1_3_mean,MHL,Marshall Islands,2016,2016,1,1,0,1,1.0,,,1,0,0,all_missing
inflation_lag1_3_mean,MKD,North Macedonia,2002,2023,22,12,12,0,0.0,2002.0,2023.0,0,0,0,complete
inflation_lag1_3_mean,MLI,Mali,2005,2019,15,5,5,0,0.0,2005.0,2019.0,0,0,0,complete
inflation_lag1_3_mean,MLT,Malta,2000,2023,24,22,22,0,0.0,2000.0,2023.0,0,0,0,complete
inflation_lag1_3_mean,MNE,Montenegro,2003,2023,21,10,7,3,0.3,2011.0,2023.0,3,0,0,late_start
inflation_lag1_3_mean,MNG,Mongolia,2005,2020,16,11,11,0,0.0,2005.0,2020.0,0,0,0,complete
inflation_lag1_3_mean,MOZ,Mozambique,2008,2009,2,2,2,0,0.0,2008.0,2009.0,0,0,0,complete
inflation_lag1_3_mean,MRT,Mauritania,2010,2021,12,6,6,0,0.0,2010.0,2021.0,0,0,0,complete
inflation_lag1_3_mean,MUS,Mauritius,2003,2021,19,14,14,0,0.0,2003.0,2021.0,0,0,0,complete
inflation_lag1_3_mean,MYS,Malaysia,1999,2023,25,25,25,0,0.0,1999.0,2023.0,0,0,0,complete
inflation_lag1_3_mean,NAM,Namibia,2001,2023,23,9,8,1,0.1111111111111111,2011.0,2023.0,1,0,0,late_start
inflation_lag1_3_mean,NCL,New Caledonia,2007,2021,15,8,2,6,0.75,2014.0,2015.0,3,0,3,bounded_coverage_window
inflation_lag1_3_mean,NER,Niger,2003,2022,20,10,10,0,0.0,2003.0,2022.0,0,0,0,complete
inflation_lag1_3_mean,NIC,Nicaragua,2011,2011,1,1,1,0,0.0,2011.0,2011.0,0,0,0,complete
inflation_lag1_3_mean,NLD,Netherlands,1999,2023,25,25,25,0,0.0,1999.0,2023.0,0,0,0,complete
inflation_lag1_3_mean,NOR,Norway,1999,2023,25,25,25,0,0.0,1999.0,2023.0,0,0,0,complete
inflation_lag1_3_mean,NPL,Nepal,2000,2022,23,17,17,0,0.0,2000.0,2022.0,0,0,0,complete
inflation_lag1_3_mean,NRU,Nauru,2019,2019,1,1,0,1,1.0,,,1,0,0,all_missing
inflation_lag1_3_mean,NZL,New Zealand,1999,2023,25,25,25,0,0.0,1999.0,2023.0,0,0,0,complete
inflation_lag1_3_mean,OMN,Oman,2003,2022,20,10,9,1,0.1,2004.0,2022.0,1,0,0,late_start
inflation_lag1_3_mean,PAK,Pakistan,1999,2023,25,22,22,0,0.0,1999.0,2023.0,0,0,0,complete
inflation_lag1_3_mean,PAN,Panama,2002,2023,22,21,21,0,0.0,2002.0,2023.0,0,0,0,complete
inflation_lag1_3_mean,PER,Peru,1999,2023,25,25,25,0,0.0,1999.0,2023.0,0,0,0,complete
inflation_lag1_3_mean,PHL,Philippines,1999,2023,25,25,25,0,0.0,1999.0,2023.0,0,0,0,complete
inflation_lag1_3_mean,POL,Poland,1999,2023,25,25,25,0,0.0,1999.0,2023.0,0,0,0,complete
inflation_lag1_3_mean,PRI,Puerto Rico (US),2004,2023,20,17,0,17,1.0,,,17,0,0,all_missing
inflation_lag1_3_mean,PRT,Portugal,1999,2023,25,25,25,0,0.0,1999.0,2023.0,0,0,0,complete
inflation_lag1_3_mean,PRY,Paraguay,2003,2021,19,7,7,0,0.0,2003.0,2021.0,0,0,0,complete
inflation_lag1_3_mean,PSE,West Bank and Gaza,2014,2021,8,5,5,0,0.0,2014.0,2021.0,0,0,0,complete
inflation_lag1_3_mean,QAT,Qatar,2005,2023,19,16,16,0,0.0,2005.0,2023.0,0,0,0,complete
inflation_lag1_3_mean,ROU,Romania,1999,2023,25,25,25,0,0.0,1999.0,2023.0,0,0,0,complete
inflation_lag1_3_mean,RUS,Russian Federation,1999,2023,25,25,25,0,0.0,1999.0,2023.0,0,0,0,complete
inflation_lag1_3_mean,RWA,Rwanda,2003,2016,14,3,3,0,0.0,2003.0,2016.0,0,0,0,complete
inflation_lag1_3_mean,SAU,Saudi Arabia,1999,2023,25,25,25,0,0.0,1999.0,2023.0,0,0,0,complete
inflation_lag1_3_mean,SDN,Sudan,2004,2021,18,9,9,0,0.0,2004.0,2021.0,0,0,0,complete
inflation_lag1_3_mean,SEN,Senegal,2001,2019,19,10,10,0,0.0,2001.0,2019.0,0,0,0,complete
inflation_lag1_3_mean,SGP,Singapore,1999,2023,25,25,25,0,0.0,1999.0,2023.0,0,0,0,complete
inflation_lag1_3_mean,SLB,Solomon Islands,2015,2016,2,2,2,0,0.0,2015.0,2016.0,0,0,0,complete
inflation_lag1_3_mean,SLE,Sierra Leone,2001,2019,19,10,3,7,0.7,2012.0,2019.0,7,0,0,late_start
inflation_lag1_3_mean,SLV,El Salvador,1999,2023,25,11,11,0,0.0,1999.0,2023.0,0,0,0,complete
inflation_lag1_3_mean,SMR,San Marino,2006,2022,17,6,5,1,0.16666666666666666,2007.0,2022.0,1,0,0,late_start
inflation_lag1_3_mean,SOM,"Somalia, Fed. Rep.",2012,2013,2,2,0,2,1.0,,,2,0,0,all_missing
inflation_lag1_3_mean,SRB,Serbia,2003,2023,21,20,20,0,0.0,2003.0,2023.0,0,0,0,complete
inflation_lag1_3_mean,SUR,Suriname,2009,2009,1,1,1,0,0.0,2009.0,2009.0,0,0,0,complete
inflation_lag1_3_mean,SVK,Slovak Republic,1999,2023,25,25,25,0,0.0,1999.0,2023.0,0,0,0,complete
inflation_lag1_3_mean,SVN,Slovenia,1999,2023,25,25,25,0,0.0,1999.0,2023.0,0,0,0,complete
inflation_lag1_3_mean,SWE,Sweden,1999,2023,25,25,25,0,0.0,1999.0,2023.0,0,0,0,complete
inflation_lag1_3_mean,SWZ,Eswatini,2006,2019,14,6,6,0,0.0,2006.0,2019.0,0,0,0,complete
inflation_lag1_3_mean,SYC,Seychelles,2004,2021,18,9,9,0,0.0,2004.0,2021.0,0,0,0,complete
inflation_lag1_3_mean,SYR,Syrian Arab Republic,1999,2022,24,8,7,1,0.125,1999.0,2020.0,0,0,1,early_end
inflation_lag1_3_mean,TCD,Chad,2009,2009,1,1,1,0,0.0,2009.0,2009.0,0,0,0,complete
inflation_lag1_3_mean,TGO,Togo,2007,2015,9,3,3,0,0.0,2007.0,2015.0,0,0,0,complete
inflation_lag1_3_mean,THA,Thailand,1999,2023,25,25,25,0,0.0,1999.0,2023.0,0,0,0,complete
inflation_lag1_3_mean,TJK,Tajikistan,2004,2018,15,3,2,1,0.3333333333333333,2004.0,2005.0,0,0,1,early_end
inflation_lag1_3_mean,TKM,Turkmenistan,2015,2022,8,4,0,4,1.0,,,4,0,0,all_missing
inflation_lag1_3_mean,TON,Tonga,2008,2008,1,1,1,0,0.0,2008.0,2008.0,0,0,0,complete
inflation_lag1_3_mean,TUN,Tunisia,2001,2023,23,22,22,0,0.0,2001.0,2023.0,0,0,0,complete
inflation_lag1_3_mean,TUR,Turkiye,1999,2023,25,25,25,0,0.0,1999.0,2023.0,0,0,0,complete
inflation_lag1_3_mean,TZA,Tanzania,1999,2018,20,7,7,0,0.0,1999.0,2018.0,0,0,0,complete
inflation_lag1_3_mean,UGA,Uganda,2007,2023,17,4,4,0,0.0,2007.0,2023.0,0,0,0,complete
inflation_lag1_3_mean,UKR,Ukraine,1999,2023,25,25,25,0,0.0,1999.0,2023.0,0,0,0,complete
inflation_lag1_3_mean,URY,Uruguay,1999,2022,24,21,21,0,0.0,1999.0,2022.0,0,0,0,complete
inflation_lag1_3_mean,USA,United States,1999,2023,25,25,25,0,0.0,1999.0,2023.0,0,0,0,complete
inflation_lag1_3_mean,UZB,Uzbekistan,1999,2023,25,21,7,14,0.6666666666666666,2014.0,2023.0,14,0,0,late_start
inflation_lag1_3_mean,VEN,"Venezuela, RB",1999,2023,25,24,6,18,0.75,2012.0,2017.0,13,0,5,bounded_coverage_window
inflation_lag1_3_mean,VIR,Virgin Islands (U.S.),2017,2017,1,1,0,1,1.0,,,1,0,0,all_missing
inflation_lag1_3_mean,VNM,Viet Nam,1999,2023,25,24,24,0,0.0,1999.0,2023.0,0,0,0,complete
inflation_lag1_3_mean,VUT,Vanuatu,2000,2002,3,2,2,0,0.0,2000.0,2002.0,0,0,0,complete
inflation_lag1_3_mean,WSM,Samoa,2008,2008,1,1,1,0,0.0,2008.0,2008.0,0,0,0,complete
inflation_lag1_3_mean,YEM,"Yemen, Rep.",2003,2019,17,8,7,1,0.125,2003.0,2015.0,0,0,1,early_end
inflation_lag1_3_mean,ZAF,South Africa,1999,2023,25,25,25,0,0.0,1999.0,2023.0,0,0,0,complete
inflation_lag1_3_mean,ZMB,Zambia,2009,2018,10,4,4,0,0.0,2009.0,2018.0,0,0,0,complete
inflation_lag1_3_mean,ZWE,Zimbabwe,1999,2023,25,16,8,8,0.5,2014.0,2023.0,8,0,0,late_start
