panel_id,panel_label,panel_role,comparison_group,feature_set_role,target_column,lag_suffix,country_code,country_name,year,env_patent_share_inventions,model,observed,prediction,error,absolute_error
main,Main v2 model,main,,,env_patent_share_inventions,lag1_3_mean,ALB,Albania,2021,0.0009673051,elastic_net_alpha_1_l1_0.2,0.0009673051,0.26449203920534115,-0.26352473410534116,0.26352473410534116
main,Main v2 model,main,,,env_patent_share_inventions,lag1_3_mean,ARE,United Arab Emirates,2021,0.03864921,elastic_net_alpha_1_l1_0.2,0.03864921,0.826727614483127,-0.788078404483127,0.788078404483127
main,Main v2 model,main,,,env_patent_share_inventions,lag1_3_mean,ARG,Argentina,2021,0.00838331,elastic_net_alpha_1_l1_0.2,0.00838331,0.8214055526545461,-0.813022242654546,0.813022242654546
main,Main v2 model,main,,,env_patent_share_inventions,lag1_3_mean,ARM,Armenia,2021,0.0009673051,elastic_net_alpha_1_l1_0.2,0.0009673051,0.3152284555882442,-0.3142611504882442,0.3142611504882442
main,Main v2 model,main,,,env_patent_share_inventions,lag1_3_mean,AUS,Australia,2021,0.6052428,elastic_net_alpha_1_l1_0.2,0.6052428,2.542738944538447,-1.9374961445384469,1.9374961445384469
main,Main v2 model,main,,,env_patent_share_inventions,lag1_3_mean,AUT,Austria,2021,0.600331,elastic_net_alpha_1_l1_0.2,0.600331,0.8233708571170175,-0.22303985711701757,0.22303985711701757
main,Main v2 model,main,,,env_patent_share_inventions,lag1_3_mean,AZE,Azerbaijan,2021,0.00451409,elastic_net_alpha_1_l1_0.2,0.00451409,0.34527100176575765,-0.3407569117657576,0.3407569117657576
main,Main v2 model,main,,,env_patent_share_inventions,lag1_3_mean,BEL,Belgium,2021,0.5078351,elastic_net_alpha_1_l1_0.2,0.5078351,0.8324085029510716,-0.3245734029510716,0.3245734029510716
main,Main v2 model,main,,,env_patent_share_inventions,lag1_3_mean,BFA,Burkina Faso,2021,0.0009673051,elastic_net_alpha_1_l1_0.2,0.0009673051,0.15207916471147342,-0.15111185961147341,0.15111185961147341
main,Main v2 model,main,,,env_patent_share_inventions,lag1_3_mean,BGD,Bangladesh,2021,0.002321532,elastic_net_alpha_1_l1_0.2,0.002321532,0.44882786122064405,-0.44650632922064404,0.44650632922064404
main,Main v2 model,main,,,env_patent_share_inventions,lag1_3_mean,BGR,Bulgaria,2021,0.0156381,elastic_net_alpha_1_l1_0.2,0.0156381,0.40214850331854046,-0.3865104033185405,0.3865104033185405
main,Main v2 model,main,,,env_patent_share_inventions,lag1_3_mean,BHS,"Bahamas, The",2021,0.004836525,elastic_net_alpha_1_l1_0.2,0.004836525,0.35076572536827966,-0.3459292003682797,0.3459292003682797
main,Main v2 model,main,,,env_patent_share_inventions,lag1_3_mean,BLR,Belarus,2021,0.01176888,elastic_net_alpha_1_l1_0.2,0.01176888,0.25926921292977745,-0.24750033292977744,0.24750033292977744
main,Main v2 model,main,,,env_patent_share_inventions,lag1_3_mean,BRA,Brazil,2021,0.2022635,elastic_net_alpha_1_l1_0.2,0.2022635,2.4797437599127434,-2.2774802599127435,2.2774802599127435
main,Main v2 model,main,,,env_patent_share_inventions,lag1_3_mean,CAN,Canada,2021,1.406397,elastic_net_alpha_1_l1_0.2,1.406397,2.6677973414841247,-1.2614003414841248,1.2614003414841248
main,Main v2 model,main,,,env_patent_share_inventions,lag1_3_mean,CHE,Switzerland,2021,0.5670665,elastic_net_alpha_1_l1_0.2,0.5670665,0.8915278654219514,-0.32446136542195136,0.32446136542195136
main,Main v2 model,main,,,env_patent_share_inventions,lag1_3_mean,CHL,Chile,2021,0.04739795,elastic_net_alpha_1_l1_0.2,0.04739795,0.7271193222242294,-0.6797213722242293,0.6797213722242293
main,Main v2 model,main,,,env_patent_share_inventions,lag1_3_mean,CHN,China,2021,27.46088,elastic_net_alpha_1_l1_0.2,27.46088,18.63765457529151,8.82322542470849,8.82322542470849
main,Main v2 model,main,,,env_patent_share_inventions,lag1_3_mean,CMR,Cameroon,2021,0.00064487,elastic_net_alpha_1_l1_0.2,0.00064487,0.17498600690207933,-0.17434113690207934,0.17434113690207934
main,Main v2 model,main,,,env_patent_share_inventions,lag1_3_mean,COL,Colombia,2021,0.01708906,elastic_net_alpha_1_l1_0.2,0.01708906,0.6629955420022202,-0.6459064820022202,0.6459064820022202
main,Main v2 model,main,,,env_patent_share_inventions,lag1_3_mean,CPV,Cabo Verde,2021,0.00064487,elastic_net_alpha_1_l1_0.2,0.00064487,0.22316868278316304,-0.22252381278316305,0.22252381278316305
main,Main v2 model,main,,,env_patent_share_inventions,lag1_3_mean,CRI,Costa Rica,2021,0.00193461,elastic_net_alpha_1_l1_0.2,0.00193461,0.37216823393049514,-0.37023362393049514,0.37023362393049514
main,Main v2 model,main,,,env_patent_share_inventions,lag1_3_mean,CYP,Cyprus,2021,0.007416006,elastic_net_alpha_1_l1_0.2,0.007416006,0.42011898600226893,-0.41270298000226896,0.41270298000226896
main,Main v2 model,main,,,env_patent_share_inventions,lag1_3_mean,CZE,Czechia,2021,0.1125298,elastic_net_alpha_1_l1_0.2,0.1125298,0.787521481413717,-0.674991681413717,0.674991681413717
main,Main v2 model,main,,,env_patent_share_inventions,lag1_3_mean,DEU,Germany,2021,6.09054,elastic_net_alpha_1_l1_0.2,6.09054,4.605647398508562,1.4848926014914374,1.4848926014914374
main,Main v2 model,main,,,env_patent_share_inventions,lag1_3_mean,DNK,Denmark,2021,0.8738312,elastic_net_alpha_1_l1_0.2,0.8738312,0.8506491197954904,0.023182080204509625,0.023182080204509625
main,Main v2 model,main,,,env_patent_share_inventions,lag1_3_mean,DOM,Dominican Republic,2021,0.00064487,elastic_net_alpha_1_l1_0.2,0.00064487,0.37131128034359884,-0.3706664103435988,0.3706664103435988
main,Main v2 model,main,,,env_patent_share_inventions,lag1_3_mean,DZA,Algeria,2021,0.003288837,elastic_net_alpha_1_l1_0.2,0.003288837,0.4799331523415274,-0.4766443153415274,0.4766443153415274
main,Main v2 model,main,,,env_patent_share_inventions,lag1_3_mean,ECU,Ecuador,2021,0.001612175,elastic_net_alpha_1_l1_0.2,0.001612175,0.35110355109789393,-0.34949137609789394,0.34949137609789394
main,Main v2 model,main,,,env_patent_share_inventions,lag1_3_mean,EGY,"Egypt, Arab Rep.",2021,0.01321984,elastic_net_alpha_1_l1_0.2,0.01321984,0.776187709905307,-0.7629678699053071,0.7629678699053071
main,Main v2 model,main,,,env_patent_share_inventions,lag1_3_mean,ESP,Spain,2021,0.6234819,elastic_net_alpha_1_l1_0.2,0.6234819,2.2099673621896487,-1.5864854621896487,1.5864854621896487
main,Main v2 model,main,,,env_patent_share_inventions,lag1_3_mean,EST,Estonia,2021,0.01386471,elastic_net_alpha_1_l1_0.2,0.01386471,0.4845373563219731,-0.4706726463219731,0.4706726463219731
main,Main v2 model,main,,,env_patent_share_inventions,lag1_3_mean,ETH,Ethiopia,2021,0.002257045,elastic_net_alpha_1_l1_0.2,0.002257045,0.22820567464913621,-0.2259486296491362,0.2259486296491362
main,Main v2 model,main,,,env_patent_share_inventions,lag1_3_mean,FIN,Finland,2021,0.4526021,elastic_net_alpha_1_l1_0.2,0.4526021,0.8182327841721293,-0.3656306841721293,0.3656306841721293
main,Main v2 model,main,,,env_patent_share_inventions,lag1_3_mean,FRA,France,2021,2.559317,elastic_net_alpha_1_l1_0.2,2.559317,3.0516111660314458,-0.4922941660314457,0.4922941660314457
main,Main v2 model,main,,,env_patent_share_inventions,lag1_3_mean,GBR,United Kingdom,2021,1.863642,elastic_net_alpha_1_l1_0.2,1.863642,3.9764853764532218,-2.1128433764532217,2.1128433764532217
main,Main v2 model,main,,,env_patent_share_inventions,lag1_3_mean,GEO,Georgia,2021,0.007738441,elastic_net_alpha_1_l1_0.2,0.007738441,0.330946067656381,-0.32320762665638103,0.32320762665638103
main,Main v2 model,main,,,env_patent_share_inventions,lag1_3_mean,GRC,Greece,2021,0.04058382,elastic_net_alpha_1_l1_0.2,0.04058382,0.6715994392325246,-0.6310156192325246,0.6310156192325246
main,Main v2 model,main,,,env_patent_share_inventions,lag1_3_mean,HKG,"Hong Kong SAR, China",2021,0.09469917,elastic_net_alpha_1_l1_0.2,0.09469917,0.48770798155142164,-0.39300881155142164,0.39300881155142164
main,Main v2 model,main,,,env_patent_share_inventions,lag1_3_mean,HRV,Croatia,2021,0.02037789,elastic_net_alpha_1_l1_0.2,0.02037789,0.3980855278711418,-0.3777076378711418,0.3777076378711418
main,Main v2 model,main,,,env_patent_share_inventions,lag1_3_mean,HUN,Hungary,2021,0.04149739,elastic_net_alpha_1_l1_0.2,0.04149739,0.5781557685450434,-0.5366583785450434,0.5366583785450434
main,Main v2 model,main,,,env_patent_share_inventions,lag1_3_mean,IDN,Indonesia,2021,0.01360676,elastic_net_alpha_1_l1_0.2,0.01360676,1.4142261131666813,-1.4006193531666813,1.4006193531666813
main,Main v2 model,main,,,env_patent_share_inventions,lag1_3_mean,IND,India,2021,1.139217,elastic_net_alpha_1_l1_0.2,1.139217,4.056908997230275,-2.9176919972302753,2.9176919972302753
main,Main v2 model,main,,,env_patent_share_inventions,lag1_3_mean,IRL,Ireland,2021,0.1236538,elastic_net_alpha_1_l1_0.2,0.1236538,0.6760829290212691,-0.5524291290212691,0.5524291290212691
main,Main v2 model,main,,,env_patent_share_inventions,lag1_3_mean,IRN,"Iran, Islamic Rep.",2021,0.03633843,elastic_net_alpha_1_l1_0.2,0.03633843,1.4165028979949108,-1.3801644679949108,1.3801644679949108
main,Main v2 model,main,,,env_patent_share_inventions,lag1_3_mean,ISL,Iceland,2021,0.009673051,elastic_net_alpha_1_l1_0.2,0.009673051,0.4175682398083367,-0.4078951888083367,0.4078951888083367
main,Main v2 model,main,,,env_patent_share_inventions,lag1_3_mean,ISR,Israel,2021,0.4227123,elastic_net_alpha_1_l1_0.2,0.4227123,0.9636629244478035,-0.5409506244478035,0.5409506244478035
main,Main v2 model,main,,,env_patent_share_inventions,lag1_3_mean,ITA,Italy,2021,1.366383,elastic_net_alpha_1_l1_0.2,1.366383,2.758772848336497,-1.3923898483364971,1.3923898483364971
main,Main v2 model,main,,,env_patent_share_inventions,lag1_3_mean,JOR,Jordan,2021,0.009565572,elastic_net_alpha_1_l1_0.2,0.009565572,0.3743503534777627,-0.36478478147776267,0.36478478147776267
main,Main v2 model,main,,,env_patent_share_inventions,lag1_3_mean,JPN,Japan,2021,18.32637,elastic_net_alpha_1_l1_0.2,18.32637,4.798519838602164,13.527850161397836,13.527850161397836
main,Main v2 model,main,,,env_patent_share_inventions,lag1_3_mean,KAZ,Kazakhstan,2021,0.006771136,elastic_net_alpha_1_l1_0.2,0.006771136,0.6226091402457805,-0.6158380042457805,0.6158380042457805
main,Main v2 model,main,,,env_patent_share_inventions,lag1_3_mean,KEN,Kenya,2021,0.001450958,elastic_net_alpha_1_l1_0.2,0.001450958,0.2747170542230125,-0.2732660962230125,0.2732660962230125
main,Main v2 model,main,,,env_patent_share_inventions,lag1_3_mean,KGZ,Kyrgyz Republic,2021,0.00064487,elastic_net_alpha_1_l1_0.2,0.00064487,0.19685197754916983,-0.19620710754916984,0.19620710754916984
main,Main v2 model,main,,,env_patent_share_inventions,lag1_3_mean,KHM,Cambodia,2021,0.00128974,elastic_net_alpha_1_l1_0.2,0.00128974,0.09544825728130146,-0.09415851728130147,0.09415851728130147
main,Main v2 model,main,,,env_patent_share_inventions,lag1_3_mean,KOR,"Korea, Rep.",2021,13.81879,elastic_net_alpha_1_l1_0.2,13.81879,2.6408778440212646,11.177912155978735,11.177912155978735
main,Main v2 model,main,,,env_patent_share_inventions,lag1_3_mean,KWT,Kuwait,2021,0.00764171,elastic_net_alpha_1_l1_0.2,0.00764171,0.6365641328492182,-0.6289224228492182,0.6289224228492182
main,Main v2 model,main,,,env_patent_share_inventions,lag1_3_mean,LBN,Lebanon,2021,0.007158058,elastic_net_alpha_1_l1_0.2,0.007158058,0.3600333103116219,-0.35287525231162187,0.35287525231162187
main,Main v2 model,main,,,env_patent_share_inventions,lag1_3_mean,LBY,Libya,2021,0.0009673051,elastic_net_alpha_1_l1_0.2,0.0009673051,0.23800363374446742,-0.23703632864446741,0.23703632864446741
main,Main v2 model,main,,,env_patent_share_inventions,lag1_3_mean,LKA,Sri Lanka,2021,0.01612175,elastic_net_alpha_1_l1_0.2,0.01612175,0.32738642629143333,-0.31126467629143334,0.31126467629143334
main,Main v2 model,main,,,env_patent_share_inventions,lag1_3_mean,LTU,Lithuania,2021,0.01064036,elastic_net_alpha_1_l1_0.2,0.01064036,0.3523988336321966,-0.3417584736321966,0.3417584736321966
main,Main v2 model,main,,,env_patent_share_inventions,lag1_3_mean,LUX,Luxembourg,2021,0.05029986,elastic_net_alpha_1_l1_0.2,0.05029986,0.241086451459397,-0.190786591459397,0.190786591459397
main,Main v2 model,main,,,env_patent_share_inventions,lag1_3_mean,LVA,Latvia,2021,0.02031341,elastic_net_alpha_1_l1_0.2,0.02031341,0.32209389939161115,-0.3017804893916112,0.3017804893916112
main,Main v2 model,main,,,env_patent_share_inventions,lag1_3_mean,MAC,"Macao SAR, China",2021,0.00386922,elastic_net_alpha_1_l1_0.2,0.00386922,0.4364506942376909,-0.4325814742376909,0.4325814742376909
main,Main v2 model,main,,,env_patent_share_inventions,lag1_3_mean,MAR,Morocco,2021,0.01747598,elastic_net_alpha_1_l1_0.2,0.01747598,0.4490449070021832,-0.4315689270021832,0.4315689270021832
main,Main v2 model,main,,,env_patent_share_inventions,lag1_3_mean,MDA,Moldova,2021,0.001128523,elastic_net_alpha_1_l1_0.2,0.001128523,0.266122264309,-0.264993741309,0.264993741309
main,Main v2 model,main,,,env_patent_share_inventions,lag1_3_mean,MEX,Mexico,2021,0.08141485,elastic_net_alpha_1_l1_0.2,0.08141485,1.3508743549284796,-1.2694595049284796,1.2694595049284796
main,Main v2 model,main,,,env_patent_share_inventions,lag1_3_mean,MLT,Malta,2021,0.007416006,elastic_net_alpha_1_l1_0.2,0.007416006,0.2687177801164631,-0.2613017741164631,0.2613017741164631
main,Main v2 model,main,,,env_patent_share_inventions,lag1_3_mean,MNE,Montenegro,2021,0.0009673051,elastic_net_alpha_1_l1_0.2,0.0009673051,0.2682814389003464,-0.2673141338003464,0.2673141338003464
main,Main v2 model,main,,,env_patent_share_inventions,lag1_3_mean,MRT,Mauritania,2021,0.0009673051,elastic_net_alpha_1_l1_0.2,0.0009673051,0.1615211572793256,-0.16055385217932558,0.16055385217932558
main,Main v2 model,main,,,env_patent_share_inventions,lag1_3_mean,MUS,Mauritius,2021,0.00064487,elastic_net_alpha_1_l1_0.2,0.00064487,0.3368649809037656,-0.3362201109037656,0.3362201109037656
main,Main v2 model,main,,,env_patent_share_inventions,lag1_3_mean,MYS,Malaysia,2021,0.08705746,elastic_net_alpha_1_l1_0.2,0.08705746,0.9178066234902688,-0.8307491634902687,0.8307491634902687
main,Main v2 model,main,,,env_patent_share_inventions,lag1_3_mean,NCL,New Caledonia,2021,0.002901915,elastic_net_alpha_1_l1_0.2,0.002901915,0.6906981956119074,-0.6877962806119073,0.6877962806119073
main,Main v2 model,main,,,env_patent_share_inventions,lag1_3_mean,NER,Niger,2021,0.00064487,elastic_net_alpha_1_l1_0.2,0.00064487,0.14905610811216485,-0.14841123811216486,0.14841123811216486
main,Main v2 model,main,,,env_patent_share_inventions,lag1_3_mean,NLD,Netherlands,2021,0.8459405,elastic_net_alpha_1_l1_0.2,0.8459405,0.9539960003808314,-0.10805550038083145,0.10805550038083145
main,Main v2 model,main,,,env_patent_share_inventions,lag1_3_mean,NOR,Norway,2021,0.2947056,elastic_net_alpha_1_l1_0.2,0.2947056,0.9116954527669542,-0.6169898527669542,0.6169898527669542
main,Main v2 model,main,,,env_patent_share_inventions,lag1_3_mean,NPL,Nepal,2021,0.00128974,elastic_net_alpha_1_l1_0.2,0.00128974,0.1832909599893109,-0.18200121998931088,0.18200121998931088
main,Main v2 model,main,,,env_patent_share_inventions,lag1_3_mean,NZL,New Zealand,2021,0.08180176,elastic_net_alpha_1_l1_0.2,0.08180176,0.8173765184538213,-0.7355747584538213,0.7355747584538213
main,Main v2 model,main,,,env_patent_share_inventions,lag1_3_mean,OMN,Oman,2021,0.002418263,elastic_net_alpha_1_l1_0.2,0.002418263,0.6208607237533056,-0.6184424607533056,0.6184424607533056
main,Main v2 model,main,,,env_patent_share_inventions,lag1_3_mean,PAK,Pakistan,2021,0.00838331,elastic_net_alpha_1_l1_0.2,0.00838331,0.6733243155705075,-0.6649410055705075,0.6649410055705075
main,Main v2 model,main,,,env_patent_share_inventions,lag1_3_mean,PAN,Panama,2021,0.001450958,elastic_net_alpha_1_l1_0.2,0.001450958,0.3412084162213763,-0.3397574582213763,0.3397574582213763
main,Main v2 model,main,,,env_patent_share_inventions,lag1_3_mean,PER,Peru,2021,0.009028181,elastic_net_alpha_1_l1_0.2,0.009028181,0.4854272081875485,-0.47639902718754845,0.47639902718754845
main,Main v2 model,main,,,env_patent_share_inventions,lag1_3_mean,PHL,Philippines,2021,0.01666989,elastic_net_alpha_1_l1_0.2,0.01666989,0.5354581425506793,-0.5187882525506793,0.5187882525506793
main,Main v2 model,main,,,env_patent_share_inventions,lag1_3_mean,POL,Poland,2021,0.1891726,elastic_net_alpha_1_l1_0.2,0.1891726,1.3488715752207534,-1.1596989752207534,1.1596989752207534
main,Main v2 model,main,,,env_patent_share_inventions,lag1_3_mean,PRI,Puerto Rico (US),2021,0.00193461,elastic_net_alpha_1_l1_0.2,0.00193461,0.4252393876475399,-0.4233047776475399,0.4233047776475399
main,Main v2 model,main,,,env_patent_share_inventions,lag1_3_mean,PRT,Portugal,2021,0.05997292,elastic_net_alpha_1_l1_0.2,0.05997292,0.7665127589531879,-0.706539838953188,0.706539838953188
main,Main v2 model,main,,,env_patent_share_inventions,lag1_3_mean,PRY,Paraguay,2021,0.00064487,elastic_net_alpha_1_l1_0.2,0.00064487,0.2172552990871648,-0.2166104290871648,0.2166104290871648
main,Main v2 model,main,,,env_patent_share_inventions,lag1_3_mean,PSE,West Bank and Gaza,2021,0.00193461,elastic_net_alpha_1_l1_0.2,0.00193461,0.33278280500366186,-0.33084819500366186,0.33084819500366186
main,Main v2 model,main,,,env_patent_share_inventions,lag1_3_mean,QAT,Qatar,2021,0.01160766,elastic_net_alpha_1_l1_0.2,0.01160766,1.0299862444114414,-1.0183785844114415,1.0183785844114415
main,Main v2 model,main,,,env_patent_share_inventions,lag1_3_mean,ROU,Romania,2021,0.03520991,elastic_net_alpha_1_l1_0.2,0.03520991,0.6101176114472115,-0.5749077014472116,0.5749077014472116
main,Main v2 model,main,,,env_patent_share_inventions,lag1_3_mean,RUS,Russian Federation,2021,0.2115711,elastic_net_alpha_1_l1_0.2,0.2115711,2.7006684333766064,-2.4890973333766064,2.4890973333766064
main,Main v2 model,main,,,env_patent_share_inventions,lag1_3_mean,SAU,Saudi Arabia,2021,0.1900755,elastic_net_alpha_1_l1_0.2,0.1900755,1.2128751339189652,-1.0227996339189651,1.0227996339189651
main,Main v2 model,main,,,env_patent_share_inventions,lag1_3_mean,SDN,Sudan,2021,0.0004836525,elastic_net_alpha_1_l1_0.2,0.0004836525,0.16461771640793033,-0.16413406390793034,0.16413406390793034
main,Main v2 model,main,,,env_patent_share_inventions,lag1_3_mean,SGP,Singapore,2021,0.2456955,elastic_net_alpha_1_l1_0.2,0.2456955,0.7886397500501406,-0.5429442500501407,0.5429442500501407
main,Main v2 model,main,,,env_patent_share_inventions,lag1_3_mean,SRB,Serbia,2021,0.009673051,elastic_net_alpha_1_l1_0.2,0.009673051,0.38010577109914834,-0.37043272009914835,0.37043272009914835
main,Main v2 model,main,,,env_patent_share_inventions,lag1_3_mean,SVK,Slovak Republic,2021,0.03756368,elastic_net_alpha_1_l1_0.2,0.03756368,0.38208524213255546,-0.34452156213255547,0.34452156213255547
main,Main v2 model,main,,,env_patent_share_inventions,lag1_3_mean,SVN,Slovenia,2021,0.03192107,elastic_net_alpha_1_l1_0.2,0.03192107,0.3728880254230058,-0.3409669554230058,0.3409669554230058
main,Main v2 model,main,,,env_patent_share_inventions,lag1_3_mean,SWE,Sweden,2021,0.9232927,elastic_net_alpha_1_l1_0.2,0.9232927,1.0542328483146555,-0.1309401483146555,0.1309401483146555
main,Main v2 model,main,,,env_patent_share_inventions,lag1_3_mean,SYC,Seychelles,2021,0.00193461,elastic_net_alpha_1_l1_0.2,0.00193461,0.276535980772897,-0.274601370772897,0.274601370772897
main,Main v2 model,main,,,env_patent_share_inventions,lag1_3_mean,THA,Thailand,2021,0.03433933,elastic_net_alpha_1_l1_0.2,0.03433933,0.722044170631185,-0.687704840631185,0.687704840631185
main,Main v2 model,main,,,env_patent_share_inventions,lag1_3_mean,TUN,Tunisia,2021,0.003546785,elastic_net_alpha_1_l1_0.2,0.003546785,0.3597748165886464,-0.3562280315886464,0.3562280315886464
main,Main v2 model,main,,,env_patent_share_inventions,lag1_3_mean,TUR,Turkiye,2021,0.2938995,elastic_net_alpha_1_l1_0.2,0.2938995,1.527307024246918,-1.233407524246918,1.233407524246918
main,Main v2 model,main,,,env_patent_share_inventions,lag1_3_mean,UKR,Ukraine,2021,0.03353324,elastic_net_alpha_1_l1_0.2,0.03353324,0.5427095593480383,-0.5091763193480383,0.5091763193480383
main,Main v2 model,main,,,env_patent_share_inventions,lag1_3_mean,URY,Uruguay,2021,0.0009673051,elastic_net_alpha_1_l1_0.2,0.0009673051,0.3631524528672301,-0.3621851477672301,0.3621851477672301
main,Main v2 model,main,,,env_patent_share_inventions,lag1_3_mean,USA,United States,2021,14.33043,elastic_net_alpha_1_l1_0.2,14.33043,19.18039696529738,-4.84996696529738,4.84996696529738
main,Main v2 model,main,,,env_patent_share_inventions,lag1_3_mean,VEN,"Venezuela, RB",2021,0.0009673051,elastic_net_alpha_1_l1_0.2,0.0009673051,0.17566298798140834,-0.17469568288140833,0.17469568288140833
main,Main v2 model,main,,,env_patent_share_inventions,lag1_3_mean,VNM,Viet Nam,2021,0.03956278,elastic_net_alpha_1_l1_0.2,0.03956278,0.4218455299922417,-0.38228274999224165,0.38228274999224165
main,Main v2 model,main,,,env_patent_share_inventions,lag1_3_mean,ZAF,South Africa,2021,0.05207326,elastic_net_alpha_1_l1_0.2,0.05207326,0.8583033490600647,-0.8062300890600647,0.8062300890600647
main,Main v2 model,main,,,env_patent_share_inventions,lag1_3_mean,ZWE,Zimbabwe,2021,0.00064487,elastic_net_alpha_1_l1_0.2,0.00064487,0.08747029074547064,-0.08682542074547063,0.08682542074547063
main,Main v2 model,main,,,env_patent_share_inventions,lag1_3_mean,ALB,Albania,2022,0.0005390487,elastic_net_alpha_1_l1_0.2,0.0005390487,0.25898570302429913,-0.25844665432429914,0.25844665432429914
main,Main v2 model,main,,,env_patent_share_inventions,lag1_3_mean,ARE,United Arab Emirates,2022,0.02228068,elastic_net_alpha_1_l1_0.2,0.02228068,0.8310539670514191,-0.808773287051419,0.808773287051419
main,Main v2 model,main,,,env_patent_share_inventions,lag1_3_mean,ARG,Argentina,2022,0.01132002,elastic_net_alpha_1_l1_0.2,0.01132002,0.805228695461465,-0.793908675461465,0.793908675461465
main,Main v2 model,main,,,env_patent_share_inventions,lag1_3_mean,ARM,Armenia,2022,0.00431239,elastic_net_alpha_1_l1_0.2,0.00431239,0.3234477597710135,-0.3191353697710135,0.3191353697710135
main,Main v2 model,main,,,env_patent_share_inventions,lag1_3_mean,ATG,Antigua and Barbuda,2022,0.0007187316,elastic_net_alpha_1_l1_0.2,0.0007187316,0.32704659976989725,-0.32632786816989723,0.32632786816989723
main,Main v2 model,main,,,env_patent_share_inventions,lag1_3_mean,AUS,Australia,2022,0.4013757,elastic_net_alpha_1_l1_0.2,0.4013757,2.5540065623924773,-2.1526308623924773,2.1526308623924773
main,Main v2 model,main,,,env_patent_share_inventions,lag1_3_mean,AUT,Austria,2022,0.5074065,elastic_net_alpha_1_l1_0.2,0.5074065,0.8613127344277582,-0.35390623442775826,0.35390623442775826
main,Main v2 model,main,,,env_patent_share_inventions,lag1_3_mean,BEL,Belgium,2022,0.4569935,elastic_net_alpha_1_l1_0.2,0.4569935,0.8964980284323749,-0.4395045284323749,0.4395045284323749
main,Main v2 model,main,,,env_patent_share_inventions,lag1_3_mean,BGD,Bangladesh,2022,0.006684204,elastic_net_alpha_1_l1_0.2,0.006684204,0.48175338498143416,-0.47506918098143414,0.47506918098143414
main,Main v2 model,main,,,env_patent_share_inventions,lag1_3_mean,BGR,Bulgaria,2022,0.01936982,elastic_net_alpha_1_l1_0.2,0.01936982,0.4107166558184101,-0.3913468358184101,0.3913468358184101
main,Main v2 model,main,,,env_patent_share_inventions,lag1_3_mean,BHR,Bahrain,2022,0.002156195,elastic_net_alpha_1_l1_0.2,0.002156195,0.5994847283072867,-0.5973285333072867,0.5973285333072867
main,Main v2 model,main,,,env_patent_share_inventions,lag1_3_mean,BIH,Bosnia and Herzegovina,2022,0.0005390487,elastic_net_alpha_1_l1_0.2,0.0005390487,0.2756364466212189,-0.2750973979212189,0.2750973979212189
main,Main v2 model,main,,,env_patent_share_inventions,lag1_3_mean,BLR,Belarus,2022,0.002156195,elastic_net_alpha_1_l1_0.2,0.002156195,0.26068460866358467,-0.25852841366358464,0.25852841366358464
main,Main v2 model,main,,,env_patent_share_inventions,lag1_3_mean,BOL,Bolivia,2022,0.0007187316,elastic_net_alpha_1_l1_0.2,0.0007187316,0.2502785576663922,-0.24955982606639218,0.24955982606639218
main,Main v2 model,main,,,env_patent_share_inventions,lag1_3_mean,BRA,Brazil,2022,0.1441057,elastic_net_alpha_1_l1_0.2,0.1441057,2.5221903197165516,-2.3780846197165517,2.3780846197165517
main,Main v2 model,main,,,env_patent_share_inventions,lag1_3_mean,BTN,Bhutan,2022,0.0007187316,elastic_net_alpha_1_l1_0.2,0.0007187316,0.16791420496068876,-0.16719547336068877,0.16719547336068877
main,Main v2 model,main,,,env_patent_share_inventions,lag1_3_mean,CAN,Canada,2022,1.151103,elastic_net_alpha_1_l1_0.2,1.151103,2.7141271726836105,-1.5630241726836105,1.5630241726836105
main,Main v2 model,main,,,env_patent_share_inventions,lag1_3_mean,CHE,Switzerland,2022,0.4045081,elastic_net_alpha_1_l1_0.2,0.4045081,0.9325754170599613,-0.5280673170599612,0.5280673170599612
main,Main v2 model,main,,,env_patent_share_inventions,lag1_3_mean,CHL,Chile,2022,0.03126482,elastic_net_alpha_1_l1_0.2,0.03126482,0.7345213789216128,-0.7032565589216129,0.7032565589216129
main,Main v2 model,main,,,env_patent_share_inventions,lag1_3_mean,CHN,China,2022,36.75972,elastic_net_alpha_1_l1_0.2,36.75972,20.442228723850974,16.317491276149028,16.317491276149028
main,Main v2 model,main,,,env_patent_share_inventions,lag1_3_mean,CIV,Cote d'Ivoire,2022,0.001078097,elastic_net_alpha_1_l1_0.2,0.001078097,0.24572598707399496,-0.24464789007399496,0.24464789007399496
main,Main v2 model,main,,,env_patent_share_inventions,lag1_3_mean,CMR,Cameroon,2022,0.001796829,elastic_net_alpha_1_l1_0.2,0.001796829,0.1784077631487735,-0.1766109341487735,0.1766109341487735
main,Main v2 model,main,,,env_patent_share_inventions,lag1_3_mean,COL,Colombia,2022,0.04995184,elastic_net_alpha_1_l1_0.2,0.04995184,0.6832205022284172,-0.6332686622284173,0.6332686622284173
main,Main v2 model,main,,,env_patent_share_inventions,lag1_3_mean,CPV,Cabo Verde,2022,0.002156195,elastic_net_alpha_1_l1_0.2,0.002156195,0.24576424877062564,-0.24360805377062564,0.24360805377062564
main,Main v2 model,main,,,env_patent_share_inventions,lag1_3_mean,CRI,Costa Rica,2022,0.00431239,elastic_net_alpha_1_l1_0.2,0.00431239,0.3682491553839702,-0.3639367653839702,0.3639367653839702
main,Main v2 model,main,,,env_patent_share_inventions,lag1_3_mean,CYP,Cyprus,2022,0.02443687,elastic_net_alpha_1_l1_0.2,0.02443687,0.3477584627855943,-0.3233215927855943,0.3233215927855943
main,Main v2 model,main,,,env_patent_share_inventions,lag1_3_mean,CZE,Czechia,2022,0.1217172,elastic_net_alpha_1_l1_0.2,0.1217172,0.7936995277236455,-0.6719823277236455,0.6719823277236455
main,Main v2 model,main,,,env_patent_share_inventions,lag1_3_mean,DEU,Germany,2022,5.048269,elastic_net_alpha_1_l1_0.2,5.048269,4.622152313093515,0.42611668690648496,0.42611668690648496
main,Main v2 model,main,,,env_patent_share_inventions,lag1_3_mean,DNK,Denmark,2022,0.756465,elastic_net_alpha_1_l1_0.2,0.756465,0.8652920054906608,-0.10882700549066071,0.10882700549066071
main,Main v2 model,main,,,env_patent_share_inventions,lag1_3_mean,DZA,Algeria,2022,0.002695243,elastic_net_alpha_1_l1_0.2,0.002695243,0.49284558600812944,-0.49015034300812943,0.49015034300812943
main,Main v2 model,main,,,env_patent_share_inventions,lag1_3_mean,ECU,Ecuador,2022,0.002695243,elastic_net_alpha_1_l1_0.2,0.002695243,0.3593430515160997,-0.3566478085160997,0.3566478085160997
main,Main v2 model,main,,,env_patent_share_inventions,lag1_3_mean,EGY,"Egypt, Arab Rep.",2022,0.01635114,elastic_net_alpha_1_l1_0.2,0.01635114,0.840974274052863,-0.8246231340528629,0.8246231340528629
main,Main v2 model,main,,,env_patent_share_inventions,lag1_3_mean,ESP,Spain,2022,0.5145639,elastic_net_alpha_1_l1_0.2,0.5145639,2.2708192279283326,-1.7562553279283326,1.7562553279283326
main,Main v2 model,main,,,env_patent_share_inventions,lag1_3_mean,EST,Estonia,2022,0.00431239,elastic_net_alpha_1_l1_0.2,0.00431239,0.44453985538230034,-0.44022746538230034,0.44022746538230034
main,Main v2 model,main,,,env_patent_share_inventions,lag1_3_mean,ETH,Ethiopia,2022,0.002156195,elastic_net_alpha_1_l1_0.2,0.002156195,0.2576516844686757,-0.2554954894686757,0.2554954894686757
main,Main v2 model,main,,,env_patent_share_inventions,lag1_3_mean,FIN,Finland,2022,0.3148763,elastic_net_alpha_1_l1_0.2,0.3148763,0.8419067650444718,-0.5270304650444718,0.5270304650444718
main,Main v2 model,main,,,env_patent_share_inventions,lag1_3_mean,FRA,France,2022,1.679969,elastic_net_alpha_1_l1_0.2,1.679969,3.07265673698394,-1.3926877369839399,1.3926877369839399
main,Main v2 model,main,,,env_patent_share_inventions,lag1_3_mean,FRO,Faroe Islands,2022,0.001078097,elastic_net_alpha_1_l1_0.2,0.001078097,0.2864796453374603,-0.2854015483374603,0.2854015483374603
main,Main v2 model,main,,,env_patent_share_inventions,lag1_3_mean,GBR,United Kingdom,2022,1.691451,elastic_net_alpha_1_l1_0.2,1.691451,4.09899352768592,-2.40754252768592,2.40754252768592
main,Main v2 model,main,,,env_patent_share_inventions,lag1_3_mean,GHA,Ghana,2022,0.003593658,elastic_net_alpha_1_l1_0.2,0.003593658,0.2895440236373473,-0.2859503656373473,0.2859503656373473
main,Main v2 model,main,,,env_patent_share_inventions,lag1_3_mean,GRC,Greece,2022,0.0394943,elastic_net_alpha_1_l1_0.2,0.0394943,0.6845392187840196,-0.6450449187840196,0.6450449187840196
main,Main v2 model,main,,,env_patent_share_inventions,lag1_3_mean,GTM,Guatemala,2022,0.002156195,elastic_net_alpha_1_l1_0.2,0.002156195,0.243264757838479,-0.241108562838479,0.241108562838479
main,Main v2 model,main,,,env_patent_share_inventions,lag1_3_mean,HKG,"Hong Kong SAR, China",2022,0.07726365,elastic_net_alpha_1_l1_0.2,0.07726365,0.4806787173894297,-0.40341506738942967,0.40341506738942967
main,Main v2 model,main,,,env_patent_share_inventions,lag1_3_mean,HRV,Croatia,2022,0.00934351,elastic_net_alpha_1_l1_0.2,0.00934351,0.40277969364861776,-0.39343618364861777,0.39343618364861777
main,Main v2 model,main,,,env_patent_share_inventions,lag1_3_mean,HUN,Hungary,2022,0.0398896,elastic_net_alpha_1_l1_0.2,0.0398896,0.6591669765160189,-0.6192773765160189,0.6192773765160189
main,Main v2 model,main,,,env_patent_share_inventions,lag1_3_mean,IDN,Indonesia,2022,0.0166027,elastic_net_alpha_1_l1_0.2,0.0166027,1.5367454451291445,-1.5201427451291445,1.5201427451291445
main,Main v2 model,main,,,env_patent_share_inventions,lag1_3_mean,IND,India,2022,1.054487,elastic_net_alpha_1_l1_0.2,1.054487,4.362059999977362,-3.3075729999773618,3.3075729999773618
main,Main v2 model,main,,,env_patent_share_inventions,lag1_3_mean,IRL,Ireland,2022,0.07543088,elastic_net_alpha_1_l1_0.2,0.07543088,0.6952943962808045,-0.6198635162808045,0.6198635162808045
main,Main v2 model,main,,,env_patent_share_inventions,lag1_3_mean,IRN,"Iran, Islamic Rep.",2022,0.03047422,elastic_net_alpha_1_l1_0.2,0.03047422,1.4888776092083127,-1.4584033892083126,1.4584033892083126
main,Main v2 model,main,,,env_patent_share_inventions,lag1_3_mean,IRQ,Iraq,2022,0.0004312389,elastic_net_alpha_1_l1_0.2,0.0004312389,0.47696845003819316,-0.47653721113819314,0.47653721113819314
main,Main v2 model,main,,,env_patent_share_inventions,lag1_3_mean,ISL,Iceland,2022,0.005031121,elastic_net_alpha_1_l1_0.2,0.005031121,0.42713959917852506,-0.42210847817852504,0.42210847817852504
main,Main v2 model,main,,,env_patent_share_inventions,lag1_3_mean,ISR,Israel,2022,0.3257651,elastic_net_alpha_1_l1_0.2,0.3257651,0.9799556610619146,-0.6541905610619145,0.6541905610619145
main,Main v2 model,main,,,env_patent_share_inventions,lag1_3_mean,ITA,Italy,2022,0.9751271,elastic_net_alpha_1_l1_0.2,0.9751271,2.849255936458473,-1.874128836458473,1.874128836458473
main,Main v2 model,main,,,env_patent_share_inventions,lag1_3_mean,JOR,Jordan,2022,0.005031121,elastic_net_alpha_1_l1_0.2,0.005031121,0.3862043916879073,-0.3811732706879073,0.3811732706879073
main,Main v2 model,main,,,env_patent_share_inventions,lag1_3_mean,JPN,Japan,2022,15.63018,elastic_net_alpha_1_l1_0.2,15.63018,4.814947343512092,10.815232656487908,10.815232656487908
main,Main v2 model,main,,,env_patent_share_inventions,lag1_3_mean,KAZ,Kazakhstan,2022,0.001617146,elastic_net_alpha_1_l1_0.2,0.001617146,0.6369997751229988,-0.6353826291229988,0.6353826291229988
main,Main v2 model,main,,,env_patent_share_inventions,lag1_3_mean,KOR,"Korea, Rep.",2022,13.91118,elastic_net_alpha_1_l1_0.2,13.91118,2.7222429383882933,11.188937061611707,11.188937061611707
main,Main v2 model,main,,,env_patent_share_inventions,lag1_3_mean,KWT,Kuwait,2022,0.002156195,elastic_net_alpha_1_l1_0.2,0.002156195,0.653476242853646,-0.6513200478536461,0.6513200478536461
main,Main v2 model,main,,,env_patent_share_inventions,lag1_3_mean,LBN,Lebanon,2022,0.007366999,elastic_net_alpha_1_l1_0.2,0.007366999,0.33149225079947386,-0.3241252517994739,0.3241252517994739
main,Main v2 model,main,,,env_patent_share_inventions,lag1_3_mean,LKA,Sri Lanka,2022,0.001796829,elastic_net_alpha_1_l1_0.2,0.001796829,0.33671686969797354,-0.33492004069797354,0.33492004069797354
main,Main v2 model,main,,,env_patent_share_inventions,lag1_3_mean,LTU,Lithuania,2022,0.003234292,elastic_net_alpha_1_l1_0.2,0.003234292,0.3585646476944847,-0.3553303556944847,0.3553303556944847
main,Main v2 model,main,,,env_patent_share_inventions,lag1_3_mean,LUX,Luxembourg,2022,0.03378038,elastic_net_alpha_1_l1_0.2,0.03378038,0.29182164580678793,-0.25804126580678793,0.25804126580678793
main,Main v2 model,main,,,env_patent_share_inventions,lag1_3_mean,LVA,Latvia,2022,0.01751908,elastic_net_alpha_1_l1_0.2,0.01751908,0.3226745434043933,-0.30515546340439326,0.30515546340439326
main,Main v2 model,main,,,env_patent_share_inventions,lag1_3_mean,MAC,"Macao SAR, China",2022,0.0007187316,elastic_net_alpha_1_l1_0.2,0.0007187316,0.39835661654231547,-0.39763788494231544,0.39763788494231544
main,Main v2 model,main,,,env_patent_share_inventions,lag1_3_mean,MAR,Morocco,2022,0.02048385,elastic_net_alpha_1_l1_0.2,0.02048385,0.4660452252439223,-0.44556137524392225,0.44556137524392225
main,Main v2 model,main,,,env_patent_share_inventions,lag1_3_mean,MEX,Mexico,2022,0.08678684,elastic_net_alpha_1_l1_0.2,0.08678684,1.3565207074991297,-1.2697338674991296,1.2697338674991296
main,Main v2 model,main,,,env_patent_share_inventions,lag1_3_mean,MKD,North Macedonia,2022,0.0005390487,elastic_net_alpha_1_l1_0.2,0.0005390487,0.24230232325932366,-0.24176327455932367,0.24176327455932367
main,Main v2 model,main,,,env_patent_share_inventions,lag1_3_mean,MLT,Malta,2022,0.003234292,elastic_net_alpha_1_l1_0.2,0.003234292,0.26481429849492466,-0.26158000649492463,0.26158000649492463
main,Main v2 model,main,,,env_patent_share_inventions,lag1_3_mean,MYS,Malaysia,2022,0.04416605,elastic_net_alpha_1_l1_0.2,0.04416605,0.9576018328092838,-0.9134357828092838,0.9134357828092838
main,Main v2 model,main,,,env_patent_share_inventions,lag1_3_mean,NER,Niger,2022,0.001078097,elastic_net_alpha_1_l1_0.2,0.001078097,0.15008143588214673,-0.14900333888214673,0.14900333888214673
main,Main v2 model,main,,,env_patent_share_inventions,lag1_3_mean,NLD,Netherlands,2022,0.6497334,elastic_net_alpha_1_l1_0.2,0.6497334,1.0877656261844555,-0.4380322261844555,0.4380322261844555
main,Main v2 model,main,,,env_patent_share_inventions,lag1_3_mean,NOR,Norway,2022,0.2596418,elastic_net_alpha_1_l1_0.2,0.2596418,0.9315261507472399,-0.6718843507472398,0.6718843507472398
main,Main v2 model,main,,,env_patent_share_inventions,lag1_3_mean,NPL,Nepal,2022,0.002156195,elastic_net_alpha_1_l1_0.2,0.002156195,0.1915231907393502,-0.1893669957393502,0.1893669957393502
main,Main v2 model,main,,,env_patent_share_inventions,lag1_3_mean,NZL,New Zealand,2022,0.07187316,elastic_net_alpha_1_l1_0.2,0.07187316,0.8240421821827039,-0.7521690221827039,0.7521690221827039
main,Main v2 model,main,,,env_patent_share_inventions,lag1_3_mean,OMN,Oman,2022,0.00431239,elastic_net_alpha_1_l1_0.2,0.00431239,0.6239856647220338,-0.6196732747220337,0.6196732747220337
main,Main v2 model,main,,,env_patent_share_inventions,lag1_3_mean,PAK,Pakistan,2022,0.009882559,elastic_net_alpha_1_l1_0.2,0.009882559,0.7264228046968252,-0.7165402456968252,0.7165402456968252
main,Main v2 model,main,,,env_patent_share_inventions,lag1_3_mean,PAN,Panama,2022,0.0009702877,elastic_net_alpha_1_l1_0.2,0.0009702877,0.33829470332690026,-0.33732441562690024,0.33732441562690024
main,Main v2 model,main,,,env_patent_share_inventions,lag1_3_mean,PER,Peru,2022,0.002156195,elastic_net_alpha_1_l1_0.2,0.002156195,0.48868816570690604,-0.486531970706906,0.486531970706906
main,Main v2 model,main,,,env_patent_share_inventions,lag1_3_mean,PHL,Philippines,2022,0.01516524,elastic_net_alpha_1_l1_0.2,0.01516524,0.5536478657628923,-0.5384826257628923,0.5384826257628923
main,Main v2 model,main,,,env_patent_share_inventions,lag1_3_mean,POL,Poland,2022,0.1628286,elastic_net_alpha_1_l1_0.2,0.1628286,1.39584869075863,-1.2330200907586302,1.2330200907586302
main,Main v2 model,main,,,env_patent_share_inventions,lag1_3_mean,PRI,Puerto Rico (US),2022,0.003234292,elastic_net_alpha_1_l1_0.2,0.003234292,0.42489057430865196,-0.42165628230865193,0.42165628230865193
main,Main v2 model,main,,,env_patent_share_inventions,lag1_3_mean,PRT,Portugal,2022,0.06576394,elastic_net_alpha_1_l1_0.2,0.06576394,0.7790648012348474,-0.7133008612348475,0.7133008612348475
main,Main v2 model,main,,,env_patent_share_inventions,lag1_3_mean,QAT,Qatar,2022,0.00431239,elastic_net_alpha_1_l1_0.2,0.00431239,1.053681842936754,-1.049369452936754,1.049369452936754
main,Main v2 model,main,,,env_patent_share_inventions,lag1_3_mean,ROU,Romania,2022,0.02371814,elastic_net_alpha_1_l1_0.2,0.02371814,0.6276462420700479,-0.603928102070048,0.603928102070048
main,Main v2 model,main,,,env_patent_share_inventions,lag1_3_mean,RUS,Russian Federation,2022,0.1397933,elastic_net_alpha_1_l1_0.2,0.1397933,2.8680304931198535,-2.7282371931198535,2.7282371931198535
main,Main v2 model,main,,,env_patent_share_inventions,lag1_3_mean,SAU,Saudi Arabia,2022,0.132606,elastic_net_alpha_1_l1_0.2,0.132606,1.3039309248856026,-1.1713249248856026,1.1713249248856026
main,Main v2 model,main,,,env_patent_share_inventions,lag1_3_mean,SGP,Singapore,2022,0.1973278,elastic_net_alpha_1_l1_0.2,0.1973278,0.8376943686245437,-0.6403665686245437,0.6403665686245437
main,Main v2 model,main,,,env_patent_share_inventions,lag1_3_mean,SMR,San Marino,2022,0.002156195,elastic_net_alpha_1_l1_0.2,0.002156195,0.015959548917195754,-0.013803353917195754,0.013803353917195754
main,Main v2 model,main,,,env_patent_share_inventions,lag1_3_mean,SRB,Serbia,2022,0.00934351,elastic_net_alpha_1_l1_0.2,0.00934351,0.37560283828079366,-0.36625932828079366,0.36625932828079366
main,Main v2 model,main,,,env_patent_share_inventions,lag1_3_mean,SVK,Slovak Republic,2022,0.02120258,elastic_net_alpha_1_l1_0.2,0.02120258,0.38857241037070656,-0.3673698303707066,0.3673698303707066
main,Main v2 model,main,,,env_patent_share_inventions,lag1_3_mean,SVN,Slovenia,2022,0.02677275,elastic_net_alpha_1_l1_0.2,0.02677275,0.38070795762341536,-0.35393520762341535,0.35393520762341535
main,Main v2 model,main,,,env_patent_share_inventions,lag1_3_mean,SWE,Sweden,2022,0.8673653,elastic_net_alpha_1_l1_0.2,0.8673653,1.103885254080339,-0.236519954080339,0.236519954080339
main,Main v2 model,main,,,env_patent_share_inventions,lag1_3_mean,SYR,Syrian Arab Republic,2022,0.002335878,elastic_net_alpha_1_l1_0.2,0.002335878,0.20052144851516762,-0.1981855705151676,0.1981855705151676
main,Main v2 model,main,,,env_patent_share_inventions,lag1_3_mean,THA,Thailand,2022,0.01689019,elastic_net_alpha_1_l1_0.2,0.01689019,0.7453016927990753,-0.7284115027990753,0.7284115027990753
main,Main v2 model,main,,,env_patent_share_inventions,lag1_3_mean,TKM,Turkmenistan,2022,0.00431239,elastic_net_alpha_1_l1_0.2,0.00431239,0.36225439386270497,-0.35794200386270497,0.35794200386270497
main,Main v2 model,main,,,env_patent_share_inventions,lag1_3_mean,TUN,Tunisia,2022,0.001078097,elastic_net_alpha_1_l1_0.2,0.001078097,0.3598648389758189,-0.3587867419758189,0.3587867419758189
main,Main v2 model,main,,,env_patent_share_inventions,lag1_3_mean,TUR,Turkiye,2022,0.2866661,elastic_net_alpha_1_l1_0.2,0.2866661,1.6213131026969552,-1.3346470026969552,1.3346470026969552
main,Main v2 model,main,,,env_patent_share_inventions,lag1_3_mean,UKR,Ukraine,2022,0.01958544,elastic_net_alpha_1_l1_0.2,0.01958544,0.5771344055627465,-0.5575489655627466,0.5575489655627466
main,Main v2 model,main,,,env_patent_share_inventions,lag1_3_mean,URY,Uruguay,2022,0.005390487,elastic_net_alpha_1_l1_0.2,0.005390487,0.36949784839797406,-0.36410736139797406,0.36410736139797406
main,Main v2 model,main,,,env_patent_share_inventions,lag1_3_mean,USA,United States,2022,12.35069,elastic_net_alpha_1_l1_0.2,12.35069,19.729069485988006,-7.378379485988006,7.378379485988006
main,Main v2 model,main,,,env_patent_share_inventions,lag1_3_mean,UZB,Uzbekistan,2022,0.001078097,elastic_net_alpha_1_l1_0.2,0.001078097,0.3568990981053829,-0.3558210011053829,0.3558210011053829
main,Main v2 model,main,,,env_patent_share_inventions,lag1_3_mean,VEN,"Venezuela, RB",2022,0.003593658,elastic_net_alpha_1_l1_0.2,0.003593658,0.16609723452569825,-0.16250357652569825,0.16250357652569825
main,Main v2 model,main,,,env_patent_share_inventions,lag1_3_mean,VNM,Viet Nam,2022,0.02414938,elastic_net_alpha_1_l1_0.2,0.02414938,0.44674950194162777,-0.42260012194162777,0.42260012194162777
main,Main v2 model,main,,,env_patent_share_inventions,lag1_3_mean,ZAF,South Africa,2022,0.04779565,elastic_net_alpha_1_l1_0.2,0.04779565,0.8901805157108756,-0.8423848657108757,0.8423848657108757
main,Main v2 model,main,,,env_patent_share_inventions,lag1_3_mean,ZWE,Zimbabwe,2022,0.0007187316,elastic_net_alpha_1_l1_0.2,0.0007187316,0.09259409072975777,-0.09187535912975778,0.09187535912975778
main,Main v2 model,main,,,env_patent_share_inventions,lag1_3_mean,ALB,Albania,2023,0.0007706951,elastic_net_alpha_1_l1_0.2,0.0007706951,0.2973496915438928,-0.2965789964438928,0.2965789964438928
main,Main v2 model,main,,,env_patent_share_inventions,lag1_3_mean,ARE,United Arab Emirates,2023,0.03206092,elastic_net_alpha_1_l1_0.2,0.03206092,0.8033540212699994,-0.7712931012699994,0.7712931012699994
main,Main v2 model,main,,,env_patent_share_inventions,lag1_3_mean,ARG,Argentina,2023,0.01329449,elastic_net_alpha_1_l1_0.2,0.01329449,0.8052541328046355,-0.7919596428046355,0.7919596428046355
main,Main v2 model,main,,,env_patent_share_inventions,lag1_3_mean,ARM,Armenia,2023,0.005780213,elastic_net_alpha_1_l1_0.2,0.005780213,0.30774752046846354,-0.30196730746846356,0.30196730746846356
main,Main v2 model,main,,,env_patent_share_inventions,lag1_3_mean,ATG,Antigua and Barbuda,2023,0.001156043,elastic_net_alpha_1_l1_0.2,0.001156043,0.3338448291202424,-0.3326887861202424,0.3326887861202424
main,Main v2 model,main,,,env_patent_share_inventions,lag1_3_mean,AUS,Australia,2023,0.4618776,elastic_net_alpha_1_l1_0.2,0.4618776,2.5970809041829788,-2.135203304182979,2.135203304182979
main,Main v2 model,main,,,env_patent_share_inventions,lag1_3_mean,AUT,Austria,2023,0.4801606,elastic_net_alpha_1_l1_0.2,0.4801606,0.9050120956810596,-0.42485149568105957,0.42485149568105957
main,Main v2 model,main,,,env_patent_share_inventions,lag1_3_mean,AZE,Azerbaijan,2023,0.006936256,elastic_net_alpha_1_l1_0.2,0.006936256,0.3352133265422549,-0.3282770705422549,0.3282770705422549
main,Main v2 model,main,,,env_patent_share_inventions,lag1_3_mean,BEL,Belgium,2023,0.4136321,elastic_net_alpha_1_l1_0.2,0.4136321,0.9027128132705665,-0.4890807132705665,0.4890807132705665
main,Main v2 model,main,,,env_patent_share_inventions,lag1_3_mean,BFA,Burkina Faso,2023,0.001156043,elastic_net_alpha_1_l1_0.2,0.001156043,0.14947821749081147,-0.14832217449081148,0.14832217449081148
main,Main v2 model,main,,,env_patent_share_inventions,lag1_3_mean,BGD,Bangladesh,2023,0.001156043,elastic_net_alpha_1_l1_0.2,0.001156043,0.5168277014275893,-0.5156716584275892,0.5156716584275892
main,Main v2 model,main,,,env_patent_share_inventions,lag1_3_mean,BGR,Bulgaria,2023,0.01202284,elastic_net_alpha_1_l1_0.2,0.01202284,0.41480970630397496,-0.402786866303975,0.402786866303975
main,Main v2 model,main,,,env_patent_share_inventions,lag1_3_mean,BHS,"Bahamas, The",2023,0.002312085,elastic_net_alpha_1_l1_0.2,0.002312085,0.34476076001023725,-0.34244867501023724,0.34244867501023724
main,Main v2 model,main,,,env_patent_share_inventions,lag1_3_mean,BOL,Bolivia,2023,0.004238823,elastic_net_alpha_1_l1_0.2,0.004238823,0.23835162014772637,-0.23411279714772637,0.23411279714772637
main,Main v2 model,main,,,env_patent_share_inventions,lag1_3_mean,BRA,Brazil,2023,0.1532527,elastic_net_alpha_1_l1_0.2,0.1532527,2.590967501094856,-2.437714801094856,2.437714801094856
main,Main v2 model,main,,,env_patent_share_inventions,lag1_3_mean,CAN,Canada,2023,0.8605196,elastic_net_alpha_1_l1_0.2,0.8605196,2.7603530533383838,-1.8998334533383838,1.8998334533383838
main,Main v2 model,main,,,env_patent_share_inventions,lag1_3_mean,CHE,Switzerland,2023,0.4411294,elastic_net_alpha_1_l1_0.2,0.4411294,0.9310298563634403,-0.48990045636344026,0.48990045636344026
main,Main v2 model,main,,,env_patent_share_inventions,lag1_3_mean,CHL,Chile,2023,0.05549005,elastic_net_alpha_1_l1_0.2,0.05549005,0.7455409393439515,-0.6900508893439515,0.6900508893439515
main,Main v2 model,main,,,env_patent_share_inventions,lag1_3_mean,CHN,China,2023,38.42308,elastic_net_alpha_1_l1_0.2,38.42308,22.368031316647954,16.055048683352044,16.055048683352044
main,Main v2 model,main,,,env_patent_share_inventions,lag1_3_mean,CIV,Cote d'Ivoire,2023,0.0007706951,elastic_net_alpha_1_l1_0.2,0.0007706951,0.3239754653182334,-0.3232047702182334,0.3232047702182334
main,Main v2 model,main,,,env_patent_share_inventions,lag1_3_mean,COL,Colombia,2023,0.02127118,elastic_net_alpha_1_l1_0.2,0.02127118,0.7162882234763737,-0.6950170434763736,0.6950170434763736
main,Main v2 model,main,,,env_patent_share_inventions,lag1_3_mean,CUB,Cuba,2023,0.002312085,elastic_net_alpha_1_l1_0.2,0.002312085,0.25545982188934013,-0.2531477368893401,0.2531477368893401
main,Main v2 model,main,,,env_patent_share_inventions,lag1_3_mean,CYP,Cyprus,2023,0.03872743,elastic_net_alpha_1_l1_0.2,0.03872743,0.227336098839928,-0.188608668839928,0.188608668839928
main,Main v2 model,main,,,env_patent_share_inventions,lag1_3_mean,CZE,Czechia,2023,0.118687,elastic_net_alpha_1_l1_0.2,0.118687,0.785266931617929,-0.6665799316179291,0.6665799316179291
main,Main v2 model,main,,,env_patent_share_inventions,lag1_3_mean,DEU,Germany,2023,5.323825,elastic_net_alpha_1_l1_0.2,5.323825,4.636592647595455,0.6872323524045454,0.6872323524045454
main,Main v2 model,main,,,env_patent_share_inventions,lag1_3_mean,DNK,Denmark,2023,0.7307345,elastic_net_alpha_1_l1_0.2,0.7307345,0.9272073644121025,-0.19647286441210254,0.19647286441210254
main,Main v2 model,main,,,env_patent_share_inventions,lag1_3_mean,DZA,Algeria,2023,0.002890107,elastic_net_alpha_1_l1_0.2,0.002890107,0.48080049759368193,-0.47791039059368196,0.47791039059368196
main,Main v2 model,main,,,env_patent_share_inventions,lag1_3_mean,EGY,"Egypt, Arab Rep.",2023,0.009441015,elastic_net_alpha_1_l1_0.2,0.009441015,0.8889394972702601,-0.8794984822702601,0.8794984822702601
main,Main v2 model,main,,,env_patent_share_inventions,lag1_3_mean,ESP,Spain,2023,0.4860224,elastic_net_alpha_1_l1_0.2,0.4860224,2.331321258071967,-1.845298858071967,1.845298858071967
main,Main v2 model,main,,,env_patent_share_inventions,lag1_3_mean,EST,Estonia,2023,0.01271647,elastic_net_alpha_1_l1_0.2,0.01271647,0.4593116552392345,-0.4465951852392345,0.4465951852392345
main,Main v2 model,main,,,env_patent_share_inventions,lag1_3_mean,ETH,Ethiopia,2023,0.005780213,elastic_net_alpha_1_l1_0.2,0.005780213,0.4147790433185795,-0.40899883031857953,0.40899883031857953
main,Main v2 model,main,,,env_patent_share_inventions,lag1_3_mean,FIN,Finland,2023,0.378583,elastic_net_alpha_1_l1_0.2,0.378583,0.8820068656591482,-0.5034238656591482,0.5034238656591482
main,Main v2 model,main,,,env_patent_share_inventions,lag1_3_mean,FRA,France,2023,2.193091,elastic_net_alpha_1_l1_0.2,2.193091,3.0990473016978415,-0.9059563016978416,0.9059563016978416
main,Main v2 model,main,,,env_patent_share_inventions,lag1_3_mean,GBR,United Kingdom,2023,1.668825,elastic_net_alpha_1_l1_0.2,1.668825,4.1647719170302215,-2.4959469170302215,2.4959469170302215
main,Main v2 model,main,,,env_patent_share_inventions,lag1_3_mean,GEO,Georgia,2023,0.002312085,elastic_net_alpha_1_l1_0.2,0.002312085,0.3574932219405532,-0.3551811369405532,0.3551811369405532
main,Main v2 model,main,,,env_patent_share_inventions,lag1_3_mean,GHA,Ghana,2023,0.003468128,elastic_net_alpha_1_l1_0.2,0.003468128,0.34461271287597484,-0.3411445848759748,0.3411445848759748
main,Main v2 model,main,,,env_patent_share_inventions,lag1_3_mean,GRC,Greece,2023,0.0370319,elastic_net_alpha_1_l1_0.2,0.0370319,0.6974168100476499,-0.6603849100476499,0.6603849100476499
main,Main v2 model,main,,,env_patent_share_inventions,lag1_3_mean,GTM,Guatemala,2023,0.002312085,elastic_net_alpha_1_l1_0.2,0.002312085,0.32269175603320677,-0.32037967103320675,0.32037967103320675
main,Main v2 model,main,,,env_patent_share_inventions,lag1_3_mean,HKG,"Hong Kong SAR, China",2023,0.08130834,elastic_net_alpha_1_l1_0.2,0.08130834,0.4665585761545229,-0.3852502361545229,0.3852502361545229
main,Main v2 model,main,,,env_patent_share_inventions,lag1_3_mean,HRV,Croatia,2023,0.02196481,elastic_net_alpha_1_l1_0.2,0.02196481,0.42325113886696397,-0.40128632886696397,0.40128632886696397
main,Main v2 model,main,,,env_patent_share_inventions,lag1_3_mean,HUN,Hungary,2023,0.04990251,elastic_net_alpha_1_l1_0.2,0.04990251,0.5746929333125641,-0.5247904233125641,0.5247904233125641
main,Main v2 model,main,,,env_patent_share_inventions,lag1_3_mean,IDN,Indonesia,2023,0.02235016,elastic_net_alpha_1_l1_0.2,0.02235016,1.56665059491019,-1.54430043491019,1.54430043491019
main,Main v2 model,main,,,env_patent_share_inventions,lag1_3_mean,IND,India,2023,0.9509992,elastic_net_alpha_1_l1_0.2,0.9509992,4.853352346061502,-3.902353146061502,3.902353146061502
main,Main v2 model,main,,,env_patent_share_inventions,lag1_3_mean,IRL,Ireland,2023,0.113639,elastic_net_alpha_1_l1_0.2,0.113639,0.6879847930297429,-0.5743457930297429,0.5743457930297429
main,Main v2 model,main,,,env_patent_share_inventions,lag1_3_mean,IRN,"Iran, Islamic Rep.",2023,0.02181067,elastic_net_alpha_1_l1_0.2,0.02181067,1.512486781260126,-1.490676111260126,1.490676111260126
main,Main v2 model,main,,,env_patent_share_inventions,lag1_3_mean,IRQ,Iraq,2023,0.0009248341,elastic_net_alpha_1_l1_0.2,0.0009248341,0.49109701466058525,-0.49017218056058526,0.49017218056058526
main,Main v2 model,main,,,env_patent_share_inventions,lag1_3_mean,ISL,Iceland,2023,0.007706951,elastic_net_alpha_1_l1_0.2,0.007706951,0.5331822020605275,-0.5254752510605275,0.5254752510605275
main,Main v2 model,main,,,env_patent_share_inventions,lag1_3_mean,ISR,Israel,2023,0.2640401,elastic_net_alpha_1_l1_0.2,0.2640401,0.9798074660463219,-0.7157673660463219,0.7157673660463219
main,Main v2 model,main,,,env_patent_share_inventions,lag1_3_mean,ITA,Italy,2023,0.9510773,elastic_net_alpha_1_l1_0.2,0.9510773,2.9449505081722154,-1.9938732081722153,1.9938732081722153
main,Main v2 model,main,,,env_patent_share_inventions,lag1_3_mean,JOR,Jordan,2023,0.003986596,elastic_net_alpha_1_l1_0.2,0.003986596,0.3822678765483919,-0.3782812805483919,0.3782812805483919
main,Main v2 model,main,,,env_patent_share_inventions,lag1_3_mean,JPN,Japan,2023,12.35528,elastic_net_alpha_1_l1_0.2,12.35528,4.79511166647965,7.560168333520351,7.560168333520351
main,Main v2 model,main,,,env_patent_share_inventions,lag1_3_mean,KAZ,Kazakhstan,2023,0.001156043,elastic_net_alpha_1_l1_0.2,0.001156043,0.62052609873808,-0.6193700557380799,0.6193700557380799
main,Main v2 model,main,,,env_patent_share_inventions,lag1_3_mean,KEN,Kenya,2023,0.002312085,elastic_net_alpha_1_l1_0.2,0.002312085,0.3648485519759995,-0.3625364669759995,0.3625364669759995
main,Main v2 model,main,,,env_patent_share_inventions,lag1_3_mean,KOR,"Korea, Rep.",2023,17.64583,elastic_net_alpha_1_l1_0.2,17.64583,2.75855244946098,14.88727755053902,14.88727755053902
main,Main v2 model,main,,,env_patent_share_inventions,lag1_3_mean,KWT,Kuwait,2023,0.0007706951,elastic_net_alpha_1_l1_0.2,0.0007706951,0.6377360707858966,-0.6369653756858965,0.6369653756858965
main,Main v2 model,main,,,env_patent_share_inventions,lag1_3_mean,LAO,Lao PDR,2023,0.001156043,elastic_net_alpha_1_l1_0.2,0.001156043,0.17526272179293123,-0.17410667879293124,0.17410667879293124
main,Main v2 model,main,,,env_patent_share_inventions,lag1_3_mean,LBN,Lebanon,2023,0.01123113,elastic_net_alpha_1_l1_0.2,0.01123113,0.2598306854731237,-0.2485995554731237,0.2485995554731237
main,Main v2 model,main,,,env_patent_share_inventions,lag1_3_mean,LKA,Sri Lanka,2023,0.007321603,elastic_net_alpha_1_l1_0.2,0.007321603,0.3873562325088663,-0.3800346295088663,0.3800346295088663
main,Main v2 model,main,,,env_patent_share_inventions,lag1_3_mean,LTU,Lithuania,2023,0.006936256,elastic_net_alpha_1_l1_0.2,0.006936256,0.3816458040197265,-0.3747095480197265,0.3747095480197265
main,Main v2 model,main,,,env_patent_share_inventions,lag1_3_mean,LUX,Luxembourg,2023,0.02601096,elastic_net_alpha_1_l1_0.2,0.02601096,-0.07903244524437991,0.10504340524437991,0.10504340524437991
main,Main v2 model,main,,,env_patent_share_inventions,lag1_3_mean,LVA,Latvia,2023,0.004624171,elastic_net_alpha_1_l1_0.2,0.004624171,0.3486372023676947,-0.3440130313676947,0.3440130313676947
main,Main v2 model,main,,,env_patent_share_inventions,lag1_3_mean,MAR,Morocco,2023,0.02011614,elastic_net_alpha_1_l1_0.2,0.02011614,0.4589200515576092,-0.43880391155760917,0.43880391155760917
main,Main v2 model,main,,,env_patent_share_inventions,lag1_3_mean,MEX,Mexico,2023,0.0551047,elastic_net_alpha_1_l1_0.2,0.0551047,1.3592764383220164,-1.3041717383220164,1.3041717383220164
main,Main v2 model,main,,,env_patent_share_inventions,lag1_3_mean,MKD,North Macedonia,2023,0.002312085,elastic_net_alpha_1_l1_0.2,0.002312085,0.2347630895995172,-0.2324510045995172,0.2324510045995172
main,Main v2 model,main,,,env_patent_share_inventions,lag1_3_mean,MLT,Malta,2023,0.003468128,elastic_net_alpha_1_l1_0.2,0.003468128,0.23245542322735901,-0.22898729522735903,0.22898729522735903
main,Main v2 model,main,,,env_patent_share_inventions,lag1_3_mean,MNE,Montenegro,2023,0.003468128,elastic_net_alpha_1_l1_0.2,0.003468128,0.3017605842354284,-0.2982924562354284,0.2982924562354284
main,Main v2 model,main,,,env_patent_share_inventions,lag1_3_mean,MYS,Malaysia,2023,0.05518177,elastic_net_alpha_1_l1_0.2,0.05518177,0.9644733446462852,-0.9092915746462852,0.9092915746462852
main,Main v2 model,main,,,env_patent_share_inventions,lag1_3_mean,NAM,Namibia,2023,0.001156043,elastic_net_alpha_1_l1_0.2,0.001156043,0.27480491105268945,-0.27364886805268945,0.27364886805268945
main,Main v2 model,main,,,env_patent_share_inventions,lag1_3_mean,NLD,Netherlands,2023,0.5949941,elastic_net_alpha_1_l1_0.2,0.5949941,1.1818924202451764,-0.5868983202451764,0.5868983202451764
main,Main v2 model,main,,,env_patent_share_inventions,lag1_3_mean,NOR,Norway,2023,0.2159873,elastic_net_alpha_1_l1_0.2,0.2159873,1.0032640272486588,-0.7872767272486588,0.7872767272486588
main,Main v2 model,main,,,env_patent_share_inventions,lag1_3_mean,NZL,New Zealand,2023,0.06288872,elastic_net_alpha_1_l1_0.2,0.06288872,0.8480304377136199,-0.7851417177136198,0.7851417177136198
main,Main v2 model,main,,,env_patent_share_inventions,lag1_3_mean,PAK,Pakistan,2023,0.002830553,elastic_net_alpha_1_l1_0.2,0.002830553,0.8136755668588564,-0.8108450138588564,0.8108450138588564
main,Main v2 model,main,,,env_patent_share_inventions,lag1_3_mean,PAN,Panama,2023,0.005086588,elastic_net_alpha_1_l1_0.2,0.005086588,0.3367526815281796,-0.3316660935281796,0.3316660935281796
main,Main v2 model,main,,,env_patent_share_inventions,lag1_3_mean,PER,Peru,2023,0.008477646,elastic_net_alpha_1_l1_0.2,0.008477646,0.5180523809392279,-0.5095747349392279,0.5095747349392279
main,Main v2 model,main,,,env_patent_share_inventions,lag1_3_mean,PHL,Philippines,2023,0.002312085,elastic_net_alpha_1_l1_0.2,0.002312085,0.5776902741985662,-0.5753781891985662,0.5753781891985662
main,Main v2 model,main,,,env_patent_share_inventions,lag1_3_mean,POL,Poland,2023,0.1666243,elastic_net_alpha_1_l1_0.2,0.1666243,1.4132639211697944,-1.2466396211697943,1.2466396211697943
main,Main v2 model,main,,,env_patent_share_inventions,lag1_3_mean,PRI,Puerto Rico (US),2023,0.004624171,elastic_net_alpha_1_l1_0.2,0.004624171,0.43175915485272454,-0.4271349838527245,0.4271349838527245
main,Main v2 model,main,,,env_patent_share_inventions,lag1_3_mean,PRT,Portugal,2023,0.08377456,elastic_net_alpha_1_l1_0.2,0.08377456,0.8080495188047705,-0.7242749588047706,0.7242749588047706
main,Main v2 model,main,,,env_patent_share_inventions,lag1_3_mean,QAT,Qatar,2023,0.002312085,elastic_net_alpha_1_l1_0.2,0.002312085,1.0359573856724442,-1.0336453006724442,1.0336453006724442
main,Main v2 model,main,,,env_patent_share_inventions,lag1_3_mean,ROU,Romania,2023,0.03121315,elastic_net_alpha_1_l1_0.2,0.03121315,0.648299883394861,-0.617086733394861,0.617086733394861
main,Main v2 model,main,,,env_patent_share_inventions,lag1_3_mean,RUS,Russian Federation,2023,0.1051999,elastic_net_alpha_1_l1_0.2,0.1051999,2.7523781217280385,-2.6471782217280384,2.6471782217280384
main,Main v2 model,main,,,env_patent_share_inventions,lag1_3_mean,SAU,Saudi Arabia,2023,0.1056623,elastic_net_alpha_1_l1_0.2,0.1056623,1.3981531825476037,-1.2924908825476036,1.2924908825476036
main,Main v2 model,main,,,env_patent_share_inventions,lag1_3_mean,SGP,Singapore,2023,0.2277789,elastic_net_alpha_1_l1_0.2,0.2277789,0.843458012657879,-0.615679112657879,0.615679112657879
main,Main v2 model,main,,,env_patent_share_inventions,lag1_3_mean,SLV,El Salvador,2023,0.002312085,elastic_net_alpha_1_l1_0.2,0.002312085,0.25638626180844015,-0.25407417680844013,0.25407417680844013
main,Main v2 model,main,,,env_patent_share_inventions,lag1_3_mean,SRB,Serbia,2023,0.02003807,elastic_net_alpha_1_l1_0.2,0.02003807,0.3826800520343947,-0.3626419820343947,0.3626419820343947
main,Main v2 model,main,,,env_patent_share_inventions,lag1_3_mean,SVK,Slovak Republic,2023,0.01965272,elastic_net_alpha_1_l1_0.2,0.01965272,0.3808293823589337,-0.3611766623589337,0.3611766623589337
main,Main v2 model,main,,,env_patent_share_inventions,lag1_3_mean,SVN,Slovenia,2023,0.02807532,elastic_net_alpha_1_l1_0.2,0.02807532,0.3727607057126888,-0.3446853857126888,0.3446853857126888
main,Main v2 model,main,,,env_patent_share_inventions,lag1_3_mean,SWE,Sweden,2023,0.812775,elastic_net_alpha_1_l1_0.2,0.812775,1.19623916668166,-0.38346416668166006,0.38346416668166006
main,Main v2 model,main,,,env_patent_share_inventions,lag1_3_mean,THA,Thailand,2023,0.0242769,elastic_net_alpha_1_l1_0.2,0.0242769,0.773415592665641,-0.7491386926656409,0.7491386926656409
main,Main v2 model,main,,,env_patent_share_inventions,lag1_3_mean,TUN,Tunisia,2023,0.002697433,elastic_net_alpha_1_l1_0.2,0.002697433,0.34397800456561045,-0.3412805715656104,0.3412805715656104
main,Main v2 model,main,,,env_patent_share_inventions,lag1_3_mean,TUR,Turkiye,2023,0.2342913,elastic_net_alpha_1_l1_0.2,0.2342913,1.7228052422070985,-1.4885139422070985,1.4885139422070985
main,Main v2 model,main,,,env_patent_share_inventions,lag1_3_mean,UGA,Uganda,2023,0.003468128,elastic_net_alpha_1_l1_0.2,0.003468128,0.18859179498283207,-0.18512366698283209,0.18512366698283209
main,Main v2 model,main,,,env_patent_share_inventions,lag1_3_mean,UKR,Ukraine,2023,0.04046149,elastic_net_alpha_1_l1_0.2,0.04046149,0.5461008625668198,-0.5056393725668198,0.5056393725668198
main,Main v2 model,main,,,env_patent_share_inventions,lag1_3_mean,USA,United States,2023,10.59949,elastic_net_alpha_1_l1_0.2,10.59949,20.05495099033555,-9.455460990335549,9.455460990335549
main,Main v2 model,main,,,env_patent_share_inventions,lag1_3_mean,UZB,Uzbekistan,2023,0.00154139,elastic_net_alpha_1_l1_0.2,0.00154139,0.3557521890514659,-0.3542107990514659,0.3542107990514659
main,Main v2 model,main,,,env_patent_share_inventions,lag1_3_mean,VEN,"Venezuela, RB",2023,0.001156043,elastic_net_alpha_1_l1_0.2,0.001156043,0.204390662064723,-0.203234619064723,0.203234619064723
main,Main v2 model,main,,,env_patent_share_inventions,lag1_3_mean,VNM,Viet Nam,2023,0.006550908,elastic_net_alpha_1_l1_0.2,0.006550908,0.47852520671644866,-0.47197429871644864,0.47197429871644864
main,Main v2 model,main,,,env_patent_share_inventions,lag1_3_mean,ZAF,South Africa,2023,0.06049956,elastic_net_alpha_1_l1_0.2,0.06049956,0.87532101647043,-0.81482145647043,0.81482145647043
main,Main v2 model,main,,,env_patent_share_inventions,lag1_3_mean,ZWE,Zimbabwe,2023,0.0007706951,elastic_net_alpha_1_l1_0.2,0.0007706951,0.20139344544343862,-0.20062275034343863,0.20062275034343863
suba,Submodel A: RISE and high-tech exports,mechanism_submodel,,,env_patent_share_inventions,lag1_3_mean,ALB,Albania,2022,0.0005390487,lasso_alpha_1,0.0005390487,1.0249811809865967,-1.0244421322865966,1.0244421322865966
suba,Submodel A: RISE and high-tech exports,mechanism_submodel,,,env_patent_share_inventions,lag1_3_mean,ARE,United Arab Emirates,2022,0.02228068,lasso_alpha_1,0.02228068,1.0249811809865967,-1.0027005009865968,1.0027005009865968
suba,Submodel A: RISE and high-tech exports,mechanism_submodel,,,env_patent_share_inventions,lag1_3_mean,ARG,Argentina,2022,0.01132002,lasso_alpha_1,0.01132002,1.0249811809865967,-1.0136611609865966,1.0136611609865966
suba,Submodel A: RISE and high-tech exports,mechanism_submodel,,,env_patent_share_inventions,lag1_3_mean,ARM,Armenia,2022,0.00431239,lasso_alpha_1,0.00431239,1.0249811809865967,-1.0206687909865968,1.0206687909865968
suba,Submodel A: RISE and high-tech exports,mechanism_submodel,,,env_patent_share_inventions,lag1_3_mean,AUS,Australia,2022,0.4013757,lasso_alpha_1,0.4013757,1.0249811809865967,-0.6236054809865967,0.6236054809865967
suba,Submodel A: RISE and high-tech exports,mechanism_submodel,,,env_patent_share_inventions,lag1_3_mean,AUT,Austria,2022,0.5074065,lasso_alpha_1,0.5074065,1.0249811809865967,-0.5175746809865968,0.5175746809865968
suba,Submodel A: RISE and high-tech exports,mechanism_submodel,,,env_patent_share_inventions,lag1_3_mean,BEL,Belgium,2022,0.4569935,lasso_alpha_1,0.4569935,1.0249811809865967,-0.5679876809865967,0.5679876809865967
suba,Submodel A: RISE and high-tech exports,mechanism_submodel,,,env_patent_share_inventions,lag1_3_mean,BGD,Bangladesh,2022,0.006684204,lasso_alpha_1,0.006684204,1.0249811809865967,-1.0182969769865968,1.0182969769865968
suba,Submodel A: RISE and high-tech exports,mechanism_submodel,,,env_patent_share_inventions,lag1_3_mean,BGR,Bulgaria,2022,0.01936982,lasso_alpha_1,0.01936982,1.0249811809865967,-1.0056113609865966,1.0056113609865966
suba,Submodel A: RISE and high-tech exports,mechanism_submodel,,,env_patent_share_inventions,lag1_3_mean,BHR,Bahrain,2022,0.002156195,lasso_alpha_1,0.002156195,1.0249811809865967,-1.0228249859865968,1.0228249859865968
suba,Submodel A: RISE and high-tech exports,mechanism_submodel,,,env_patent_share_inventions,lag1_3_mean,BIH,Bosnia and Herzegovina,2022,0.0005390487,lasso_alpha_1,0.0005390487,1.0249811809865967,-1.0244421322865966,1.0244421322865966
suba,Submodel A: RISE and high-tech exports,mechanism_submodel,,,env_patent_share_inventions,lag1_3_mean,BLR,Belarus,2022,0.002156195,lasso_alpha_1,0.002156195,1.0249811809865967,-1.0228249859865968,1.0228249859865968
suba,Submodel A: RISE and high-tech exports,mechanism_submodel,,,env_patent_share_inventions,lag1_3_mean,BOL,Bolivia,2022,0.0007187316,lasso_alpha_1,0.0007187316,1.0249811809865967,-1.0242624493865968,1.0242624493865968
suba,Submodel A: RISE and high-tech exports,mechanism_submodel,,,env_patent_share_inventions,lag1_3_mean,BRA,Brazil,2022,0.1441057,lasso_alpha_1,0.1441057,1.0249811809865967,-0.8808754809865967,0.8808754809865967
suba,Submodel A: RISE and high-tech exports,mechanism_submodel,,,env_patent_share_inventions,lag1_3_mean,CAN,Canada,2022,1.151103,lasso_alpha_1,1.151103,1.0249811809865967,0.12612181901340325,0.12612181901340325
suba,Submodel A: RISE and high-tech exports,mechanism_submodel,,,env_patent_share_inventions,lag1_3_mean,CHE,Switzerland,2022,0.4045081,lasso_alpha_1,0.4045081,1.0249811809865967,-0.6204730809865968,0.6204730809865968
suba,Submodel A: RISE and high-tech exports,mechanism_submodel,,,env_patent_share_inventions,lag1_3_mean,CHL,Chile,2022,0.03126482,lasso_alpha_1,0.03126482,1.0249811809865967,-0.9937163609865968,0.9937163609865968
suba,Submodel A: RISE and high-tech exports,mechanism_submodel,,,env_patent_share_inventions,lag1_3_mean,CHN,China,2022,36.75972,lasso_alpha_1,36.75972,1.0249811809865967,35.7347388190134,35.7347388190134
suba,Submodel A: RISE and high-tech exports,mechanism_submodel,,,env_patent_share_inventions,lag1_3_mean,CIV,Cote d'Ivoire,2022,0.001078097,lasso_alpha_1,0.001078097,1.0249811809865967,-1.0239030839865968,1.0239030839865968
suba,Submodel A: RISE and high-tech exports,mechanism_submodel,,,env_patent_share_inventions,lag1_3_mean,CMR,Cameroon,2022,0.001796829,lasso_alpha_1,0.001796829,1.0249811809865967,-1.0231843519865966,1.0231843519865966
suba,Submodel A: RISE and high-tech exports,mechanism_submodel,,,env_patent_share_inventions,lag1_3_mean,COL,Colombia,2022,0.04995184,lasso_alpha_1,0.04995184,1.0249811809865967,-0.9750293409865968,0.9750293409865968
suba,Submodel A: RISE and high-tech exports,mechanism_submodel,,,env_patent_share_inventions,lag1_3_mean,CRI,Costa Rica,2022,0.00431239,lasso_alpha_1,0.00431239,1.0249811809865967,-1.0206687909865968,1.0206687909865968
suba,Submodel A: RISE and high-tech exports,mechanism_submodel,,,env_patent_share_inventions,lag1_3_mean,CZE,Czechia,2022,0.1217172,lasso_alpha_1,0.1217172,1.0249811809865967,-0.9032639809865968,0.9032639809865968
suba,Submodel A: RISE and high-tech exports,mechanism_submodel,,,env_patent_share_inventions,lag1_3_mean,DEU,Germany,2022,5.048269,lasso_alpha_1,5.048269,1.0249811809865967,4.023287819013404,4.023287819013404
suba,Submodel A: RISE and high-tech exports,mechanism_submodel,,,env_patent_share_inventions,lag1_3_mean,DNK,Denmark,2022,0.756465,lasso_alpha_1,0.756465,1.0249811809865967,-0.2685161809865967,0.2685161809865967
suba,Submodel A: RISE and high-tech exports,mechanism_submodel,,,env_patent_share_inventions,lag1_3_mean,DZA,Algeria,2022,0.002695243,lasso_alpha_1,0.002695243,1.0249811809865967,-1.0222859379865967,1.0222859379865967
suba,Submodel A: RISE and high-tech exports,mechanism_submodel,,,env_patent_share_inventions,lag1_3_mean,ECU,Ecuador,2022,0.002695243,lasso_alpha_1,0.002695243,1.0249811809865967,-1.0222859379865967,1.0222859379865967
suba,Submodel A: RISE and high-tech exports,mechanism_submodel,,,env_patent_share_inventions,lag1_3_mean,EGY,"Egypt, Arab Rep.",2022,0.01635114,lasso_alpha_1,0.01635114,1.0249811809865967,-1.0086300409865967,1.0086300409865967
suba,Submodel A: RISE and high-tech exports,mechanism_submodel,,,env_patent_share_inventions,lag1_3_mean,ESP,Spain,2022,0.5145639,lasso_alpha_1,0.5145639,1.0249811809865967,-0.5104172809865968,0.5104172809865968
suba,Submodel A: RISE and high-tech exports,mechanism_submodel,,,env_patent_share_inventions,lag1_3_mean,ETH,Ethiopia,2022,0.002156195,lasso_alpha_1,0.002156195,1.0249811809865967,-1.0228249859865968,1.0228249859865968
suba,Submodel A: RISE and high-tech exports,mechanism_submodel,,,env_patent_share_inventions,lag1_3_mean,FIN,Finland,2022,0.3148763,lasso_alpha_1,0.3148763,1.0249811809865967,-0.7101048809865967,0.7101048809865967
suba,Submodel A: RISE and high-tech exports,mechanism_submodel,,,env_patent_share_inventions,lag1_3_mean,FRA,France,2022,1.679969,lasso_alpha_1,1.679969,1.0249811809865967,0.6549878190134033,0.6549878190134033
suba,Submodel A: RISE and high-tech exports,mechanism_submodel,,,env_patent_share_inventions,lag1_3_mean,GBR,United Kingdom,2022,1.691451,lasso_alpha_1,1.691451,1.0249811809865967,0.6664698190134033,0.6664698190134033
suba,Submodel A: RISE and high-tech exports,mechanism_submodel,,,env_patent_share_inventions,lag1_3_mean,GHA,Ghana,2022,0.003593658,lasso_alpha_1,0.003593658,1.0249811809865967,-1.0213875229865967,1.0213875229865967
suba,Submodel A: RISE and high-tech exports,mechanism_submodel,,,env_patent_share_inventions,lag1_3_mean,GRC,Greece,2022,0.0394943,lasso_alpha_1,0.0394943,1.0249811809865967,-0.9854868809865968,0.9854868809865968
suba,Submodel A: RISE and high-tech exports,mechanism_submodel,,,env_patent_share_inventions,lag1_3_mean,GTM,Guatemala,2022,0.002156195,lasso_alpha_1,0.002156195,1.0249811809865967,-1.0228249859865968,1.0228249859865968
suba,Submodel A: RISE and high-tech exports,mechanism_submodel,,,env_patent_share_inventions,lag1_3_mean,HRV,Croatia,2022,0.00934351,lasso_alpha_1,0.00934351,1.0249811809865967,-1.0156376709865969,1.0156376709865969
suba,Submodel A: RISE and high-tech exports,mechanism_submodel,,,env_patent_share_inventions,lag1_3_mean,HUN,Hungary,2022,0.0398896,lasso_alpha_1,0.0398896,1.0249811809865967,-0.9850915809865968,0.9850915809865968
suba,Submodel A: RISE and high-tech exports,mechanism_submodel,,,env_patent_share_inventions,lag1_3_mean,IDN,Indonesia,2022,0.0166027,lasso_alpha_1,0.0166027,1.0249811809865967,-1.0083784809865968,1.0083784809865968
suba,Submodel A: RISE and high-tech exports,mechanism_submodel,,,env_patent_share_inventions,lag1_3_mean,IND,India,2022,1.054487,lasso_alpha_1,1.054487,1.0249811809865967,0.02950581901340321,0.02950581901340321
suba,Submodel A: RISE and high-tech exports,mechanism_submodel,,,env_patent_share_inventions,lag1_3_mean,IRL,Ireland,2022,0.07543088,lasso_alpha_1,0.07543088,1.0249811809865967,-0.9495503009865968,0.9495503009865968
suba,Submodel A: RISE and high-tech exports,mechanism_submodel,,,env_patent_share_inventions,lag1_3_mean,IRN,"Iran, Islamic Rep.",2022,0.03047422,lasso_alpha_1,0.03047422,1.0249811809865967,-0.9945069609865967,0.9945069609865967
suba,Submodel A: RISE and high-tech exports,mechanism_submodel,,,env_patent_share_inventions,lag1_3_mean,ISR,Israel,2022,0.3257651,lasso_alpha_1,0.3257651,1.0249811809865967,-0.6992160809865968,0.6992160809865968
suba,Submodel A: RISE and high-tech exports,mechanism_submodel,,,env_patent_share_inventions,lag1_3_mean,ITA,Italy,2022,0.9751271,lasso_alpha_1,0.9751271,1.0249811809865967,-0.049854080986596716,0.049854080986596716
suba,Submodel A: RISE and high-tech exports,mechanism_submodel,,,env_patent_share_inventions,lag1_3_mean,JOR,Jordan,2022,0.005031121,lasso_alpha_1,0.005031121,1.0249811809865967,-1.0199500599865967,1.0199500599865967
suba,Submodel A: RISE and high-tech exports,mechanism_submodel,,,env_patent_share_inventions,lag1_3_mean,JPN,Japan,2022,15.63018,lasso_alpha_1,15.63018,1.0249811809865967,14.605198819013403,14.605198819013403
suba,Submodel A: RISE and high-tech exports,mechanism_submodel,,,env_patent_share_inventions,lag1_3_mean,KAZ,Kazakhstan,2022,0.001617146,lasso_alpha_1,0.001617146,1.0249811809865967,-1.0233640349865967,1.0233640349865967
suba,Submodel A: RISE and high-tech exports,mechanism_submodel,,,env_patent_share_inventions,lag1_3_mean,KOR,"Korea, Rep.",2022,13.91118,lasso_alpha_1,13.91118,1.0249811809865967,12.886198819013403,12.886198819013403
suba,Submodel A: RISE and high-tech exports,mechanism_submodel,,,env_patent_share_inventions,lag1_3_mean,KWT,Kuwait,2022,0.002156195,lasso_alpha_1,0.002156195,1.0249811809865967,-1.0228249859865968,1.0228249859865968
suba,Submodel A: RISE and high-tech exports,mechanism_submodel,,,env_patent_share_inventions,lag1_3_mean,LBN,Lebanon,2022,0.007366999,lasso_alpha_1,0.007366999,1.0249811809865967,-1.0176141819865967,1.0176141819865967
suba,Submodel A: RISE and high-tech exports,mechanism_submodel,,,env_patent_share_inventions,lag1_3_mean,LBR,Liberia,2022,0.001078097,lasso_alpha_1,0.001078097,1.0249811809865967,-1.0239030839865968,1.0239030839865968
suba,Submodel A: RISE and high-tech exports,mechanism_submodel,,,env_patent_share_inventions,lag1_3_mean,LKA,Sri Lanka,2022,0.001796829,lasso_alpha_1,0.001796829,1.0249811809865967,-1.0231843519865966,1.0231843519865966
suba,Submodel A: RISE and high-tech exports,mechanism_submodel,,,env_patent_share_inventions,lag1_3_mean,MAR,Morocco,2022,0.02048385,lasso_alpha_1,0.02048385,1.0249811809865967,-1.0044973309865968,1.0044973309865968
suba,Submodel A: RISE and high-tech exports,mechanism_submodel,,,env_patent_share_inventions,lag1_3_mean,MEX,Mexico,2022,0.08678684,lasso_alpha_1,0.08678684,1.0249811809865967,-0.9381943409865967,0.9381943409865967
suba,Submodel A: RISE and high-tech exports,mechanism_submodel,,,env_patent_share_inventions,lag1_3_mean,MKD,North Macedonia,2022,0.0005390487,lasso_alpha_1,0.0005390487,1.0249811809865967,-1.0244421322865966,1.0244421322865966
suba,Submodel A: RISE and high-tech exports,mechanism_submodel,,,env_patent_share_inventions,lag1_3_mean,MYS,Malaysia,2022,0.04416605,lasso_alpha_1,0.04416605,1.0249811809865967,-0.9808151309865968,0.9808151309865968
suba,Submodel A: RISE and high-tech exports,mechanism_submodel,,,env_patent_share_inventions,lag1_3_mean,NER,Niger,2022,0.001078097,lasso_alpha_1,0.001078097,1.0249811809865967,-1.0239030839865968,1.0239030839865968
suba,Submodel A: RISE and high-tech exports,mechanism_submodel,,,env_patent_share_inventions,lag1_3_mean,NGA,Nigeria,2022,0.003306165,lasso_alpha_1,0.003306165,1.0249811809865967,-1.0216750159865968,1.0216750159865968
suba,Submodel A: RISE and high-tech exports,mechanism_submodel,,,env_patent_share_inventions,lag1_3_mean,NLD,Netherlands,2022,0.6497334,lasso_alpha_1,0.6497334,1.0249811809865967,-0.3752477809865967,0.3752477809865967
suba,Submodel A: RISE and high-tech exports,mechanism_submodel,,,env_patent_share_inventions,lag1_3_mean,NOR,Norway,2022,0.2596418,lasso_alpha_1,0.2596418,1.0249811809865967,-0.7653393809865967,0.7653393809865967
suba,Submodel A: RISE and high-tech exports,mechanism_submodel,,,env_patent_share_inventions,lag1_3_mean,NPL,Nepal,2022,0.002156195,lasso_alpha_1,0.002156195,1.0249811809865967,-1.0228249859865968,1.0228249859865968
suba,Submodel A: RISE and high-tech exports,mechanism_submodel,,,env_patent_share_inventions,lag1_3_mean,NZL,New Zealand,2022,0.07187316,lasso_alpha_1,0.07187316,1.0249811809865967,-0.9531080209865967,0.9531080209865967
suba,Submodel A: RISE and high-tech exports,mechanism_submodel,,,env_patent_share_inventions,lag1_3_mean,OMN,Oman,2022,0.00431239,lasso_alpha_1,0.00431239,1.0249811809865967,-1.0206687909865968,1.0206687909865968
suba,Submodel A: RISE and high-tech exports,mechanism_submodel,,,env_patent_share_inventions,lag1_3_mean,PAK,Pakistan,2022,0.009882559,lasso_alpha_1,0.009882559,1.0249811809865967,-1.0150986219865967,1.0150986219865967
suba,Submodel A: RISE and high-tech exports,mechanism_submodel,,,env_patent_share_inventions,lag1_3_mean,PAN,Panama,2022,0.0009702877,lasso_alpha_1,0.0009702877,1.0249811809865967,-1.0240108932865968,1.0240108932865968
suba,Submodel A: RISE and high-tech exports,mechanism_submodel,,,env_patent_share_inventions,lag1_3_mean,PER,Peru,2022,0.002156195,lasso_alpha_1,0.002156195,1.0249811809865967,-1.0228249859865968,1.0228249859865968
suba,Submodel A: RISE and high-tech exports,mechanism_submodel,,,env_patent_share_inventions,lag1_3_mean,PHL,Philippines,2022,0.01516524,lasso_alpha_1,0.01516524,1.0249811809865967,-1.0098159409865968,1.0098159409865968
suba,Submodel A: RISE and high-tech exports,mechanism_submodel,,,env_patent_share_inventions,lag1_3_mean,POL,Poland,2022,0.1628286,lasso_alpha_1,0.1628286,1.0249811809865967,-0.8621525809865968,0.8621525809865968
suba,Submodel A: RISE and high-tech exports,mechanism_submodel,,,env_patent_share_inventions,lag1_3_mean,PRT,Portugal,2022,0.06576394,lasso_alpha_1,0.06576394,1.0249811809865967,-0.9592172409865968,0.9592172409865968
suba,Submodel A: RISE and high-tech exports,mechanism_submodel,,,env_patent_share_inventions,lag1_3_mean,QAT,Qatar,2022,0.00431239,lasso_alpha_1,0.00431239,1.0249811809865967,-1.0206687909865968,1.0206687909865968
suba,Submodel A: RISE and high-tech exports,mechanism_submodel,,,env_patent_share_inventions,lag1_3_mean,ROU,Romania,2022,0.02371814,lasso_alpha_1,0.02371814,1.0249811809865967,-1.0012630409865968,1.0012630409865968
suba,Submodel A: RISE and high-tech exports,mechanism_submodel,,,env_patent_share_inventions,lag1_3_mean,RUS,Russian Federation,2022,0.1397933,lasso_alpha_1,0.1397933,1.0249811809865967,-0.8851878809865967,0.8851878809865967
suba,Submodel A: RISE and high-tech exports,mechanism_submodel,,,env_patent_share_inventions,lag1_3_mean,SAU,Saudi Arabia,2022,0.132606,lasso_alpha_1,0.132606,1.0249811809865967,-0.8923751809865967,0.8923751809865967
suba,Submodel A: RISE and high-tech exports,mechanism_submodel,,,env_patent_share_inventions,lag1_3_mean,SGP,Singapore,2022,0.1973278,lasso_alpha_1,0.1973278,1.0249811809865967,-0.8276533809865967,0.8276533809865967
suba,Submodel A: RISE and high-tech exports,mechanism_submodel,,,env_patent_share_inventions,lag1_3_mean,SRB,Serbia,2022,0.00934351,lasso_alpha_1,0.00934351,1.0249811809865967,-1.0156376709865969,1.0156376709865969
suba,Submodel A: RISE and high-tech exports,mechanism_submodel,,,env_patent_share_inventions,lag1_3_mean,SVK,Slovak Republic,2022,0.02120258,lasso_alpha_1,0.02120258,1.0249811809865967,-1.0037786009865968,1.0037786009865968
suba,Submodel A: RISE and high-tech exports,mechanism_submodel,,,env_patent_share_inventions,lag1_3_mean,SWE,Sweden,2022,0.8673653,lasso_alpha_1,0.8673653,1.0249811809865967,-0.15761588098659673,0.15761588098659673
suba,Submodel A: RISE and high-tech exports,mechanism_submodel,,,env_patent_share_inventions,lag1_3_mean,THA,Thailand,2022,0.01689019,lasso_alpha_1,0.01689019,1.0249811809865967,-1.0080909909865967,1.0080909909865967
suba,Submodel A: RISE and high-tech exports,mechanism_submodel,,,env_patent_share_inventions,lag1_3_mean,TKM,Turkmenistan,2022,0.00431239,lasso_alpha_1,0.00431239,1.0249811809865967,-1.0206687909865968,1.0206687909865968
suba,Submodel A: RISE and high-tech exports,mechanism_submodel,,,env_patent_share_inventions,lag1_3_mean,TUN,Tunisia,2022,0.001078097,lasso_alpha_1,0.001078097,1.0249811809865967,-1.0239030839865968,1.0239030839865968
suba,Submodel A: RISE and high-tech exports,mechanism_submodel,,,env_patent_share_inventions,lag1_3_mean,TUR,Turkiye,2022,0.2866661,lasso_alpha_1,0.2866661,1.0249811809865967,-0.7383150809865968,0.7383150809865968
suba,Submodel A: RISE and high-tech exports,mechanism_submodel,,,env_patent_share_inventions,lag1_3_mean,UKR,Ukraine,2022,0.01958544,lasso_alpha_1,0.01958544,1.0249811809865967,-1.0053957409865968,1.0053957409865968
suba,Submodel A: RISE and high-tech exports,mechanism_submodel,,,env_patent_share_inventions,lag1_3_mean,URY,Uruguay,2022,0.005390487,lasso_alpha_1,0.005390487,1.0249811809865967,-1.0195906939865966,1.0195906939865966
suba,Submodel A: RISE and high-tech exports,mechanism_submodel,,,env_patent_share_inventions,lag1_3_mean,USA,United States,2022,12.35069,lasso_alpha_1,12.35069,1.0249811809865967,11.325708819013403,11.325708819013403
suba,Submodel A: RISE and high-tech exports,mechanism_submodel,,,env_patent_share_inventions,lag1_3_mean,UZB,Uzbekistan,2022,0.001078097,lasso_alpha_1,0.001078097,1.0249811809865967,-1.0239030839865968,1.0239030839865968
suba,Submodel A: RISE and high-tech exports,mechanism_submodel,,,env_patent_share_inventions,lag1_3_mean,VEN,"Venezuela, RB",2022,0.003593658,lasso_alpha_1,0.003593658,1.0249811809865967,-1.0213875229865967,1.0213875229865967
suba,Submodel A: RISE and high-tech exports,mechanism_submodel,,,env_patent_share_inventions,lag1_3_mean,VNM,Viet Nam,2022,0.02414938,lasso_alpha_1,0.02414938,1.0249811809865967,-1.0008318009865966,1.0008318009865966
suba,Submodel A: RISE and high-tech exports,mechanism_submodel,,,env_patent_share_inventions,lag1_3_mean,ZAF,South Africa,2022,0.04779565,lasso_alpha_1,0.04779565,1.0249811809865967,-0.9771855309865968,0.9771855309865968
suba,Submodel A: RISE and high-tech exports,mechanism_submodel,,,env_patent_share_inventions,lag1_3_mean,ZWE,Zimbabwe,2022,0.0007187316,lasso_alpha_1,0.0007187316,1.0249811809865967,-1.0242624493865968,1.0242624493865968
suba,Submodel A: RISE and high-tech exports,mechanism_submodel,,,env_patent_share_inventions,lag1_3_mean,ALB,Albania,2023,0.0007706951,lasso_alpha_1,0.0007706951,1.0249811809865967,-1.0242104858865968,1.0242104858865968
suba,Submodel A: RISE and high-tech exports,mechanism_submodel,,,env_patent_share_inventions,lag1_3_mean,ARE,United Arab Emirates,2023,0.03206092,lasso_alpha_1,0.03206092,1.0249811809865967,-0.9929202609865967,0.9929202609865967
suba,Submodel A: RISE and high-tech exports,mechanism_submodel,,,env_patent_share_inventions,lag1_3_mean,ARG,Argentina,2023,0.01329449,lasso_alpha_1,0.01329449,1.0249811809865967,-1.0116866909865967,1.0116866909865967
suba,Submodel A: RISE and high-tech exports,mechanism_submodel,,,env_patent_share_inventions,lag1_3_mean,ARM,Armenia,2023,0.005780213,lasso_alpha_1,0.005780213,1.0249811809865967,-1.0192009679865968,1.0192009679865968
suba,Submodel A: RISE and high-tech exports,mechanism_submodel,,,env_patent_share_inventions,lag1_3_mean,AUS,Australia,2023,0.4618776,lasso_alpha_1,0.4618776,1.0249811809865967,-0.5631035809865967,0.5631035809865967
suba,Submodel A: RISE and high-tech exports,mechanism_submodel,,,env_patent_share_inventions,lag1_3_mean,AUT,Austria,2023,0.4801606,lasso_alpha_1,0.4801606,1.0249811809865967,-0.5448205809865967,0.5448205809865967
suba,Submodel A: RISE and high-tech exports,mechanism_submodel,,,env_patent_share_inventions,lag1_3_mean,AZE,Azerbaijan,2023,0.006936256,lasso_alpha_1,0.006936256,1.0249811809865967,-1.0180449249865968,1.0180449249865968
suba,Submodel A: RISE and high-tech exports,mechanism_submodel,,,env_patent_share_inventions,lag1_3_mean,BEL,Belgium,2023,0.4136321,lasso_alpha_1,0.4136321,1.0249811809865967,-0.6113490809865967,0.6113490809865967
suba,Submodel A: RISE and high-tech exports,mechanism_submodel,,,env_patent_share_inventions,lag1_3_mean,BFA,Burkina Faso,2023,0.001156043,lasso_alpha_1,0.001156043,1.0249811809865967,-1.0238251379865968,1.0238251379865968
suba,Submodel A: RISE and high-tech exports,mechanism_submodel,,,env_patent_share_inventions,lag1_3_mean,BGD,Bangladesh,2023,0.001156043,lasso_alpha_1,0.001156043,1.0249811809865967,-1.0238251379865968,1.0238251379865968
suba,Submodel A: RISE and high-tech exports,mechanism_submodel,,,env_patent_share_inventions,lag1_3_mean,BGR,Bulgaria,2023,0.01202284,lasso_alpha_1,0.01202284,1.0249811809865967,-1.0129583409865968,1.0129583409865968
suba,Submodel A: RISE and high-tech exports,mechanism_submodel,,,env_patent_share_inventions,lag1_3_mean,BOL,Bolivia,2023,0.004238823,lasso_alpha_1,0.004238823,1.0249811809865967,-1.0207423579865968,1.0207423579865968
suba,Submodel A: RISE and high-tech exports,mechanism_submodel,,,env_patent_share_inventions,lag1_3_mean,BRA,Brazil,2023,0.1532527,lasso_alpha_1,0.1532527,1.0249811809865967,-0.8717284809865967,0.8717284809865967
suba,Submodel A: RISE and high-tech exports,mechanism_submodel,,,env_patent_share_inventions,lag1_3_mean,CAN,Canada,2023,0.8605196,lasso_alpha_1,0.8605196,1.0249811809865967,-0.1644615809865967,0.1644615809865967
suba,Submodel A: RISE and high-tech exports,mechanism_submodel,,,env_patent_share_inventions,lag1_3_mean,CHE,Switzerland,2023,0.4411294,lasso_alpha_1,0.4411294,1.0249811809865967,-0.5838517809865967,0.5838517809865967
suba,Submodel A: RISE and high-tech exports,mechanism_submodel,,,env_patent_share_inventions,lag1_3_mean,CHL,Chile,2023,0.05549005,lasso_alpha_1,0.05549005,1.0249811809865967,-0.9694911309865968,0.9694911309865968
suba,Submodel A: RISE and high-tech exports,mechanism_submodel,,,env_patent_share_inventions,lag1_3_mean,CHN,China,2023,38.42308,lasso_alpha_1,38.42308,1.0249811809865967,37.3980988190134,37.3980988190134
suba,Submodel A: RISE and high-tech exports,mechanism_submodel,,,env_patent_share_inventions,lag1_3_mean,CIV,Cote d'Ivoire,2023,0.0007706951,lasso_alpha_1,0.0007706951,1.0249811809865967,-1.0242104858865968,1.0242104858865968
suba,Submodel A: RISE and high-tech exports,mechanism_submodel,,,env_patent_share_inventions,lag1_3_mean,COL,Colombia,2023,0.02127118,lasso_alpha_1,0.02127118,1.0249811809865967,-1.0037100009865967,1.0037100009865967
suba,Submodel A: RISE and high-tech exports,mechanism_submodel,,,env_patent_share_inventions,lag1_3_mean,CZE,Czechia,2023,0.118687,lasso_alpha_1,0.118687,1.0249811809865967,-0.9062941809865968,0.9062941809865968
suba,Submodel A: RISE and high-tech exports,mechanism_submodel,,,env_patent_share_inventions,lag1_3_mean,DEU,Germany,2023,5.323825,lasso_alpha_1,5.323825,1.0249811809865967,4.2988438190134035,4.2988438190134035
suba,Submodel A: RISE and high-tech exports,mechanism_submodel,,,env_patent_share_inventions,lag1_3_mean,DNK,Denmark,2023,0.7307345,lasso_alpha_1,0.7307345,1.0249811809865967,-0.2942466809865968,0.2942466809865968
suba,Submodel A: RISE and high-tech exports,mechanism_submodel,,,env_patent_share_inventions,lag1_3_mean,DZA,Algeria,2023,0.002890107,lasso_alpha_1,0.002890107,1.0249811809865967,-1.0220910739865967,1.0220910739865967
suba,Submodel A: RISE and high-tech exports,mechanism_submodel,,,env_patent_share_inventions,lag1_3_mean,EGY,"Egypt, Arab Rep.",2023,0.009441015,lasso_alpha_1,0.009441015,1.0249811809865967,-1.0155401659865968,1.0155401659865968
suba,Submodel A: RISE and high-tech exports,mechanism_submodel,,,env_patent_share_inventions,lag1_3_mean,ESP,Spain,2023,0.4860224,lasso_alpha_1,0.4860224,1.0249811809865967,-0.5389587809865968,0.5389587809865968
suba,Submodel A: RISE and high-tech exports,mechanism_submodel,,,env_patent_share_inventions,lag1_3_mean,ETH,Ethiopia,2023,0.005780213,lasso_alpha_1,0.005780213,1.0249811809865967,-1.0192009679865968,1.0192009679865968
suba,Submodel A: RISE and high-tech exports,mechanism_submodel,,,env_patent_share_inventions,lag1_3_mean,FIN,Finland,2023,0.378583,lasso_alpha_1,0.378583,1.0249811809865967,-0.6463981809865967,0.6463981809865967
suba,Submodel A: RISE and high-tech exports,mechanism_submodel,,,env_patent_share_inventions,lag1_3_mean,FRA,France,2023,2.193091,lasso_alpha_1,2.193091,1.0249811809865967,1.1681098190134032,1.1681098190134032
suba,Submodel A: RISE and high-tech exports,mechanism_submodel,,,env_patent_share_inventions,lag1_3_mean,GBR,United Kingdom,2023,1.668825,lasso_alpha_1,1.668825,1.0249811809865967,0.6438438190134033,0.6438438190134033
suba,Submodel A: RISE and high-tech exports,mechanism_submodel,,,env_patent_share_inventions,lag1_3_mean,GEO,Georgia,2023,0.002312085,lasso_alpha_1,0.002312085,1.0249811809865967,-1.0226690959865967,1.0226690959865967
suba,Submodel A: RISE and high-tech exports,mechanism_submodel,,,env_patent_share_inventions,lag1_3_mean,GHA,Ghana,2023,0.003468128,lasso_alpha_1,0.003468128,1.0249811809865967,-1.0215130529865968,1.0215130529865968
suba,Submodel A: RISE and high-tech exports,mechanism_submodel,,,env_patent_share_inventions,lag1_3_mean,GRC,Greece,2023,0.0370319,lasso_alpha_1,0.0370319,1.0249811809865967,-0.9879492809865967,0.9879492809865967
suba,Submodel A: RISE and high-tech exports,mechanism_submodel,,,env_patent_share_inventions,lag1_3_mean,GTM,Guatemala,2023,0.002312085,lasso_alpha_1,0.002312085,1.0249811809865967,-1.0226690959865967,1.0226690959865967
suba,Submodel A: RISE and high-tech exports,mechanism_submodel,,,env_patent_share_inventions,lag1_3_mean,HRV,Croatia,2023,0.02196481,lasso_alpha_1,0.02196481,1.0249811809865967,-1.0030163709865967,1.0030163709865967
suba,Submodel A: RISE and high-tech exports,mechanism_submodel,,,env_patent_share_inventions,lag1_3_mean,HUN,Hungary,2023,0.04990251,lasso_alpha_1,0.04990251,1.0249811809865967,-0.9750786709865967,0.9750786709865967
suba,Submodel A: RISE and high-tech exports,mechanism_submodel,,,env_patent_share_inventions,lag1_3_mean,IDN,Indonesia,2023,0.02235016,lasso_alpha_1,0.02235016,1.0249811809865967,-1.0026310209865967,1.0026310209865967
suba,Submodel A: RISE and high-tech exports,mechanism_submodel,,,env_patent_share_inventions,lag1_3_mean,IND,India,2023,0.9509992,lasso_alpha_1,0.9509992,1.0249811809865967,-0.0739819809865967,0.0739819809865967
suba,Submodel A: RISE and high-tech exports,mechanism_submodel,,,env_patent_share_inventions,lag1_3_mean,IRL,Ireland,2023,0.113639,lasso_alpha_1,0.113639,1.0249811809865967,-0.9113421809865967,0.9113421809865967
suba,Submodel A: RISE and high-tech exports,mechanism_submodel,,,env_patent_share_inventions,lag1_3_mean,IRN,"Iran, Islamic Rep.",2023,0.02181067,lasso_alpha_1,0.02181067,1.0249811809865967,-1.0031705109865967,1.0031705109865967
suba,Submodel A: RISE and high-tech exports,mechanism_submodel,,,env_patent_share_inventions,lag1_3_mean,ISR,Israel,2023,0.2640401,lasso_alpha_1,0.2640401,1.0249811809865967,-0.7609410809865967,0.7609410809865967
suba,Submodel A: RISE and high-tech exports,mechanism_submodel,,,env_patent_share_inventions,lag1_3_mean,ITA,Italy,2023,0.9510773,lasso_alpha_1,0.9510773,1.0249811809865967,-0.07390388098659673,0.07390388098659673
suba,Submodel A: RISE and high-tech exports,mechanism_submodel,,,env_patent_share_inventions,lag1_3_mean,JOR,Jordan,2023,0.003986596,lasso_alpha_1,0.003986596,1.0249811809865967,-1.0209945849865967,1.0209945849865967
suba,Submodel A: RISE and high-tech exports,mechanism_submodel,,,env_patent_share_inventions,lag1_3_mean,JPN,Japan,2023,12.35528,lasso_alpha_1,12.35528,1.0249811809865967,11.330298819013404,11.330298819013404
suba,Submodel A: RISE and high-tech exports,mechanism_submodel,,,env_patent_share_inventions,lag1_3_mean,KAZ,Kazakhstan,2023,0.001156043,lasso_alpha_1,0.001156043,1.0249811809865967,-1.0238251379865968,1.0238251379865968
suba,Submodel A: RISE and high-tech exports,mechanism_submodel,,,env_patent_share_inventions,lag1_3_mean,KEN,Kenya,2023,0.002312085,lasso_alpha_1,0.002312085,1.0249811809865967,-1.0226690959865967,1.0226690959865967
suba,Submodel A: RISE and high-tech exports,mechanism_submodel,,,env_patent_share_inventions,lag1_3_mean,KOR,"Korea, Rep.",2023,17.64583,lasso_alpha_1,17.64583,1.0249811809865967,16.620848819013403,16.620848819013403
suba,Submodel A: RISE and high-tech exports,mechanism_submodel,,,env_patent_share_inventions,lag1_3_mean,KWT,Kuwait,2023,0.0007706951,lasso_alpha_1,0.0007706951,1.0249811809865967,-1.0242104858865968,1.0242104858865968
suba,Submodel A: RISE and high-tech exports,mechanism_submodel,,,env_patent_share_inventions,lag1_3_mean,LAO,Lao PDR,2023,0.001156043,lasso_alpha_1,0.001156043,1.0249811809865967,-1.0238251379865968,1.0238251379865968
suba,Submodel A: RISE and high-tech exports,mechanism_submodel,,,env_patent_share_inventions,lag1_3_mean,LBN,Lebanon,2023,0.01123113,lasso_alpha_1,0.01123113,1.0249811809865967,-1.0137500509865967,1.0137500509865967
suba,Submodel A: RISE and high-tech exports,mechanism_submodel,,,env_patent_share_inventions,lag1_3_mean,LKA,Sri Lanka,2023,0.007321603,lasso_alpha_1,0.007321603,1.0249811809865967,-1.0176595779865967,1.0176595779865967
suba,Submodel A: RISE and high-tech exports,mechanism_submodel,,,env_patent_share_inventions,lag1_3_mean,MAR,Morocco,2023,0.02011614,lasso_alpha_1,0.02011614,1.0249811809865967,-1.0048650409865967,1.0048650409865967
suba,Submodel A: RISE and high-tech exports,mechanism_submodel,,,env_patent_share_inventions,lag1_3_mean,MEX,Mexico,2023,0.0551047,lasso_alpha_1,0.0551047,1.0249811809865967,-0.9698764809865967,0.9698764809865967
suba,Submodel A: RISE and high-tech exports,mechanism_submodel,,,env_patent_share_inventions,lag1_3_mean,MKD,North Macedonia,2023,0.002312085,lasso_alpha_1,0.002312085,1.0249811809865967,-1.0226690959865967,1.0226690959865967
suba,Submodel A: RISE and high-tech exports,mechanism_submodel,,,env_patent_share_inventions,lag1_3_mean,MNE,Montenegro,2023,0.003468128,lasso_alpha_1,0.003468128,1.0249811809865967,-1.0215130529865968,1.0215130529865968
suba,Submodel A: RISE and high-tech exports,mechanism_submodel,,,env_patent_share_inventions,lag1_3_mean,MYS,Malaysia,2023,0.05518177,lasso_alpha_1,0.05518177,1.0249811809865967,-0.9697994109865967,0.9697994109865967
suba,Submodel A: RISE and high-tech exports,mechanism_submodel,,,env_patent_share_inventions,lag1_3_mean,NLD,Netherlands,2023,0.5949941,lasso_alpha_1,0.5949941,1.0249811809865967,-0.42998708098659677,0.42998708098659677
suba,Submodel A: RISE and high-tech exports,mechanism_submodel,,,env_patent_share_inventions,lag1_3_mean,NOR,Norway,2023,0.2159873,lasso_alpha_1,0.2159873,1.0249811809865967,-0.8089938809865967,0.8089938809865967
suba,Submodel A: RISE and high-tech exports,mechanism_submodel,,,env_patent_share_inventions,lag1_3_mean,NZL,New Zealand,2023,0.06288872,lasso_alpha_1,0.06288872,1.0249811809865967,-0.9620924609865967,0.9620924609865967
suba,Submodel A: RISE and high-tech exports,mechanism_submodel,,,env_patent_share_inventions,lag1_3_mean,PAK,Pakistan,2023,0.002830553,lasso_alpha_1,0.002830553,1.0249811809865967,-1.0221506279865968,1.0221506279865968
suba,Submodel A: RISE and high-tech exports,mechanism_submodel,,,env_patent_share_inventions,lag1_3_mean,PAN,Panama,2023,0.005086588,lasso_alpha_1,0.005086588,1.0249811809865967,-1.0198945929865968,1.0198945929865968
suba,Submodel A: RISE and high-tech exports,mechanism_submodel,,,env_patent_share_inventions,lag1_3_mean,PER,Peru,2023,0.008477646,lasso_alpha_1,0.008477646,1.0249811809865967,-1.0165035349865967,1.0165035349865967
suba,Submodel A: RISE and high-tech exports,mechanism_submodel,,,env_patent_share_inventions,lag1_3_mean,PHL,Philippines,2023,0.002312085,lasso_alpha_1,0.002312085,1.0249811809865967,-1.0226690959865967,1.0226690959865967
suba,Submodel A: RISE and high-tech exports,mechanism_submodel,,,env_patent_share_inventions,lag1_3_mean,POL,Poland,2023,0.1666243,lasso_alpha_1,0.1666243,1.0249811809865967,-0.8583568809865967,0.8583568809865967
suba,Submodel A: RISE and high-tech exports,mechanism_submodel,,,env_patent_share_inventions,lag1_3_mean,PRT,Portugal,2023,0.08377456,lasso_alpha_1,0.08377456,1.0249811809865967,-0.9412066209865968,0.9412066209865968
suba,Submodel A: RISE and high-tech exports,mechanism_submodel,,,env_patent_share_inventions,lag1_3_mean,QAT,Qatar,2023,0.002312085,lasso_alpha_1,0.002312085,1.0249811809865967,-1.0226690959865967,1.0226690959865967
suba,Submodel A: RISE and high-tech exports,mechanism_submodel,,,env_patent_share_inventions,lag1_3_mean,ROU,Romania,2023,0.03121315,lasso_alpha_1,0.03121315,1.0249811809865967,-0.9937680309865967,0.9937680309865967
suba,Submodel A: RISE and high-tech exports,mechanism_submodel,,,env_patent_share_inventions,lag1_3_mean,RUS,Russian Federation,2023,0.1051999,lasso_alpha_1,0.1051999,1.0249811809865967,-0.9197812809865967,0.9197812809865967
suba,Submodel A: RISE and high-tech exports,mechanism_submodel,,,env_patent_share_inventions,lag1_3_mean,SAU,Saudi Arabia,2023,0.1056623,lasso_alpha_1,0.1056623,1.0249811809865967,-0.9193188809865968,0.9193188809865968
suba,Submodel A: RISE and high-tech exports,mechanism_submodel,,,env_patent_share_inventions,lag1_3_mean,SGP,Singapore,2023,0.2277789,lasso_alpha_1,0.2277789,1.0249811809865967,-0.7972022809865967,0.7972022809865967
suba,Submodel A: RISE and high-tech exports,mechanism_submodel,,,env_patent_share_inventions,lag1_3_mean,SLV,El Salvador,2023,0.002312085,lasso_alpha_1,0.002312085,1.0249811809865967,-1.0226690959865967,1.0226690959865967
suba,Submodel A: RISE and high-tech exports,mechanism_submodel,,,env_patent_share_inventions,lag1_3_mean,SRB,Serbia,2023,0.02003807,lasso_alpha_1,0.02003807,1.0249811809865967,-1.0049431109865967,1.0049431109865967
suba,Submodel A: RISE and high-tech exports,mechanism_submodel,,,env_patent_share_inventions,lag1_3_mean,SVK,Slovak Republic,2023,0.01965272,lasso_alpha_1,0.01965272,1.0249811809865967,-1.0053284609865967,1.0053284609865967
suba,Submodel A: RISE and high-tech exports,mechanism_submodel,,,env_patent_share_inventions,lag1_3_mean,SWE,Sweden,2023,0.812775,lasso_alpha_1,0.812775,1.0249811809865967,-0.21220618098659672,0.21220618098659672
suba,Submodel A: RISE and high-tech exports,mechanism_submodel,,,env_patent_share_inventions,lag1_3_mean,THA,Thailand,2023,0.0242769,lasso_alpha_1,0.0242769,1.0249811809865967,-1.0007042809865967,1.0007042809865967
suba,Submodel A: RISE and high-tech exports,mechanism_submodel,,,env_patent_share_inventions,lag1_3_mean,TUN,Tunisia,2023,0.002697433,lasso_alpha_1,0.002697433,1.0249811809865967,-1.0222837479865967,1.0222837479865967
suba,Submodel A: RISE and high-tech exports,mechanism_submodel,,,env_patent_share_inventions,lag1_3_mean,TUR,Turkiye,2023,0.2342913,lasso_alpha_1,0.2342913,1.0249811809865967,-0.7906898809865968,0.7906898809865968
suba,Submodel A: RISE and high-tech exports,mechanism_submodel,,,env_patent_share_inventions,lag1_3_mean,UGA,Uganda,2023,0.003468128,lasso_alpha_1,0.003468128,1.0249811809865967,-1.0215130529865968,1.0215130529865968
suba,Submodel A: RISE and high-tech exports,mechanism_submodel,,,env_patent_share_inventions,lag1_3_mean,UKR,Ukraine,2023,0.04046149,lasso_alpha_1,0.04046149,1.0249811809865967,-0.9845196909865968,0.9845196909865968
suba,Submodel A: RISE and high-tech exports,mechanism_submodel,,,env_patent_share_inventions,lag1_3_mean,USA,United States,2023,10.59949,lasso_alpha_1,10.59949,1.0249811809865967,9.574508819013403,9.574508819013403
suba,Submodel A: RISE and high-tech exports,mechanism_submodel,,,env_patent_share_inventions,lag1_3_mean,UZB,Uzbekistan,2023,0.00154139,lasso_alpha_1,0.00154139,1.0249811809865967,-1.0234397909865967,1.0234397909865967
suba,Submodel A: RISE and high-tech exports,mechanism_submodel,,,env_patent_share_inventions,lag1_3_mean,VEN,"Venezuela, RB",2023,0.001156043,lasso_alpha_1,0.001156043,1.0249811809865967,-1.0238251379865968,1.0238251379865968
suba,Submodel A: RISE and high-tech exports,mechanism_submodel,,,env_patent_share_inventions,lag1_3_mean,VNM,Viet Nam,2023,0.006550908,lasso_alpha_1,0.006550908,1.0249811809865967,-1.0184302729865968,1.0184302729865968
suba,Submodel A: RISE and high-tech exports,mechanism_submodel,,,env_patent_share_inventions,lag1_3_mean,ZAF,South Africa,2023,0.06049956,lasso_alpha_1,0.06049956,1.0249811809865967,-0.9644816209865967,0.9644816209865967
suba,Submodel A: RISE and high-tech exports,mechanism_submodel,,,env_patent_share_inventions,lag1_3_mean,ZWE,Zimbabwe,2023,0.0007706951,lasso_alpha_1,0.0007706951,1.0249811809865967,-1.0242104858865968,1.0242104858865968
subb,"Submodel B: R&D, co-invention, and tax",mechanism_submodel,,,env_patent_share_inventions,lag1_3_mean,ARE,United Arab Emirates,2021,0.03864921,lasso_alpha_1,0.03864921,1.463879561111111,-1.425230351111111,1.425230351111111
subb,"Submodel B: R&D, co-invention, and tax",mechanism_submodel,,,env_patent_share_inventions,lag1_3_mean,ARG,Argentina,2021,0.00838331,lasso_alpha_1,0.00838331,0.43136313204363097,-0.422979822043631,0.422979822043631
subb,"Submodel B: R&D, co-invention, and tax",mechanism_submodel,,,env_patent_share_inventions,lag1_3_mean,ARM,Armenia,2021,0.0009673051,lasso_alpha_1,0.0009673051,0.05507789997074819,-0.05411059487074819,0.05411059487074819
subb,"Submodel B: R&D, co-invention, and tax",mechanism_submodel,,,env_patent_share_inventions,lag1_3_mean,AUS,Australia,2021,0.6052428,lasso_alpha_1,0.6052428,0.7853425566975948,-0.18009975669759481,0.18009975669759481
subb,"Submodel B: R&D, co-invention, and tax",mechanism_submodel,,,env_patent_share_inventions,lag1_3_mean,AUT,Austria,2021,0.600331,lasso_alpha_1,0.600331,3.644781390610217,-3.0444503906102174,3.0444503906102174
subb,"Submodel B: R&D, co-invention, and tax",mechanism_submodel,,,env_patent_share_inventions,lag1_3_mean,AZE,Azerbaijan,2021,0.00451409,lasso_alpha_1,0.00451409,0.06788353470092112,-0.06336944470092112,0.06336944470092112
subb,"Submodel B: R&D, co-invention, and tax",mechanism_submodel,,,env_patent_share_inventions,lag1_3_mean,BEL,Belgium,2021,0.5078351,lasso_alpha_1,0.5078351,3.6138724918878773,-3.1060373918878774,3.1060373918878774
subb,"Submodel B: R&D, co-invention, and tax",mechanism_submodel,,,env_patent_share_inventions,lag1_3_mean,BFA,Burkina Faso,2021,0.0009673051,lasso_alpha_1,0.0009673051,0.7853425566975948,-0.7843752515975948,0.7843752515975948
subb,"Submodel B: R&D, co-invention, and tax",mechanism_submodel,,,env_patent_share_inventions,lag1_3_mean,BGR,Bulgaria,2021,0.0156381,lasso_alpha_1,0.0156381,0.8066058100741077,-0.7909677100741077,0.7909677100741077
subb,"Submodel B: R&D, co-invention, and tax",mechanism_submodel,,,env_patent_share_inventions,lag1_3_mean,BHS,"Bahamas, The",2021,0.004836525,lasso_alpha_1,0.004836525,0.7853425566975948,-0.7805060316975948,0.7805060316975948
subb,"Submodel B: R&D, co-invention, and tax",mechanism_submodel,,,env_patent_share_inventions,lag1_3_mean,BLR,Belarus,2021,0.01176888,lasso_alpha_1,0.01176888,0.517466781406371,-0.505697901406371,0.505697901406371
subb,"Submodel B: R&D, co-invention, and tax",mechanism_submodel,,,env_patent_share_inventions,lag1_3_mean,BRA,Brazil,2021,0.2022635,lasso_alpha_1,0.2022635,1.2446724714273982,-1.0424089714273983,1.0424089714273983
subb,"Submodel B: R&D, co-invention, and tax",mechanism_submodel,,,env_patent_share_inventions,lag1_3_mean,BRB,Barbados,2021,0.00193461,lasso_alpha_1,0.00193461,0.7853425566975948,-0.7834079466975948,0.7834079466975948
subb,"Submodel B: R&D, co-invention, and tax",mechanism_submodel,,,env_patent_share_inventions,lag1_3_mean,CAN,Canada,2021,1.406397,lasso_alpha_1,1.406397,2.0151643587439794,-0.6087673587439795,0.6087673587439795
subb,"Submodel B: R&D, co-invention, and tax",mechanism_submodel,,,env_patent_share_inventions,lag1_3_mean,CHE,Switzerland,2021,0.5670665,lasso_alpha_1,0.5670665,0.7853425566975948,-0.21827605669759476,0.21827605669759476
subb,"Submodel B: R&D, co-invention, and tax",mechanism_submodel,,,env_patent_share_inventions,lag1_3_mean,CHL,Chile,2021,0.04739795,lasso_alpha_1,0.04739795,0.24513792644564558,-0.1977399764456456,0.1977399764456456
subb,"Submodel B: R&D, co-invention, and tax",mechanism_submodel,,,env_patent_share_inventions,lag1_3_mean,CHN,China,2021,27.46088,lasso_alpha_1,27.46088,2.5137193590925238,24.947160640907477,24.947160640907477
subb,"Submodel B: R&D, co-invention, and tax",mechanism_submodel,,,env_patent_share_inventions,lag1_3_mean,COL,Colombia,2021,0.01708906,lasso_alpha_1,0.01708906,0.19539435953859985,-0.17830529953859986,0.17830529953859986
subb,"Submodel B: R&D, co-invention, and tax",mechanism_submodel,,,env_patent_share_inventions,lag1_3_mean,CRI,Costa Rica,2021,0.00193461,lasso_alpha_1,0.00193461,0.7853425566975948,-0.7834079466975948,0.7834079466975948
subb,"Submodel B: R&D, co-invention, and tax",mechanism_submodel,,,env_patent_share_inventions,lag1_3_mean,CYP,Cyprus,2021,0.007416006,lasso_alpha_1,0.007416006,0.6863969044404119,-0.6789808984404119,0.6789808984404119
subb,"Submodel B: R&D, co-invention, and tax",mechanism_submodel,,,env_patent_share_inventions,lag1_3_mean,CZE,Czechia,2021,0.1125298,lasso_alpha_1,0.1125298,2.1324516885146543,-2.0199218885146544,2.0199218885146544
subb,"Submodel B: R&D, co-invention, and tax",mechanism_submodel,,,env_patent_share_inventions,lag1_3_mean,DEU,Germany,2021,6.09054,lasso_alpha_1,6.09054,3.5611022855321433,2.5294377144678566,2.5294377144678566
subb,"Submodel B: R&D, co-invention, and tax",mechanism_submodel,,,env_patent_share_inventions,lag1_3_mean,DNK,Denmark,2021,0.8738312,lasso_alpha_1,0.8738312,3.398455773102525,-2.5246245731025247,2.5246245731025247
subb,"Submodel B: R&D, co-invention, and tax",mechanism_submodel,,,env_patent_share_inventions,lag1_3_mean,DOM,Dominican Republic,2021,0.00064487,lasso_alpha_1,0.00064487,0.7853425566975948,-0.7846976866975948,0.7846976866975948
subb,"Submodel B: R&D, co-invention, and tax",mechanism_submodel,,,env_patent_share_inventions,lag1_3_mean,DZA,Algeria,2021,0.003288837,lasso_alpha_1,0.003288837,0.7853425566975948,-0.7820537196975947,0.7820537196975947
subb,"Submodel B: R&D, co-invention, and tax",mechanism_submodel,,,env_patent_share_inventions,lag1_3_mean,ECU,Ecuador,2021,0.001612175,lasso_alpha_1,0.001612175,0.7853425566975948,-0.7837303816975948,0.7837303816975948
subb,"Submodel B: R&D, co-invention, and tax",mechanism_submodel,,,env_patent_share_inventions,lag1_3_mean,EGY,"Egypt, Arab Rep.",2021,0.01321984,lasso_alpha_1,0.01321984,0.7920181352947058,-0.7787982952947058,0.7787982952947058
subb,"Submodel B: R&D, co-invention, and tax",mechanism_submodel,,,env_patent_share_inventions,lag1_3_mean,ESP,Spain,2021,0.6234819,lasso_alpha_1,0.6234819,1.38648406663746,-0.76300216663746,0.76300216663746
subb,"Submodel B: R&D, co-invention, and tax",mechanism_submodel,,,env_patent_share_inventions,lag1_3_mean,EST,Estonia,2021,0.01386471,lasso_alpha_1,0.01386471,1.721366164142545,-1.707501454142545,1.707501454142545
subb,"Submodel B: R&D, co-invention, and tax",mechanism_submodel,,,env_patent_share_inventions,lag1_3_mean,FIN,Finland,2021,0.4526021,lasso_alpha_1,0.4526021,3.2666413821595657,-2.8140392821595657,2.8140392821595657
subb,"Submodel B: R&D, co-invention, and tax",mechanism_submodel,,,env_patent_share_inventions,lag1_3_mean,FRA,France,2021,2.559317,lasso_alpha_1,2.559317,2.519404915440064,0.03991208455993611,0.03991208455993611
subb,"Submodel B: R&D, co-invention, and tax",mechanism_submodel,,,env_patent_share_inventions,lag1_3_mean,GBR,United Kingdom,2021,1.863642,lasso_alpha_1,1.863642,3.1839603811453445,-1.3203183811453445,1.3203183811453445
subb,"Submodel B: R&D, co-invention, and tax",mechanism_submodel,,,env_patent_share_inventions,lag1_3_mean,GEO,Georgia,2021,0.007738441,lasso_alpha_1,0.007738441,0.16775859560055884,-0.16002015460055882,0.16002015460055882
subb,"Submodel B: R&D, co-invention, and tax",mechanism_submodel,,,env_patent_share_inventions,lag1_3_mean,GRC,Greece,2021,0.04058382,lasso_alpha_1,0.04058382,1.4213813407080726,-1.3807975207080727,1.3807975207080727
subb,"Submodel B: R&D, co-invention, and tax",mechanism_submodel,,,env_patent_share_inventions,lag1_3_mean,HKG,"Hong Kong SAR, China",2021,0.09469917,lasso_alpha_1,0.09469917,0.9459888200923634,-0.8512896500923635,0.8512896500923635
subb,"Submodel B: R&D, co-invention, and tax",mechanism_submodel,,,env_patent_share_inventions,lag1_3_mean,HRV,Croatia,2021,0.02037789,lasso_alpha_1,0.02037789,1.1389178906374477,-1.1185400006374477,1.1185400006374477
subb,"Submodel B: R&D, co-invention, and tax",mechanism_submodel,,,env_patent_share_inventions,lag1_3_mean,HUN,Hungary,2021,0.04149739,lasso_alpha_1,0.04149739,1.659665553004959,-1.6181681630049591,1.6181681630049591
subb,"Submodel B: R&D, co-invention, and tax",mechanism_submodel,,,env_patent_share_inventions,lag1_3_mean,IDN,Indonesia,2021,0.01360676,lasso_alpha_1,0.01360676,0.1366193651711768,-0.12301260517117679,0.12301260517117679
subb,"Submodel B: R&D, co-invention, and tax",mechanism_submodel,,,env_patent_share_inventions,lag1_3_mean,IND,India,2021,1.139217,lasso_alpha_1,1.139217,0.6161618974208051,0.5230551025791949,0.5230551025791949
subb,"Submodel B: R&D, co-invention, and tax",mechanism_submodel,,,env_patent_share_inventions,lag1_3_mean,IRL,Ireland,2021,0.1236538,lasso_alpha_1,0.1236538,1.1735727102795943,-1.0499189102795943,1.0499189102795943
subb,"Submodel B: R&D, co-invention, and tax",mechanism_submodel,,,env_patent_share_inventions,lag1_3_mean,IRN,"Iran, Islamic Rep.",2021,0.03633843,lasso_alpha_1,0.03633843,0.7853425566975948,-0.7490041266975948,0.7490041266975948
subb,"Submodel B: R&D, co-invention, and tax",mechanism_submodel,,,env_patent_share_inventions,lag1_3_mean,ISL,Iceland,2021,0.009673051,lasso_alpha_1,0.009673051,2.5810045038991207,-2.5713314528991207,2.5713314528991207
subb,"Submodel B: R&D, co-invention, and tax",mechanism_submodel,,,env_patent_share_inventions,lag1_3_mean,ISR,Israel,2021,0.4227123,lasso_alpha_1,0.4227123,6.330816817283591,-5.908104517283591,5.908104517283591
subb,"Submodel B: R&D, co-invention, and tax",mechanism_submodel,,,env_patent_share_inventions,lag1_3_mean,ITA,Italy,2021,1.366383,lasso_alpha_1,1.366383,1.5894547914281991,-0.22307179142819922,0.22307179142819922
subb,"Submodel B: R&D, co-invention, and tax",mechanism_submodel,,,env_patent_share_inventions,lag1_3_mean,JOR,Jordan,2021,0.009565572,lasso_alpha_1,0.009565572,0.7853425566975948,-0.7757769846975948,0.7757769846975948
subb,"Submodel B: R&D, co-invention, and tax",mechanism_submodel,,,env_patent_share_inventions,lag1_3_mean,JPN,Japan,2021,18.32637,lasso_alpha_1,18.32637,3.743011802303424,14.583358197696576,14.583358197696576
subb,"Submodel B: R&D, co-invention, and tax",mechanism_submodel,,,env_patent_share_inventions,lag1_3_mean,KAZ,Kazakhstan,2021,0.006771136,lasso_alpha_1,0.006771136,-0.03189858533447132,0.038669721334471316,0.038669721334471316
subb,"Submodel B: R&D, co-invention, and tax",mechanism_submodel,,,env_patent_share_inventions,lag1_3_mean,KGZ,Kyrgyz Republic,2021,0.00064487,lasso_alpha_1,0.00064487,-0.06878398571850974,0.06942885571850975,0.06942885571850975
subb,"Submodel B: R&D, co-invention, and tax",mechanism_submodel,,,env_patent_share_inventions,lag1_3_mean,KHM,Cambodia,2021,0.00128974,lasso_alpha_1,0.00128974,0.7853425566975948,-0.7840528166975947,0.7840528166975947
subb,"Submodel B: R&D, co-invention, and tax",mechanism_submodel,,,env_patent_share_inventions,lag1_3_mean,KOR,"Korea, Rep.",2021,13.81879,lasso_alpha_1,13.81879,5.13863606525663,8.68015393474337,8.68015393474337
subb,"Submodel B: R&D, co-invention, and tax",mechanism_submodel,,,env_patent_share_inventions,lag1_3_mean,KWT,Kuwait,2021,0.00764171,lasso_alpha_1,0.00764171,-0.005551870774443746,0.013193580774443745,0.013193580774443745
subb,"Submodel B: R&D, co-invention, and tax",mechanism_submodel,,,env_patent_share_inventions,lag1_3_mean,LBN,Lebanon,2021,0.007158058,lasso_alpha_1,0.007158058,0.7853425566975948,-0.7781844986975948,0.7781844986975948
subb,"Submodel B: R&D, co-invention, and tax",mechanism_submodel,,,env_patent_share_inventions,lag1_3_mean,LIE,Liechtenstein,2021,0.003063133,lasso_alpha_1,0.003063133,0.7853425566975948,-0.7822794236975947,0.7822794236975947
subb,"Submodel B: R&D, co-invention, and tax",mechanism_submodel,,,env_patent_share_inventions,lag1_3_mean,LKA,Sri Lanka,2021,0.01612175,lasso_alpha_1,0.01612175,0.7853425566975948,-0.7692208066975947,0.7692208066975947
subb,"Submodel B: R&D, co-invention, and tax",mechanism_submodel,,,env_patent_share_inventions,lag1_3_mean,LTU,Lithuania,2021,0.01064036,lasso_alpha_1,0.01064036,1.049993688090214,-1.039353328090214,1.039353328090214
subb,"Submodel B: R&D, co-invention, and tax",mechanism_submodel,,,env_patent_share_inventions,lag1_3_mean,LUX,Luxembourg,2021,0.05029986,lasso_alpha_1,0.05029986,1.2157274535756382,-1.1654275935756382,1.1654275935756382
subb,"Submodel B: R&D, co-invention, and tax",mechanism_submodel,,,env_patent_share_inventions,lag1_3_mean,LVA,Latvia,2021,0.02031341,lasso_alpha_1,0.02031341,0.6619049662581533,-0.6415915562581533,0.6415915562581533
subb,"Submodel B: R&D, co-invention, and tax",mechanism_submodel,,,env_patent_share_inventions,lag1_3_mean,MAC,"Macao SAR, China",2021,0.00386922,lasso_alpha_1,0.00386922,0.18645183203532678,-0.18258261203532677,0.18258261203532677
subb,"Submodel B: R&D, co-invention, and tax",mechanism_submodel,,,env_patent_share_inventions,lag1_3_mean,MAR,Morocco,2021,0.01747598,lasso_alpha_1,0.01747598,0.7853425566975948,-0.7678665766975948,0.7678665766975948
subb,"Submodel B: R&D, co-invention, and tax",mechanism_submodel,,,env_patent_share_inventions,lag1_3_mean,MCO,Monaco,2021,0.00193461,lasso_alpha_1,0.00193461,0.7853425566975948,-0.7834079466975948,0.7834079466975948
subb,"Submodel B: R&D, co-invention, and tax",mechanism_submodel,,,env_patent_share_inventions,lag1_3_mean,MDA,Moldova,2021,0.001128523,lasso_alpha_1,0.001128523,0.11824536040055633,-0.11711683740055633,0.11711683740055633
subb,"Submodel B: R&D, co-invention, and tax",mechanism_submodel,,,env_patent_share_inventions,lag1_3_mean,MEX,Mexico,2021,0.08141485,lasso_alpha_1,0.08141485,0.17218338892007268,-0.09076853892007268,0.09076853892007268
subb,"Submodel B: R&D, co-invention, and tax",mechanism_submodel,,,env_patent_share_inventions,lag1_3_mean,MLT,Malta,2021,0.007416006,lasso_alpha_1,0.007416006,0.5066896820610347,-0.49927367606103473,0.49927367606103473
subb,"Submodel B: R&D, co-invention, and tax",mechanism_submodel,,,env_patent_share_inventions,lag1_3_mean,MNE,Montenegro,2021,0.0009673051,lasso_alpha_1,0.0009673051,0.7853425566975948,-0.7843752515975948,0.7843752515975948
subb,"Submodel B: R&D, co-invention, and tax",mechanism_submodel,,,env_patent_share_inventions,lag1_3_mean,MYS,Malaysia,2021,0.08705746,lasso_alpha_1,0.08705746,0.7853425566975948,-0.6982850966975948,0.6982850966975948
subb,"Submodel B: R&D, co-invention, and tax",mechanism_submodel,,,env_patent_share_inventions,lag1_3_mean,NER,Niger,2021,0.00064487,lasso_alpha_1,0.00064487,0.7853425566975948,-0.7846976866975948,0.7846976866975948
subb,"Submodel B: R&D, co-invention, and tax",mechanism_submodel,,,env_patent_share_inventions,lag1_3_mean,NLD,Netherlands,2021,0.8459405,lasso_alpha_1,0.8459405,2.452022788862079,-1.6060822888620792,1.6060822888620792
subb,"Submodel B: R&D, co-invention, and tax",mechanism_submodel,,,env_patent_share_inventions,lag1_3_mean,NOR,Norway,2021,0.2947056,lasso_alpha_1,0.2947056,2.414430229728346,-2.119724629728346,2.119724629728346
subb,"Submodel B: R&D, co-invention, and tax",mechanism_submodel,,,env_patent_share_inventions,lag1_3_mean,NZL,New Zealand,2021,0.08180176,lasso_alpha_1,0.08180176,0.7853425566975948,-0.7035407966975948,0.7035407966975948
subb,"Submodel B: R&D, co-invention, and tax",mechanism_submodel,,,env_patent_share_inventions,lag1_3_mean,OMN,Oman,2021,0.002418263,lasso_alpha_1,0.002418263,0.13684565597107878,-0.13442739297107878,0.13442739297107878
subb,"Submodel B: R&D, co-invention, and tax",mechanism_submodel,,,env_patent_share_inventions,lag1_3_mean,PAK,Pakistan,2021,0.00838331,lasso_alpha_1,0.00838331,0.7853425566975948,-0.7769592466975948,0.7769592466975948
subb,"Submodel B: R&D, co-invention, and tax",mechanism_submodel,,,env_patent_share_inventions,lag1_3_mean,PAN,Panama,2021,0.001450958,lasso_alpha_1,0.001450958,0.025029714469465558,-0.02357875646946556,0.02357875646946556
subb,"Submodel B: R&D, co-invention, and tax",mechanism_submodel,,,env_patent_share_inventions,lag1_3_mean,PER,Peru,2021,0.009028181,lasso_alpha_1,0.009028181,0.006417296177519516,0.002610884822480484,0.002610884822480484
subb,"Submodel B: R&D, co-invention, and tax",mechanism_submodel,,,env_patent_share_inventions,lag1_3_mean,PHL,Philippines,2021,0.01666989,lasso_alpha_1,0.01666989,0.16872033150014254,-0.15205044150014255,0.15205044150014255
subb,"Submodel B: R&D, co-invention, and tax",mechanism_submodel,,,env_patent_share_inventions,lag1_3_mean,POL,Poland,2021,0.1891726,lasso_alpha_1,0.1891726,1.3877044205940747,-1.1985318205940747,1.1985318205940747
subb,"Submodel B: R&D, co-invention, and tax",mechanism_submodel,,,env_patent_share_inventions,lag1_3_mean,PRK,"Korea, Dem. People's Rep.",2021,0.00193461,lasso_alpha_1,0.00193461,0.7853425566975948,-0.7834079466975948,0.7834079466975948
subb,"Submodel B: R&D, co-invention, and tax",mechanism_submodel,,,env_patent_share_inventions,lag1_3_mean,PRT,Portugal,2021,0.05997292,lasso_alpha_1,0.05997292,1.5821124631528052,-1.522139543152805,1.522139543152805
subb,"Submodel B: R&D, co-invention, and tax",mechanism_submodel,,,env_patent_share_inventions,lag1_3_mean,PRY,Paraguay,2021,0.00064487,lasso_alpha_1,0.00064487,0.00045291723724361077,0.0001919527627563892,0.0001919527627563892
subb,"Submodel B: R&D, co-invention, and tax",mechanism_submodel,,,env_patent_share_inventions,lag1_3_mean,PSE,West Bank and Gaza,2021,0.00193461,lasso_alpha_1,0.00193461,0.7853425566975948,-0.7834079466975948,0.7834079466975948
subb,"Submodel B: R&D, co-invention, and tax",mechanism_submodel,,,env_patent_share_inventions,lag1_3_mean,QAT,Qatar,2021,0.01160766,lasso_alpha_1,0.01160766,0.7853425566975948,-0.7737348966975948,0.7737348966975948
subb,"Submodel B: R&D, co-invention, and tax",mechanism_submodel,,,env_patent_share_inventions,lag1_3_mean,ROU,Romania,2021,0.03520991,lasso_alpha_1,0.03520991,0.4024059914704474,-0.3671960814704474,0.3671960814704474
subb,"Submodel B: R&D, co-invention, and tax",mechanism_submodel,,,env_patent_share_inventions,lag1_3_mean,RUS,Russian Federation,2021,0.2115711,lasso_alpha_1,0.2115711,1.0813915365766265,-0.8698204365766264,0.8698204365766264
subb,"Submodel B: R&D, co-invention, and tax",mechanism_submodel,,,env_patent_share_inventions,lag1_3_mean,SAU,Saudi Arabia,2021,0.1900755,lasso_alpha_1,0.1900755,0.7853425566975948,-0.5952670566975948,0.5952670566975948
subb,"Submodel B: R&D, co-invention, and tax",mechanism_submodel,,,env_patent_share_inventions,lag1_3_mean,SGP,Singapore,2021,0.2456955,lasso_alpha_1,0.2456955,2.1887334431760133,-1.9430379431760132,1.9430379431760132
subb,"Submodel B: R&D, co-invention, and tax",mechanism_submodel,,,env_patent_share_inventions,lag1_3_mean,SRB,Serbia,2021,0.009673051,lasso_alpha_1,0.009673051,0.8704521429036218,-0.8607790919036218,0.8607790919036218
subb,"Submodel B: R&D, co-invention, and tax",mechanism_submodel,,,env_patent_share_inventions,lag1_3_mean,SVK,Slovak Republic,2021,0.03756368,lasso_alpha_1,0.03756368,0.8495848984269377,-0.8120212184269378,0.8120212184269378
subb,"Submodel B: R&D, co-invention, and tax",mechanism_submodel,,,env_patent_share_inventions,lag1_3_mean,SVN,Slovenia,2021,0.03192107,lasso_alpha_1,0.03192107,2.3179818580843685,-2.2860607880843684,2.2860607880843684
subb,"Submodel B: R&D, co-invention, and tax",mechanism_submodel,,,env_patent_share_inventions,lag1_3_mean,SWE,Sweden,2021,0.9232927,lasso_alpha_1,0.9232927,3.9625542872798496,-3.0392615872798494,3.0392615872798494
subb,"Submodel B: R&D, co-invention, and tax",mechanism_submodel,,,env_patent_share_inventions,lag1_3_mean,THA,Thailand,2021,0.03433933,lasso_alpha_1,0.03433933,1.2708252224446526,-1.2364858924446525,1.2364858924446525
subb,"Submodel B: R&D, co-invention, and tax",mechanism_submodel,,,env_patent_share_inventions,lag1_3_mean,TUN,Tunisia,2021,0.003546785,lasso_alpha_1,0.003546785,0.7853425566975948,-0.7817957716975947,0.7817957716975947
subb,"Submodel B: R&D, co-invention, and tax",mechanism_submodel,,,env_patent_share_inventions,lag1_3_mean,TUR,Turkiye,2021,0.2938995,lasso_alpha_1,0.2938995,1.4215146906437295,-1.1276151906437295,1.1276151906437295
subb,"Submodel B: R&D, co-invention, and tax",mechanism_submodel,,,env_patent_share_inventions,lag1_3_mean,TWN,Chinese Taipei,2021,2.039273,lasso_alpha_1,2.039273,0.7853425566975948,1.2539304433024054,1.2539304433024054
subb,"Submodel B: R&D, co-invention, and tax",mechanism_submodel,,,env_patent_share_inventions,lag1_3_mean,UKR,Ukraine,2021,0.03353324,lasso_alpha_1,0.03353324,0.3507308709499519,-0.3171976309499519,0.3171976309499519
subb,"Submodel B: R&D, co-invention, and tax",mechanism_submodel,,,env_patent_share_inventions,lag1_3_mean,URY,Uruguay,2021,0.0009673051,lasso_alpha_1,0.0009673051,0.5288540577300147,-0.5278867526300147,0.5278867526300147
subb,"Submodel B: R&D, co-invention, and tax",mechanism_submodel,,,env_patent_share_inventions,lag1_3_mean,USA,United States,2021,14.33043,lasso_alpha_1,14.33043,3.681351600237248,10.649078399762752,10.649078399762752
subb,"Submodel B: R&D, co-invention, and tax",mechanism_submodel,,,env_patent_share_inventions,lag1_3_mean,VEN,"Venezuela, RB",2021,0.0009673051,lasso_alpha_1,0.0009673051,0.7853425566975948,-0.7843752515975948,0.7843752515975948
subb,"Submodel B: R&D, co-invention, and tax",mechanism_submodel,,,env_patent_share_inventions,lag1_3_mean,VGB,British Virgin Islands,2021,0.00580383,lasso_alpha_1,0.00580383,0.7853425566975948,-0.7795387266975948,0.7795387266975948
subb,"Submodel B: R&D, co-invention, and tax",mechanism_submodel,,,env_patent_share_inventions,lag1_3_mean,VNM,Viet Nam,2021,0.03956278,lasso_alpha_1,0.03956278,0.7853425566975948,-0.7457797766975948,0.7457797766975948
subb,"Submodel B: R&D, co-invention, and tax",mechanism_submodel,,,env_patent_share_inventions,lag1_3_mean,ZAF,South Africa,2021,0.05207326,lasso_alpha_1,0.05207326,0.5906435688247049,-0.5385703088247049,0.5385703088247049
subb,"Submodel B: R&D, co-invention, and tax",mechanism_submodel,,,env_patent_share_inventions,lag1_3_mean,ARE,United Arab Emirates,2022,0.02228068,lasso_alpha_1,0.02228068,1.5571436979278956,-1.5348630179278957,1.5348630179278957
subb,"Submodel B: R&D, co-invention, and tax",mechanism_submodel,,,env_patent_share_inventions,lag1_3_mean,ARG,Argentina,2022,0.01132002,lasso_alpha_1,0.01132002,0.44562753425174384,-0.43430751425174385,0.43430751425174385
subb,"Submodel B: R&D, co-invention, and tax",mechanism_submodel,,,env_patent_share_inventions,lag1_3_mean,ARM,Armenia,2022,0.00431239,lasso_alpha_1,0.00431239,0.06187066487495163,-0.05755827487495163,0.05755827487495163
subb,"Submodel B: R&D, co-invention, and tax",mechanism_submodel,,,env_patent_share_inventions,lag1_3_mean,AUS,Australia,2022,0.4013757,lasso_alpha_1,0.4013757,0.7853425566975948,-0.3839668566975948,0.3839668566975948
subb,"Submodel B: R&D, co-invention, and tax",mechanism_submodel,,,env_patent_share_inventions,lag1_3_mean,AUT,Austria,2022,0.5074065,lasso_alpha_1,0.5074065,3.7043322391487323,-3.1969257391487322,3.1969257391487322
subb,"Submodel B: R&D, co-invention, and tax",mechanism_submodel,,,env_patent_share_inventions,lag1_3_mean,BEL,Belgium,2022,0.4569935,lasso_alpha_1,0.4569935,3.8329866407073463,-3.3759931407073465,3.3759931407073465
subb,"Submodel B: R&D, co-invention, and tax",mechanism_submodel,,,env_patent_share_inventions,lag1_3_mean,BGR,Bulgaria,2022,0.01936982,lasso_alpha_1,0.01936982,0.8123762254716106,-0.7930064054716106,0.7930064054716106
subb,"Submodel B: R&D, co-invention, and tax",mechanism_submodel,,,env_patent_share_inventions,lag1_3_mean,BIH,Bosnia and Herzegovina,2022,0.0005390487,lasso_alpha_1,0.0005390487,0.05795098494807638,-0.057411936248076376,0.057411936248076376
subb,"Submodel B: R&D, co-invention, and tax",mechanism_submodel,,,env_patent_share_inventions,lag1_3_mean,BLR,Belarus,2022,0.002156195,lasso_alpha_1,0.002156195,0.45902718233165996,-0.45687098733165993,0.45687098733165993
subb,"Submodel B: R&D, co-invention, and tax",mechanism_submodel,,,env_patent_share_inventions,lag1_3_mean,BRA,Brazil,2022,0.1441057,lasso_alpha_1,0.1441057,1.238025179180275,-1.093919479180275,1.093919479180275
subb,"Submodel B: R&D, co-invention, and tax",mechanism_submodel,,,env_patent_share_inventions,lag1_3_mean,BRB,Barbados,2022,0.0007187316,lasso_alpha_1,0.0007187316,0.7853425566975948,-0.7846238250975948,0.7846238250975948
subb,"Submodel B: R&D, co-invention, and tax",mechanism_submodel,,,env_patent_share_inventions,lag1_3_mean,CAN,Canada,2022,1.151103,lasso_alpha_1,1.151103,2.0690862236349314,-0.9179832236349315,0.9179832236349315
subb,"Submodel B: R&D, co-invention, and tax",mechanism_submodel,,,env_patent_share_inventions,lag1_3_mean,CHE,Switzerland,2022,0.4045081,lasso_alpha_1,0.4045081,0.7853425566975948,-0.3808344566975948,0.3808344566975948
subb,"Submodel B: R&D, co-invention, and tax",mechanism_submodel,,,env_patent_share_inventions,lag1_3_mean,CHL,Chile,2022,0.03126482,lasso_alpha_1,0.03126482,0.24169103265428016,-0.21042621265428016,0.21042621265428016
subb,"Submodel B: R&D, co-invention, and tax",mechanism_submodel,,,env_patent_share_inventions,lag1_3_mean,CHN,China,2022,36.75972,lasso_alpha_1,36.75972,2.6265940182651075,34.13312598173489,34.13312598173489
subb,"Submodel B: R&D, co-invention, and tax",mechanism_submodel,,,env_patent_share_inventions,lag1_3_mean,COL,Colombia,2022,0.04995184,lasso_alpha_1,0.04995184,0.7853425566975948,-0.7353907166975948,0.7353907166975948
subb,"Submodel B: R&D, co-invention, and tax",mechanism_submodel,,,env_patent_share_inventions,lag1_3_mean,CRI,Costa Rica,2022,0.00431239,lasso_alpha_1,0.00431239,0.7853425566975948,-0.7810301666975947,0.7810301666975947
subb,"Submodel B: R&D, co-invention, and tax",mechanism_submodel,,,env_patent_share_inventions,lag1_3_mean,CYP,Cyprus,2022,0.02443687,lasso_alpha_1,0.02443687,0.753694171968433,-0.729257301968433,0.729257301968433
subb,"Submodel B: R&D, co-invention, and tax",mechanism_submodel,,,env_patent_share_inventions,lag1_3_mean,CZE,Czechia,2022,0.1217172,lasso_alpha_1,0.1217172,2.155282813861917,-2.033565613861917,2.033565613861917
subb,"Submodel B: R&D, co-invention, and tax",mechanism_submodel,,,env_patent_share_inventions,lag1_3_mean,DEU,Germany,2022,5.048269,lasso_alpha_1,5.048269,3.5724289482486697,1.4758400517513306,1.4758400517513306
subb,"Submodel B: R&D, co-invention, and tax",mechanism_submodel,,,env_patent_share_inventions,lag1_3_mean,DNK,Denmark,2022,0.756465,lasso_alpha_1,0.756465,3.3032035099723154,-2.5467385099723154,2.5467385099723154
subb,"Submodel B: R&D, co-invention, and tax",mechanism_submodel,,,env_patent_share_inventions,lag1_3_mean,DZA,Algeria,2022,0.002695243,lasso_alpha_1,0.002695243,0.7853425566975948,-0.7826473136975948,0.7826473136975948
subb,"Submodel B: R&D, co-invention, and tax",mechanism_submodel,,,env_patent_share_inventions,lag1_3_mean,ECU,Ecuador,2022,0.002695243,lasso_alpha_1,0.002695243,0.7853425566975948,-0.7826473136975948,0.7826473136975948
subb,"Submodel B: R&D, co-invention, and tax",mechanism_submodel,,,env_patent_share_inventions,lag1_3_mean,EGY,"Egypt, Arab Rep.",2022,0.01635114,lasso_alpha_1,0.01635114,0.8822758371985054,-0.8659246971985054,0.8659246971985054
subb,"Submodel B: R&D, co-invention, and tax",mechanism_submodel,,,env_patent_share_inventions,lag1_3_mean,ESP,Spain,2022,0.5145639,lasso_alpha_1,0.5145639,1.4524680393446208,-0.9379041393446208,0.9379041393446208
subb,"Submodel B: R&D, co-invention, and tax",mechanism_submodel,,,env_patent_share_inventions,lag1_3_mean,EST,Estonia,2022,0.00431239,lasso_alpha_1,0.00431239,1.870289755920958,-1.865977365920958,1.865977365920958
subb,"Submodel B: R&D, co-invention, and tax",mechanism_submodel,,,env_patent_share_inventions,lag1_3_mean,FIN,Finland,2022,0.3148763,lasso_alpha_1,0.3148763,3.361732009004131,-3.0468557090041313,3.0468557090041313
subb,"Submodel B: R&D, co-invention, and tax",mechanism_submodel,,,env_patent_share_inventions,lag1_3_mean,FRA,France,2022,1.679969,lasso_alpha_1,1.679969,2.5229245455599685,-0.8429555455599684,0.8429555455599684
subb,"Submodel B: R&D, co-invention, and tax",mechanism_submodel,,,env_patent_share_inventions,lag1_3_mean,FRO,Faroe Islands,2022,0.001078097,lasso_alpha_1,0.001078097,0.7853425566975948,-0.7842644596975947,0.7842644596975947
subb,"Submodel B: R&D, co-invention, and tax",mechanism_submodel,,,env_patent_share_inventions,lag1_3_mean,GBR,United Kingdom,2022,1.691451,lasso_alpha_1,1.691451,3.2610568484905533,-1.5696058484905533,1.5696058484905533
subb,"Submodel B: R&D, co-invention, and tax",mechanism_submodel,,,env_patent_share_inventions,lag1_3_mean,GRC,Greece,2022,0.0394943,lasso_alpha_1,0.0394943,1.5130816464612484,-1.4735873464612483,1.4735873464612483
subb,"Submodel B: R&D, co-invention, and tax",mechanism_submodel,,,env_patent_share_inventions,lag1_3_mean,GTM,Guatemala,2022,0.002156195,lasso_alpha_1,0.002156195,-0.1238777136803828,0.1260339086803828,0.1260339086803828
subb,"Submodel B: R&D, co-invention, and tax",mechanism_submodel,,,env_patent_share_inventions,lag1_3_mean,HKG,"Hong Kong SAR, China",2022,0.07726365,lasso_alpha_1,0.07726365,0.9892103628736597,-0.9119467128736597,0.9119467128736597
subb,"Submodel B: R&D, co-invention, and tax",mechanism_submodel,,,env_patent_share_inventions,lag1_3_mean,HRV,Croatia,2022,0.00934351,lasso_alpha_1,0.00934351,1.258443882964296,-1.2491003729642962,1.2491003729642962
subb,"Submodel B: R&D, co-invention, and tax",mechanism_submodel,,,env_patent_share_inventions,lag1_3_mean,HUN,Hungary,2022,0.0398896,lasso_alpha_1,0.0398896,1.712726704674855,-1.6728371046748551,1.6728371046748551
subb,"Submodel B: R&D, co-invention, and tax",mechanism_submodel,,,env_patent_share_inventions,lag1_3_mean,IDN,Indonesia,2022,0.0166027,lasso_alpha_1,0.0166027,0.7853425566975948,-0.7687398566975948,0.7687398566975948
subb,"Submodel B: R&D, co-invention, and tax",mechanism_submodel,,,env_patent_share_inventions,lag1_3_mean,IND,India,2022,1.054487,lasso_alpha_1,1.054487,0.7853425566975948,0.26914444330240517,0.26914444330240517
subb,"Submodel B: R&D, co-invention, and tax",mechanism_submodel,,,env_patent_share_inventions,lag1_3_mean,IRL,Ireland,2022,0.07543088,lasso_alpha_1,0.07543088,1.16983891208121,-1.09440803208121,1.09440803208121
subb,"Submodel B: R&D, co-invention, and tax",mechanism_submodel,,,env_patent_share_inventions,lag1_3_mean,IRN,"Iran, Islamic Rep.",2022,0.03047422,lasso_alpha_1,0.03047422,0.7853425566975948,-0.7548683366975948,0.7548683366975948
subb,"Submodel B: R&D, co-invention, and tax",mechanism_submodel,,,env_patent_share_inventions,lag1_3_mean,IRQ,Iraq,2022,0.0004312389,lasso_alpha_1,0.0004312389,-0.13185850528407217,0.13228974418407216,0.13228974418407216
subb,"Submodel B: R&D, co-invention, and tax",mechanism_submodel,,,env_patent_share_inventions,lag1_3_mean,ISL,Iceland,2022,0.005031121,lasso_alpha_1,0.005031121,2.8965589425482845,-2.8915278215482845,2.8915278215482845
subb,"Submodel B: R&D, co-invention, and tax",mechanism_submodel,,,env_patent_share_inventions,lag1_3_mean,ISR,Israel,2022,0.3257651,lasso_alpha_1,0.3257651,6.669283199422839,-6.343518099422839,6.343518099422839
subb,"Submodel B: R&D, co-invention, and tax",mechanism_submodel,,,env_patent_share_inventions,lag1_3_mean,ITA,Italy,2022,0.9751271,lasso_alpha_1,0.9751271,1.5859432431225762,-0.6108161431225761,0.6108161431225761
subb,"Submodel B: R&D, co-invention, and tax",mechanism_submodel,,,env_patent_share_inventions,lag1_3_mean,JOR,Jordan,2022,0.005031121,lasso_alpha_1,0.005031121,0.7853425566975948,-0.7803114356975948,0.7803114356975948
subb,"Submodel B: R&D, co-invention, and tax",mechanism_submodel,,,env_patent_share_inventions,lag1_3_mean,JPN,Japan,2022,15.63018,lasso_alpha_1,15.63018,3.765087278015299,11.8650927219847,11.8650927219847
subb,"Submodel B: R&D, co-invention, and tax",mechanism_submodel,,,env_patent_share_inventions,lag1_3_mean,KAZ,Kazakhstan,2022,0.001617146,lasso_alpha_1,0.001617146,-0.02648376976538591,0.02810091576538591,0.02810091576538591
subb,"Submodel B: R&D, co-invention, and tax",mechanism_submodel,,,env_patent_share_inventions,lag1_3_mean,KNA,St. Kitts and Nevis,2022,0.001078097,lasso_alpha_1,0.001078097,0.7853425566975948,-0.7842644596975947,0.7842644596975947
subb,"Submodel B: R&D, co-invention, and tax",mechanism_submodel,,,env_patent_share_inventions,lag1_3_mean,KOR,"Korea, Rep.",2022,13.91118,lasso_alpha_1,13.91118,5.270038283671198,8.641141716328802,8.641141716328802
subb,"Submodel B: R&D, co-invention, and tax",mechanism_submodel,,,env_patent_share_inventions,lag1_3_mean,KWT,Kuwait,2022,0.002156195,lasso_alpha_1,0.002156195,0.7853425566975948,-0.7831863616975948,0.7831863616975948
subb,"Submodel B: R&D, co-invention, and tax",mechanism_submodel,,,env_patent_share_inventions,lag1_3_mean,LBN,Lebanon,2022,0.007366999,lasso_alpha_1,0.007366999,0.7853425566975948,-0.7779755576975947,0.7779755576975947
subb,"Submodel B: R&D, co-invention, and tax",mechanism_submodel,,,env_patent_share_inventions,lag1_3_mean,LIE,Liechtenstein,2022,0.005031121,lasso_alpha_1,0.005031121,0.7853425566975948,-0.7803114356975948,0.7803114356975948
subb,"Submodel B: R&D, co-invention, and tax",mechanism_submodel,,,env_patent_share_inventions,lag1_3_mean,LKA,Sri Lanka,2022,0.001796829,lasso_alpha_1,0.001796829,0.7853425566975948,-0.7835457276975948,0.7835457276975948
subb,"Submodel B: R&D, co-invention, and tax",mechanism_submodel,,,env_patent_share_inventions,lag1_3_mean,LTU,Lithuania,2022,0.003234292,lasso_alpha_1,0.003234292,1.11975186806717,-1.1165175760671702,1.1165175760671702
subb,"Submodel B: R&D, co-invention, and tax",mechanism_submodel,,,env_patent_share_inventions,lag1_3_mean,LUX,Luxembourg,2022,0.03378038,lasso_alpha_1,0.03378038,1.1596154170142055,-1.1258350370142054,1.1258350370142054
subb,"Submodel B: R&D, co-invention, and tax",mechanism_submodel,,,env_patent_share_inventions,lag1_3_mean,LVA,Latvia,2022,0.01751908,lasso_alpha_1,0.01751908,0.7061407767318681,-0.6886216967318681,0.6886216967318681
subb,"Submodel B: R&D, co-invention, and tax",mechanism_submodel,,,env_patent_share_inventions,lag1_3_mean,MAC,"Macao SAR, China",2022,0.0007187316,lasso_alpha_1,0.0007187316,0.25597563939809864,-0.2552569077980986,0.2552569077980986
subb,"Submodel B: R&D, co-invention, and tax",mechanism_submodel,,,env_patent_share_inventions,lag1_3_mean,MAR,Morocco,2022,0.02048385,lasso_alpha_1,0.02048385,0.7853425566975948,-0.7648587066975948,0.7648587066975948
subb,"Submodel B: R&D, co-invention, and tax",mechanism_submodel,,,env_patent_share_inventions,lag1_3_mean,MCO,Monaco,2022,0.001078097,lasso_alpha_1,0.001078097,0.7853425566975948,-0.7842644596975947,0.7842644596975947
subb,"Submodel B: R&D, co-invention, and tax",mechanism_submodel,,,env_patent_share_inventions,lag1_3_mean,MEX,Mexico,2022,0.08678684,lasso_alpha_1,0.08678684,0.1620366710887492,-0.07524983108874919,0.07524983108874919
subb,"Submodel B: R&D, co-invention, and tax",mechanism_submodel,,,env_patent_share_inventions,lag1_3_mean,MLT,Malta,2022,0.003234292,lasso_alpha_1,0.003234292,0.5273993311592156,-0.5241650391592155,0.5241650391592155
subb,"Submodel B: R&D, co-invention, and tax",mechanism_submodel,,,env_patent_share_inventions,lag1_3_mean,MYS,Malaysia,2022,0.04416605,lasso_alpha_1,0.04416605,0.7853425566975948,-0.7411765066975948,0.7411765066975948
subb,"Submodel B: R&D, co-invention, and tax",mechanism_submodel,,,env_patent_share_inventions,lag1_3_mean,NER,Niger,2022,0.001078097,lasso_alpha_1,0.001078097,0.7853425566975948,-0.7842644596975947,0.7842644596975947
subb,"Submodel B: R&D, co-invention, and tax",mechanism_submodel,,,env_patent_share_inventions,lag1_3_mean,NLD,Netherlands,2022,0.6497334,lasso_alpha_1,0.6497334,2.4975718941566543,-1.8478384941566541,1.8478384941566541
subb,"Submodel B: R&D, co-invention, and tax",mechanism_submodel,,,env_patent_share_inventions,lag1_3_mean,NOR,Norway,2022,0.2596418,lasso_alpha_1,0.2596418,2.3549561584255114,-2.0953143584255116,2.0953143584255116
subb,"Submodel B: R&D, co-invention, and tax",mechanism_submodel,,,env_patent_share_inventions,lag1_3_mean,NZL,New Zealand,2022,0.07187316,lasso_alpha_1,0.07187316,0.7853425566975948,-0.7134693966975948,0.7134693966975948
subb,"Submodel B: R&D, co-invention, and tax",mechanism_submodel,,,env_patent_share_inventions,lag1_3_mean,OMN,Oman,2022,0.00431239,lasso_alpha_1,0.00431239,0.1782043405603243,-0.1738919505603243,0.1738919505603243
subb,"Submodel B: R&D, co-invention, and tax",mechanism_submodel,,,env_patent_share_inventions,lag1_3_mean,PAK,Pakistan,2022,0.009882559,lasso_alpha_1,0.009882559,0.7853425566975948,-0.7754599976975948,0.7754599976975948
subb,"Submodel B: R&D, co-invention, and tax",mechanism_submodel,,,env_patent_share_inventions,lag1_3_mean,PAN,Panama,2022,0.0009702877,lasso_alpha_1,0.0009702877,0.04255108783331174,-0.04158080013331174,0.04158080013331174
subb,"Submodel B: R&D, co-invention, and tax",mechanism_submodel,,,env_patent_share_inventions,lag1_3_mean,PER,Peru,2022,0.002156195,lasso_alpha_1,0.002156195,0.010745107725646852,-0.008588912725646852,0.008588912725646852
subb,"Submodel B: R&D, co-invention, and tax",mechanism_submodel,,,env_patent_share_inventions,lag1_3_mean,PHL,Philippines,2022,0.01516524,lasso_alpha_1,0.01516524,0.7853425566975948,-0.7701773166975948,0.7701773166975948
subb,"Submodel B: R&D, co-invention, and tax",mechanism_submodel,,,env_patent_share_inventions,lag1_3_mean,POL,Poland,2022,0.1628286,lasso_alpha_1,0.1628286,1.4771377774410883,-1.3143091774410882,1.3143091774410882
subb,"Submodel B: R&D, co-invention, and tax",mechanism_submodel,,,env_patent_share_inventions,lag1_3_mean,PRK,"Korea, Dem. People's Rep.",2022,0.002156195,lasso_alpha_1,0.002156195,0.7853425566975948,-0.7831863616975948,0.7831863616975948
subb,"Submodel B: R&D, co-invention, and tax",mechanism_submodel,,,env_patent_share_inventions,lag1_3_mean,PRT,Portugal,2022,0.06576394,lasso_alpha_1,0.06576394,1.7099384787474903,-1.6441745387474902,1.6441745387474902
subb,"Submodel B: R&D, co-invention, and tax",mechanism_submodel,,,env_patent_share_inventions,lag1_3_mean,QAT,Qatar,2022,0.00431239,lasso_alpha_1,0.00431239,0.7853425566975948,-0.7810301666975947,0.7810301666975947
subb,"Submodel B: R&D, co-invention, and tax",mechanism_submodel,,,env_patent_share_inventions,lag1_3_mean,ROU,Romania,2022,0.02371814,lasso_alpha_1,0.02371814,0.39194004197497645,-0.36822190197497645,0.36822190197497645
subb,"Submodel B: R&D, co-invention, and tax",mechanism_submodel,,,env_patent_share_inventions,lag1_3_mean,RUS,Russian Federation,2022,0.1397933,lasso_alpha_1,0.1397933,1.0716974003451074,-0.9319041003451074,0.9319041003451074
subb,"Submodel B: R&D, co-invention, and tax",mechanism_submodel,,,env_patent_share_inventions,lag1_3_mean,SAU,Saudi Arabia,2022,0.132606,lasso_alpha_1,0.132606,0.7853425566975948,-0.6527365566975948,0.6527365566975948
subb,"Submodel B: R&D, co-invention, and tax",mechanism_submodel,,,env_patent_share_inventions,lag1_3_mean,SGP,Singapore,2022,0.1973278,lasso_alpha_1,0.1973278,2.240962167974841,-2.0436343679748408,2.0436343679748408
subb,"Submodel B: R&D, co-invention, and tax",mechanism_submodel,,,env_patent_share_inventions,lag1_3_mean,SRB,Serbia,2022,0.00934351,lasso_alpha_1,0.00934351,0.8972433572491713,-0.8878998472491713,0.8878998472491713
subb,"Submodel B: R&D, co-invention, and tax",mechanism_submodel,,,env_patent_share_inventions,lag1_3_mean,SVK,Slovak Republic,2022,0.02120258,lasso_alpha_1,0.02120258,0.8775035258648562,-0.8563009458648563,0.8563009458648563
subb,"Submodel B: R&D, co-invention, and tax",mechanism_submodel,,,env_patent_share_inventions,lag1_3_mean,SVN,Slovenia,2022,0.02677275,lasso_alpha_1,0.02677275,2.3886249967252273,-2.361852246725227,2.361852246725227
subb,"Submodel B: R&D, co-invention, and tax",mechanism_submodel,,,env_patent_share_inventions,lag1_3_mean,SWE,Sweden,2022,0.8673653,lasso_alpha_1,0.8673653,3.9906911237033866,-3.1233258237033867,3.1233258237033867
subb,"Submodel B: R&D, co-invention, and tax",mechanism_submodel,,,env_patent_share_inventions,lag1_3_mean,THA,Thailand,2022,0.01689019,lasso_alpha_1,0.01689019,1.3089996722067045,-1.2921094822067045,1.2921094822067045
subb,"Submodel B: R&D, co-invention, and tax",mechanism_submodel,,,env_patent_share_inventions,lag1_3_mean,TKM,Turkmenistan,2022,0.00431239,lasso_alpha_1,0.00431239,-0.040489553916468024,0.04480194391646802,0.04480194391646802
subb,"Submodel B: R&D, co-invention, and tax",mechanism_submodel,,,env_patent_share_inventions,lag1_3_mean,TUN,Tunisia,2022,0.001078097,lasso_alpha_1,0.001078097,0.7853425566975948,-0.7842644596975947,0.7842644596975947
subb,"Submodel B: R&D, co-invention, and tax",mechanism_submodel,,,env_patent_share_inventions,lag1_3_mean,TUR,Turkiye,2022,0.2866661,lasso_alpha_1,0.2866661,1.4745152287065089,-1.187849128706509,1.187849128706509
subb,"Submodel B: R&D, co-invention, and tax",mechanism_submodel,,,env_patent_share_inventions,lag1_3_mean,TWN,Chinese Taipei,2022,1.93195,lasso_alpha_1,1.93195,0.7853425566975948,1.1466074433024054,1.1466074433024054
subb,"Submodel B: R&D, co-invention, and tax",mechanism_submodel,,,env_patent_share_inventions,lag1_3_mean,UKR,Ukraine,2022,0.01958544,lasso_alpha_1,0.01958544,0.31583763778648,-0.29625219778648,0.29625219778648
subb,"Submodel B: R&D, co-invention, and tax",mechanism_submodel,,,env_patent_share_inventions,lag1_3_mean,URY,Uruguay,2022,0.005390487,lasso_alpha_1,0.005390487,0.5732353408608094,-0.5678448538608094,0.5678448538608094
subb,"Submodel B: R&D, co-invention, and tax",mechanism_submodel,,,env_patent_share_inventions,lag1_3_mean,USA,United States,2022,12.35069,lasso_alpha_1,12.35069,3.8750484431391437,8.475641556860857,8.475641556860857
subb,"Submodel B: R&D, co-invention, and tax",mechanism_submodel,,,env_patent_share_inventions,lag1_3_mean,UZB,Uzbekistan,2022,0.001078097,lasso_alpha_1,0.001078097,-0.038368077667386036,0.039446174667386036,0.039446174667386036
subb,"Submodel B: R&D, co-invention, and tax",mechanism_submodel,,,env_patent_share_inventions,lag1_3_mean,VEN,"Venezuela, RB",2022,0.003593658,lasso_alpha_1,0.003593658,0.7853425566975948,-0.7817488986975948,0.7817488986975948
subb,"Submodel B: R&D, co-invention, and tax",mechanism_submodel,,,env_patent_share_inventions,lag1_3_mean,VGB,British Virgin Islands,2022,0.002156195,lasso_alpha_1,0.002156195,0.7853425566975948,-0.7831863616975948,0.7831863616975948
subb,"Submodel B: R&D, co-invention, and tax",mechanism_submodel,,,env_patent_share_inventions,lag1_3_mean,VNM,Viet Nam,2022,0.02414938,lasso_alpha_1,0.02414938,0.7853425566975948,-0.7611931766975948,0.7611931766975948
subb,"Submodel B: R&D, co-invention, and tax",mechanism_submodel,,,env_patent_share_inventions,lag1_3_mean,ZAF,South Africa,2022,0.04779565,lasso_alpha_1,0.04779565,0.561565201037288,-0.513769551037288,0.513769551037288
subb,"Submodel B: R&D, co-invention, and tax",mechanism_submodel,,,env_patent_share_inventions,lag1_3_mean,ARE,United Arab Emirates,2023,0.03206092,lasso_alpha_1,0.03206092,0.7853425566975948,-0.7532816366975947,0.7532816366975947
subb,"Submodel B: R&D, co-invention, and tax",mechanism_submodel,,,env_patent_share_inventions,lag1_3_mean,ARG,Argentina,2023,0.01329449,lasso_alpha_1,0.01329449,0.4744715294249765,-0.4611770394249765,0.4611770394249765
subb,"Submodel B: R&D, co-invention, and tax",mechanism_submodel,,,env_patent_share_inventions,lag1_3_mean,ARM,Armenia,2023,0.005780213,lasso_alpha_1,0.005780213,0.0744015179195292,-0.0686213049195292,0.0686213049195292
subb,"Submodel B: R&D, co-invention, and tax",mechanism_submodel,,,env_patent_share_inventions,lag1_3_mean,AUS,Australia,2023,0.4618776,lasso_alpha_1,0.4618776,0.7853425566975948,-0.3234649566975948,0.3234649566975948
subb,"Submodel B: R&D, co-invention, and tax",mechanism_submodel,,,env_patent_share_inventions,lag1_3_mean,AUT,Austria,2023,0.4801606,lasso_alpha_1,0.4801606,3.717950096214269,-3.237789496214269,3.237789496214269
subb,"Submodel B: R&D, co-invention, and tax",mechanism_submodel,,,env_patent_share_inventions,lag1_3_mean,AZE,Azerbaijan,2023,0.006936256,lasso_alpha_1,0.006936256,0.057930780412370986,-0.050994524412370984,0.050994524412370984
subb,"Submodel B: R&D, co-invention, and tax",mechanism_submodel,,,env_patent_share_inventions,lag1_3_mean,BEL,Belgium,2023,0.4136321,lasso_alpha_1,0.4136321,3.8509201865995855,-3.4372880865995854,3.4372880865995854
subb,"Submodel B: R&D, co-invention, and tax",mechanism_submodel,,,env_patent_share_inventions,lag1_3_mean,BFA,Burkina Faso,2023,0.001156043,lasso_alpha_1,0.001156043,0.7853425566975948,-0.7841865136975947,0.7841865136975947
subb,"Submodel B: R&D, co-invention, and tax",mechanism_submodel,,,env_patent_share_inventions,lag1_3_mean,BGR,Bulgaria,2023,0.01202284,lasso_alpha_1,0.01202284,0.7784245236720169,-0.7664016836720169,0.7664016836720169
subb,"Submodel B: R&D, co-invention, and tax",mechanism_submodel,,,env_patent_share_inventions,lag1_3_mean,BHS,"Bahamas, The",2023,0.002312085,lasso_alpha_1,0.002312085,0.7853425566975948,-0.7830304716975948,0.7830304716975948
subb,"Submodel B: R&D, co-invention, and tax",mechanism_submodel,,,env_patent_share_inventions,lag1_3_mean,BRA,Brazil,2023,0.1532527,lasso_alpha_1,0.1532527,1.253210908216561,-1.099958208216561,1.099958208216561
subb,"Submodel B: R&D, co-invention, and tax",mechanism_submodel,,,env_patent_share_inventions,lag1_3_mean,CAN,Canada,2023,0.8605196,lasso_alpha_1,0.8605196,2.0921719261320844,-1.2316523261320844,1.2316523261320844
subb,"Submodel B: R&D, co-invention, and tax",mechanism_submodel,,,env_patent_share_inventions,lag1_3_mean,CHE,Switzerland,2023,0.4411294,lasso_alpha_1,0.4411294,0.7853425566975948,-0.3442131566975948,0.3442131566975948
subb,"Submodel B: R&D, co-invention, and tax",mechanism_submodel,,,env_patent_share_inventions,lag1_3_mean,CHL,Chile,2023,0.05549005,lasso_alpha_1,0.05549005,0.2617420138884605,-0.2062519638884605,0.2062519638884605
subb,"Submodel B: R&D, co-invention, and tax",mechanism_submodel,,,env_patent_share_inventions,lag1_3_mean,CHN,China,2023,38.42308,lasso_alpha_1,38.42308,2.7450168429424333,35.678063157057565,35.678063157057565
subb,"Submodel B: R&D, co-invention, and tax",mechanism_submodel,,,env_patent_share_inventions,lag1_3_mean,COL,Colombia,2023,0.02127118,lasso_alpha_1,0.02127118,0.7853425566975948,-0.7640713766975948,0.7640713766975948
subb,"Submodel B: R&D, co-invention, and tax",mechanism_submodel,,,env_patent_share_inventions,lag1_3_mean,CUB,Cuba,2023,0.002312085,lasso_alpha_1,0.002312085,0.3076426781043118,-0.30533059310431176,0.30533059310431176
subb,"Submodel B: R&D, co-invention, and tax",mechanism_submodel,,,env_patent_share_inventions,lag1_3_mean,CYP,Cyprus,2023,0.03872743,lasso_alpha_1,0.03872743,0.7544983124895135,-0.7157708824895135,0.7157708824895135
subb,"Submodel B: R&D, co-invention, and tax",mechanism_submodel,,,env_patent_share_inventions,lag1_3_mean,CZE,Czechia,2023,0.118687,lasso_alpha_1,0.118687,2.1534320783912895,-2.0347450783912895,2.0347450783912895
subb,"Submodel B: R&D, co-invention, and tax",mechanism_submodel,,,env_patent_share_inventions,lag1_3_mean,DEU,Germany,2023,5.323825,lasso_alpha_1,5.323825,3.5556187745416574,1.7682062254583428,1.7682062254583428
subb,"Submodel B: R&D, co-invention, and tax",mechanism_submodel,,,env_patent_share_inventions,lag1_3_mean,DNK,Denmark,2023,0.7307345,lasso_alpha_1,0.7307345,3.2874601357505564,-2.5567256357505563,2.5567256357505563
subb,"Submodel B: R&D, co-invention, and tax",mechanism_submodel,,,env_patent_share_inventions,lag1_3_mean,DZA,Algeria,2023,0.002890107,lasso_alpha_1,0.002890107,0.7853425566975948,-0.7824524496975948,0.7824524496975948
subb,"Submodel B: R&D, co-invention, and tax",mechanism_submodel,,,env_patent_share_inventions,lag1_3_mean,EGY,"Egypt, Arab Rep.",2023,0.009441015,lasso_alpha_1,0.009441015,0.9725941527094215,-0.9631531377094215,0.9631531377094215
subb,"Submodel B: R&D, co-invention, and tax",mechanism_submodel,,,env_patent_share_inventions,lag1_3_mean,ESP,Spain,2023,0.4860224,lasso_alpha_1,0.4860224,1.5190500663086655,-1.0330276663086655,1.0330276663086655
subb,"Submodel B: R&D, co-invention, and tax",mechanism_submodel,,,env_patent_share_inventions,lag1_3_mean,EST,Estonia,2023,0.01271647,lasso_alpha_1,0.01271647,1.9389892182269435,-1.9262727482269435,1.9262727482269435
subb,"Submodel B: R&D, co-invention, and tax",mechanism_submodel,,,env_patent_share_inventions,lag1_3_mean,FIN,Finland,2023,0.378583,lasso_alpha_1,0.378583,3.4290777674178456,-3.0504947674178458,3.0504947674178458
subb,"Submodel B: R&D, co-invention, and tax",mechanism_submodel,,,env_patent_share_inventions,lag1_3_mean,FRA,France,2023,2.193091,lasso_alpha_1,2.193091,2.532093363863144,-0.3390023638631443,0.3390023638631443
subb,"Submodel B: R&D, co-invention, and tax",mechanism_submodel,,,env_patent_share_inventions,lag1_3_mean,GBR,United Kingdom,2023,1.668825,lasso_alpha_1,1.668825,3.2940064053191525,-1.6251814053191525,1.6251814053191525
subb,"Submodel B: R&D, co-invention, and tax",mechanism_submodel,,,env_patent_share_inventions,lag1_3_mean,GEO,Georgia,2023,0.002312085,lasso_alpha_1,0.002312085,0.13775486007782822,-0.13544277507782823,0.13544277507782823
subb,"Submodel B: R&D, co-invention, and tax",mechanism_submodel,,,env_patent_share_inventions,lag1_3_mean,GRC,Greece,2023,0.0370319,lasso_alpha_1,0.0370319,1.5998722500379765,-1.5628403500379766,1.5628403500379766
subb,"Submodel B: R&D, co-invention, and tax",mechanism_submodel,,,env_patent_share_inventions,lag1_3_mean,GTM,Guatemala,2023,0.002312085,lasso_alpha_1,0.002312085,-0.1323353323267229,0.1346474173267229,0.1346474173267229
subb,"Submodel B: R&D, co-invention, and tax",mechanism_submodel,,,env_patent_share_inventions,lag1_3_mean,HKG,"Hong Kong SAR, China",2023,0.08130834,lasso_alpha_1,0.08130834,1.0487571705050345,-0.9674488305050345,0.9674488305050345
subb,"Submodel B: R&D, co-invention, and tax",mechanism_submodel,,,env_patent_share_inventions,lag1_3_mean,HRV,Croatia,2023,0.02196481,lasso_alpha_1,0.02196481,1.3965338026973968,-1.3745689926973967,1.3745689926973967
subb,"Submodel B: R&D, co-invention, and tax",mechanism_submodel,,,env_patent_share_inventions,lag1_3_mean,HUN,Hungary,2023,0.04990251,lasso_alpha_1,0.04990251,1.6827552964092534,-1.6328527864092535,1.6328527864092535
subb,"Submodel B: R&D, co-invention, and tax",mechanism_submodel,,,env_patent_share_inventions,lag1_3_mean,IDN,Indonesia,2023,0.02235016,lasso_alpha_1,0.02235016,0.7853425566975948,-0.7629923966975948,0.7629923966975948
subb,"Submodel B: R&D, co-invention, and tax",mechanism_submodel,,,env_patent_share_inventions,lag1_3_mean,IND,India,2023,0.9509992,lasso_alpha_1,0.9509992,0.7853425566975948,0.16565664330240526,0.16565664330240526
subb,"Submodel B: R&D, co-invention, and tax",mechanism_submodel,,,env_patent_share_inventions,lag1_3_mean,IRL,Ireland,2023,0.113639,lasso_alpha_1,0.113639,1.3293820078264553,-1.2157430078264553,1.2157430078264553
subb,"Submodel B: R&D, co-invention, and tax",mechanism_submodel,,,env_patent_share_inventions,lag1_3_mean,IRN,"Iran, Islamic Rep.",2023,0.02181067,lasso_alpha_1,0.02181067,0.7853425566975948,-0.7635318866975948,0.7635318866975948
subb,"Submodel B: R&D, co-invention, and tax",mechanism_submodel,,,env_patent_share_inventions,lag1_3_mean,IRQ,Iraq,2023,0.0009248341,lasso_alpha_1,0.0009248341,0.7853425566975948,-0.7844177225975948,0.7844177225975948
subb,"Submodel B: R&D, co-invention, and tax",mechanism_submodel,,,env_patent_share_inventions,lag1_3_mean,ISL,Iceland,2023,0.007706951,lasso_alpha_1,0.007706951,3.0019094326241245,-2.9942024816241246,2.9942024816241246
subb,"Submodel B: R&D, co-invention, and tax",mechanism_submodel,,,env_patent_share_inventions,lag1_3_mean,ISR,Israel,2023,0.2640401,lasso_alpha_1,0.2640401,7.001861979857493,-6.737821879857493,6.737821879857493
subb,"Submodel B: R&D, co-invention, and tax",mechanism_submodel,,,env_patent_share_inventions,lag1_3_mean,ITA,Italy,2023,0.9510773,lasso_alpha_1,0.9510773,1.5495952833883047,-0.5985179833883046,0.5985179833883046
subb,"Submodel B: R&D, co-invention, and tax",mechanism_submodel,,,env_patent_share_inventions,lag1_3_mean,JOR,Jordan,2023,0.003986596,lasso_alpha_1,0.003986596,0.7853425566975948,-0.7813559606975948,0.7813559606975948
subb,"Submodel B: R&D, co-invention, and tax",mechanism_submodel,,,env_patent_share_inventions,lag1_3_mean,JPN,Japan,2023,12.35528,lasso_alpha_1,12.35528,3.8387489742905667,8.516531025709433,8.516531025709433
subb,"Submodel B: R&D, co-invention, and tax",mechanism_submodel,,,env_patent_share_inventions,lag1_3_mean,KAZ,Kazakhstan,2023,0.001156043,lasso_alpha_1,0.001156043,-0.026992924065165402,0.0281489670651654,0.0281489670651654
subb,"Submodel B: R&D, co-invention, and tax",mechanism_submodel,,,env_patent_share_inventions,lag1_3_mean,KOR,"Korea, Rep.",2023,17.64583,lasso_alpha_1,17.64583,5.46551312571518,12.18031687428482,12.18031687428482
subb,"Submodel B: R&D, co-invention, and tax",mechanism_submodel,,,env_patent_share_inventions,lag1_3_mean,KWT,Kuwait,2023,0.0007706951,lasso_alpha_1,0.0007706951,0.7853425566975948,-0.7845718615975947,0.7845718615975947
subb,"Submodel B: R&D, co-invention, and tax",mechanism_submodel,,,env_patent_share_inventions,lag1_3_mean,LBN,Lebanon,2023,0.01123113,lasso_alpha_1,0.01123113,0.7853425566975948,-0.7741114266975948,0.7741114266975948
subb,"Submodel B: R&D, co-invention, and tax",mechanism_submodel,,,env_patent_share_inventions,lag1_3_mean,LIE,Liechtenstein,2023,0.002312085,lasso_alpha_1,0.002312085,0.7853425566975948,-0.7830304716975948,0.7830304716975948
subb,"Submodel B: R&D, co-invention, and tax",mechanism_submodel,,,env_patent_share_inventions,lag1_3_mean,LKA,Sri Lanka,2023,0.007321603,lasso_alpha_1,0.007321603,0.7853425566975948,-0.7780209536975948,0.7780209536975948
subb,"Submodel B: R&D, co-invention, and tax",mechanism_submodel,,,env_patent_share_inventions,lag1_3_mean,LTU,Lithuania,2023,0.006936256,lasso_alpha_1,0.006936256,1.146373364312793,-1.139437108312793,1.139437108312793
subb,"Submodel B: R&D, co-invention, and tax",mechanism_submodel,,,env_patent_share_inventions,lag1_3_mean,LUX,Luxembourg,2023,0.02601096,lasso_alpha_1,0.02601096,1.1124216625131995,-1.0864107025131995,1.0864107025131995
subb,"Submodel B: R&D, co-invention, and tax",mechanism_submodel,,,env_patent_share_inventions,lag1_3_mean,LVA,Latvia,2023,0.004624171,lasso_alpha_1,0.004624171,0.7675625652767173,-0.7629383942767173,0.7629383942767173
subb,"Submodel B: R&D, co-invention, and tax",mechanism_submodel,,,env_patent_share_inventions,lag1_3_mean,MAR,Morocco,2023,0.02011614,lasso_alpha_1,0.02011614,0.7853425566975948,-0.7652264166975948,0.7652264166975948
subb,"Submodel B: R&D, co-invention, and tax",mechanism_submodel,,,env_patent_share_inventions,lag1_3_mean,MCO,Monaco,2023,0.003468128,lasso_alpha_1,0.003468128,0.7853425566975948,-0.7818744286975948,0.7818744286975948
subb,"Submodel B: R&D, co-invention, and tax",mechanism_submodel,,,env_patent_share_inventions,lag1_3_mean,MEX,Mexico,2023,0.0551047,lasso_alpha_1,0.0551047,0.1543508657063608,-0.0992461657063608,0.0992461657063608
subb,"Submodel B: R&D, co-invention, and tax",mechanism_submodel,,,env_patent_share_inventions,lag1_3_mean,MLT,Malta,2023,0.003468128,lasso_alpha_1,0.003468128,0.5379016488189566,-0.5344335208189567,0.5344335208189567
subb,"Submodel B: R&D, co-invention, and tax",mechanism_submodel,,,env_patent_share_inventions,lag1_3_mean,MNE,Montenegro,2023,0.003468128,lasso_alpha_1,0.003468128,0.7853425566975948,-0.7818744286975948,0.7818744286975948
subb,"Submodel B: R&D, co-invention, and tax",mechanism_submodel,,,env_patent_share_inventions,lag1_3_mean,MYS,Malaysia,2023,0.05518177,lasso_alpha_1,0.05518177,0.7853425566975948,-0.7301607866975948,0.7301607866975948
subb,"Submodel B: R&D, co-invention, and tax",mechanism_submodel,,,env_patent_share_inventions,lag1_3_mean,NAM,Namibia,2023,0.001156043,lasso_alpha_1,0.001156043,0.7853425566975948,-0.7841865136975947,0.7841865136975947
subb,"Submodel B: R&D, co-invention, and tax",mechanism_submodel,,,env_patent_share_inventions,lag1_3_mean,NLD,Netherlands,2023,0.5949941,lasso_alpha_1,0.5949941,2.5116867828005462,-1.9166926828005462,1.9166926828005462
subb,"Submodel B: R&D, co-invention, and tax",mechanism_submodel,,,env_patent_share_inventions,lag1_3_mean,NOR,Norway,2023,0.2159873,lasso_alpha_1,0.2159873,2.118490354342124,-1.902503054342124,1.902503054342124
subb,"Submodel B: R&D, co-invention, and tax",mechanism_submodel,,,env_patent_share_inventions,lag1_3_mean,NZL,New Zealand,2023,0.06288872,lasso_alpha_1,0.06288872,0.7853425566975948,-0.7224538366975948,0.7224538366975948
subb,"Submodel B: R&D, co-invention, and tax",mechanism_submodel,,,env_patent_share_inventions,lag1_3_mean,PAK,Pakistan,2023,0.002830553,lasso_alpha_1,0.002830553,0.7853425566975948,-0.7825120036975948,0.7825120036975948
subb,"Submodel B: R&D, co-invention, and tax",mechanism_submodel,,,env_patent_share_inventions,lag1_3_mean,PAN,Panama,2023,0.005086588,lasso_alpha_1,0.005086588,0.061498901417969654,-0.05641231341796965,0.05641231341796965
subb,"Submodel B: R&D, co-invention, and tax",mechanism_submodel,,,env_patent_share_inventions,lag1_3_mean,PER,Peru,2023,0.008477646,lasso_alpha_1,0.008477646,0.012805970367612218,-0.004328324367612218,0.004328324367612218
subb,"Submodel B: R&D, co-invention, and tax",mechanism_submodel,,,env_patent_share_inventions,lag1_3_mean,PHL,Philippines,2023,0.002312085,lasso_alpha_1,0.002312085,0.7853425566975948,-0.7830304716975948,0.7830304716975948
subb,"Submodel B: R&D, co-invention, and tax",mechanism_submodel,,,env_patent_share_inventions,lag1_3_mean,POL,Poland,2023,0.1666243,lasso_alpha_1,0.1666243,1.530809106089291,-1.364184806089291,1.364184806089291
subb,"Submodel B: R&D, co-invention, and tax",mechanism_submodel,,,env_patent_share_inventions,lag1_3_mean,PRK,"Korea, Dem. People's Rep.",2023,0.003468128,lasso_alpha_1,0.003468128,0.7853425566975948,-0.7818744286975948,0.7818744286975948
subb,"Submodel B: R&D, co-invention, and tax",mechanism_submodel,,,env_patent_share_inventions,lag1_3_mean,PRT,Portugal,2023,0.08377456,lasso_alpha_1,0.08377456,1.8294038574672218,-1.7456292974672218,1.7456292974672218
subb,"Submodel B: R&D, co-invention, and tax",mechanism_submodel,,,env_patent_share_inventions,lag1_3_mean,QAT,Qatar,2023,0.002312085,lasso_alpha_1,0.002312085,0.7853425566975948,-0.7830304716975948,0.7830304716975948
subb,"Submodel B: R&D, co-invention, and tax",mechanism_submodel,,,env_patent_share_inventions,lag1_3_mean,ROU,Romania,2023,0.03121315,lasso_alpha_1,0.03121315,0.38702225798424716,-0.35580910798424714,0.35580910798424714
subb,"Submodel B: R&D, co-invention, and tax",mechanism_submodel,,,env_patent_share_inventions,lag1_3_mean,RUS,Russian Federation,2023,0.1051999,lasso_alpha_1,0.1051999,1.0230570010875846,-0.9178571010875846,0.9178571010875846
subb,"Submodel B: R&D, co-invention, and tax",mechanism_submodel,,,env_patent_share_inventions,lag1_3_mean,SAU,Saudi Arabia,2023,0.1056623,lasso_alpha_1,0.1056623,0.3411175528612548,-0.2354552528612548,0.2354552528612548
subb,"Submodel B: R&D, co-invention, and tax",mechanism_submodel,,,env_patent_share_inventions,lag1_3_mean,SGP,Singapore,2023,0.2277789,lasso_alpha_1,0.2277789,2.208537929074586,-1.9807590290745858,1.9807590290745858
subb,"Submodel B: R&D, co-invention, and tax",mechanism_submodel,,,env_patent_share_inventions,lag1_3_mean,SLV,El Salvador,2023,0.002312085,lasso_alpha_1,0.002312085,0.011573493689574166,-0.009261408689574166,0.009261408689574166
subb,"Submodel B: R&D, co-invention, and tax",mechanism_submodel,,,env_patent_share_inventions,lag1_3_mean,SRB,Serbia,2023,0.02003807,lasso_alpha_1,0.02003807,0.9260954342366863,-0.9060573642366863,0.9060573642366863
subb,"Submodel B: R&D, co-invention, and tax",mechanism_submodel,,,env_patent_share_inventions,lag1_3_mean,SVK,Slovak Republic,2023,0.01965272,lasso_alpha_1,0.01965272,0.9403315500948113,-0.9206788300948113,0.9206788300948113
subb,"Submodel B: R&D, co-invention, and tax",mechanism_submodel,,,env_patent_share_inventions,lag1_3_mean,SVN,Slovenia,2023,0.02807532,lasso_alpha_1,0.02807532,2.4058998747534663,-2.377824554753466,2.377824554753466
subb,"Submodel B: R&D, co-invention, and tax",mechanism_submodel,,,env_patent_share_inventions,lag1_3_mean,SWE,Sweden,2023,0.812775,lasso_alpha_1,0.812775,4.020561509290461,-3.207786509290461,3.207786509290461
subb,"Submodel B: R&D, co-invention, and tax",mechanism_submodel,,,env_patent_share_inventions,lag1_3_mean,THA,Thailand,2023,0.0242769,lasso_alpha_1,0.0242769,1.3154045100253613,-1.2911276100253612,1.2911276100253612
subb,"Submodel B: R&D, co-invention, and tax",mechanism_submodel,,,env_patent_share_inventions,lag1_3_mean,TUN,Tunisia,2023,0.002697433,lasso_alpha_1,0.002697433,0.7853425566975948,-0.7826451236975948,0.7826451236975948
subb,"Submodel B: R&D, co-invention, and tax",mechanism_submodel,,,env_patent_share_inventions,lag1_3_mean,TUR,Turkiye,2023,0.2342913,lasso_alpha_1,0.2342913,1.4760588552344123,-1.2417675552344123,1.2417675552344123
subb,"Submodel B: R&D, co-invention, and tax",mechanism_submodel,,,env_patent_share_inventions,lag1_3_mean,TWN,Chinese Taipei,2023,1.398927,lasso_alpha_1,1.398927,0.7853425566975948,0.6135844433024052,0.6135844433024052
subb,"Submodel B: R&D, co-invention, and tax",mechanism_submodel,,,env_patent_share_inventions,lag1_3_mean,UKR,Ukraine,2023,0.04046149,lasso_alpha_1,0.04046149,0.2725554813980666,-0.23209399139806663,0.23209399139806663
subb,"Submodel B: R&D, co-invention, and tax",mechanism_submodel,,,env_patent_share_inventions,lag1_3_mean,USA,United States,2023,10.59949,lasso_alpha_1,10.59949,4.0142132441717795,6.58527675582822,6.58527675582822
subb,"Submodel B: R&D, co-invention, and tax",mechanism_submodel,,,env_patent_share_inventions,lag1_3_mean,UZB,Uzbekistan,2023,0.00154139,lasso_alpha_1,0.00154139,-0.021521535796104496,0.023062925796104496,0.023062925796104496
subb,"Submodel B: R&D, co-invention, and tax",mechanism_submodel,,,env_patent_share_inventions,lag1_3_mean,VEN,"Venezuela, RB",2023,0.001156043,lasso_alpha_1,0.001156043,0.7853425566975948,-0.7841865136975947,0.7841865136975947
subb,"Submodel B: R&D, co-invention, and tax",mechanism_submodel,,,env_patent_share_inventions,lag1_3_mean,VNM,Viet Nam,2023,0.006550908,lasso_alpha_1,0.006550908,0.7853425566975948,-0.7787916486975948,0.7787916486975948
subb,"Submodel B: R&D, co-invention, and tax",mechanism_submodel,,,env_patent_share_inventions,lag1_3_mean,ZAF,South Africa,2023,0.06049956,lasso_alpha_1,0.06049956,0.5622723597869819,-0.5017727997869819,0.5017727997869819
subc,Submodel C: OECD EPS,mechanism_submodel,,,env_patent_share_inventions,lag1_3_mean,AUS,Australia,2018,0.5392765,lasso_alpha_1,0.5392765,2.5369146152697444,-1.9976381152697442,1.9976381152697442
subc,Submodel C: OECD EPS,mechanism_submodel,,,env_patent_share_inventions,lag1_3_mean,AUT,Austria,2018,0.8008407,lasso_alpha_1,0.8008407,2.5551896871601114,-1.7543489871601115,1.7543489871601115
subc,Submodel C: OECD EPS,mechanism_submodel,,,env_patent_share_inventions,lag1_3_mean,BEL,Belgium,2018,0.5747162,lasso_alpha_1,0.5747162,2.5508036687485145,-1.9760874687485144,1.9760874687485144
subc,Submodel C: OECD EPS,mechanism_submodel,,,env_patent_share_inventions,lag1_3_mean,BRA,Brazil,2018,0.2271725,lasso_alpha_1,0.2271725,2.3863280164719916,-2.1591555164719916,2.1591555164719916
subc,Submodel C: OECD EPS,mechanism_submodel,,,env_patent_share_inventions,lag1_3_mean,CAN,Canada,2018,1.663917,lasso_alpha_1,1.663917,2.5193705468865786,-0.8554535468865785,0.8554535468865785
subc,Submodel C: OECD EPS,mechanism_submodel,,,env_patent_share_inventions,lag1_3_mean,CHE,Switzerland,2018,0.7060626,lasso_alpha_1,0.7060626,2.646565049243556,-1.940502449243556,1.940502449243556
subc,Submodel C: OECD EPS,mechanism_submodel,,,env_patent_share_inventions,lag1_3_mean,CHL,Chile,2018,0.07198159,lasso_alpha_1,0.07198159,2.4798963864454295,-2.4079147964454295,2.4079147964454295
subc,Submodel C: OECD EPS,mechanism_submodel,,,env_patent_share_inventions,lag1_3_mean,CHN,China (People’s Republic of),2018,14.12646,lasso_alpha_1,14.12646,2.546417650336918,11.580042349663081,11.580042349663081
subc,Submodel C: OECD EPS,mechanism_submodel,,,env_patent_share_inventions,lag1_3_mean,CZE,Czechia,2018,0.1424133,lasso_alpha_1,0.1424133,2.53325960826018,-2.3908463082601803,2.3908463082601803
subc,Submodel C: OECD EPS,mechanism_submodel,,,env_patent_share_inventions,lag1_3_mean,DEU,Germany,2018,10.37376,lasso_alpha_1,10.37376,2.5632307178444926,7.810529282155509,7.810529282155509
subc,Submodel C: OECD EPS,mechanism_submodel,,,env_patent_share_inventions,lag1_3_mean,DNK,Denmark,2018,0.9532223,lasso_alpha_1,0.9532223,2.6385240185591745,-1.6853017185591745,1.6853017185591745
subc,Submodel C: OECD EPS,mechanism_submodel,,,env_patent_share_inventions,lag1_3_mean,ESP,Spain,2018,0.6582757,lasso_alpha_1,0.6582757,2.505481485512977,-1.847205785512977,1.847205785512977
subc,Submodel C: OECD EPS,mechanism_submodel,,,env_patent_share_inventions,lag1_3_mean,EST,Estonia,2018,0.01618725,lasso_alpha_1,0.01618725,2.6180559440420357,-2.6018686940420355,2.6018686940420355
subc,Submodel C: OECD EPS,mechanism_submodel,,,env_patent_share_inventions,lag1_3_mean,FIN,Finland,2018,0.5081074,lasso_alpha_1,0.5081074,2.6260969747264173,-2.1179895747264172,2.1179895747264172
subc,Submodel C: OECD EPS,mechanism_submodel,,,env_patent_share_inventions,lag1_3_mean,FRA,France,2018,3.689645,lasso_alpha_1,3.689645,2.6414480299563685,1.0481969700436315,1.0481969700436315
subc,Submodel C: OECD EPS,mechanism_submodel,,,env_patent_share_inventions,lag1_3_mean,GBR,United Kingdom,2018,2.45723,lasso_alpha_1,2.45723,2.604166893194876,-0.14693689319487602,0.14693689319487602
subc,Submodel C: OECD EPS,mechanism_submodel,,,env_patent_share_inventions,lag1_3_mean,GRC,Greece,2018,0.04960071,lasso_alpha_1,0.04960071,2.554458688916131,-2.504857978916131,2.504857978916131
subc,Submodel C: OECD EPS,mechanism_submodel,,,env_patent_share_inventions,lag1_3_mean,HUN,Hungary,2018,0.07456467,lasso_alpha_1,0.07456467,2.5537276880405404,-2.4791630180405404,2.4791630180405404
subc,Submodel C: OECD EPS,mechanism_submodel,,,env_patent_share_inventions,lag1_3_mean,IDN,Indonesia,2018,0.01308756,lasso_alpha_1,0.01308756,2.403872087486768,-2.3907845274867676,2.3907845274867676
subc,Submodel C: OECD EPS,mechanism_submodel,,,env_patent_share_inventions,lag1_3_mean,IND,India,2018,1.135592,lasso_alpha_1,1.135592,2.5076744960345807,-1.3720824960345808,1.3720824960345808
subc,Submodel C: OECD EPS,mechanism_submodel,,,env_patent_share_inventions,lag1_3_mean,IRL,Ireland,2018,0.1151558,lasso_alpha_1,0.1151558,2.528142583709772,-2.412986783709772,2.412986783709772
subc,Submodel C: OECD EPS,mechanism_submodel,,,env_patent_share_inventions,lag1_3_mean,ISL,Iceland,2018,0.009299058,lasso_alpha_1,0.009299058,2.381210994816355,-2.371911936816355,2.371911936816355
subc,Submodel C: OECD EPS,mechanism_submodel,,,env_patent_share_inventions,lag1_3_mean,ISR,Israel,2018,0.476835,lasso_alpha_1,0.476835,2.375362971495644,-1.898527971495644,1.898527971495644
subc,Submodel C: OECD EPS,mechanism_submodel,,,env_patent_share_inventions,lag1_3_mean,ITA,Italy,2018,1.347543,lasso_alpha_1,1.347543,2.642910021181108,-1.2953670211811081,1.2953670211811081
subc,Submodel C: OECD EPS,mechanism_submodel,,,env_patent_share_inventions,lag1_3_mean,JPN,Japan,2018,22.19602,lasso_alpha_1,22.19602,2.6268279703387867,19.569192029661213,19.569192029661213
subc,Submodel C: OECD EPS,mechanism_submodel,,,env_patent_share_inventions,lag1_3_mean,KOR,Korea,2018,11.02991,lasso_alpha_1,11.02991,2.558113701188916,8.471796298811084,8.471796298811084
subc,Submodel C: OECD EPS,mechanism_submodel,,,env_patent_share_inventions,lag1_3_mean,LUX,Luxembourg,2018,0.0331322,lasso_alpha_1,0.0331322,2.6312139887503836,-2.5980817887503838,2.5980817887503838
subc,Submodel C: OECD EPS,mechanism_submodel,,,env_patent_share_inventions,lag1_3_mean,MEX,Mexico,2018,0.1087498,lasso_alpha_1,0.1087498,2.438960224253099,-2.330210424253099,2.330210424253099
subc,Submodel C: OECD EPS,mechanism_submodel,,,env_patent_share_inventions,lag1_3_mean,NLD,Netherlands,2018,1.07995,lasso_alpha_1,1.07995,2.5763887757108934,-1.4964387757108935,1.4964387757108935
subc,Submodel C: OECD EPS,mechanism_submodel,,,env_patent_share_inventions,lag1_3_mean,NOR,Norway,2018,0.2867209,lasso_alpha_1,0.2867209,2.616593942290854,-2.329873042290854,2.329873042290854
subc,Submodel C: OECD EPS,mechanism_submodel,,,env_patent_share_inventions,lag1_3_mean,NZL,New Zealand,2018,0.0565176,lasso_alpha_1,0.0565176,2.3870590176107433,-2.3305414176107435,2.3305414176107435
subc,Submodel C: OECD EPS,mechanism_submodel,,,env_patent_share_inventions,lag1_3_mean,POL,Poland,2018,0.1477861,lasso_alpha_1,0.1477861,2.5508036687485145,-2.4030175687485147,2.4030175687485147
subc,Submodel C: OECD EPS,mechanism_submodel,,,env_patent_share_inventions,lag1_3_mean,PRT,Portugal,2018,0.07643022,lasso_alpha_1,0.07643022,2.5054814881445875,-2.4290512681445877,2.4290512681445877
subc,Submodel C: OECD EPS,mechanism_submodel,,,env_patent_share_inventions,lag1_3_mean,RUS,Russia,2018,0.3158777,lasso_alpha_1,0.3158777,2.4126441190467403,-2.09676641904674,2.09676641904674
subc,Submodel C: OECD EPS,mechanism_submodel,,,env_patent_share_inventions,lag1_3_mean,SVK,Slovak Republic,2018,0.03630077,lasso_alpha_1,0.03630077,2.5413006363129513,-2.5049998663129514,2.5049998663129514
subc,Submodel C: OECD EPS,mechanism_submodel,,,env_patent_share_inventions,lag1_3_mean,SVN,Slovenia,2018,0.03547418,lasso_alpha_1,0.03547418,2.5551896871601114,-2.5197155071601114,2.5197155071601114
subc,Submodel C: OECD EPS,mechanism_submodel,,,env_patent_share_inventions,lag1_3_mean,SWE,Sweden,2018,0.9708068,lasso_alpha_1,0.9708068,2.6092839124820633,-1.6384771124820632,1.6384771124820632
subc,Submodel C: OECD EPS,mechanism_submodel,,,env_patent_share_inventions,lag1_3_mean,TUR,Türkiye,2018,0.2402257,lasso_alpha_1,0.2402257,2.5354526108869524,-2.2952269108869525,2.2952269108869525
subc,Submodel C: OECD EPS,mechanism_submodel,,,env_patent_share_inventions,lag1_3_mean,USA,United States,2018,19.24624,lasso_alpha_1,19.24624,2.544224637183704,16.702015362816297,16.702015362816297
subc,Submodel C: OECD EPS,mechanism_submodel,,,env_patent_share_inventions,lag1_3_mean,ZAF,South Africa,2018,0.08989089,lasso_alpha_1,0.08989089,2.390714032251978,-2.300823142251978,2.300823142251978
subc,Submodel C: OECD EPS,mechanism_submodel,,,env_patent_share_inventions,lag1_3_mean,AUS,Australia,2019,0.6184876,lasso_alpha_1,0.6184876,2.5413006363129513,-1.9228130363129514,1.9228130363129514
subc,Submodel C: OECD EPS,mechanism_submodel,,,env_patent_share_inventions,lag1_3_mean,AUT,Austria,2019,0.9076207,lasso_alpha_1,0.9076207,2.5588447020645066,-1.6512240020645068,1.6512240020645068
subc,Submodel C: OECD EPS,mechanism_submodel,,,env_patent_share_inventions,lag1_3_mean,BEL,Belgium,2019,0.4828069,lasso_alpha_1,0.4828069,2.5551896871601114,-2.0723827871601115,2.0723827871601115
subc,Submodel C: OECD EPS,mechanism_submodel,,,env_patent_share_inventions,lag1_3_mean,BRA,Brazil,2019,0.2444426,lasso_alpha_1,0.2444426,2.3929070427735812,-2.148464442773581,2.148464442773581
subc,Submodel C: OECD EPS,mechanism_submodel,,,env_patent_share_inventions,lag1_3_mean,CAN,Canada,2019,1.803488,lasso_alpha_1,1.803488,2.5237565652981755,-0.7202685652981755,0.7202685652981755
subc,Submodel C: OECD EPS,mechanism_submodel,,,env_patent_share_inventions,lag1_3_mean,CHE,Switzerland,2019,0.7714143,lasso_alpha_1,0.7714143,2.6567990878179306,-1.8853847878179306,1.8853847878179306
subc,Submodel C: OECD EPS,mechanism_submodel,,,env_patent_share_inventions,lag1_3_mean,CHL,Chile,2019,0.07812119,lasso_alpha_1,0.07812119,2.4813583908282215,-2.4032372008282215,2.4032372008282215
subc,Submodel C: OECD EPS,mechanism_submodel,,,env_patent_share_inventions,lag1_3_mean,CHN,China (People’s Republic of),2019,17.21756,lasso_alpha_1,17.21756,2.5456866520929378,14.671873347907061,14.671873347907061
subc,Submodel C: OECD EPS,mechanism_submodel,,,env_patent_share_inventions,lag1_3_mean,CZE,Czechia,2019,0.1254647,lasso_alpha_1,0.1254647,2.5420316398201526,-2.4165669398201524,2.4165669398201524
subc,Submodel C: OECD EPS,mechanism_submodel,,,env_patent_share_inventions,lag1_3_mean,DEU,Germany,2019,9.738097,lasso_alpha_1,9.738097,2.569078743270492,7.169018256729508,7.169018256729508
subc,Submodel C: OECD EPS,mechanism_submodel,,,env_patent_share_inventions,lag1_3_mean,DNK,Denmark,2019,0.9602977,lasso_alpha_1,0.9602977,2.631944992257585,-1.671647292257585,1.671647292257585
subc,Submodel C: OECD EPS,mechanism_submodel,,,env_patent_share_inventions,lag1_3_mean,ESP,Spain,2019,0.5914192,lasso_alpha_1,0.5914192,2.5069434925273795,-1.9155242925273794,1.9155242925273794
subc,Submodel C: OECD EPS,mechanism_submodel,,,env_patent_share_inventions,lag1_3_mean,EST,Estonia,2019,0.0101139,lasso_alpha_1,0.0101139,2.60782190020444,-2.59770800020444,2.59770800020444
subc,Submodel C: OECD EPS,mechanism_submodel,,,env_patent_share_inventions,lag1_3_mean,FIN,Finland,2019,0.5154952,lasso_alpha_1,0.5154952,2.627558979109209,-2.1120637791092087,2.1120637791092087
subc,Submodel C: OECD EPS,mechanism_submodel,,,env_patent_share_inventions,lag1_3_mean,FRA,France,2019,3.954056,lasso_alpha_1,3.954056,2.6553370808035286,1.2987189191964714,1.2987189191964714
subc,Submodel C: OECD EPS,mechanism_submodel,,,env_patent_share_inventions,lag1_3_mean,GBR,United Kingdom,2019,2.473412,lasso_alpha_1,2.473412,2.595394853740072,-0.121982853740072,0.121982853740072
subc,Submodel C: OECD EPS,mechanism_submodel,,,env_patent_share_inventions,lag1_3_mean,GRC,Greece,2019,0.03744635,lasso_alpha_1,0.03744635,2.5493416696289435,-2.5118953196289433,2.5118953196289433
subc,Submodel C: OECD EPS,mechanism_submodel,,,env_patent_share_inventions,lag1_3_mean,HUN,Hungary,2019,0.06668201,lasso_alpha_1,0.06668201,2.546417655600139,-2.479735645600139,2.479735645600139
subc,Submodel C: OECD EPS,mechanism_submodel,,,env_patent_share_inventions,lag1_3_mean,IDN,Indonesia,2019,0.01506623,lasso_alpha_1,0.01506623,2.4184921471043497,-2.4034259171043497,2.4034259171043497
subc,Submodel C: OECD EPS,mechanism_submodel,,,env_patent_share_inventions,lag1_3_mean,IND,India,2019,1.19991,lasso_alpha_1,1.19991,2.5266805714321485,-1.3267705714321485,1.3267705714321485
subc,Submodel C: OECD EPS,mechanism_submodel,,,env_patent_share_inventions,lag1_3_mean,IRL,Ireland,2019,0.1699734,lasso_alpha_1,0.1699734,2.5186395433793773,-2.3486661433793774,2.3486661433793774
subc,Submodel C: OECD EPS,mechanism_submodel,,,env_patent_share_inventions,lag1_3_mean,ISL,Iceland,2019,0.01262494,lasso_alpha_1,0.01262494,2.3885210243619848,-2.375896084361985,2.375896084361985
subc,Submodel C: OECD EPS,mechanism_submodel,,,env_patent_share_inventions,lag1_3_mean,ISR,Israel,2019,0.4403036,lasso_alpha_1,0.4403036,2.381941997797234,-1.941638397797234,1.941638397797234
subc,Submodel C: OECD EPS,mechanism_submodel,,,env_patent_share_inventions,lag1_3_mean,ITA,Italy,2019,1.455553,lasso_alpha_1,1.455553,2.635599996635538,-1.180046996635538,1.180046996635538
subc,Submodel C: OECD EPS,mechanism_submodel,,,env_patent_share_inventions,lag1_3_mean,JPN,Japan,2019,20.25395,lasso_alpha_1,20.25395,2.6239039642048136,17.630046035795186,17.630046035795186
subc,Submodel C: OECD EPS,mechanism_submodel,,,env_patent_share_inventions,lag1_3_mean,KOR,Korea,2019,11.32337,lasso_alpha_1,11.32337,2.5624997222321233,8.760870277767877,8.760870277767877
subc,Submodel C: OECD EPS,mechanism_submodel,,,env_patent_share_inventions,lag1_3_mean,LUX,Luxembourg,2019,0.04324565,lasso_alpha_1,0.04324565,2.632675995764786,-2.5894303457647863,2.5894303457647863
subc,Submodel C: OECD EPS,mechanism_submodel,,,env_patent_share_inventions,lag1_3_mean,MEX,Mexico,2019,0.08576889,lasso_alpha_1,0.08576889,2.438960224253099,-2.353191334253099,2.353191334253099
subc,Submodel C: OECD EPS,mechanism_submodel,,,env_patent_share_inventions,lag1_3_mean,NLD,Netherlands,2019,1.051283,lasso_alpha_1,1.051283,2.5844298090268856,-1.5331468090268856,1.5331468090268856
subc,Submodel C: OECD EPS,mechanism_submodel,,,env_patent_share_inventions,lag1_3_mean,NOR,Norway,2019,0.298674,lasso_alpha_1,0.298674,2.619517951056438,-2.320843951056438,2.320843951056438
subc,Submodel C: OECD EPS,mechanism_submodel,,,env_patent_share_inventions,lag1_3_mean,NZL,New Zealand,2019,0.09786074,lasso_alpha_1,0.09786074,2.3885210225198574,-2.290660282519857,2.290660282519857
subc,Submodel C: OECD EPS,mechanism_submodel,,,env_patent_share_inventions,lag1_3_mean,POL,Poland,2019,0.1634616,lasso_alpha_1,0.1634616,2.5537276827773194,-2.3902660827773192,2.3902660827773192
subc,Submodel C: OECD EPS,mechanism_submodel,,,env_patent_share_inventions,lag1_3_mean,PRT,Portugal,2019,0.07951621,lasso_alpha_1,0.07951621,2.5113295083073655,-2.4318132983073655,2.4318132983073655
subc,Submodel C: OECD EPS,mechanism_submodel,,,env_patent_share_inventions,lag1_3_mean,RUS,Russia,2019,0.2723978,lasso_alpha_1,0.2723978,2.4148371243051225,-2.1424393243051227,2.1424393243051227
subc,Submodel C: OECD EPS,mechanism_submodel,,,env_patent_share_inventions,lag1_3_mean,SVK,Slovak Republic,2019,0.03180648,lasso_alpha_1,0.03180648,2.533990609135771,-2.5021841291357707,2.5021841291357707
subc,Submodel C: OECD EPS,mechanism_submodel,,,env_patent_share_inventions,lag1_3_mean,SVN,Slovenia,2019,0.04028124,lasso_alpha_1,0.04028124,2.558113701188916,-2.517832461188916,2.517832461188916
subc,Submodel C: OECD EPS,mechanism_submodel,,,env_patent_share_inventions,lag1_3_mean,SWE,Sweden,2019,0.9732913,lasso_alpha_1,0.9732913,2.6107459168648552,-1.6374546168648552,1.6374546168648552
subc,Submodel C: OECD EPS,mechanism_submodel,,,env_patent_share_inventions,lag1_3_mean,TUR,Türkiye,2019,0.2242845,lasso_alpha_1,0.2242845,2.538376622284147,-2.314092122284147,2.314092122284147
subc,Submodel C: OECD EPS,mechanism_submodel,,,env_patent_share_inventions,lag1_3_mean,USA,United States,2019,17.85233,lasso_alpha_1,17.85233,2.5559206880357017,15.296409311964297,15.296409311964297
subc,Submodel C: OECD EPS,mechanism_submodel,,,env_patent_share_inventions,lag1_3_mean,ZAF,South Africa,2019,0.07487776,lasso_alpha_1,0.07487776,2.392176039003219,-2.317298279003219,2.317298279003219
subc,Submodel C: OECD EPS,mechanism_submodel,,,env_patent_share_inventions,lag1_3_mean,AUS,Australia,2020,0.655256,lasso_alpha_1,0.655256,2.5456866573561587,-1.8904306573561587,1.8904306573561587
subc,Submodel C: OECD EPS,mechanism_submodel,,,env_patent_share_inventions,lag1_3_mean,AUT,Austria,2020,0.8130857,lasso_alpha_1,0.8130857,2.563961721351694,-1.7508760213516938,1.7508760213516938
subc,Submodel C: OECD EPS,mechanism_submodel,,,env_patent_share_inventions,lag1_3_mean,BEL,Belgium,2020,0.4943048,lasso_alpha_1,0.4943048,2.5639617266149153,-2.069656926614915,2.069656926614915
subc,Submodel C: OECD EPS,mechanism_submodel,,,env_patent_share_inventions,lag1_3_mean,BRA,Brazil,2020,0.2774222,lasso_alpha_1,0.2774222,2.3929070427735812,-2.115484842773581,2.115484842773581
subc,Submodel C: OECD EPS,mechanism_submodel,,,env_patent_share_inventions,lag1_3_mean,CAN,Canada,2020,1.595525,lasso_alpha_1,1.595525,2.5310665898437454,-0.9355415898437454,0.9355415898437454
subc,Submodel C: OECD EPS,mechanism_submodel,,,env_patent_share_inventions,lag1_3_mean,CHE,Switzerland,2020,0.6582596,lasso_alpha_1,0.6582596,2.658992100971145,-2.0007325009711447,2.0007325009711447
subc,Submodel C: OECD EPS,mechanism_submodel,,,env_patent_share_inventions,lag1_3_mean,CHL,Chile,2020,0.05064903,lasso_alpha_1,0.05064903,2.4828203952110135,-2.4321713652110133,2.4321713652110133
subc,Submodel C: OECD EPS,mechanism_submodel,,,env_patent_share_inventions,lag1_3_mean,CHN,China (People’s Republic of),2020,21.22932,lasso_alpha_1,21.22932,2.5500726705045342,18.679247329495468,18.679247329495468
subc,Submodel C: OECD EPS,mechanism_submodel,,,env_patent_share_inventions,lag1_3_mean,CZE,Czechia,2020,0.1647629,lasso_alpha_1,0.1647629,2.552265681026138,-2.387502781026138,2.387502781026138
subc,Submodel C: OECD EPS,mechanism_submodel,,,env_patent_share_inventions,lag1_3_mean,DEU,Germany,2020,8.935518,lasso_alpha_1,8.935518,2.574926768696491,6.360591231303509,6.360591231303509
subc,Submodel C: OECD EPS,mechanism_submodel,,,env_patent_share_inventions,lag1_3_mean,DNK,Denmark,2020,0.9505016,lasso_alpha_1,0.9505016,2.6246349650804044,-1.6741333650804044,1.6741333650804044
subc,Submodel C: OECD EPS,mechanism_submodel,,,env_patent_share_inventions,lag1_3_mean,ESP,Spain,2020,0.5858323,lasso_alpha_1,0.5858323,2.511329510938976,-1.925497210938976,1.925497210938976
subc,Submodel C: OECD EPS,mechanism_submodel,,,env_patent_share_inventions,lag1_3_mean,EST,Estonia,2020,0.01389859,lasso_alpha_1,0.01389859,2.593201840586858,-2.579303250586858,2.579303250586858
subc,Submodel C: OECD EPS,mechanism_submodel,,,env_patent_share_inventions,lag1_3_mean,FIN,Finland,2020,0.4200928,lasso_alpha_1,0.4200928,2.6268279782336186,-2.2067351782336186,2.2067351782336186
subc,Submodel C: OECD EPS,mechanism_submodel,,,env_patent_share_inventions,lag1_3_mean,FRA,France,2020,3.529052,lasso_alpha_1,3.529052,2.6765361667227,0.8525158332773,0.8525158332773
subc,Submodel C: OECD EPS,mechanism_submodel,,,env_patent_share_inventions,lag1_3_mean,GBR,United Kingdom,2020,2.348473,lasso_alpha_1,2.348473,2.5997808668884477,-0.25130786688844786,0.25130786688844786
subc,Submodel C: OECD EPS,mechanism_submodel,,,env_patent_share_inventions,lag1_3_mean,GRC,Greece,2020,0.0558206,lasso_alpha_1,0.0558206,2.547879665246152,-2.492059065246152,2.492059065246152
subc,Submodel C: OECD EPS,mechanism_submodel,,,env_patent_share_inventions,lag1_3_mean,HUN,Hungary,2020,0.0638042,lasso_alpha_1,0.0638042,2.5478796626145415,-2.4840754626145416,2.4840754626145416
subc,Submodel C: OECD EPS,mechanism_submodel,,,env_patent_share_inventions,lag1_3_mean,IDN,Indonesia,2020,0.008080573,lasso_alpha_1,0.008080573,2.4309191962003283,-2.4228386232003283,2.4228386232003283
subc,Submodel C: OECD EPS,mechanism_submodel,,,env_patent_share_inventions,lag1_3_mean,IND,India,2020,1.547903,lasso_alpha_1,1.547903,2.5310665898437454,-0.9831635898437454,0.9831635898437454
subc,Submodel C: OECD EPS,mechanism_submodel,,,env_patent_share_inventions,lag1_3_mean,IRL,Ireland,2020,0.1358183,lasso_alpha_1,0.1358183,2.52010155039378,-2.38428325039378,2.38428325039378
subc,Submodel C: OECD EPS,mechanism_submodel,,,env_patent_share_inventions,lag1_3_mean,ISL,Iceland,2020,0.002327205,lasso_alpha_1,0.002327205,2.3958310539076146,-2.393503848907615,2.393503848907615
subc,Submodel C: OECD EPS,mechanism_submodel,,,env_patent_share_inventions,lag1_3_mean,ISR,Israel,2020,0.4784669,lasso_alpha_1,0.4784669,2.3885210240988237,-1.9100541240988238,1.9100541240988238
subc,Submodel C: OECD EPS,mechanism_submodel,,,env_patent_share_inventions,lag1_3_mean,ITA,Italy,2020,1.487068,lasso_alpha_1,1.487068,2.6275589712143774,-1.1404909712143774,1.1404909712143774
subc,Submodel C: OECD EPS,mechanism_submodel,,,env_patent_share_inventions,lag1_3_mean,JPN,Japan,2020,17.60094,lasso_alpha_1,17.60094,2.6195179457932167,14.981422054206785,14.981422054206785
subc,Submodel C: OECD EPS,mechanism_submodel,,,env_patent_share_inventions,lag1_3_mean,KOR,Korea,2020,12.25406,lasso_alpha_1,12.25406,2.5668857406437198,9.687174259356281,9.687174259356281
subc,Submodel C: OECD EPS,mechanism_submodel,,,env_patent_share_inventions,lag1_3_mean,LUX,Luxembourg,2020,0.04007964,lasso_alpha_1,0.04007964,2.638524015927564,-2.598444375927564,2.598444375927564
subc,Submodel C: OECD EPS,mechanism_submodel,,,env_patent_share_inventions,lag1_3_mean,MEX,Mexico,2020,0.08798128,lasso_alpha_1,0.08798128,2.441884238281904,-2.3539029582819038,2.3539029582819038
subc,Submodel C: OECD EPS,mechanism_submodel,,,env_patent_share_inventions,lag1_3_mean,NLD,Netherlands,2020,1.049749,lasso_alpha_1,1.049749,2.5880848265628917,-1.5383358265628917,1.5383358265628917
subc,Submodel C: OECD EPS,mechanism_submodel,,,env_patent_share_inventions,lag1_3_mean,NOR,Norway,2020,0.3286207,lasso_alpha_1,0.3286207,2.6239039642048136,-2.2952832642048135,2.2952832642048135
subc,Submodel C: OECD EPS,mechanism_submodel,,,env_patent_share_inventions,lag1_3_mean,NZL,New Zealand,2020,0.1008456,lasso_alpha_1,0.1008456,2.3885210225198574,-2.2876754225198574,2.2876754225198574
subc,Submodel C: OECD EPS,mechanism_submodel,,,env_patent_share_inventions,lag1_3_mean,POL,Poland,2020,0.1535309,lasso_alpha_1,0.1535309,2.5690787459021025,-2.4155478459021027,2.4155478459021027
subc,Submodel C: OECD EPS,mechanism_submodel,,,env_patent_share_inventions,lag1_3_mean,PRT,Portugal,2020,0.1029465,lasso_alpha_1,0.1029465,2.518639540747767,-2.415693040747767,2.415693040747767
subc,Submodel C: OECD EPS,mechanism_submodel,,,env_patent_share_inventions,lag1_3_mean,RUS,Russia,2020,0.3158581,lasso_alpha_1,0.3158581,2.4148371243051225,-2.0989790243051227,2.0989790243051227
subc,Submodel C: OECD EPS,mechanism_submodel,,,env_patent_share_inventions,lag1_3_mean,SVK,Slovak Republic,2020,0.03086779,lasso_alpha_1,0.03086779,2.5179085425037866,-2.4870407525037868,2.4870407525037868
subc,Submodel C: OECD EPS,mechanism_submodel,,,env_patent_share_inventions,lag1_3_mean,SVN,Slovenia,2020,0.02618106,lasso_alpha_1,0.02618106,2.5639617266149153,-2.5377806666149154,2.5377806666149154
subc,Submodel C: OECD EPS,mechanism_submodel,,,env_patent_share_inventions,lag1_3_mean,SWE,Sweden,2020,0.9918742,lasso_alpha_1,0.9918742,2.6092839124820633,-1.6174097124820632,1.6174097124820632
subc,Submodel C: OECD EPS,mechanism_submodel,,,env_patent_share_inventions,lag1_3_mean,TUR,Türkiye,2020,0.2532775,lasso_alpha_1,0.2532775,2.543493641571334,-2.2902161415713342,2.2902161415713342
subc,Submodel C: OECD EPS,mechanism_submodel,,,env_patent_share_inventions,lag1_3_mean,USA,United States,2020,16.7884,lasso_alpha_1,16.7884,2.5544586862845207,14.233941313715478,14.233941313715478
subc,Submodel C: OECD EPS,mechanism_submodel,,,env_patent_share_inventions,lag1_3_mean,ZAF,South Africa,2020,0.08604194,lasso_alpha_1,0.08604194,2.392176039003219,-2.306134099003219,2.306134099003219
subc,Submodel C: OECD EPS,mechanism_submodel,,,env_patent_share_inventions,lag1_3_mean,AUS,Australia,2021,0.6052428,lasso_alpha_1,0.6052428,2.550072675767755,-1.9448298757677551,1.9448298757677551
subc,Submodel C: OECD EPS,mechanism_submodel,,,env_patent_share_inventions,lag1_3_mean,AUT,Austria,2021,0.600331,lasso_alpha_1,0.600331,2.5734647616820885,-1.9731337616820885,1.9731337616820885
subc,Submodel C: OECD EPS,mechanism_submodel,,,env_patent_share_inventions,lag1_3_mean,BEL,Belgium,2021,0.5078351,lasso_alpha_1,0.5078351,2.5771197792180947,-2.069284679218095,2.069284679218095
subc,Submodel C: OECD EPS,mechanism_submodel,,,env_patent_share_inventions,lag1_3_mean,BRA,Brazil,2021,0.2022635,lasso_alpha_1,0.2022635,2.3929070427735812,-2.1906435427735813,2.1906435427735813
subc,Submodel C: OECD EPS,mechanism_submodel,,,env_patent_share_inventions,lag1_3_mean,CAN,Canada,2021,1.406397,lasso_alpha_1,1.406397,2.5427626354325223,-1.1363656354325224,1.1363656354325224
subc,Submodel C: OECD EPS,mechanism_submodel,,,env_patent_share_inventions,lag1_3_mean,CHE,Switzerland,2021,0.5670665,lasso_alpha_1,0.5670665,2.6684951413015394,-2.1014286413015393,2.1014286413015393
subc,Submodel C: OECD EPS,mechanism_submodel,,,env_patent_share_inventions,lag1_3_mean,CHL,Chile,2021,0.04739795,lasso_alpha_1,0.04739795,2.4828203952110135,-2.4354224452110134,2.4354224452110134
subc,Submodel C: OECD EPS,mechanism_submodel,,,env_patent_share_inventions,lag1_3_mean,CHN,China (People’s Republic of),2021,27.46088,lasso_alpha_1,27.46088,2.558113701188916,24.902766298811084,24.902766298811084
subc,Submodel C: OECD EPS,mechanism_submodel,,,env_patent_share_inventions,lag1_3_mean,CZE,Czechia,2021,0.1125298,lasso_alpha_1,0.1125298,2.558113701188916,-2.445583901188916,2.445583901188916
subc,Submodel C: OECD EPS,mechanism_submodel,,,env_patent_share_inventions,lag1_3_mean,DEU,Germany,2021,6.09054,lasso_alpha_1,6.09054,2.5866228195484893,3.5039171804515106,3.5039171804515106
subc,Submodel C: OECD EPS,mechanism_submodel,,,env_patent_share_inventions,lag1_3_mean,DNK,Denmark,2021,0.8738312,lasso_alpha_1,0.8738312,2.616593937027633,-1.742762737027633,1.742762737027633
subc,Submodel C: OECD EPS,mechanism_submodel,,,env_patent_share_inventions,lag1_3_mean,ESP,Spain,2021,0.6234819,lasso_alpha_1,0.6234819,2.517177536364975,-1.8936956363649748,1.8936956363649748
subc,Submodel C: OECD EPS,mechanism_submodel,,,env_patent_share_inventions,lag1_3_mean,EST,Estonia,2021,0.01386471,lasso_alpha_1,0.01386471,2.580043787983678,-2.566179077983678,2.566179077983678
subc,Submodel C: OECD EPS,mechanism_submodel,,,env_patent_share_inventions,lag1_3_mean,FIN,Finland,2021,0.4526021,lasso_alpha_1,0.4526021,2.63413801067402,-2.18153591067402,2.18153591067402
subc,Submodel C: OECD EPS,mechanism_submodel,,,env_patent_share_inventions,lag1_3_mean,FRA,France,2021,2.559317,lasso_alpha_1,2.559317,2.695542244751879,-0.1362252447518788,0.1362252447518788
subc,Submodel C: OECD EPS,mechanism_submodel,,,env_patent_share_inventions,lag1_3_mean,GBR,United Kingdom,2021,1.863642,lasso_alpha_1,1.863642,2.603435881792843,-0.7397938817928429,0.7397938817928429
subc,Submodel C: OECD EPS,mechanism_submodel,,,env_patent_share_inventions,lag1_3_mean,GRC,Greece,2021,0.04058382,lasso_alpha_1,0.04058382,2.5486106634901318,-2.5080268434901316,2.5080268434901316
subc,Submodel C: OECD EPS,mechanism_submodel,,,env_patent_share_inventions,lag1_3_mean,HUN,Hungary,2021,0.04149739,lasso_alpha_1,0.04149739,2.5398386292985493,-2.4983412392985493,2.4983412392985493
subc,Submodel C: OECD EPS,mechanism_submodel,,,env_patent_share_inventions,lag1_3_mean,IDN,Indonesia,2021,0.01360676,lasso_alpha_1,0.01360676,2.4411532347747027,-2.4275464747747026,2.4275464747747026
subc,Submodel C: OECD EPS,mechanism_submodel,,,env_patent_share_inventions,lag1_3_mean,IND,India,2021,1.139217,lasso_alpha_1,1.139217,2.5391076231597376,-1.3998906231597377,1.3998906231597377
subc,Submodel C: OECD EPS,mechanism_submodel,,,env_patent_share_inventions,lag1_3_mean,IRL,Ireland,2021,0.1236538,lasso_alpha_1,0.1236538,2.5347216100113616,-2.4110678100113616,2.4110678100113616
subc,Submodel C: OECD EPS,mechanism_submodel,,,env_patent_share_inventions,lag1_3_mean,ISL,Iceland,2021,0.009673051,lasso_alpha_1,0.009673051,2.401679076965164,-2.392006025965164,2.392006025965164
subc,Submodel C: OECD EPS,mechanism_submodel,,,env_patent_share_inventions,lag1_3_mean,ISR,Israel,2021,0.4227123,lasso_alpha_1,0.4227123,2.396562057677977,-1.973849757677977,1.973849757677977
subc,Submodel C: OECD EPS,mechanism_submodel,,,env_patent_share_inventions,lag1_3_mean,ITA,Italy,2021,1.366383,lasso_alpha_1,1.366383,2.6187869449176264,-1.2524039449176265,1.2524039449176265
subc,Submodel C: OECD EPS,mechanism_submodel,,,env_patent_share_inventions,lag1_3_mean,JPN,Japan,2021,18.32637,lasso_alpha_1,18.32637,2.6165939343960227,15.709776065603979,15.709776065603979
subc,Submodel C: OECD EPS,mechanism_submodel,,,env_patent_share_inventions,lag1_3_mean,KOR,Korea,2021,13.81879,lasso_alpha_1,13.81879,2.5712717590553167,11.247518240944682,11.247518240944682
subc,Submodel C: OECD EPS,mechanism_submodel,,,env_patent_share_inventions,lag1_3_mean,LUX,Luxembourg,2021,0.05029986,lasso_alpha_1,0.05029986,2.647296055382368,-2.596996195382368,2.596996195382368
subc,Submodel C: OECD EPS,mechanism_submodel,,,env_patent_share_inventions,lag1_3_mean,MEX,Mexico,2021,0.08141485,lasso_alpha_1,0.08141485,2.444808252310709,-2.363393402310709,2.363393402310709
subc,Submodel C: OECD EPS,mechanism_submodel,,,env_patent_share_inventions,lag1_3_mean,NLD,Netherlands,2021,0.8459405,lasso_alpha_1,0.8459405,2.5975878642616754,-1.7516473642616754,1.7516473642616754
subc,Submodel C: OECD EPS,mechanism_submodel,,,env_patent_share_inventions,lag1_3_mean,NOR,Norway,2021,0.2947056,lasso_alpha_1,0.2947056,2.6297519843675916,-2.3350463843675917,2.3350463843675917
subc,Submodel C: OECD EPS,mechanism_submodel,,,env_patent_share_inventions,lag1_3_mean,NZL,New Zealand,2021,0.08180176,lasso_alpha_1,0.08180176,2.3885210225198574,-2.3067192625198576,2.3067192625198576
subc,Submodel C: OECD EPS,mechanism_submodel,,,env_patent_share_inventions,lag1_3_mean,POL,Poland,2021,0.1891726,lasso_alpha_1,0.1891726,2.584429811658496,-2.395257211658496,2.395257211658496
subc,Submodel C: OECD EPS,mechanism_submodel,,,env_patent_share_inventions,lag1_3_mean,PRT,Portugal,2021,0.05997292,lasso_alpha_1,0.05997292,2.5288735819537522,-2.4689006619537524,2.4689006619537524
subc,Submodel C: OECD EPS,mechanism_submodel,,,env_patent_share_inventions,lag1_3_mean,RUS,Russia,2021,0.2115711,lasso_alpha_1,0.2115711,2.4148371243051225,-2.2032660243051225,2.2032660243051225
subc,Submodel C: OECD EPS,mechanism_submodel,,,env_patent_share_inventions,lag1_3_mean,SVK,Slovak Republic,2021,0.03756368,lasso_alpha_1,0.03756368,2.52010155039378,-2.48253787039378,2.48253787039378
subc,Submodel C: OECD EPS,mechanism_submodel,,,env_patent_share_inventions,lag1_3_mean,SVN,Slovenia,2021,0.03192107,lasso_alpha_1,0.03192107,2.569809752040914,-2.537888682040914,2.537888682040914
subc,Submodel C: OECD EPS,mechanism_submodel,,,env_patent_share_inventions,lag1_3_mean,SWE,Sweden,2021,0.9232927,lasso_alpha_1,0.9232927,2.6151319326448412,-1.6918392326448413,1.6918392326448413
subc,Submodel C: OECD EPS,mechanism_submodel,,,env_patent_share_inventions,lag1_3_mean,TUR,Türkiye,2021,0.2938995,lasso_alpha_1,0.2938995,2.5464176529685285,-2.2525181529685288,2.2525181529685288
subc,Submodel C: OECD EPS,mechanism_submodel,,,env_patent_share_inventions,lag1_3_mean,USA,United States,2021,14.33043,lasso_alpha_1,14.33043,2.555920693298923,11.774509306701077,11.774509306701077
subc,Submodel C: OECD EPS,mechanism_submodel,,,env_patent_share_inventions,lag1_3_mean,ZAF,South Africa,2021,0.05207326,lasso_alpha_1,0.05207326,2.3936380457544604,-2.3415647857544606,2.3415647857544606
