panel_id,panel_label,panel_role,comparison_group,feature_set_role,target_column,lag_suffix,country_code,country_name,year,env_patent_share_inventions,model,observed,prediction,error,absolute_error
main_on_suba,Main controls on SUBA sample,nested_baseline,suba,main_controls,env_patent_share_inventions,lag1_3_mean,ALB,Albania,2022,0.0005390487,elastic_net_alpha_1_l1_0.2,0.0005390487,0.2667245364653803,-0.2661854877653803,0.2661854877653803
main_on_suba,Main controls on SUBA sample,nested_baseline,suba,main_controls,env_patent_share_inventions,lag1_3_mean,ARE,United Arab Emirates,2022,0.02228068,elastic_net_alpha_1_l1_0.2,0.02228068,0.7320531622822595,-0.7097724822822594,0.7097724822822594
main_on_suba,Main controls on SUBA sample,nested_baseline,suba,main_controls,env_patent_share_inventions,lag1_3_mean,ARG,Argentina,2022,0.01132002,elastic_net_alpha_1_l1_0.2,0.01132002,0.6458010084808261,-0.6344809884808261,0.6344809884808261
main_on_suba,Main controls on SUBA sample,nested_baseline,suba,main_controls,env_patent_share_inventions,lag1_3_mean,ARM,Armenia,2022,0.00431239,elastic_net_alpha_1_l1_0.2,0.00431239,0.33086437896138365,-0.32655198896138365,0.32655198896138365
main_on_suba,Main controls on SUBA sample,nested_baseline,suba,main_controls,env_patent_share_inventions,lag1_3_mean,AUS,Australia,2022,0.4013757,elastic_net_alpha_1_l1_0.2,0.4013757,2.288288957084816,-1.886913257084816,1.886913257084816
main_on_suba,Main controls on SUBA sample,nested_baseline,suba,main_controls,env_patent_share_inventions,lag1_3_mean,AUT,Austria,2022,0.5074065,elastic_net_alpha_1_l1_0.2,0.5074065,0.8655542918414022,-0.3581477918414022,0.3581477918414022
main_on_suba,Main controls on SUBA sample,nested_baseline,suba,main_controls,env_patent_share_inventions,lag1_3_mean,BEL,Belgium,2022,0.4569935,elastic_net_alpha_1_l1_0.2,0.4569935,0.8419857778824,-0.38499227788240004,0.38499227788240004
main_on_suba,Main controls on SUBA sample,nested_baseline,suba,main_controls,env_patent_share_inventions,lag1_3_mean,BGD,Bangladesh,2022,0.006684204,elastic_net_alpha_1_l1_0.2,0.006684204,0.35948269661884513,-0.3527984926188451,0.3527984926188451
main_on_suba,Main controls on SUBA sample,nested_baseline,suba,main_controls,env_patent_share_inventions,lag1_3_mean,BGR,Bulgaria,2022,0.01936982,elastic_net_alpha_1_l1_0.2,0.01936982,0.3826941841482967,-0.3633243641482967,0.3633243641482967
main_on_suba,Main controls on SUBA sample,nested_baseline,suba,main_controls,env_patent_share_inventions,lag1_3_mean,BHR,Bahrain,2022,0.002156195,elastic_net_alpha_1_l1_0.2,0.002156195,0.4482114240907116,-0.44605522909071155,0.44605522909071155
main_on_suba,Main controls on SUBA sample,nested_baseline,suba,main_controls,env_patent_share_inventions,lag1_3_mean,BIH,Bosnia and Herzegovina,2022,0.0005390487,elastic_net_alpha_1_l1_0.2,0.0005390487,0.19425502660592486,-0.19371597790592487,0.19371597790592487
main_on_suba,Main controls on SUBA sample,nested_baseline,suba,main_controls,env_patent_share_inventions,lag1_3_mean,BLR,Belarus,2022,0.002156195,elastic_net_alpha_1_l1_0.2,0.002156195,0.1360514143194309,-0.1338952193194309,0.1338952193194309
main_on_suba,Main controls on SUBA sample,nested_baseline,suba,main_controls,env_patent_share_inventions,lag1_3_mean,BOL,Bolivia,2022,0.0007187316,elastic_net_alpha_1_l1_0.2,0.0007187316,0.14043514087264408,-0.1397164092726441,0.1397164092726441
main_on_suba,Main controls on SUBA sample,nested_baseline,suba,main_controls,env_patent_share_inventions,lag1_3_mean,BRA,Brazil,2022,0.1441057,elastic_net_alpha_1_l1_0.2,0.1441057,2.157607278524322,-2.013501578524322,2.013501578524322
main_on_suba,Main controls on SUBA sample,nested_baseline,suba,main_controls,env_patent_share_inventions,lag1_3_mean,CAN,Canada,2022,1.151103,elastic_net_alpha_1_l1_0.2,1.151103,2.424710756138394,-1.2736077561383938,1.2736077561383938
main_on_suba,Main controls on SUBA sample,nested_baseline,suba,main_controls,env_patent_share_inventions,lag1_3_mean,CHE,Switzerland,2022,0.4045081,elastic_net_alpha_1_l1_0.2,0.4045081,0.722064358154971,-0.31755625815497107,0.31755625815497107
main_on_suba,Main controls on SUBA sample,nested_baseline,suba,main_controls,env_patent_share_inventions,lag1_3_mean,CHL,Chile,2022,0.03126482,elastic_net_alpha_1_l1_0.2,0.03126482,0.7673460592525857,-0.7360812392525857,0.7360812392525857
main_on_suba,Main controls on SUBA sample,nested_baseline,suba,main_controls,env_patent_share_inventions,lag1_3_mean,CHN,China,2022,36.75972,elastic_net_alpha_1_l1_0.2,36.75972,16.752367534089522,20.00735246591048,20.00735246591048
main_on_suba,Main controls on SUBA sample,nested_baseline,suba,main_controls,env_patent_share_inventions,lag1_3_mean,CIV,Cote d'Ivoire,2022,0.001078097,elastic_net_alpha_1_l1_0.2,0.001078097,0.23584106355362755,-0.23476296655362755,0.23476296655362755
main_on_suba,Main controls on SUBA sample,nested_baseline,suba,main_controls,env_patent_share_inventions,lag1_3_mean,CMR,Cameroon,2022,0.001796829,elastic_net_alpha_1_l1_0.2,0.001796829,0.13029098527731464,-0.12849415627731464,0.12849415627731464
main_on_suba,Main controls on SUBA sample,nested_baseline,suba,main_controls,env_patent_share_inventions,lag1_3_mean,COL,Colombia,2022,0.04995184,elastic_net_alpha_1_l1_0.2,0.04995184,0.6585069108845285,-0.6085550708845285,0.6085550708845285
main_on_suba,Main controls on SUBA sample,nested_baseline,suba,main_controls,env_patent_share_inventions,lag1_3_mean,CRI,Costa Rica,2022,0.00431239,elastic_net_alpha_1_l1_0.2,0.00431239,0.4279441125127974,-0.4236317225127974,0.4236317225127974
main_on_suba,Main controls on SUBA sample,nested_baseline,suba,main_controls,env_patent_share_inventions,lag1_3_mean,CZE,Czechia,2022,0.1217172,elastic_net_alpha_1_l1_0.2,0.1217172,0.7757285137412204,-0.6540113137412205,0.6540113137412205
main_on_suba,Main controls on SUBA sample,nested_baseline,suba,main_controls,env_patent_share_inventions,lag1_3_mean,DEU,Germany,2022,5.048269,elastic_net_alpha_1_l1_0.2,5.048269,4.130457595589834,0.9178114044101662,0.9178114044101662
main_on_suba,Main controls on SUBA sample,nested_baseline,suba,main_controls,env_patent_share_inventions,lag1_3_mean,DNK,Denmark,2022,0.756465,elastic_net_alpha_1_l1_0.2,0.756465,0.9524285156645338,-0.19596351566453374,0.19596351566453374
main_on_suba,Main controls on SUBA sample,nested_baseline,suba,main_controls,env_patent_share_inventions,lag1_3_mean,DZA,Algeria,2022,0.002695243,elastic_net_alpha_1_l1_0.2,0.002695243,0.31997614487842807,-0.31728090187842806,0.31728090187842806
main_on_suba,Main controls on SUBA sample,nested_baseline,suba,main_controls,env_patent_share_inventions,lag1_3_mean,ECU,Ecuador,2022,0.002695243,elastic_net_alpha_1_l1_0.2,0.002695243,0.2689705650084989,-0.2662753220084989,0.2662753220084989
main_on_suba,Main controls on SUBA sample,nested_baseline,suba,main_controls,env_patent_share_inventions,lag1_3_mean,EGY,"Egypt, Arab Rep.",2022,0.01635114,elastic_net_alpha_1_l1_0.2,0.01635114,0.6725287684303015,-0.6561776284303015,0.6561776284303015
main_on_suba,Main controls on SUBA sample,nested_baseline,suba,main_controls,env_patent_share_inventions,lag1_3_mean,ESP,Spain,2022,0.5145639,elastic_net_alpha_1_l1_0.2,0.5145639,2.040670238760189,-1.526106338760189,1.526106338760189
main_on_suba,Main controls on SUBA sample,nested_baseline,suba,main_controls,env_patent_share_inventions,lag1_3_mean,ETH,Ethiopia,2022,0.002156195,elastic_net_alpha_1_l1_0.2,0.002156195,0.2015761934476722,-0.1994199984476722,0.1994199984476722
main_on_suba,Main controls on SUBA sample,nested_baseline,suba,main_controls,env_patent_share_inventions,lag1_3_mean,FIN,Finland,2022,0.3148763,elastic_net_alpha_1_l1_0.2,0.3148763,0.9534331889828194,-0.6385568889828194,0.6385568889828194
main_on_suba,Main controls on SUBA sample,nested_baseline,suba,main_controls,env_patent_share_inventions,lag1_3_mean,FRA,France,2022,1.679969,elastic_net_alpha_1_l1_0.2,1.679969,2.7489712711134997,-1.0690022711134997,1.0690022711134997
main_on_suba,Main controls on SUBA sample,nested_baseline,suba,main_controls,env_patent_share_inventions,lag1_3_mean,GBR,United Kingdom,2022,1.691451,elastic_net_alpha_1_l1_0.2,1.691451,3.6740002995362815,-1.9825492995362815,1.9825492995362815
main_on_suba,Main controls on SUBA sample,nested_baseline,suba,main_controls,env_patent_share_inventions,lag1_3_mean,GHA,Ghana,2022,0.003593658,elastic_net_alpha_1_l1_0.2,0.003593658,0.27743161803790617,-0.27383796003790617,0.27383796003790617
main_on_suba,Main controls on SUBA sample,nested_baseline,suba,main_controls,env_patent_share_inventions,lag1_3_mean,GRC,Greece,2022,0.0394943,elastic_net_alpha_1_l1_0.2,0.0394943,0.6361932718713893,-0.5966989718713893,0.5966989718713893
main_on_suba,Main controls on SUBA sample,nested_baseline,suba,main_controls,env_patent_share_inventions,lag1_3_mean,GTM,Guatemala,2022,0.002156195,elastic_net_alpha_1_l1_0.2,0.002156195,0.22164020265344841,-0.21948400765344842,0.21948400765344842
main_on_suba,Main controls on SUBA sample,nested_baseline,suba,main_controls,env_patent_share_inventions,lag1_3_mean,HRV,Croatia,2022,0.00934351,elastic_net_alpha_1_l1_0.2,0.00934351,0.3934168681403748,-0.3840733581403748,0.3840733581403748
main_on_suba,Main controls on SUBA sample,nested_baseline,suba,main_controls,env_patent_share_inventions,lag1_3_mean,HUN,Hungary,2022,0.0398896,elastic_net_alpha_1_l1_0.2,0.0398896,0.7854158230773665,-0.7455262230773665,0.7455262230773665
main_on_suba,Main controls on SUBA sample,nested_baseline,suba,main_controls,env_patent_share_inventions,lag1_3_mean,IDN,Indonesia,2022,0.0166027,elastic_net_alpha_1_l1_0.2,0.0166027,1.3557230624793006,-1.3391203624793007,1.3391203624793007
main_on_suba,Main controls on SUBA sample,nested_baseline,suba,main_controls,env_patent_share_inventions,lag1_3_mean,IND,India,2022,1.054487,elastic_net_alpha_1_l1_0.2,1.054487,3.6210723016731756,-2.5665853016731757,2.5665853016731757
main_on_suba,Main controls on SUBA sample,nested_baseline,suba,main_controls,env_patent_share_inventions,lag1_3_mean,IRL,Ireland,2022,0.07543088,elastic_net_alpha_1_l1_0.2,0.07543088,0.7872686670769129,-0.7118377870769129,0.7118377870769129
main_on_suba,Main controls on SUBA sample,nested_baseline,suba,main_controls,env_patent_share_inventions,lag1_3_mean,IRN,"Iran, Islamic Rep.",2022,0.03047422,elastic_net_alpha_1_l1_0.2,0.03047422,1.0503393211787297,-1.0198651011787296,1.0198651011787296
main_on_suba,Main controls on SUBA sample,nested_baseline,suba,main_controls,env_patent_share_inventions,lag1_3_mean,ISR,Israel,2022,0.3257651,elastic_net_alpha_1_l1_0.2,0.3257651,0.9928447317134327,-0.6670796317134327,0.6670796317134327
main_on_suba,Main controls on SUBA sample,nested_baseline,suba,main_controls,env_patent_share_inventions,lag1_3_mean,ITA,Italy,2022,0.9751271,elastic_net_alpha_1_l1_0.2,0.9751271,2.3973955187494087,-1.4222684187494088,1.4222684187494088
main_on_suba,Main controls on SUBA sample,nested_baseline,suba,main_controls,env_patent_share_inventions,lag1_3_mean,JOR,Jordan,2022,0.005031121,elastic_net_alpha_1_l1_0.2,0.005031121,0.38103938671995563,-0.3760082657199556,0.3760082657199556
main_on_suba,Main controls on SUBA sample,nested_baseline,suba,main_controls,env_patent_share_inventions,lag1_3_mean,JPN,Japan,2022,15.63018,elastic_net_alpha_1_l1_0.2,15.63018,4.092096509085895,11.538083490914104,11.538083490914104
main_on_suba,Main controls on SUBA sample,nested_baseline,suba,main_controls,env_patent_share_inventions,lag1_3_mean,KAZ,Kazakhstan,2022,0.001617146,elastic_net_alpha_1_l1_0.2,0.001617146,0.5263591788983091,-0.5247420328983091,0.5247420328983091
main_on_suba,Main controls on SUBA sample,nested_baseline,suba,main_controls,env_patent_share_inventions,lag1_3_mean,KOR,"Korea, Rep.",2022,13.91118,elastic_net_alpha_1_l1_0.2,13.91118,2.2904365799549566,11.620743420045043,11.620743420045043
main_on_suba,Main controls on SUBA sample,nested_baseline,suba,main_controls,env_patent_share_inventions,lag1_3_mean,KWT,Kuwait,2022,0.002156195,elastic_net_alpha_1_l1_0.2,0.002156195,0.46991238117124245,-0.4677561861712424,0.4677561861712424
main_on_suba,Main controls on SUBA sample,nested_baseline,suba,main_controls,env_patent_share_inventions,lag1_3_mean,LBN,Lebanon,2022,0.007366999,elastic_net_alpha_1_l1_0.2,0.007366999,0.22962296602383314,-0.22225596702383313,0.22225596702383313
main_on_suba,Main controls on SUBA sample,nested_baseline,suba,main_controls,env_patent_share_inventions,lag1_3_mean,LKA,Sri Lanka,2022,0.001796829,elastic_net_alpha_1_l1_0.2,0.001796829,0.3226071681232481,-0.3208103391232481,0.3208103391232481
main_on_suba,Main controls on SUBA sample,nested_baseline,suba,main_controls,env_patent_share_inventions,lag1_3_mean,MAR,Morocco,2022,0.02048385,elastic_net_alpha_1_l1_0.2,0.02048385,0.4276412235796031,-0.4071573735796031,0.4071573735796031
main_on_suba,Main controls on SUBA sample,nested_baseline,suba,main_controls,env_patent_share_inventions,lag1_3_mean,MEX,Mexico,2022,0.08678684,elastic_net_alpha_1_l1_0.2,0.08678684,1.1656745665470036,-1.0788877265470036,1.0788877265470036
main_on_suba,Main controls on SUBA sample,nested_baseline,suba,main_controls,env_patent_share_inventions,lag1_3_mean,MKD,North Macedonia,2022,0.0005390487,elastic_net_alpha_1_l1_0.2,0.0005390487,0.23512491265004032,-0.23458586395004033,0.23458586395004033
main_on_suba,Main controls on SUBA sample,nested_baseline,suba,main_controls,env_patent_share_inventions,lag1_3_mean,MYS,Malaysia,2022,0.04416605,elastic_net_alpha_1_l1_0.2,0.04416605,0.8676883328221698,-0.8235222828221699,0.8235222828221699
main_on_suba,Main controls on SUBA sample,nested_baseline,suba,main_controls,env_patent_share_inventions,lag1_3_mean,NER,Niger,2022,0.001078097,elastic_net_alpha_1_l1_0.2,0.001078097,0.11926383966467524,-0.11818574266467524,0.11818574266467524
main_on_suba,Main controls on SUBA sample,nested_baseline,suba,main_controls,env_patent_share_inventions,lag1_3_mean,NLD,Netherlands,2022,0.6497334,elastic_net_alpha_1_l1_0.2,0.6497334,0.728036764901878,-0.07830336490187795,0.07830336490187795
main_on_suba,Main controls on SUBA sample,nested_baseline,suba,main_controls,env_patent_share_inventions,lag1_3_mean,NOR,Norway,2022,0.2596418,elastic_net_alpha_1_l1_0.2,0.2596418,0.9842619007648991,-0.7246201007648991,0.7246201007648991
main_on_suba,Main controls on SUBA sample,nested_baseline,suba,main_controls,env_patent_share_inventions,lag1_3_mean,NPL,Nepal,2022,0.002156195,elastic_net_alpha_1_l1_0.2,0.002156195,0.153846381705256,-0.151690186705256,0.151690186705256
main_on_suba,Main controls on SUBA sample,nested_baseline,suba,main_controls,env_patent_share_inventions,lag1_3_mean,NZL,New Zealand,2022,0.07187316,elastic_net_alpha_1_l1_0.2,0.07187316,0.9270137854480189,-0.8551406254480189,0.8551406254480189
main_on_suba,Main controls on SUBA sample,nested_baseline,suba,main_controls,env_patent_share_inventions,lag1_3_mean,OMN,Oman,2022,0.00431239,elastic_net_alpha_1_l1_0.2,0.00431239,0.5105448351831074,-0.5062324451831074,0.5062324451831074
main_on_suba,Main controls on SUBA sample,nested_baseline,suba,main_controls,env_patent_share_inventions,lag1_3_mean,PAK,Pakistan,2022,0.009882559,elastic_net_alpha_1_l1_0.2,0.009882559,0.5814131834148262,-0.5715306244148262,0.5715306244148262
main_on_suba,Main controls on SUBA sample,nested_baseline,suba,main_controls,env_patent_share_inventions,lag1_3_mean,PAN,Panama,2022,0.0009702877,elastic_net_alpha_1_l1_0.2,0.0009702877,0.35231477579369985,-0.35134448809369984,0.35134448809369984
main_on_suba,Main controls on SUBA sample,nested_baseline,suba,main_controls,env_patent_share_inventions,lag1_3_mean,PER,Peru,2022,0.002156195,elastic_net_alpha_1_l1_0.2,0.002156195,0.4876127842524115,-0.4854565892524115,0.4854565892524115
main_on_suba,Main controls on SUBA sample,nested_baseline,suba,main_controls,env_patent_share_inventions,lag1_3_mean,PHL,Philippines,2022,0.01516524,elastic_net_alpha_1_l1_0.2,0.01516524,0.5219564963317727,-0.5067912563317727,0.5067912563317727
main_on_suba,Main controls on SUBA sample,nested_baseline,suba,main_controls,env_patent_share_inventions,lag1_3_mean,POL,Poland,2022,0.1628286,elastic_net_alpha_1_l1_0.2,0.1628286,1.253089561817071,-1.090260961817071,1.090260961817071
main_on_suba,Main controls on SUBA sample,nested_baseline,suba,main_controls,env_patent_share_inventions,lag1_3_mean,PRT,Portugal,2022,0.06576394,elastic_net_alpha_1_l1_0.2,0.06576394,0.7750118477151716,-0.7092479077151717,0.7092479077151717
main_on_suba,Main controls on SUBA sample,nested_baseline,suba,main_controls,env_patent_share_inventions,lag1_3_mean,QAT,Qatar,2022,0.00431239,elastic_net_alpha_1_l1_0.2,0.00431239,0.7369719275880584,-0.7326595375880584,0.7326595375880584
main_on_suba,Main controls on SUBA sample,nested_baseline,suba,main_controls,env_patent_share_inventions,lag1_3_mean,ROU,Romania,2022,0.02371814,elastic_net_alpha_1_l1_0.2,0.02371814,0.5898836274656762,-0.5661654874656763,0.5661654874656763
main_on_suba,Main controls on SUBA sample,nested_baseline,suba,main_controls,env_patent_share_inventions,lag1_3_mean,RUS,Russian Federation,2022,0.1397933,elastic_net_alpha_1_l1_0.2,0.1397933,2.2880805601983845,-2.1482872601983845,2.1482872601983845
main_on_suba,Main controls on SUBA sample,nested_baseline,suba,main_controls,env_patent_share_inventions,lag1_3_mean,SAU,Saudi Arabia,2022,0.132606,elastic_net_alpha_1_l1_0.2,0.132606,1.0509107269409579,-0.9183047269409579,0.9183047269409579
main_on_suba,Main controls on SUBA sample,nested_baseline,suba,main_controls,env_patent_share_inventions,lag1_3_mean,SGP,Singapore,2022,0.1973278,elastic_net_alpha_1_l1_0.2,0.1973278,1.0517218942563558,-0.8543940942563557,0.8543940942563557
main_on_suba,Main controls on SUBA sample,nested_baseline,suba,main_controls,env_patent_share_inventions,lag1_3_mean,SRB,Serbia,2022,0.00934351,elastic_net_alpha_1_l1_0.2,0.00934351,0.33730888617979005,-0.32796537617979005,0.32796537617979005
main_on_suba,Main controls on SUBA sample,nested_baseline,suba,main_controls,env_patent_share_inventions,lag1_3_mean,SVK,Slovak Republic,2022,0.02120258,elastic_net_alpha_1_l1_0.2,0.02120258,0.37816537398604244,-0.35696279398604247,0.35696279398604247
main_on_suba,Main controls on SUBA sample,nested_baseline,suba,main_controls,env_patent_share_inventions,lag1_3_mean,SWE,Sweden,2022,0.8673653,elastic_net_alpha_1_l1_0.2,0.8673653,1.1823653830446768,-0.31500008304467675,0.31500008304467675
main_on_suba,Main controls on SUBA sample,nested_baseline,suba,main_controls,env_patent_share_inventions,lag1_3_mean,THA,Thailand,2022,0.01689019,elastic_net_alpha_1_l1_0.2,0.01689019,0.6407834689838693,-0.6238932789838693,0.6238932789838693
main_on_suba,Main controls on SUBA sample,nested_baseline,suba,main_controls,env_patent_share_inventions,lag1_3_mean,TKM,Turkmenistan,2022,0.00431239,elastic_net_alpha_1_l1_0.2,0.00431239,0.10010103360865064,-0.09578864360865064,0.09578864360865064
main_on_suba,Main controls on SUBA sample,nested_baseline,suba,main_controls,env_patent_share_inventions,lag1_3_mean,TUN,Tunisia,2022,0.001078097,elastic_net_alpha_1_l1_0.2,0.001078097,0.3111290592725593,-0.3100509622725593,0.3100509622725593
main_on_suba,Main controls on SUBA sample,nested_baseline,suba,main_controls,env_patent_share_inventions,lag1_3_mean,TUR,Turkiye,2022,0.2866661,elastic_net_alpha_1_l1_0.2,0.2866661,1.3308907350173582,-1.0442246350173583,1.0442246350173583
main_on_suba,Main controls on SUBA sample,nested_baseline,suba,main_controls,env_patent_share_inventions,lag1_3_mean,UKR,Ukraine,2022,0.01958544,elastic_net_alpha_1_l1_0.2,0.01958544,0.46357063465939297,-0.44398519465939296,0.44398519465939296
main_on_suba,Main controls on SUBA sample,nested_baseline,suba,main_controls,env_patent_share_inventions,lag1_3_mean,URY,Uruguay,2022,0.005390487,elastic_net_alpha_1_l1_0.2,0.005390487,0.44297525697491014,-0.43758476997491014,0.43758476997491014
main_on_suba,Main controls on SUBA sample,nested_baseline,suba,main_controls,env_patent_share_inventions,lag1_3_mean,USA,United States,2022,12.35069,elastic_net_alpha_1_l1_0.2,12.35069,16.375599859342675,-4.024909859342674,4.024909859342674
main_on_suba,Main controls on SUBA sample,nested_baseline,suba,main_controls,env_patent_share_inventions,lag1_3_mean,UZB,Uzbekistan,2022,0.001078097,elastic_net_alpha_1_l1_0.2,0.001078097,0.23164733042331465,-0.23056923342331465,0.23056923342331465
main_on_suba,Main controls on SUBA sample,nested_baseline,suba,main_controls,env_patent_share_inventions,lag1_3_mean,VEN,"Venezuela, RB",2022,0.003593658,elastic_net_alpha_1_l1_0.2,0.003593658,-0.058831457240055895,0.062425115240055895,0.062425115240055895
main_on_suba,Main controls on SUBA sample,nested_baseline,suba,main_controls,env_patent_share_inventions,lag1_3_mean,VNM,Viet Nam,2022,0.02414938,elastic_net_alpha_1_l1_0.2,0.02414938,0.356240591087154,-0.332091211087154,0.332091211087154
main_on_suba,Main controls on SUBA sample,nested_baseline,suba,main_controls,env_patent_share_inventions,lag1_3_mean,ZAF,South Africa,2022,0.04779565,elastic_net_alpha_1_l1_0.2,0.04779565,0.7792148137571088,-0.7314191637571088,0.7314191637571088
main_on_suba,Main controls on SUBA sample,nested_baseline,suba,main_controls,env_patent_share_inventions,lag1_3_mean,ZWE,Zimbabwe,2022,0.0007187316,elastic_net_alpha_1_l1_0.2,0.0007187316,-0.007193224966026701,0.0079119565660267,0.0079119565660267
main_on_suba,Main controls on SUBA sample,nested_baseline,suba,main_controls,env_patent_share_inventions,lag1_3_mean,ALB,Albania,2023,0.0007706951,elastic_net_alpha_1_l1_0.2,0.0007706951,0.29003345569942296,-0.28926276059942296,0.28926276059942296
main_on_suba,Main controls on SUBA sample,nested_baseline,suba,main_controls,env_patent_share_inventions,lag1_3_mean,ARE,United Arab Emirates,2023,0.03206092,elastic_net_alpha_1_l1_0.2,0.03206092,0.7081980833342532,-0.6761371633342531,0.6761371633342531
main_on_suba,Main controls on SUBA sample,nested_baseline,suba,main_controls,env_patent_share_inventions,lag1_3_mean,ARG,Argentina,2023,0.01329449,elastic_net_alpha_1_l1_0.2,0.01329449,0.6443603035894635,-0.6310658135894635,0.6310658135894635
main_on_suba,Main controls on SUBA sample,nested_baseline,suba,main_controls,env_patent_share_inventions,lag1_3_mean,ARM,Armenia,2023,0.005780213,elastic_net_alpha_1_l1_0.2,0.005780213,0.3081948709098633,-0.3024146579098633,0.3024146579098633
main_on_suba,Main controls on SUBA sample,nested_baseline,suba,main_controls,env_patent_share_inventions,lag1_3_mean,AUS,Australia,2023,0.4618776,elastic_net_alpha_1_l1_0.2,0.4618776,2.342638367882061,-1.8807607678820608,1.8807607678820608
main_on_suba,Main controls on SUBA sample,nested_baseline,suba,main_controls,env_patent_share_inventions,lag1_3_mean,AUT,Austria,2023,0.4801606,elastic_net_alpha_1_l1_0.2,0.4801606,0.9094848502689146,-0.4293242502689146,0.4293242502689146
main_on_suba,Main controls on SUBA sample,nested_baseline,suba,main_controls,env_patent_share_inventions,lag1_3_mean,AZE,Azerbaijan,2023,0.006936256,elastic_net_alpha_1_l1_0.2,0.006936256,0.29231065987984695,-0.28537440387984697,0.28537440387984697
main_on_suba,Main controls on SUBA sample,nested_baseline,suba,main_controls,env_patent_share_inventions,lag1_3_mean,BEL,Belgium,2023,0.4136321,elastic_net_alpha_1_l1_0.2,0.4136321,0.8646667447531341,-0.4510346447531341,0.4510346447531341
main_on_suba,Main controls on SUBA sample,nested_baseline,suba,main_controls,env_patent_share_inventions,lag1_3_mean,BFA,Burkina Faso,2023,0.001156043,elastic_net_alpha_1_l1_0.2,0.001156043,0.1303407671366853,-0.1291847241366853,0.1291847241366853
main_on_suba,Main controls on SUBA sample,nested_baseline,suba,main_controls,env_patent_share_inventions,lag1_3_mean,BGD,Bangladesh,2023,0.001156043,elastic_net_alpha_1_l1_0.2,0.001156043,0.3826810417193687,-0.3815249987193687,0.3815249987193687
main_on_suba,Main controls on SUBA sample,nested_baseline,suba,main_controls,env_patent_share_inventions,lag1_3_mean,BGR,Bulgaria,2023,0.01202284,elastic_net_alpha_1_l1_0.2,0.01202284,0.3734006964706682,-0.3613778564706682,0.3613778564706682
main_on_suba,Main controls on SUBA sample,nested_baseline,suba,main_controls,env_patent_share_inventions,lag1_3_mean,BOL,Bolivia,2023,0.004238823,elastic_net_alpha_1_l1_0.2,0.004238823,0.12078944874031627,-0.11655062574031627,0.11655062574031627
main_on_suba,Main controls on SUBA sample,nested_baseline,suba,main_controls,env_patent_share_inventions,lag1_3_mean,BRA,Brazil,2023,0.1532527,elastic_net_alpha_1_l1_0.2,0.1532527,2.2077470085281594,-2.0544943085281595,2.0544943085281595
main_on_suba,Main controls on SUBA sample,nested_baseline,suba,main_controls,env_patent_share_inventions,lag1_3_mean,CAN,Canada,2023,0.8605196,elastic_net_alpha_1_l1_0.2,0.8605196,2.460584182391497,-1.600064582391497,1.600064582391497
main_on_suba,Main controls on SUBA sample,nested_baseline,suba,main_controls,env_patent_share_inventions,lag1_3_mean,CHE,Switzerland,2023,0.4411294,elastic_net_alpha_1_l1_0.2,0.4411294,0.6923393925916844,-0.2512099925916844,0.2512099925916844
main_on_suba,Main controls on SUBA sample,nested_baseline,suba,main_controls,env_patent_share_inventions,lag1_3_mean,CHL,Chile,2023,0.05549005,elastic_net_alpha_1_l1_0.2,0.05549005,0.7654404060348479,-0.7099503560348479,0.7099503560348479
main_on_suba,Main controls on SUBA sample,nested_baseline,suba,main_controls,env_patent_share_inventions,lag1_3_mean,CHN,China,2023,38.42308,elastic_net_alpha_1_l1_0.2,38.42308,18.281263939575506,20.141816060424492,20.141816060424492
main_on_suba,Main controls on SUBA sample,nested_baseline,suba,main_controls,env_patent_share_inventions,lag1_3_mean,CIV,Cote d'Ivoire,2023,0.0007706951,elastic_net_alpha_1_l1_0.2,0.0007706951,0.2972391906432287,-0.2964684955432287,0.2964684955432287
main_on_suba,Main controls on SUBA sample,nested_baseline,suba,main_controls,env_patent_share_inventions,lag1_3_mean,COL,Colombia,2023,0.02127118,elastic_net_alpha_1_l1_0.2,0.02127118,0.6808931784123806,-0.6596219984123806,0.6596219984123806
main_on_suba,Main controls on SUBA sample,nested_baseline,suba,main_controls,env_patent_share_inventions,lag1_3_mean,CZE,Czechia,2023,0.118687,elastic_net_alpha_1_l1_0.2,0.118687,0.7740080215651217,-0.6553210215651217,0.6553210215651217
main_on_suba,Main controls on SUBA sample,nested_baseline,suba,main_controls,env_patent_share_inventions,lag1_3_mean,DEU,Germany,2023,5.323825,elastic_net_alpha_1_l1_0.2,5.323825,4.143312859045078,1.1805121409549226,1.1805121409549226
main_on_suba,Main controls on SUBA sample,nested_baseline,suba,main_controls,env_patent_share_inventions,lag1_3_mean,DNK,Denmark,2023,0.7307345,elastic_net_alpha_1_l1_0.2,0.7307345,1.0220394180061287,-0.2913049180061288,0.2913049180061288
main_on_suba,Main controls on SUBA sample,nested_baseline,suba,main_controls,env_patent_share_inventions,lag1_3_mean,DZA,Algeria,2023,0.002890107,elastic_net_alpha_1_l1_0.2,0.002890107,0.31733558987538946,-0.3144454828753895,0.3144454828753895
main_on_suba,Main controls on SUBA sample,nested_baseline,suba,main_controls,env_patent_share_inventions,lag1_3_mean,EGY,"Egypt, Arab Rep.",2023,0.009441015,elastic_net_alpha_1_l1_0.2,0.009441015,0.7122816378813549,-0.7028406228813548,0.7028406228813548
main_on_suba,Main controls on SUBA sample,nested_baseline,suba,main_controls,env_patent_share_inventions,lag1_3_mean,ESP,Spain,2023,0.4860224,elastic_net_alpha_1_l1_0.2,0.4860224,2.107639004671732,-1.6216166046717322,1.6216166046717322
main_on_suba,Main controls on SUBA sample,nested_baseline,suba,main_controls,env_patent_share_inventions,lag1_3_mean,ETH,Ethiopia,2023,0.005780213,elastic_net_alpha_1_l1_0.2,0.005780213,0.32451037003543104,-0.31873015703543106,0.31873015703543106
main_on_suba,Main controls on SUBA sample,nested_baseline,suba,main_controls,env_patent_share_inventions,lag1_3_mean,FIN,Finland,2023,0.378583,elastic_net_alpha_1_l1_0.2,0.378583,0.9767837212371688,-0.5982007212371688,0.5982007212371688
main_on_suba,Main controls on SUBA sample,nested_baseline,suba,main_controls,env_patent_share_inventions,lag1_3_mean,FRA,France,2023,2.193091,elastic_net_alpha_1_l1_0.2,2.193091,2.8008385780236513,-0.6077475780236514,0.6077475780236514
main_on_suba,Main controls on SUBA sample,nested_baseline,suba,main_controls,env_patent_share_inventions,lag1_3_mean,GBR,United Kingdom,2023,1.668825,elastic_net_alpha_1_l1_0.2,1.668825,3.773553739646003,-2.104728739646003,2.104728739646003
main_on_suba,Main controls on SUBA sample,nested_baseline,suba,main_controls,env_patent_share_inventions,lag1_3_mean,GEO,Georgia,2023,0.002312085,elastic_net_alpha_1_l1_0.2,0.002312085,0.4137510245776308,-0.4114389395776308,0.4114389395776308
main_on_suba,Main controls on SUBA sample,nested_baseline,suba,main_controls,env_patent_share_inventions,lag1_3_mean,GHA,Ghana,2023,0.003468128,elastic_net_alpha_1_l1_0.2,0.003468128,0.318404459135778,-0.31493633113577796,0.31493633113577796
main_on_suba,Main controls on SUBA sample,nested_baseline,suba,main_controls,env_patent_share_inventions,lag1_3_mean,GRC,Greece,2023,0.0370319,elastic_net_alpha_1_l1_0.2,0.0370319,0.6433401662744542,-0.6063082662744542,0.6063082662744542
main_on_suba,Main controls on SUBA sample,nested_baseline,suba,main_controls,env_patent_share_inventions,lag1_3_mean,GTM,Guatemala,2023,0.002312085,elastic_net_alpha_1_l1_0.2,0.002312085,0.281509213611263,-0.279197128611263,0.279197128611263
main_on_suba,Main controls on SUBA sample,nested_baseline,suba,main_controls,env_patent_share_inventions,lag1_3_mean,HRV,Croatia,2023,0.02196481,elastic_net_alpha_1_l1_0.2,0.02196481,0.3999967446488595,-0.3780319346488595,0.3780319346488595
main_on_suba,Main controls on SUBA sample,nested_baseline,suba,main_controls,env_patent_share_inventions,lag1_3_mean,HUN,Hungary,2023,0.04990251,elastic_net_alpha_1_l1_0.2,0.04990251,0.635605644192976,-0.585703134192976,0.585703134192976
main_on_suba,Main controls on SUBA sample,nested_baseline,suba,main_controls,env_patent_share_inventions,lag1_3_mean,IDN,Indonesia,2023,0.02235016,elastic_net_alpha_1_l1_0.2,0.02235016,1.3818822642193656,-1.3595321042193655,1.3595321042193655
main_on_suba,Main controls on SUBA sample,nested_baseline,suba,main_controls,env_patent_share_inventions,lag1_3_mean,IND,India,2023,0.9509992,elastic_net_alpha_1_l1_0.2,0.9509992,4.007759725953191,-3.056760525953191,3.056760525953191
main_on_suba,Main controls on SUBA sample,nested_baseline,suba,main_controls,env_patent_share_inventions,lag1_3_mean,IRL,Ireland,2023,0.113639,elastic_net_alpha_1_l1_0.2,0.113639,0.7427058729611875,-0.6290668729611875,0.6290668729611875
main_on_suba,Main controls on SUBA sample,nested_baseline,suba,main_controls,env_patent_share_inventions,lag1_3_mean,IRN,"Iran, Islamic Rep.",2023,0.02181067,elastic_net_alpha_1_l1_0.2,0.02181067,1.0646648742125535,-1.0428542042125535,1.0428542042125535
main_on_suba,Main controls on SUBA sample,nested_baseline,suba,main_controls,env_patent_share_inventions,lag1_3_mean,ISR,Israel,2023,0.2640401,elastic_net_alpha_1_l1_0.2,0.2640401,0.9904140997775266,-0.7263739997775266,0.7263739997775266
main_on_suba,Main controls on SUBA sample,nested_baseline,suba,main_controls,env_patent_share_inventions,lag1_3_mean,ITA,Italy,2023,0.9510773,elastic_net_alpha_1_l1_0.2,0.9510773,2.4837979624064164,-1.5327206624064162,1.5327206624064162
main_on_suba,Main controls on SUBA sample,nested_baseline,suba,main_controls,env_patent_share_inventions,lag1_3_mean,JOR,Jordan,2023,0.003986596,elastic_net_alpha_1_l1_0.2,0.003986596,0.37578083877818014,-0.37179424277818013,0.37179424277818013
main_on_suba,Main controls on SUBA sample,nested_baseline,suba,main_controls,env_patent_share_inventions,lag1_3_mean,JPN,Japan,2023,12.35528,elastic_net_alpha_1_l1_0.2,12.35528,4.0803927389648464,8.274887261035154,8.274887261035154
main_on_suba,Main controls on SUBA sample,nested_baseline,suba,main_controls,env_patent_share_inventions,lag1_3_mean,KAZ,Kazakhstan,2023,0.001156043,elastic_net_alpha_1_l1_0.2,0.001156043,0.5033046164500075,-0.5021485734500074,0.5021485734500074
main_on_suba,Main controls on SUBA sample,nested_baseline,suba,main_controls,env_patent_share_inventions,lag1_3_mean,KEN,Kenya,2023,0.002312085,elastic_net_alpha_1_l1_0.2,0.002312085,0.31571678758871524,-0.3134047025887152,0.3134047025887152
main_on_suba,Main controls on SUBA sample,nested_baseline,suba,main_controls,env_patent_share_inventions,lag1_3_mean,KOR,"Korea, Rep.",2023,17.64583,elastic_net_alpha_1_l1_0.2,17.64583,2.3311983432877317,15.314631656712269,15.314631656712269
main_on_suba,Main controls on SUBA sample,nested_baseline,suba,main_controls,env_patent_share_inventions,lag1_3_mean,KWT,Kuwait,2023,0.0007706951,elastic_net_alpha_1_l1_0.2,0.0007706951,0.46055027130806736,-0.45977957620806736,0.45977957620806736
main_on_suba,Main controls on SUBA sample,nested_baseline,suba,main_controls,env_patent_share_inventions,lag1_3_mean,LAO,Lao PDR,2023,0.001156043,elastic_net_alpha_1_l1_0.2,0.001156043,0.10408159701108777,-0.10292555401108777,0.10292555401108777
main_on_suba,Main controls on SUBA sample,nested_baseline,suba,main_controls,env_patent_share_inventions,lag1_3_mean,LBN,Lebanon,2023,0.01123113,elastic_net_alpha_1_l1_0.2,0.01123113,0.15273348305510803,-0.14150235305510803,0.14150235305510803
main_on_suba,Main controls on SUBA sample,nested_baseline,suba,main_controls,env_patent_share_inventions,lag1_3_mean,LKA,Sri Lanka,2023,0.007321603,elastic_net_alpha_1_l1_0.2,0.007321603,0.3495230067461146,-0.3422014037461146,0.3422014037461146
main_on_suba,Main controls on SUBA sample,nested_baseline,suba,main_controls,env_patent_share_inventions,lag1_3_mean,MAR,Morocco,2023,0.02011614,elastic_net_alpha_1_l1_0.2,0.02011614,0.4126894864425954,-0.3925733464425954,0.3925733464425954
main_on_suba,Main controls on SUBA sample,nested_baseline,suba,main_controls,env_patent_share_inventions,lag1_3_mean,MEX,Mexico,2023,0.0551047,elastic_net_alpha_1_l1_0.2,0.0551047,1.1669728499462109,-1.1118681499462109,1.1118681499462109
main_on_suba,Main controls on SUBA sample,nested_baseline,suba,main_controls,env_patent_share_inventions,lag1_3_mean,MKD,North Macedonia,2023,0.002312085,elastic_net_alpha_1_l1_0.2,0.002312085,0.2245891727577941,-0.22227708775779412,0.22227708775779412
main_on_suba,Main controls on SUBA sample,nested_baseline,suba,main_controls,env_patent_share_inventions,lag1_3_mean,MNE,Montenegro,2023,0.003468128,elastic_net_alpha_1_l1_0.2,0.003468128,0.29048415836229036,-0.28701603036229034,0.28701603036229034
main_on_suba,Main controls on SUBA sample,nested_baseline,suba,main_controls,env_patent_share_inventions,lag1_3_mean,MYS,Malaysia,2023,0.05518177,elastic_net_alpha_1_l1_0.2,0.05518177,0.8675468049160209,-0.8123650349160209,0.8123650349160209
main_on_suba,Main controls on SUBA sample,nested_baseline,suba,main_controls,env_patent_share_inventions,lag1_3_mean,NLD,Netherlands,2023,0.5949941,elastic_net_alpha_1_l1_0.2,0.5949941,0.8961357947205585,-0.3011416947205585,0.3011416947205585
main_on_suba,Main controls on SUBA sample,nested_baseline,suba,main_controls,env_patent_share_inventions,lag1_3_mean,NOR,Norway,2023,0.2159873,elastic_net_alpha_1_l1_0.2,0.2159873,1.0275161147305396,-0.8115288147305396,0.8115288147305396
main_on_suba,Main controls on SUBA sample,nested_baseline,suba,main_controls,env_patent_share_inventions,lag1_3_mean,NZL,New Zealand,2023,0.06288872,elastic_net_alpha_1_l1_0.2,0.06288872,0.9460680483258125,-0.8831793283258125,0.8831793283258125
main_on_suba,Main controls on SUBA sample,nested_baseline,suba,main_controls,env_patent_share_inventions,lag1_3_mean,PAK,Pakistan,2023,0.002830553,elastic_net_alpha_1_l1_0.2,0.002830553,0.6405071312618797,-0.6376765782618797,0.6376765782618797
main_on_suba,Main controls on SUBA sample,nested_baseline,suba,main_controls,env_patent_share_inventions,lag1_3_mean,PAN,Panama,2023,0.005086588,elastic_net_alpha_1_l1_0.2,0.005086588,0.3349732827808779,-0.3298866947808779,0.3298866947808779
main_on_suba,Main controls on SUBA sample,nested_baseline,suba,main_controls,env_patent_share_inventions,lag1_3_mean,PER,Peru,2023,0.008477646,elastic_net_alpha_1_l1_0.2,0.008477646,0.5002822783319176,-0.4918046323319176,0.4918046323319176
main_on_suba,Main controls on SUBA sample,nested_baseline,suba,main_controls,env_patent_share_inventions,lag1_3_mean,PHL,Philippines,2023,0.002312085,elastic_net_alpha_1_l1_0.2,0.002312085,0.5363223746723241,-0.5340102896723241,0.5340102896723241
main_on_suba,Main controls on SUBA sample,nested_baseline,suba,main_controls,env_patent_share_inventions,lag1_3_mean,POL,Poland,2023,0.1666243,elastic_net_alpha_1_l1_0.2,0.1666243,1.2718114510470955,-1.1051871510470954,1.1051871510470954
main_on_suba,Main controls on SUBA sample,nested_baseline,suba,main_controls,env_patent_share_inventions,lag1_3_mean,PRT,Portugal,2023,0.08377456,elastic_net_alpha_1_l1_0.2,0.08377456,0.7886081869580792,-0.7048336269580793,0.7048336269580793
main_on_suba,Main controls on SUBA sample,nested_baseline,suba,main_controls,env_patent_share_inventions,lag1_3_mean,QAT,Qatar,2023,0.002312085,elastic_net_alpha_1_l1_0.2,0.002312085,0.7244906628681134,-0.7221785778681133,0.7221785778681133
main_on_suba,Main controls on SUBA sample,nested_baseline,suba,main_controls,env_patent_share_inventions,lag1_3_mean,ROU,Romania,2023,0.03121315,elastic_net_alpha_1_l1_0.2,0.03121315,0.6072590593229386,-0.5760459093229385,0.5760459093229385
main_on_suba,Main controls on SUBA sample,nested_baseline,suba,main_controls,env_patent_share_inventions,lag1_3_mean,RUS,Russian Federation,2023,0.1051999,elastic_net_alpha_1_l1_0.2,0.1051999,2.1223347013222402,-2.01713480132224,2.01713480132224
main_on_suba,Main controls on SUBA sample,nested_baseline,suba,main_controls,env_patent_share_inventions,lag1_3_mean,SAU,Saudi Arabia,2023,0.1056623,elastic_net_alpha_1_l1_0.2,0.1056623,1.155729384510225,-1.050067084510225,1.050067084510225
main_on_suba,Main controls on SUBA sample,nested_baseline,suba,main_controls,env_patent_share_inventions,lag1_3_mean,SGP,Singapore,2023,0.2277789,elastic_net_alpha_1_l1_0.2,0.2277789,1.0746914046284277,-0.8469125046284277,0.8469125046284277
main_on_suba,Main controls on SUBA sample,nested_baseline,suba,main_controls,env_patent_share_inventions,lag1_3_mean,SLV,El Salvador,2023,0.002312085,elastic_net_alpha_1_l1_0.2,0.002312085,0.22768148239987007,-0.22536939739987008,0.22536939739987008
main_on_suba,Main controls on SUBA sample,nested_baseline,suba,main_controls,env_patent_share_inventions,lag1_3_mean,SRB,Serbia,2023,0.02003807,elastic_net_alpha_1_l1_0.2,0.02003807,0.33817914585197295,-0.31814107585197293,0.31814107585197293
main_on_suba,Main controls on SUBA sample,nested_baseline,suba,main_controls,env_patent_share_inventions,lag1_3_mean,SVK,Slovak Republic,2023,0.01965272,elastic_net_alpha_1_l1_0.2,0.01965272,0.36910638687508945,-0.34945366687508944,0.34945366687508944
main_on_suba,Main controls on SUBA sample,nested_baseline,suba,main_controls,env_patent_share_inventions,lag1_3_mean,SWE,Sweden,2023,0.812775,elastic_net_alpha_1_l1_0.2,0.812775,1.2712736119592694,-0.45849861195926933,0.45849861195926933
main_on_suba,Main controls on SUBA sample,nested_baseline,suba,main_controls,env_patent_share_inventions,lag1_3_mean,THA,Thailand,2023,0.0242769,elastic_net_alpha_1_l1_0.2,0.0242769,0.663037119585953,-0.638760219585953,0.638760219585953
main_on_suba,Main controls on SUBA sample,nested_baseline,suba,main_controls,env_patent_share_inventions,lag1_3_mean,TUN,Tunisia,2023,0.002697433,elastic_net_alpha_1_l1_0.2,0.002697433,0.2869143928702247,-0.28421695987022466,0.28421695987022466
main_on_suba,Main controls on SUBA sample,nested_baseline,suba,main_controls,env_patent_share_inventions,lag1_3_mean,TUR,Turkiye,2023,0.2342913,elastic_net_alpha_1_l1_0.2,0.2342913,1.4009520104533615,-1.1666607104533615,1.1666607104533615
main_on_suba,Main controls on SUBA sample,nested_baseline,suba,main_controls,env_patent_share_inventions,lag1_3_mean,UGA,Uganda,2023,0.003468128,elastic_net_alpha_1_l1_0.2,0.003468128,0.17749276518111878,-0.1740246371811188,0.1740246371811188
main_on_suba,Main controls on SUBA sample,nested_baseline,suba,main_controls,env_patent_share_inventions,lag1_3_mean,UKR,Ukraine,2023,0.04046149,elastic_net_alpha_1_l1_0.2,0.04046149,0.4319049627524799,-0.3914434727524799,0.3914434727524799
main_on_suba,Main controls on SUBA sample,nested_baseline,suba,main_controls,env_patent_share_inventions,lag1_3_mean,USA,United States,2023,10.59949,elastic_net_alpha_1_l1_0.2,10.59949,16.705317781692155,-6.105827781692156,6.105827781692156
main_on_suba,Main controls on SUBA sample,nested_baseline,suba,main_controls,env_patent_share_inventions,lag1_3_mean,UZB,Uzbekistan,2023,0.00154139,elastic_net_alpha_1_l1_0.2,0.00154139,0.24004830488047113,-0.23850691488047113,0.23850691488047113
main_on_suba,Main controls on SUBA sample,nested_baseline,suba,main_controls,env_patent_share_inventions,lag1_3_mean,VEN,"Venezuela, RB",2023,0.001156043,elastic_net_alpha_1_l1_0.2,0.001156043,-0.013971257379082669,0.01512730037908267,0.01512730037908267
main_on_suba,Main controls on SUBA sample,nested_baseline,suba,main_controls,env_patent_share_inventions,lag1_3_mean,VNM,Viet Nam,2023,0.006550908,elastic_net_alpha_1_l1_0.2,0.006550908,0.37499625992713714,-0.3684453519271371,0.3684453519271371
main_on_suba,Main controls on SUBA sample,nested_baseline,suba,main_controls,env_patent_share_inventions,lag1_3_mean,ZAF,South Africa,2023,0.06049956,elastic_net_alpha_1_l1_0.2,0.06049956,0.7617505949701433,-0.7012510349701433,0.7012510349701433
main_on_suba,Main controls on SUBA sample,nested_baseline,suba,main_controls,env_patent_share_inventions,lag1_3_mean,ZWE,Zimbabwe,2023,0.0007706951,elastic_net_alpha_1_l1_0.2,0.0007706951,0.07218888929113243,-0.07141819419113243,0.07141819419113243
main_plus_suba,Main controls plus SUBA predictors,nested_augmented,suba,main_plus_submodel,env_patent_share_inventions,lag1_3_mean,ALB,Albania,2022,0.0005390487,elastic_net_alpha_1_l1_0.5,0.0005390487,0.34823157785821224,-0.34769252915821225,0.34769252915821225
main_plus_suba,Main controls plus SUBA predictors,nested_augmented,suba,main_plus_submodel,env_patent_share_inventions,lag1_3_mean,ARE,United Arab Emirates,2022,0.02228068,elastic_net_alpha_1_l1_0.5,0.02228068,0.6202687922375565,-0.5979881122375564,0.5979881122375564
main_plus_suba,Main controls plus SUBA predictors,nested_augmented,suba,main_plus_submodel,env_patent_share_inventions,lag1_3_mean,ARG,Argentina,2022,0.01132002,elastic_net_alpha_1_l1_0.5,0.01132002,0.7114201651248759,-0.700100145124876,0.700100145124876
main_plus_suba,Main controls plus SUBA predictors,nested_augmented,suba,main_plus_submodel,env_patent_share_inventions,lag1_3_mean,ARM,Armenia,2022,0.00431239,elastic_net_alpha_1_l1_0.5,0.00431239,0.3601266146223626,-0.3558142246223626,0.3558142246223626
main_plus_suba,Main controls plus SUBA predictors,nested_augmented,suba,main_plus_submodel,env_patent_share_inventions,lag1_3_mean,AUS,Australia,2022,0.4013757,elastic_net_alpha_1_l1_0.5,0.4013757,1.9268764180762288,-1.5255007180762288,1.5255007180762288
main_plus_suba,Main controls plus SUBA predictors,nested_augmented,suba,main_plus_submodel,env_patent_share_inventions,lag1_3_mean,AUT,Austria,2022,0.5074065,elastic_net_alpha_1_l1_0.5,0.5074065,0.7715280822639726,-0.26412158226397264,0.26412158226397264
main_plus_suba,Main controls plus SUBA predictors,nested_augmented,suba,main_plus_submodel,env_patent_share_inventions,lag1_3_mean,BEL,Belgium,2022,0.4569935,elastic_net_alpha_1_l1_0.5,0.4569935,0.8487286123143053,-0.3917351123143053,0.3917351123143053
main_plus_suba,Main controls plus SUBA predictors,nested_augmented,suba,main_plus_submodel,env_patent_share_inventions,lag1_3_mean,BGD,Bangladesh,2022,0.006684204,elastic_net_alpha_1_l1_0.5,0.006684204,0.5169943993813332,-0.5103101953813332,0.5103101953813332
main_plus_suba,Main controls plus SUBA predictors,nested_augmented,suba,main_plus_submodel,env_patent_share_inventions,lag1_3_mean,BGR,Bulgaria,2022,0.01936982,elastic_net_alpha_1_l1_0.5,0.01936982,0.4406209436092793,-0.4212511236092793,0.4212511236092793
main_plus_suba,Main controls plus SUBA predictors,nested_augmented,suba,main_plus_submodel,env_patent_share_inventions,lag1_3_mean,BHR,Bahrain,2022,0.002156195,elastic_net_alpha_1_l1_0.5,0.002156195,0.3833468459865622,-0.3811906509865622,0.3811906509865622
main_plus_suba,Main controls plus SUBA predictors,nested_augmented,suba,main_plus_submodel,env_patent_share_inventions,lag1_3_mean,BIH,Bosnia and Herzegovina,2022,0.0005390487,elastic_net_alpha_1_l1_0.5,0.0005390487,0.3485177712161055,-0.3479787225161055,0.3479787225161055
main_plus_suba,Main controls plus SUBA predictors,nested_augmented,suba,main_plus_submodel,env_patent_share_inventions,lag1_3_mean,BLR,Belarus,2022,0.002156195,elastic_net_alpha_1_l1_0.5,0.002156195,0.36553899395552747,-0.36338279895552744,0.36338279895552744
main_plus_suba,Main controls plus SUBA predictors,nested_augmented,suba,main_plus_submodel,env_patent_share_inventions,lag1_3_mean,BOL,Bolivia,2022,0.0007187316,elastic_net_alpha_1_l1_0.5,0.0007187316,0.32260515290426584,-0.3218864213042658,0.3218864213042658
main_plus_suba,Main controls plus SUBA predictors,nested_augmented,suba,main_plus_submodel,env_patent_share_inventions,lag1_3_mean,BRA,Brazil,2022,0.1441057,elastic_net_alpha_1_l1_0.5,0.1441057,2.1456521428326347,-2.001546442832635,2.001546442832635
main_plus_suba,Main controls plus SUBA predictors,nested_augmented,suba,main_plus_submodel,env_patent_share_inventions,lag1_3_mean,CAN,Canada,2022,1.151103,elastic_net_alpha_1_l1_0.5,1.151103,2.0894009494848094,-0.9382979494848094,0.9382979494848094
main_plus_suba,Main controls plus SUBA predictors,nested_augmented,suba,main_plus_submodel,env_patent_share_inventions,lag1_3_mean,CHE,Switzerland,2022,0.4045081,elastic_net_alpha_1_l1_0.5,0.4045081,1.074708114704815,-0.670200014704815,0.670200014704815
main_plus_suba,Main controls plus SUBA predictors,nested_augmented,suba,main_plus_submodel,env_patent_share_inventions,lag1_3_mean,CHL,Chile,2022,0.03126482,elastic_net_alpha_1_l1_0.5,0.03126482,0.6153456073908461,-0.5840807873908461,0.5840807873908461
main_plus_suba,Main controls plus SUBA predictors,nested_augmented,suba,main_plus_submodel,env_patent_share_inventions,lag1_3_mean,CHN,China,2022,36.75972,elastic_net_alpha_1_l1_0.5,36.75972,16.901167722669967,19.858552277330034,19.858552277330034
main_plus_suba,Main controls plus SUBA predictors,nested_augmented,suba,main_plus_submodel,env_patent_share_inventions,lag1_3_mean,CIV,Cote d'Ivoire,2022,0.001078097,elastic_net_alpha_1_l1_0.5,0.001078097,0.3602712366309021,-0.3591931396309021,0.3591931396309021
main_plus_suba,Main controls plus SUBA predictors,nested_augmented,suba,main_plus_submodel,env_patent_share_inventions,lag1_3_mean,CMR,Cameroon,2022,0.001796829,elastic_net_alpha_1_l1_0.5,0.001796829,0.34609854863780587,-0.34430171963780587,0.34430171963780587
main_plus_suba,Main controls plus SUBA predictors,nested_augmented,suba,main_plus_submodel,env_patent_share_inventions,lag1_3_mean,COL,Colombia,2022,0.04995184,elastic_net_alpha_1_l1_0.5,0.04995184,0.6246229283970048,-0.5746710883970049,0.5746710883970049
main_plus_suba,Main controls plus SUBA predictors,nested_augmented,suba,main_plus_submodel,env_patent_share_inventions,lag1_3_mean,CRI,Costa Rica,2022,0.00431239,elastic_net_alpha_1_l1_0.5,0.00431239,0.3973936752276801,-0.3930812852276801,0.3930812852276801
main_plus_suba,Main controls plus SUBA predictors,nested_augmented,suba,main_plus_submodel,env_patent_share_inventions,lag1_3_mean,CZE,Czechia,2022,0.1217172,elastic_net_alpha_1_l1_0.5,0.1217172,0.6967197249638426,-0.5750025249638426,0.5750025249638426
main_plus_suba,Main controls plus SUBA predictors,nested_augmented,suba,main_plus_submodel,env_patent_share_inventions,lag1_3_mean,DEU,Germany,2022,5.048269,elastic_net_alpha_1_l1_0.5,5.048269,3.6641609942028968,1.3841080057971036,1.3841080057971036
main_plus_suba,Main controls plus SUBA predictors,nested_augmented,suba,main_plus_submodel,env_patent_share_inventions,lag1_3_mean,DNK,Denmark,2022,0.756465,elastic_net_alpha_1_l1_0.5,0.756465,0.7750193566632422,-0.018554356663242122,0.018554356663242122
main_plus_suba,Main controls plus SUBA predictors,nested_augmented,suba,main_plus_submodel,env_patent_share_inventions,lag1_3_mean,DZA,Algeria,2022,0.002695243,elastic_net_alpha_1_l1_0.5,0.002695243,0.4820574861958735,-0.4793622431958735,0.4793622431958735
main_plus_suba,Main controls plus SUBA predictors,nested_augmented,suba,main_plus_submodel,env_patent_share_inventions,lag1_3_mean,ECU,Ecuador,2022,0.002695243,elastic_net_alpha_1_l1_0.5,0.002695243,0.40189998942979777,-0.39920474642979775,0.39920474642979775
main_plus_suba,Main controls plus SUBA predictors,nested_augmented,suba,main_plus_submodel,env_patent_share_inventions,lag1_3_mean,EGY,"Egypt, Arab Rep.",2022,0.01635114,elastic_net_alpha_1_l1_0.5,0.01635114,0.7619893958524291,-0.745638255852429,0.745638255852429
main_plus_suba,Main controls plus SUBA predictors,nested_augmented,suba,main_plus_submodel,env_patent_share_inventions,lag1_3_mean,ESP,Spain,2022,0.5145639,elastic_net_alpha_1_l1_0.5,0.5145639,1.8602877246782878,-1.3457238246782879,1.3457238246782879
main_plus_suba,Main controls plus SUBA predictors,nested_augmented,suba,main_plus_submodel,env_patent_share_inventions,lag1_3_mean,ETH,Ethiopia,2022,0.002156195,elastic_net_alpha_1_l1_0.5,0.002156195,0.4126109683564285,-0.4104547733564285,0.4104547733564285
main_plus_suba,Main controls plus SUBA predictors,nested_augmented,suba,main_plus_submodel,env_patent_share_inventions,lag1_3_mean,FIN,Finland,2022,0.3148763,elastic_net_alpha_1_l1_0.5,0.3148763,0.6805501836330619,-0.36567388363306186,0.36567388363306186
main_plus_suba,Main controls plus SUBA predictors,nested_augmented,suba,main_plus_submodel,env_patent_share_inventions,lag1_3_mean,FRA,France,2022,1.679969,elastic_net_alpha_1_l1_0.5,1.679969,2.5047236066911873,-0.8247546066911873,0.8247546066911873
main_plus_suba,Main controls plus SUBA predictors,nested_augmented,suba,main_plus_submodel,env_patent_share_inventions,lag1_3_mean,GBR,United Kingdom,2022,1.691451,elastic_net_alpha_1_l1_0.5,1.691451,3.280910564795242,-1.589459564795242,1.589459564795242
main_plus_suba,Main controls plus SUBA predictors,nested_augmented,suba,main_plus_submodel,env_patent_share_inventions,lag1_3_mean,GHA,Ghana,2022,0.003593658,elastic_net_alpha_1_l1_0.5,0.003593658,0.39125795967441823,-0.38766430167441823,0.38766430167441823
main_plus_suba,Main controls plus SUBA predictors,nested_augmented,suba,main_plus_submodel,env_patent_share_inventions,lag1_3_mean,GRC,Greece,2022,0.0394943,elastic_net_alpha_1_l1_0.5,0.0394943,0.6268511185032831,-0.5873568185032831,0.5873568185032831
main_plus_suba,Main controls plus SUBA predictors,nested_augmented,suba,main_plus_submodel,env_patent_share_inventions,lag1_3_mean,GTM,Guatemala,2022,0.002156195,elastic_net_alpha_1_l1_0.5,0.002156195,0.36032430348718214,-0.3581681084871821,0.3581681084871821
main_plus_suba,Main controls plus SUBA predictors,nested_augmented,suba,main_plus_submodel,env_patent_share_inventions,lag1_3_mean,HRV,Croatia,2022,0.00934351,elastic_net_alpha_1_l1_0.5,0.00934351,0.44723517011881664,-0.43789166011881664,0.43789166011881664
main_plus_suba,Main controls plus SUBA predictors,nested_augmented,suba,main_plus_submodel,env_patent_share_inventions,lag1_3_mean,HUN,Hungary,2022,0.0398896,elastic_net_alpha_1_l1_0.5,0.0398896,0.5299568415276102,-0.4900672415276103,0.4900672415276103
main_plus_suba,Main controls plus SUBA predictors,nested_augmented,suba,main_plus_submodel,env_patent_share_inventions,lag1_3_mean,IDN,Indonesia,2022,0.0166027,elastic_net_alpha_1_l1_0.5,0.0166027,1.3094065079126775,-1.2928038079126776,1.2928038079126776
main_plus_suba,Main controls plus SUBA predictors,nested_augmented,suba,main_plus_submodel,env_patent_share_inventions,lag1_3_mean,IND,India,2022,1.054487,elastic_net_alpha_1_l1_0.5,1.054487,3.7020445549140466,-2.6475575549140467,2.6475575549140467
main_plus_suba,Main controls plus SUBA predictors,nested_augmented,suba,main_plus_submodel,env_patent_share_inventions,lag1_3_mean,IRL,Ireland,2022,0.07543088,elastic_net_alpha_1_l1_0.5,0.07543088,0.7046993389542339,-0.6292684589542339,0.6292684589542339
main_plus_suba,Main controls plus SUBA predictors,nested_augmented,suba,main_plus_submodel,env_patent_share_inventions,lag1_3_mean,IRN,"Iran, Islamic Rep.",2022,0.03047422,elastic_net_alpha_1_l1_0.5,0.03047422,1.2922169285356142,-1.261742708535614,1.261742708535614
main_plus_suba,Main controls plus SUBA predictors,nested_augmented,suba,main_plus_submodel,env_patent_share_inventions,lag1_3_mean,ISR,Israel,2022,0.3257651,elastic_net_alpha_1_l1_0.5,0.3257651,0.7404800146642709,-0.41471491466427096,0.41471491466427096
main_plus_suba,Main controls plus SUBA predictors,nested_augmented,suba,main_plus_submodel,env_patent_share_inventions,lag1_3_mean,ITA,Italy,2022,0.9751271,elastic_net_alpha_1_l1_0.5,0.9751271,2.4094341536877026,-1.4343070536877027,1.4343070536877027
main_plus_suba,Main controls plus SUBA predictors,nested_augmented,suba,main_plus_submodel,env_patent_share_inventions,lag1_3_mean,JOR,Jordan,2022,0.005031121,elastic_net_alpha_1_l1_0.5,0.005031121,0.41242044688576496,-0.40738932588576493,0.40738932588576493
main_plus_suba,Main controls plus SUBA predictors,nested_augmented,suba,main_plus_submodel,env_patent_share_inventions,lag1_3_mean,JPN,Japan,2022,15.63018,elastic_net_alpha_1_l1_0.5,15.63018,3.9162347439871907,11.713945256012808,11.713945256012808
main_plus_suba,Main controls plus SUBA predictors,nested_augmented,suba,main_plus_submodel,env_patent_share_inventions,lag1_3_mean,KAZ,Kazakhstan,2022,0.001617146,elastic_net_alpha_1_l1_0.5,0.001617146,0.47778322136771645,-0.47616607536771643,0.47616607536771643
main_plus_suba,Main controls plus SUBA predictors,nested_augmented,suba,main_plus_submodel,env_patent_share_inventions,lag1_3_mean,KOR,"Korea, Rep.",2022,13.91118,elastic_net_alpha_1_l1_0.5,13.91118,2.2053271427484655,11.705852857251534,11.705852857251534
main_plus_suba,Main controls plus SUBA predictors,nested_augmented,suba,main_plus_submodel,env_patent_share_inventions,lag1_3_mean,KWT,Kuwait,2022,0.002156195,elastic_net_alpha_1_l1_0.5,0.002156195,0.4126238886881817,-0.41046769368818165,0.41046769368818165
main_plus_suba,Main controls plus SUBA predictors,nested_augmented,suba,main_plus_submodel,env_patent_share_inventions,lag1_3_mean,LBN,Lebanon,2022,0.007366999,elastic_net_alpha_1_l1_0.5,0.007366999,0.3639144027729382,-0.3565474037729382,0.3565474037729382
main_plus_suba,Main controls plus SUBA predictors,nested_augmented,suba,main_plus_submodel,env_patent_share_inventions,lag1_3_mean,LKA,Sri Lanka,2022,0.001796829,elastic_net_alpha_1_l1_0.5,0.001796829,0.40494259899922824,-0.40314576999922824,0.40314576999922824
main_plus_suba,Main controls plus SUBA predictors,nested_augmented,suba,main_plus_submodel,env_patent_share_inventions,lag1_3_mean,MAR,Morocco,2022,0.02048385,elastic_net_alpha_1_l1_0.5,0.02048385,0.4838441744835238,-0.46336032448352377,0.46336032448352377
main_plus_suba,Main controls plus SUBA predictors,nested_augmented,suba,main_plus_submodel,env_patent_share_inventions,lag1_3_mean,MEX,Mexico,2022,0.08678684,elastic_net_alpha_1_l1_0.5,0.08678684,1.186266473208635,-1.099479633208635,1.099479633208635
main_plus_suba,Main controls plus SUBA predictors,nested_augmented,suba,main_plus_submodel,env_patent_share_inventions,lag1_3_mean,MKD,North Macedonia,2022,0.0005390487,elastic_net_alpha_1_l1_0.5,0.0005390487,0.35787037244548925,-0.35733132374548926,0.35733132374548926
main_plus_suba,Main controls plus SUBA predictors,nested_augmented,suba,main_plus_submodel,env_patent_share_inventions,lag1_3_mean,MYS,Malaysia,2022,0.04416605,elastic_net_alpha_1_l1_0.5,0.04416605,0.8500518073042187,-0.8058857573042187,0.8058857573042187
main_plus_suba,Main controls plus SUBA predictors,nested_augmented,suba,main_plus_submodel,env_patent_share_inventions,lag1_3_mean,NER,Niger,2022,0.001078097,elastic_net_alpha_1_l1_0.5,0.001078097,0.32228068299467805,-0.32120258599467805,0.32120258599467805
main_plus_suba,Main controls plus SUBA predictors,nested_augmented,suba,main_plus_submodel,env_patent_share_inventions,lag1_3_mean,NLD,Netherlands,2022,0.6497334,elastic_net_alpha_1_l1_0.5,0.6497334,1.2556118587995684,-0.6058784587995684,0.6058784587995684
main_plus_suba,Main controls plus SUBA predictors,nested_augmented,suba,main_plus_submodel,env_patent_share_inventions,lag1_3_mean,NOR,Norway,2022,0.2596418,elastic_net_alpha_1_l1_0.5,0.2596418,0.772882183621635,-0.513240383621635,0.513240383621635
main_plus_suba,Main controls plus SUBA predictors,nested_augmented,suba,main_plus_submodel,env_patent_share_inventions,lag1_3_mean,NPL,Nepal,2022,0.002156195,elastic_net_alpha_1_l1_0.5,0.002156195,0.3523231618417325,-0.3501669668417325,0.3501669668417325
main_plus_suba,Main controls plus SUBA predictors,nested_augmented,suba,main_plus_submodel,env_patent_share_inventions,lag1_3_mean,NZL,New Zealand,2022,0.07187316,elastic_net_alpha_1_l1_0.5,0.07187316,0.621117835897592,-0.549244675897592,0.549244675897592
main_plus_suba,Main controls plus SUBA predictors,nested_augmented,suba,main_plus_submodel,env_patent_share_inventions,lag1_3_mean,OMN,Oman,2022,0.00431239,elastic_net_alpha_1_l1_0.5,0.00431239,0.40783491693241425,-0.40352252693241425,0.40352252693241425
main_plus_suba,Main controls plus SUBA predictors,nested_augmented,suba,main_plus_submodel,env_patent_share_inventions,lag1_3_mean,PAK,Pakistan,2022,0.009882559,elastic_net_alpha_1_l1_0.5,0.009882559,0.7328832301628515,-0.7230006711628515,0.7230006711628515
main_plus_suba,Main controls plus SUBA predictors,nested_augmented,suba,main_plus_submodel,env_patent_share_inventions,lag1_3_mean,PAN,Panama,2022,0.0009702877,elastic_net_alpha_1_l1_0.5,0.0009702877,0.379475285356086,-0.378504997656086,0.378504997656086
main_plus_suba,Main controls plus SUBA predictors,nested_augmented,suba,main_plus_submodel,env_patent_share_inventions,lag1_3_mean,PER,Peru,2022,0.002156195,elastic_net_alpha_1_l1_0.5,0.002156195,0.4849064812477907,-0.48275028624779065,0.48275028624779065
main_plus_suba,Main controls plus SUBA predictors,nested_augmented,suba,main_plus_submodel,env_patent_share_inventions,lag1_3_mean,PHL,Philippines,2022,0.01516524,elastic_net_alpha_1_l1_0.5,0.01516524,0.5637589256408777,-0.5485936856408777,0.5485936856408777
main_plus_suba,Main controls plus SUBA predictors,nested_augmented,suba,main_plus_submodel,env_patent_share_inventions,lag1_3_mean,POL,Poland,2022,0.1628286,elastic_net_alpha_1_l1_0.5,0.1628286,1.170417176066952,-1.007588576066952,1.007588576066952
main_plus_suba,Main controls plus SUBA predictors,nested_augmented,suba,main_plus_submodel,env_patent_share_inventions,lag1_3_mean,PRT,Portugal,2022,0.06576394,elastic_net_alpha_1_l1_0.5,0.06576394,0.7127138070027803,-0.6469498670027803,0.6469498670027803
main_plus_suba,Main controls plus SUBA predictors,nested_augmented,suba,main_plus_submodel,env_patent_share_inventions,lag1_3_mean,QAT,Qatar,2022,0.00431239,elastic_net_alpha_1_l1_0.5,0.00431239,0.473381717057329,-0.469069327057329,0.469069327057329
main_plus_suba,Main controls plus SUBA predictors,nested_augmented,suba,main_plus_submodel,env_patent_share_inventions,lag1_3_mean,ROU,Romania,2022,0.02371814,elastic_net_alpha_1_l1_0.5,0.02371814,0.6020932181955865,-0.5783750781955865,0.5783750781955865
main_plus_suba,Main controls plus SUBA predictors,nested_augmented,suba,main_plus_submodel,env_patent_share_inventions,lag1_3_mean,RUS,Russian Federation,2022,0.1397933,elastic_net_alpha_1_l1_0.5,0.1397933,2.3293124541558554,-2.1895191541558554,2.1895191541558554
main_plus_suba,Main controls plus SUBA predictors,nested_augmented,suba,main_plus_submodel,env_patent_share_inventions,lag1_3_mean,SAU,Saudi Arabia,2022,0.132606,elastic_net_alpha_1_l1_0.5,0.132606,0.9303735802592998,-0.7977675802592998,0.7977675802592998
main_plus_suba,Main controls plus SUBA predictors,nested_augmented,suba,main_plus_submodel,env_patent_share_inventions,lag1_3_mean,SGP,Singapore,2022,0.1973278,elastic_net_alpha_1_l1_0.5,0.1973278,0.7436792588954824,-0.5463514588954823,0.5463514588954823
main_plus_suba,Main controls plus SUBA predictors,nested_augmented,suba,main_plus_submodel,env_patent_share_inventions,lag1_3_mean,SRB,Serbia,2022,0.00934351,elastic_net_alpha_1_l1_0.5,0.00934351,0.43294344415302,-0.42359993415302,0.42359993415302
main_plus_suba,Main controls plus SUBA predictors,nested_augmented,suba,main_plus_submodel,env_patent_share_inventions,lag1_3_mean,SVK,Slovak Republic,2022,0.02120258,elastic_net_alpha_1_l1_0.5,0.02120258,0.4879359761528206,-0.4667333961528206,0.4667333961528206
main_plus_suba,Main controls plus SUBA predictors,nested_augmented,suba,main_plus_submodel,env_patent_share_inventions,lag1_3_mean,SWE,Sweden,2022,0.8673653,elastic_net_alpha_1_l1_0.5,0.8673653,0.9539656697437959,-0.08660036974379592,0.08660036974379592
main_plus_suba,Main controls plus SUBA predictors,nested_augmented,suba,main_plus_submodel,env_patent_share_inventions,lag1_3_mean,THA,Thailand,2022,0.01689019,elastic_net_alpha_1_l1_0.5,0.01689019,0.7522128300497616,-0.7353226400497616,0.7353226400497616
main_plus_suba,Main controls plus SUBA predictors,nested_augmented,suba,main_plus_submodel,env_patent_share_inventions,lag1_3_mean,TKM,Turkmenistan,2022,0.00431239,elastic_net_alpha_1_l1_0.5,0.00431239,0.3046438010878295,-0.3003314110878295,0.3003314110878295
main_plus_suba,Main controls plus SUBA predictors,nested_augmented,suba,main_plus_submodel,env_patent_share_inventions,lag1_3_mean,TUN,Tunisia,2022,0.001078097,elastic_net_alpha_1_l1_0.5,0.001078097,0.42615692892370705,-0.42507883192370705,0.42507883192370705
main_plus_suba,Main controls plus SUBA predictors,nested_augmented,suba,main_plus_submodel,env_patent_share_inventions,lag1_3_mean,TUR,Turkiye,2022,0.2866661,elastic_net_alpha_1_l1_0.5,0.2866661,1.412540633837426,-1.125874533837426,1.125874533837426
main_plus_suba,Main controls plus SUBA predictors,nested_augmented,suba,main_plus_submodel,env_patent_share_inventions,lag1_3_mean,UKR,Ukraine,2022,0.01958544,elastic_net_alpha_1_l1_0.5,0.01958544,0.5708668378028933,-0.5512813978028933,0.5512813978028933
main_plus_suba,Main controls plus SUBA predictors,nested_augmented,suba,main_plus_submodel,env_patent_share_inventions,lag1_3_mean,URY,Uruguay,2022,0.005390487,elastic_net_alpha_1_l1_0.5,0.005390487,0.4029630996977309,-0.3975726126977309,0.3975726126977309
main_plus_suba,Main controls plus SUBA predictors,nested_augmented,suba,main_plus_submodel,env_patent_share_inventions,lag1_3_mean,USA,United States,2022,12.35069,elastic_net_alpha_1_l1_0.5,12.35069,16.10338691605869,-3.7526969160586887,3.7526969160586887
main_plus_suba,Main controls plus SUBA predictors,nested_augmented,suba,main_plus_submodel,env_patent_share_inventions,lag1_3_mean,UZB,Uzbekistan,2022,0.001078097,elastic_net_alpha_1_l1_0.5,0.001078097,0.3816579020035501,-0.3805798050035501,0.3805798050035501
main_plus_suba,Main controls plus SUBA predictors,nested_augmented,suba,main_plus_submodel,env_patent_share_inventions,lag1_3_mean,VEN,"Venezuela, RB",2022,0.003593658,elastic_net_alpha_1_l1_0.5,0.003593658,0.2967102361181724,-0.2931165781181724,0.2931165781181724
main_plus_suba,Main controls plus SUBA predictors,nested_augmented,suba,main_plus_submodel,env_patent_share_inventions,lag1_3_mean,VNM,Viet Nam,2022,0.02414938,elastic_net_alpha_1_l1_0.5,0.02414938,0.5900562348660041,-0.5659068548660041,0.5659068548660041
main_plus_suba,Main controls plus SUBA predictors,nested_augmented,suba,main_plus_submodel,env_patent_share_inventions,lag1_3_mean,ZAF,South Africa,2022,0.04779565,elastic_net_alpha_1_l1_0.5,0.04779565,0.7205331341826434,-0.6727374841826435,0.6727374841826435
main_plus_suba,Main controls plus SUBA predictors,nested_augmented,suba,main_plus_submodel,env_patent_share_inventions,lag1_3_mean,ZWE,Zimbabwe,2022,0.0007187316,elastic_net_alpha_1_l1_0.5,0.0007187316,0.3107815290954907,-0.3100627974954907,0.3100627974954907
main_plus_suba,Main controls plus SUBA predictors,nested_augmented,suba,main_plus_submodel,env_patent_share_inventions,lag1_3_mean,ALB,Albania,2023,0.0007706951,elastic_net_alpha_1_l1_0.5,0.0007706951,0.34776732660647747,-0.34699663150647747,0.34699663150647747
main_plus_suba,Main controls plus SUBA predictors,nested_augmented,suba,main_plus_submodel,env_patent_share_inventions,lag1_3_mean,ARE,United Arab Emirates,2023,0.03206092,elastic_net_alpha_1_l1_0.5,0.03206092,0.6314528610777973,-0.5993919410777973,0.5993919410777973
main_plus_suba,Main controls plus SUBA predictors,nested_augmented,suba,main_plus_submodel,env_patent_share_inventions,lag1_3_mean,ARG,Argentina,2023,0.01329449,elastic_net_alpha_1_l1_0.5,0.01329449,0.7143588383755332,-0.7010643483755331,0.7010643483755331
main_plus_suba,Main controls plus SUBA predictors,nested_augmented,suba,main_plus_submodel,env_patent_share_inventions,lag1_3_mean,ARM,Armenia,2023,0.005780213,elastic_net_alpha_1_l1_0.5,0.005780213,0.35848525684131394,-0.35270504384131396,0.35270504384131396
main_plus_suba,Main controls plus SUBA predictors,nested_augmented,suba,main_plus_submodel,env_patent_share_inventions,lag1_3_mean,AUS,Australia,2023,0.4618776,elastic_net_alpha_1_l1_0.5,0.4618776,1.9570660469352754,-1.4951884469352754,1.4951884469352754
main_plus_suba,Main controls plus SUBA predictors,nested_augmented,suba,main_plus_submodel,env_patent_share_inventions,lag1_3_mean,AUT,Austria,2023,0.4801606,elastic_net_alpha_1_l1_0.5,0.4801606,0.7758824982328121,-0.2957218982328121,0.2957218982328121
main_plus_suba,Main controls plus SUBA predictors,nested_augmented,suba,main_plus_submodel,env_patent_share_inventions,lag1_3_mean,AZE,Azerbaijan,2023,0.006936256,elastic_net_alpha_1_l1_0.5,0.006936256,0.37605552305818146,-0.3691192670581815,0.3691192670581815
main_plus_suba,Main controls plus SUBA predictors,nested_augmented,suba,main_plus_submodel,env_patent_share_inventions,lag1_3_mean,BEL,Belgium,2023,0.4136321,elastic_net_alpha_1_l1_0.5,0.4136321,0.8584489692262276,-0.4448168692262276,0.4448168692262276
main_plus_suba,Main controls plus SUBA predictors,nested_augmented,suba,main_plus_submodel,env_patent_share_inventions,lag1_3_mean,BFA,Burkina Faso,2023,0.001156043,elastic_net_alpha_1_l1_0.5,0.001156043,0.33468582177914985,-0.33352977877914985,0.33352977877914985
main_plus_suba,Main controls plus SUBA predictors,nested_augmented,suba,main_plus_submodel,env_patent_share_inventions,lag1_3_mean,BGD,Bangladesh,2023,0.001156043,elastic_net_alpha_1_l1_0.5,0.001156043,0.5325325804517134,-0.5313765374517133,0.5313765374517133
main_plus_suba,Main controls plus SUBA predictors,nested_augmented,suba,main_plus_submodel,env_patent_share_inventions,lag1_3_mean,BGR,Bulgaria,2023,0.01202284,elastic_net_alpha_1_l1_0.5,0.01202284,0.4413018182905012,-0.4292789782905012,0.4292789782905012
main_plus_suba,Main controls plus SUBA predictors,nested_augmented,suba,main_plus_submodel,env_patent_share_inventions,lag1_3_mean,BOL,Bolivia,2023,0.004238823,elastic_net_alpha_1_l1_0.5,0.004238823,0.32105364402595415,-0.31681482102595415,0.31681482102595415
main_plus_suba,Main controls plus SUBA predictors,nested_augmented,suba,main_plus_submodel,env_patent_share_inventions,lag1_3_mean,BRA,Brazil,2023,0.1532527,elastic_net_alpha_1_l1_0.5,0.1532527,2.159282976636379,-2.006030276636379,2.006030276636379
main_plus_suba,Main controls plus SUBA predictors,nested_augmented,suba,main_plus_submodel,env_patent_share_inventions,lag1_3_mean,CAN,Canada,2023,0.8605196,elastic_net_alpha_1_l1_0.5,0.8605196,2.1223279863535147,-1.2618083863535148,1.2618083863535148
main_plus_suba,Main controls plus SUBA predictors,nested_augmented,suba,main_plus_submodel,env_patent_share_inventions,lag1_3_mean,CHE,Switzerland,2023,0.4411294,elastic_net_alpha_1_l1_0.5,0.4411294,1.0874934685532875,-0.6463640685532875,0.6463640685532875
main_plus_suba,Main controls plus SUBA predictors,nested_augmented,suba,main_plus_submodel,env_patent_share_inventions,lag1_3_mean,CHL,Chile,2023,0.05549005,elastic_net_alpha_1_l1_0.5,0.05549005,0.6201544714985366,-0.5646644214985367,0.5646644214985367
main_plus_suba,Main controls plus SUBA predictors,nested_augmented,suba,main_plus_submodel,env_patent_share_inventions,lag1_3_mean,CHN,China,2023,38.42308,elastic_net_alpha_1_l1_0.5,38.42308,18.532126805226937,19.89095319477306,19.89095319477306
main_plus_suba,Main controls plus SUBA predictors,nested_augmented,suba,main_plus_submodel,env_patent_share_inventions,lag1_3_mean,CIV,Cote d'Ivoire,2023,0.0007706951,elastic_net_alpha_1_l1_0.5,0.0007706951,0.3629766796024665,-0.3622059845024665,0.3622059845024665
main_plus_suba,Main controls plus SUBA predictors,nested_augmented,suba,main_plus_submodel,env_patent_share_inventions,lag1_3_mean,COL,Colombia,2023,0.02127118,elastic_net_alpha_1_l1_0.5,0.02127118,0.6335648483899137,-0.6122936683899136,0.6122936683899136
main_plus_suba,Main controls plus SUBA predictors,nested_augmented,suba,main_plus_submodel,env_patent_share_inventions,lag1_3_mean,CZE,Czechia,2023,0.118687,elastic_net_alpha_1_l1_0.5,0.118687,0.6896051146135566,-0.5709181146135566,0.5709181146135566
main_plus_suba,Main controls plus SUBA predictors,nested_augmented,suba,main_plus_submodel,env_patent_share_inventions,lag1_3_mean,DEU,Germany,2023,5.323825,elastic_net_alpha_1_l1_0.5,5.323825,3.6733226454671817,1.6505023545328186,1.6505023545328186
main_plus_suba,Main controls plus SUBA predictors,nested_augmented,suba,main_plus_submodel,env_patent_share_inventions,lag1_3_mean,DNK,Denmark,2023,0.7307345,elastic_net_alpha_1_l1_0.5,0.7307345,0.7834463762193247,-0.052711876219324716,0.052711876219324716
main_plus_suba,Main controls plus SUBA predictors,nested_augmented,suba,main_plus_submodel,env_patent_share_inventions,lag1_3_mean,DZA,Algeria,2023,0.002890107,elastic_net_alpha_1_l1_0.5,0.002890107,0.4918653236398348,-0.48897521663983484,0.48897521663983484
main_plus_suba,Main controls plus SUBA predictors,nested_augmented,suba,main_plus_submodel,env_patent_share_inventions,lag1_3_mean,EGY,"Egypt, Arab Rep.",2023,0.009441015,elastic_net_alpha_1_l1_0.5,0.009441015,0.8106760609805543,-0.8012350459805543,0.8012350459805543
main_plus_suba,Main controls plus SUBA predictors,nested_augmented,suba,main_plus_submodel,env_patent_share_inventions,lag1_3_mean,ESP,Spain,2023,0.4860224,elastic_net_alpha_1_l1_0.5,0.4860224,1.8927565929430261,-1.4067341929430262,1.4067341929430262
main_plus_suba,Main controls plus SUBA predictors,nested_augmented,suba,main_plus_submodel,env_patent_share_inventions,lag1_3_mean,ETH,Ethiopia,2023,0.005780213,elastic_net_alpha_1_l1_0.5,0.005780213,0.4359872522544209,-0.43020703925442094,0.43020703925442094
main_plus_suba,Main controls plus SUBA predictors,nested_augmented,suba,main_plus_submodel,env_patent_share_inventions,lag1_3_mean,FIN,Finland,2023,0.378583,elastic_net_alpha_1_l1_0.5,0.378583,0.6827332917703774,-0.30415029177037745,0.30415029177037745
main_plus_suba,Main controls plus SUBA predictors,nested_augmented,suba,main_plus_submodel,env_patent_share_inventions,lag1_3_mean,FRA,France,2023,2.193091,elastic_net_alpha_1_l1_0.5,2.193091,2.498008204587796,-0.30491720458779614,0.30491720458779614
main_plus_suba,Main controls plus SUBA predictors,nested_augmented,suba,main_plus_submodel,env_patent_share_inventions,lag1_3_mean,GBR,United Kingdom,2023,1.668825,elastic_net_alpha_1_l1_0.5,1.668825,3.300919079743841,-1.6320940797438408,1.6320940797438408
main_plus_suba,Main controls plus SUBA predictors,nested_augmented,suba,main_plus_submodel,env_patent_share_inventions,lag1_3_mean,GEO,Georgia,2023,0.002312085,elastic_net_alpha_1_l1_0.5,0.002312085,0.38285438324932963,-0.3805422982493296,0.3805422982493296
main_plus_suba,Main controls plus SUBA predictors,nested_augmented,suba,main_plus_submodel,env_patent_share_inventions,lag1_3_mean,GHA,Ghana,2023,0.003468128,elastic_net_alpha_1_l1_0.5,0.003468128,0.39910238905246753,-0.3956342610524675,0.3956342610524675
main_plus_suba,Main controls plus SUBA predictors,nested_augmented,suba,main_plus_submodel,env_patent_share_inventions,lag1_3_mean,GRC,Greece,2023,0.0370319,elastic_net_alpha_1_l1_0.5,0.0370319,0.642989105442086,-0.605957205442086,0.605957205442086
main_plus_suba,Main controls plus SUBA predictors,nested_augmented,suba,main_plus_submodel,env_patent_share_inventions,lag1_3_mean,GTM,Guatemala,2023,0.002312085,elastic_net_alpha_1_l1_0.5,0.002312085,0.36205300489040293,-0.3597409198904029,0.3597409198904029
main_plus_suba,Main controls plus SUBA predictors,nested_augmented,suba,main_plus_submodel,env_patent_share_inventions,lag1_3_mean,HRV,Croatia,2023,0.02196481,elastic_net_alpha_1_l1_0.5,0.02196481,0.4517028356226024,-0.4297380256226024,0.4297380256226024
main_plus_suba,Main controls plus SUBA predictors,nested_augmented,suba,main_plus_submodel,env_patent_share_inventions,lag1_3_mean,HUN,Hungary,2023,0.04990251,elastic_net_alpha_1_l1_0.5,0.04990251,0.5362236666199244,-0.48632115661992437,0.48632115661992437
main_plus_suba,Main controls plus SUBA predictors,nested_augmented,suba,main_plus_submodel,env_patent_share_inventions,lag1_3_mean,IDN,Indonesia,2023,0.02235016,elastic_net_alpha_1_l1_0.5,0.02235016,1.3268773066035695,-1.3045271466035695,1.3045271466035695
main_plus_suba,Main controls plus SUBA predictors,nested_augmented,suba,main_plus_submodel,env_patent_share_inventions,lag1_3_mean,IND,India,2023,0.9509992,elastic_net_alpha_1_l1_0.5,0.9509992,4.093989381853865,-3.1429901818538646,3.1429901818538646
main_plus_suba,Main controls plus SUBA predictors,nested_augmented,suba,main_plus_submodel,env_patent_share_inventions,lag1_3_mean,IRL,Ireland,2023,0.113639,elastic_net_alpha_1_l1_0.5,0.113639,0.7324262358633777,-0.6187872358633777,0.6187872358633777
main_plus_suba,Main controls plus SUBA predictors,nested_augmented,suba,main_plus_submodel,env_patent_share_inventions,lag1_3_mean,IRN,"Iran, Islamic Rep.",2023,0.02181067,elastic_net_alpha_1_l1_0.5,0.02181067,1.3305679961603143,-1.3087573261603143,1.3087573261603143
main_plus_suba,Main controls plus SUBA predictors,nested_augmented,suba,main_plus_submodel,env_patent_share_inventions,lag1_3_mean,ISR,Israel,2023,0.2640401,elastic_net_alpha_1_l1_0.5,0.2640401,0.756757939413865,-0.49271783941386504,0.49271783941386504
main_plus_suba,Main controls plus SUBA predictors,nested_augmented,suba,main_plus_submodel,env_patent_share_inventions,lag1_3_mean,ITA,Italy,2023,0.9510773,elastic_net_alpha_1_l1_0.5,0.9510773,2.478026180856218,-1.5269488808562177,1.5269488808562177
main_plus_suba,Main controls plus SUBA predictors,nested_augmented,suba,main_plus_submodel,env_patent_share_inventions,lag1_3_mean,JOR,Jordan,2023,0.003986596,elastic_net_alpha_1_l1_0.5,0.003986596,0.4237015360786174,-0.41971494007861737,0.41971494007861737
main_plus_suba,Main controls plus SUBA predictors,nested_augmented,suba,main_plus_submodel,env_patent_share_inventions,lag1_3_mean,JPN,Japan,2023,12.35528,elastic_net_alpha_1_l1_0.5,12.35528,3.91054465932876,8.44473534067124,8.44473534067124
main_plus_suba,Main controls plus SUBA predictors,nested_augmented,suba,main_plus_submodel,env_patent_share_inventions,lag1_3_mean,KAZ,Kazakhstan,2023,0.001156043,elastic_net_alpha_1_l1_0.5,0.001156043,0.4827151454508569,-0.4815591024508569,0.4815591024508569
main_plus_suba,Main controls plus SUBA predictors,nested_augmented,suba,main_plus_submodel,env_patent_share_inventions,lag1_3_mean,KEN,Kenya,2023,0.002312085,elastic_net_alpha_1_l1_0.5,0.002312085,0.39276234822725986,-0.39045026322725984,0.39045026322725984
main_plus_suba,Main controls plus SUBA predictors,nested_augmented,suba,main_plus_submodel,env_patent_share_inventions,lag1_3_mean,KOR,"Korea, Rep.",2023,17.64583,elastic_net_alpha_1_l1_0.5,17.64583,2.2532909750979644,15.392539024902035,15.392539024902035
main_plus_suba,Main controls plus SUBA predictors,nested_augmented,suba,main_plus_submodel,env_patent_share_inventions,lag1_3_mean,KWT,Kuwait,2023,0.0007706951,elastic_net_alpha_1_l1_0.5,0.0007706951,0.41557108482760263,-0.41480038972760264,0.41480038972760264
main_plus_suba,Main controls plus SUBA predictors,nested_augmented,suba,main_plus_submodel,env_patent_share_inventions,lag1_3_mean,LAO,Lao PDR,2023,0.001156043,elastic_net_alpha_1_l1_0.5,0.001156043,0.32290730545982527,-0.32175126245982527,0.32175126245982527
main_plus_suba,Main controls plus SUBA predictors,nested_augmented,suba,main_plus_submodel,env_patent_share_inventions,lag1_3_mean,LBN,Lebanon,2023,0.01123113,elastic_net_alpha_1_l1_0.5,0.01123113,0.35771528363798244,-0.34648415363798246,0.34648415363798246
main_plus_suba,Main controls plus SUBA predictors,nested_augmented,suba,main_plus_submodel,env_patent_share_inventions,lag1_3_mean,LKA,Sri Lanka,2023,0.007321603,elastic_net_alpha_1_l1_0.5,0.007321603,0.40436957433802834,-0.3970479713380283,0.3970479713380283
main_plus_suba,Main controls plus SUBA predictors,nested_augmented,suba,main_plus_submodel,env_patent_share_inventions,lag1_3_mean,MAR,Morocco,2023,0.02011614,elastic_net_alpha_1_l1_0.5,0.02011614,0.49665824305049244,-0.47654210305049244,0.47654210305049244
main_plus_suba,Main controls plus SUBA predictors,nested_augmented,suba,main_plus_submodel,env_patent_share_inventions,lag1_3_mean,MEX,Mexico,2023,0.0551047,elastic_net_alpha_1_l1_0.5,0.0551047,1.1959963937223825,-1.1408916937223825,1.1408916937223825
main_plus_suba,Main controls plus SUBA predictors,nested_augmented,suba,main_plus_submodel,env_patent_share_inventions,lag1_3_mean,MKD,North Macedonia,2023,0.002312085,elastic_net_alpha_1_l1_0.5,0.002312085,0.35853719817785246,-0.35622511317785244,0.35622511317785244
main_plus_suba,Main controls plus SUBA predictors,nested_augmented,suba,main_plus_submodel,env_patent_share_inventions,lag1_3_mean,MNE,Montenegro,2023,0.003468128,elastic_net_alpha_1_l1_0.5,0.003468128,0.35293861937169413,-0.3494704913716941,0.3494704913716941
main_plus_suba,Main controls plus SUBA predictors,nested_augmented,suba,main_plus_submodel,env_patent_share_inventions,lag1_3_mean,MYS,Malaysia,2023,0.05518177,elastic_net_alpha_1_l1_0.5,0.05518177,0.875085497305417,-0.8199037273054169,0.8199037273054169
main_plus_suba,Main controls plus SUBA predictors,nested_augmented,suba,main_plus_submodel,env_patent_share_inventions,lag1_3_mean,NLD,Netherlands,2023,0.5949941,elastic_net_alpha_1_l1_0.5,0.5949941,1.2730555986348888,-0.6780614986348888,0.6780614986348888
main_plus_suba,Main controls plus SUBA predictors,nested_augmented,suba,main_plus_submodel,env_patent_share_inventions,lag1_3_mean,NOR,Norway,2023,0.2159873,elastic_net_alpha_1_l1_0.5,0.2159873,0.7802379522003833,-0.5642506522003833,0.5642506522003833
main_plus_suba,Main controls plus SUBA predictors,nested_augmented,suba,main_plus_submodel,env_patent_share_inventions,lag1_3_mean,NZL,New Zealand,2023,0.06288872,elastic_net_alpha_1_l1_0.5,0.06288872,0.6238489675984799,-0.5609602475984798,0.5609602475984798
main_plus_suba,Main controls plus SUBA predictors,nested_augmented,suba,main_plus_submodel,env_patent_share_inventions,lag1_3_mean,PAK,Pakistan,2023,0.002830553,elastic_net_alpha_1_l1_0.5,0.002830553,0.7706280511173101,-0.7677974981173101,0.7677974981173101
main_plus_suba,Main controls plus SUBA predictors,nested_augmented,suba,main_plus_submodel,env_patent_share_inventions,lag1_3_mean,PAN,Panama,2023,0.005086588,elastic_net_alpha_1_l1_0.5,0.005086588,0.37756665071699946,-0.37248006271699946,0.37248006271699946
main_plus_suba,Main controls plus SUBA predictors,nested_augmented,suba,main_plus_submodel,env_patent_share_inventions,lag1_3_mean,PER,Peru,2023,0.008477646,elastic_net_alpha_1_l1_0.5,0.008477646,0.4935924877464761,-0.4851148417464761,0.4851148417464761
main_plus_suba,Main controls plus SUBA predictors,nested_augmented,suba,main_plus_submodel,env_patent_share_inventions,lag1_3_mean,PHL,Philippines,2023,0.002312085,elastic_net_alpha_1_l1_0.5,0.002312085,0.5676331311270393,-0.5653210461270393,0.5653210461270393
main_plus_suba,Main controls plus SUBA predictors,nested_augmented,suba,main_plus_submodel,env_patent_share_inventions,lag1_3_mean,POL,Poland,2023,0.1666243,elastic_net_alpha_1_l1_0.5,0.1666243,1.1820481128781324,-1.0154238128781323,1.0154238128781323
main_plus_suba,Main controls plus SUBA predictors,nested_augmented,suba,main_plus_submodel,env_patent_share_inventions,lag1_3_mean,PRT,Portugal,2023,0.08377456,elastic_net_alpha_1_l1_0.5,0.08377456,0.7261641154908538,-0.6423895554908539,0.6423895554908539
main_plus_suba,Main controls plus SUBA predictors,nested_augmented,suba,main_plus_submodel,env_patent_share_inventions,lag1_3_mean,QAT,Qatar,2023,0.002312085,elastic_net_alpha_1_l1_0.5,0.002312085,0.47872578522725406,-0.47641370022725404,0.47641370022725404
main_plus_suba,Main controls plus SUBA predictors,nested_augmented,suba,main_plus_submodel,env_patent_share_inventions,lag1_3_mean,ROU,Romania,2023,0.03121315,elastic_net_alpha_1_l1_0.5,0.03121315,0.6089807004020587,-0.5777675504020586,0.5777675504020586
main_plus_suba,Main controls plus SUBA predictors,nested_augmented,suba,main_plus_submodel,env_patent_share_inventions,lag1_3_mean,RUS,Russian Federation,2023,0.1051999,elastic_net_alpha_1_l1_0.5,0.1051999,2.2965271517437267,-2.1913272517437266,2.1913272517437266
main_plus_suba,Main controls plus SUBA predictors,nested_augmented,suba,main_plus_submodel,env_patent_share_inventions,lag1_3_mean,SAU,Saudi Arabia,2023,0.1056623,elastic_net_alpha_1_l1_0.5,0.1056623,1.010891496125212,-0.905229196125212,0.905229196125212
main_plus_suba,Main controls plus SUBA predictors,nested_augmented,suba,main_plus_submodel,env_patent_share_inventions,lag1_3_mean,SGP,Singapore,2023,0.2277789,elastic_net_alpha_1_l1_0.5,0.2277789,0.7504125117968397,-0.5226336117968396,0.5226336117968396
main_plus_suba,Main controls plus SUBA predictors,nested_augmented,suba,main_plus_submodel,env_patent_share_inventions,lag1_3_mean,SLV,El Salvador,2023,0.002312085,elastic_net_alpha_1_l1_0.5,0.002312085,0.3428068360962877,-0.3404947510962877,0.3404947510962877
main_plus_suba,Main controls plus SUBA predictors,nested_augmented,suba,main_plus_submodel,env_patent_share_inventions,lag1_3_mean,SRB,Serbia,2023,0.02003807,elastic_net_alpha_1_l1_0.5,0.02003807,0.43540921247518827,-0.41537114247518825,0.41537114247518825
main_plus_suba,Main controls plus SUBA predictors,nested_augmented,suba,main_plus_submodel,env_patent_share_inventions,lag1_3_mean,SVK,Slovak Republic,2023,0.01965272,elastic_net_alpha_1_l1_0.5,0.01965272,0.4863486673522027,-0.4666959473522027,0.4666959473522027
main_plus_suba,Main controls plus SUBA predictors,nested_augmented,suba,main_plus_submodel,env_patent_share_inventions,lag1_3_mean,SWE,Sweden,2023,0.812775,elastic_net_alpha_1_l1_0.5,0.812775,0.9601480910561072,-0.14737309105610719,0.14737309105610719
main_plus_suba,Main controls plus SUBA predictors,nested_augmented,suba,main_plus_submodel,env_patent_share_inventions,lag1_3_mean,THA,Thailand,2023,0.0242769,elastic_net_alpha_1_l1_0.5,0.0242769,0.773509914082002,-0.7492330140820019,0.7492330140820019
main_plus_suba,Main controls plus SUBA predictors,nested_augmented,suba,main_plus_submodel,env_patent_share_inventions,lag1_3_mean,TUN,Tunisia,2023,0.002697433,elastic_net_alpha_1_l1_0.5,0.002697433,0.4263408857227504,-0.4236434527227504,0.4236434527227504
main_plus_suba,Main controls plus SUBA predictors,nested_augmented,suba,main_plus_submodel,env_patent_share_inventions,lag1_3_mean,TUR,Turkiye,2023,0.2342913,elastic_net_alpha_1_l1_0.5,0.2342913,1.509355225543081,-1.2750639255430811,1.2750639255430811
main_plus_suba,Main controls plus SUBA predictors,nested_augmented,suba,main_plus_submodel,env_patent_share_inventions,lag1_3_mean,UGA,Uganda,2023,0.003468128,elastic_net_alpha_1_l1_0.5,0.003468128,0.3578393208942561,-0.35437119289425606,0.35437119289425606
main_plus_suba,Main controls plus SUBA predictors,nested_augmented,suba,main_plus_submodel,env_patent_share_inventions,lag1_3_mean,UKR,Ukraine,2023,0.04046149,elastic_net_alpha_1_l1_0.5,0.04046149,0.5645204221576295,-0.5240589321576296,0.5240589321576296
main_plus_suba,Main controls plus SUBA predictors,nested_augmented,suba,main_plus_submodel,env_patent_share_inventions,lag1_3_mean,USA,United States,2023,10.59949,elastic_net_alpha_1_l1_0.5,10.59949,16.32831792366508,-5.728827923665079,5.728827923665079
main_plus_suba,Main controls plus SUBA predictors,nested_augmented,suba,main_plus_submodel,env_patent_share_inventions,lag1_3_mean,UZB,Uzbekistan,2023,0.00154139,elastic_net_alpha_1_l1_0.5,0.00154139,0.39391758139796496,-0.392376191397965,0.392376191397965
main_plus_suba,Main controls plus SUBA predictors,nested_augmented,suba,main_plus_submodel,env_patent_share_inventions,lag1_3_mean,VEN,"Venezuela, RB",2023,0.001156043,elastic_net_alpha_1_l1_0.5,0.001156043,0.29645298587103475,-0.29529694287103475,0.29529694287103475
main_plus_suba,Main controls plus SUBA predictors,nested_augmented,suba,main_plus_submodel,env_patent_share_inventions,lag1_3_mean,VNM,Viet Nam,2023,0.006550908,elastic_net_alpha_1_l1_0.5,0.006550908,0.6167864357121039,-0.6102355277121039,0.6102355277121039
main_plus_suba,Main controls plus SUBA predictors,nested_augmented,suba,main_plus_submodel,env_patent_share_inventions,lag1_3_mean,ZAF,South Africa,2023,0.06049956,elastic_net_alpha_1_l1_0.5,0.06049956,0.7257296858308602,-0.6652301258308602,0.6652301258308602
main_plus_suba,Main controls plus SUBA predictors,nested_augmented,suba,main_plus_submodel,env_patent_share_inventions,lag1_3_mean,ZWE,Zimbabwe,2023,0.0007706951,elastic_net_alpha_1_l1_0.5,0.0007706951,0.31127232316325193,-0.31050162806325193,0.31050162806325193
main_on_subb,Main controls on SUBB sample,nested_baseline,subb,main_controls,env_patent_share_inventions,lag1_3_mean,ARE,United Arab Emirates,2021,0.03864921,elastic_net_alpha_1_l1_0.2,0.03864921,0.9184058757372899,-0.87975666573729,0.87975666573729
main_on_subb,Main controls on SUBB sample,nested_baseline,subb,main_controls,env_patent_share_inventions,lag1_3_mean,ARG,Argentina,2021,0.00838331,elastic_net_alpha_1_l1_0.2,0.00838331,0.8780869173227295,-0.8697036073227294,0.8697036073227294
main_on_subb,Main controls on SUBB sample,nested_baseline,subb,main_controls,env_patent_share_inventions,lag1_3_mean,ARM,Armenia,2021,0.0009673051,elastic_net_alpha_1_l1_0.2,0.0009673051,0.3705343781229138,-0.3695670730229138,0.3695670730229138
main_on_subb,Main controls on SUBB sample,nested_baseline,subb,main_controls,env_patent_share_inventions,lag1_3_mean,AUS,Australia,2021,0.6052428,elastic_net_alpha_1_l1_0.2,0.6052428,2.7174381455694694,-2.1121953455694693,2.1121953455694693
main_on_subb,Main controls on SUBB sample,nested_baseline,subb,main_controls,env_patent_share_inventions,lag1_3_mean,AUT,Austria,2021,0.600331,elastic_net_alpha_1_l1_0.2,0.600331,0.8518879072483861,-0.2515569072483862,0.2515569072483862
main_on_subb,Main controls on SUBB sample,nested_baseline,subb,main_controls,env_patent_share_inventions,lag1_3_mean,AZE,Azerbaijan,2021,0.00451409,elastic_net_alpha_1_l1_0.2,0.00451409,0.4133810240619824,-0.4088669340619824,0.4088669340619824
main_on_subb,Main controls on SUBB sample,nested_baseline,subb,main_controls,env_patent_share_inventions,lag1_3_mean,BEL,Belgium,2021,0.5078351,elastic_net_alpha_1_l1_0.2,0.5078351,0.8995566403115942,-0.39172154031159423,0.39172154031159423
main_on_subb,Main controls on SUBB sample,nested_baseline,subb,main_controls,env_patent_share_inventions,lag1_3_mean,BFA,Burkina Faso,2021,0.0009673051,elastic_net_alpha_1_l1_0.2,0.0009673051,-0.054199156613885524,0.05516646171388553,0.05516646171388553
main_on_subb,Main controls on SUBB sample,nested_baseline,subb,main_controls,env_patent_share_inventions,lag1_3_mean,BGR,Bulgaria,2021,0.0156381,elastic_net_alpha_1_l1_0.2,0.0156381,0.4071133449795862,-0.3914752449795862,0.3914752449795862
main_on_subb,Main controls on SUBB sample,nested_baseline,subb,main_controls,env_patent_share_inventions,lag1_3_mean,BHS,"Bahamas, The",2021,0.004836525,elastic_net_alpha_1_l1_0.2,0.004836525,0.44320655790634145,-0.43837003290634147,0.43837003290634147
main_on_subb,Main controls on SUBB sample,nested_baseline,subb,main_controls,env_patent_share_inventions,lag1_3_mean,BLR,Belarus,2021,0.01176888,elastic_net_alpha_1_l1_0.2,0.01176888,0.24421109643079708,-0.23244221643079707,0.23244221643079707
main_on_subb,Main controls on SUBB sample,nested_baseline,subb,main_controls,env_patent_share_inventions,lag1_3_mean,BRA,Brazil,2021,0.2022635,elastic_net_alpha_1_l1_0.2,0.2022635,2.3981756111349277,-2.195912111134928,2.195912111134928
main_on_subb,Main controls on SUBB sample,nested_baseline,subb,main_controls,env_patent_share_inventions,lag1_3_mean,CAN,Canada,2021,1.406397,elastic_net_alpha_1_l1_0.2,1.406397,2.7718938400606192,-1.3654968400606193,1.3654968400606193
main_on_subb,Main controls on SUBB sample,nested_baseline,subb,main_controls,env_patent_share_inventions,lag1_3_mean,CHE,Switzerland,2021,0.5670665,elastic_net_alpha_1_l1_0.2,0.5670665,0.9768780369156802,-0.4098115369156802,0.4098115369156802
main_on_subb,Main controls on SUBB sample,nested_baseline,subb,main_controls,env_patent_share_inventions,lag1_3_mean,CHL,Chile,2021,0.04739795,elastic_net_alpha_1_l1_0.2,0.04739795,0.7872310809419714,-0.7398331309419713,0.7398331309419713
main_on_subb,Main controls on SUBB sample,nested_baseline,subb,main_controls,env_patent_share_inventions,lag1_3_mean,CHN,China,2021,27.46088,elastic_net_alpha_1_l1_0.2,27.46088,18.684468229579355,8.776411770420644,8.776411770420644
main_on_subb,Main controls on SUBB sample,nested_baseline,subb,main_controls,env_patent_share_inventions,lag1_3_mean,COL,Colombia,2021,0.01708906,elastic_net_alpha_1_l1_0.2,0.01708906,0.6663882324871416,-0.6492991724871416,0.6492991724871416
main_on_subb,Main controls on SUBB sample,nested_baseline,subb,main_controls,env_patent_share_inventions,lag1_3_mean,CRI,Costa Rica,2021,0.00193461,elastic_net_alpha_1_l1_0.2,0.00193461,0.3711978756489118,-0.3692632656489118,0.3692632656489118
main_on_subb,Main controls on SUBB sample,nested_baseline,subb,main_controls,env_patent_share_inventions,lag1_3_mean,CYP,Cyprus,2021,0.007416006,elastic_net_alpha_1_l1_0.2,0.007416006,0.4519240995401057,-0.44450809354010573,0.44450809354010573
main_on_subb,Main controls on SUBB sample,nested_baseline,subb,main_controls,env_patent_share_inventions,lag1_3_mean,CZE,Czechia,2021,0.1125298,elastic_net_alpha_1_l1_0.2,0.1125298,0.8377095013477653,-0.7251797013477653,0.7251797013477653
main_on_subb,Main controls on SUBB sample,nested_baseline,subb,main_controls,env_patent_share_inventions,lag1_3_mean,DEU,Germany,2021,6.09054,elastic_net_alpha_1_l1_0.2,6.09054,4.700842755267553,1.3896972447324467,1.3896972447324467
main_on_subb,Main controls on SUBB sample,nested_baseline,subb,main_controls,env_patent_share_inventions,lag1_3_mean,DNK,Denmark,2021,0.8738312,elastic_net_alpha_1_l1_0.2,0.8738312,0.8845775157719383,-0.010746315771938297,0.010746315771938297
main_on_subb,Main controls on SUBB sample,nested_baseline,subb,main_controls,env_patent_share_inventions,lag1_3_mean,DOM,Dominican Republic,2021,0.00064487,elastic_net_alpha_1_l1_0.2,0.00064487,0.41116600808819614,-0.4105211380881961,0.4105211380881961
main_on_subb,Main controls on SUBB sample,nested_baseline,subb,main_controls,env_patent_share_inventions,lag1_3_mean,DZA,Algeria,2021,0.003288837,elastic_net_alpha_1_l1_0.2,0.003288837,0.5264760340187488,-0.5231871970187487,0.5231871970187487
main_on_subb,Main controls on SUBB sample,nested_baseline,subb,main_controls,env_patent_share_inventions,lag1_3_mean,ECU,Ecuador,2021,0.001612175,elastic_net_alpha_1_l1_0.2,0.001612175,0.3466415759695469,-0.34502940096954693,0.34502940096954693
main_on_subb,Main controls on SUBB sample,nested_baseline,subb,main_controls,env_patent_share_inventions,lag1_3_mean,EGY,"Egypt, Arab Rep.",2021,0.01321984,elastic_net_alpha_1_l1_0.2,0.01321984,0.82546805295641,-0.81224821295641,0.81224821295641
main_on_subb,Main controls on SUBB sample,nested_baseline,subb,main_controls,env_patent_share_inventions,lag1_3_mean,ESP,Spain,2021,0.6234819,elastic_net_alpha_1_l1_0.2,0.6234819,2.283698576591732,-1.6602166765917319,1.6602166765917319
main_on_subb,Main controls on SUBB sample,nested_baseline,subb,main_controls,env_patent_share_inventions,lag1_3_mean,EST,Estonia,2021,0.01386471,elastic_net_alpha_1_l1_0.2,0.01386471,0.4900172180280785,-0.4761525080280785,0.4761525080280785
main_on_subb,Main controls on SUBB sample,nested_baseline,subb,main_controls,env_patent_share_inventions,lag1_3_mean,FIN,Finland,2021,0.4526021,elastic_net_alpha_1_l1_0.2,0.4526021,0.8445696610001472,-0.3919675610001472,0.3919675610001472
main_on_subb,Main controls on SUBB sample,nested_baseline,subb,main_controls,env_patent_share_inventions,lag1_3_mean,FRA,France,2021,2.559317,elastic_net_alpha_1_l1_0.2,2.559317,3.157185338822558,-0.5978683388225581,0.5978683388225581
main_on_subb,Main controls on SUBB sample,nested_baseline,subb,main_controls,env_patent_share_inventions,lag1_3_mean,GBR,United Kingdom,2021,1.863642,elastic_net_alpha_1_l1_0.2,1.863642,4.11889429349857,-2.2552522934985704,2.2552522934985704
main_on_subb,Main controls on SUBB sample,nested_baseline,subb,main_controls,env_patent_share_inventions,lag1_3_mean,GEO,Georgia,2021,0.007738441,elastic_net_alpha_1_l1_0.2,0.007738441,0.34778390233409195,-0.34004546133409197,0.34004546133409197
main_on_subb,Main controls on SUBB sample,nested_baseline,subb,main_controls,env_patent_share_inventions,lag1_3_mean,GRC,Greece,2021,0.04058382,elastic_net_alpha_1_l1_0.2,0.04058382,0.7096958332550031,-0.669112013255003,0.669112013255003
main_on_subb,Main controls on SUBB sample,nested_baseline,subb,main_controls,env_patent_share_inventions,lag1_3_mean,HKG,"Hong Kong SAR, China",2021,0.09469917,elastic_net_alpha_1_l1_0.2,0.09469917,0.5039467064843285,-0.4092475364843285,0.4092475364843285
main_on_subb,Main controls on SUBB sample,nested_baseline,subb,main_controls,env_patent_share_inventions,lag1_3_mean,HRV,Croatia,2021,0.02037789,elastic_net_alpha_1_l1_0.2,0.02037789,0.36781218275471117,-0.34743429275471116,0.34743429275471116
main_on_subb,Main controls on SUBB sample,nested_baseline,subb,main_controls,env_patent_share_inventions,lag1_3_mean,HUN,Hungary,2021,0.04149739,elastic_net_alpha_1_l1_0.2,0.04149739,0.5673203877712254,-0.5258229977712254,0.5258229977712254
main_on_subb,Main controls on SUBB sample,nested_baseline,subb,main_controls,env_patent_share_inventions,lag1_3_mean,IDN,Indonesia,2021,0.01360676,elastic_net_alpha_1_l1_0.2,0.01360676,1.4522040573778046,-1.4385972973778045,1.4385972973778045
main_on_subb,Main controls on SUBB sample,nested_baseline,subb,main_controls,env_patent_share_inventions,lag1_3_mean,IND,India,2021,1.139217,elastic_net_alpha_1_l1_0.2,1.139217,4.026900810429199,-2.887683810429199,2.887683810429199
main_on_subb,Main controls on SUBB sample,nested_baseline,subb,main_controls,env_patent_share_inventions,lag1_3_mean,IRL,Ireland,2021,0.1236538,elastic_net_alpha_1_l1_0.2,0.1236538,0.6794492656262174,-0.5557954656262174,0.5557954656262174
main_on_subb,Main controls on SUBB sample,nested_baseline,subb,main_controls,env_patent_share_inventions,lag1_3_mean,IRN,"Iran, Islamic Rep.",2021,0.03633843,elastic_net_alpha_1_l1_0.2,0.03633843,1.446762354895523,-1.410423924895523,1.410423924895523
main_on_subb,Main controls on SUBB sample,nested_baseline,subb,main_controls,env_patent_share_inventions,lag1_3_mean,ISL,Iceland,2021,0.009673051,elastic_net_alpha_1_l1_0.2,0.009673051,0.27886557907293397,-0.269192528072934,0.269192528072934
main_on_subb,Main controls on SUBB sample,nested_baseline,subb,main_controls,env_patent_share_inventions,lag1_3_mean,ISR,Israel,2021,0.4227123,elastic_net_alpha_1_l1_0.2,0.4227123,1.1130997257292643,-0.6903874257292644,0.6903874257292644
main_on_subb,Main controls on SUBB sample,nested_baseline,subb,main_controls,env_patent_share_inventions,lag1_3_mean,ITA,Italy,2021,1.366383,elastic_net_alpha_1_l1_0.2,1.366383,2.825711908529656,-1.4593289085296561,1.4593289085296561
main_on_subb,Main controls on SUBB sample,nested_baseline,subb,main_controls,env_patent_share_inventions,lag1_3_mean,JOR,Jordan,2021,0.009565572,elastic_net_alpha_1_l1_0.2,0.009565572,0.43288325760662105,-0.42331768560662103,0.42331768560662103
main_on_subb,Main controls on SUBB sample,nested_baseline,subb,main_controls,env_patent_share_inventions,lag1_3_mean,JPN,Japan,2021,18.32637,elastic_net_alpha_1_l1_0.2,18.32637,4.965006334951179,13.361363665048822,13.361363665048822
main_on_subb,Main controls on SUBB sample,nested_baseline,subb,main_controls,env_patent_share_inventions,lag1_3_mean,KAZ,Kazakhstan,2021,0.006771136,elastic_net_alpha_1_l1_0.2,0.006771136,0.721500295904967,-0.714729159904967,0.714729159904967
main_on_subb,Main controls on SUBB sample,nested_baseline,subb,main_controls,env_patent_share_inventions,lag1_3_mean,KGZ,Kyrgyz Republic,2021,0.00064487,elastic_net_alpha_1_l1_0.2,0.00064487,0.14615970378135268,-0.1455148337813527,0.1455148337813527
main_on_subb,Main controls on SUBB sample,nested_baseline,subb,main_controls,env_patent_share_inventions,lag1_3_mean,KHM,Cambodia,2021,0.00128974,elastic_net_alpha_1_l1_0.2,0.00128974,-0.0901204292833937,0.0914101692833937,0.0914101692833937
main_on_subb,Main controls on SUBB sample,nested_baseline,subb,main_controls,env_patent_share_inventions,lag1_3_mean,KOR,"Korea, Rep.",2021,13.81879,elastic_net_alpha_1_l1_0.2,13.81879,2.7788339999888914,11.03995600001111,11.03995600001111
main_on_subb,Main controls on SUBB sample,nested_baseline,subb,main_controls,env_patent_share_inventions,lag1_3_mean,KWT,Kuwait,2021,0.00764171,elastic_net_alpha_1_l1_0.2,0.00764171,0.729118717111531,-0.721477007111531,0.721477007111531
main_on_subb,Main controls on SUBB sample,nested_baseline,subb,main_controls,env_patent_share_inventions,lag1_3_mean,LBN,Lebanon,2021,0.007158058,elastic_net_alpha_1_l1_0.2,0.007158058,0.4051469350464596,-0.3979888770464596,0.3979888770464596
main_on_subb,Main controls on SUBB sample,nested_baseline,subb,main_controls,env_patent_share_inventions,lag1_3_mean,LKA,Sri Lanka,2021,0.01612175,elastic_net_alpha_1_l1_0.2,0.01612175,0.24480280055623105,-0.22868105055623106,0.22868105055623106
main_on_subb,Main controls on SUBB sample,nested_baseline,subb,main_controls,env_patent_share_inventions,lag1_3_mean,LTU,Lithuania,2021,0.01064036,elastic_net_alpha_1_l1_0.2,0.01064036,0.32349757813485014,-0.3128572181348501,0.3128572181348501
main_on_subb,Main controls on SUBB sample,nested_baseline,subb,main_controls,env_patent_share_inventions,lag1_3_mean,LUX,Luxembourg,2021,0.05029986,elastic_net_alpha_1_l1_0.2,0.05029986,0.15524044409411775,-0.10494058409411774,0.10494058409411774
main_on_subb,Main controls on SUBB sample,nested_baseline,subb,main_controls,env_patent_share_inventions,lag1_3_mean,LVA,Latvia,2021,0.02031341,elastic_net_alpha_1_l1_0.2,0.02031341,0.2722734961911887,-0.2519600861911887,0.2519600861911887
main_on_subb,Main controls on SUBB sample,nested_baseline,subb,main_controls,env_patent_share_inventions,lag1_3_mean,MAC,"Macao SAR, China",2021,0.00386922,elastic_net_alpha_1_l1_0.2,0.00386922,0.5737125540182603,-0.5698433340182603,0.5698433340182603
main_on_subb,Main controls on SUBB sample,nested_baseline,subb,main_controls,env_patent_share_inventions,lag1_3_mean,MAR,Morocco,2021,0.01747598,elastic_net_alpha_1_l1_0.2,0.01747598,0.4946953285959189,-0.4772193485959189,0.4772193485959189
main_on_subb,Main controls on SUBB sample,nested_baseline,subb,main_controls,env_patent_share_inventions,lag1_3_mean,MDA,Moldova,2021,0.001128523,elastic_net_alpha_1_l1_0.2,0.001128523,0.2509827812091001,-0.24985425820910012,0.24985425820910012
main_on_subb,Main controls on SUBB sample,nested_baseline,subb,main_controls,env_patent_share_inventions,lag1_3_mean,MEX,Mexico,2021,0.08141485,elastic_net_alpha_1_l1_0.2,0.08141485,1.3873253141459043,-1.3059104641459043,1.3059104641459043
main_on_subb,Main controls on SUBB sample,nested_baseline,subb,main_controls,env_patent_share_inventions,lag1_3_mean,MLT,Malta,2021,0.007416006,elastic_net_alpha_1_l1_0.2,0.007416006,0.26478529615965785,-0.25736929015965787,0.25736929015965787
main_on_subb,Main controls on SUBB sample,nested_baseline,subb,main_controls,env_patent_share_inventions,lag1_3_mean,MNE,Montenegro,2021,0.0009673051,elastic_net_alpha_1_l1_0.2,0.0009673051,0.21809840718932705,-0.21713110208932704,0.21713110208932704
main_on_subb,Main controls on SUBB sample,nested_baseline,subb,main_controls,env_patent_share_inventions,lag1_3_mean,MYS,Malaysia,2021,0.08705746,elastic_net_alpha_1_l1_0.2,0.08705746,0.9915205356419636,-0.9044630756419636,0.9044630756419636
main_on_subb,Main controls on SUBB sample,nested_baseline,subb,main_controls,env_patent_share_inventions,lag1_3_mean,NER,Niger,2021,0.00064487,elastic_net_alpha_1_l1_0.2,0.00064487,-0.08490968120893161,0.08555455120893161,0.08555455120893161
main_on_subb,Main controls on SUBB sample,nested_baseline,subb,main_controls,env_patent_share_inventions,lag1_3_mean,NLD,Netherlands,2021,0.8459405,elastic_net_alpha_1_l1_0.2,0.8459405,1.1035183904118417,-0.25757789041184176,0.25757789041184176
main_on_subb,Main controls on SUBB sample,nested_baseline,subb,main_controls,env_patent_share_inventions,lag1_3_mean,NOR,Norway,2021,0.2947056,elastic_net_alpha_1_l1_0.2,0.2947056,0.8805495334732387,-0.5858439334732387,0.5858439334732387
main_on_subb,Main controls on SUBB sample,nested_baseline,subb,main_controls,env_patent_share_inventions,lag1_3_mean,NZL,New Zealand,2021,0.08180176,elastic_net_alpha_1_l1_0.2,0.08180176,0.9261829532531383,-0.8443811932531382,0.8443811932531382
main_on_subb,Main controls on SUBB sample,nested_baseline,subb,main_controls,env_patent_share_inventions,lag1_3_mean,OMN,Oman,2021,0.002418263,elastic_net_alpha_1_l1_0.2,0.002418263,0.7358280924250452,-0.7334098294250452,0.7334098294250452
main_on_subb,Main controls on SUBB sample,nested_baseline,subb,main_controls,env_patent_share_inventions,lag1_3_mean,PAK,Pakistan,2021,0.00838331,elastic_net_alpha_1_l1_0.2,0.00838331,0.5895556331589491,-0.5811723231589491,0.5811723231589491
main_on_subb,Main controls on SUBB sample,nested_baseline,subb,main_controls,env_patent_share_inventions,lag1_3_mean,PAN,Panama,2021,0.001450958,elastic_net_alpha_1_l1_0.2,0.001450958,0.3519759001437276,-0.3505249421437276,0.3505249421437276
main_on_subb,Main controls on SUBB sample,nested_baseline,subb,main_controls,env_patent_share_inventions,lag1_3_mean,PER,Peru,2021,0.009028181,elastic_net_alpha_1_l1_0.2,0.009028181,0.4986826499689685,-0.48965446896896847,0.48965446896896847
main_on_subb,Main controls on SUBB sample,nested_baseline,subb,main_controls,env_patent_share_inventions,lag1_3_mean,PHL,Philippines,2021,0.01666989,elastic_net_alpha_1_l1_0.2,0.01666989,0.5227464917632378,-0.5060766017632379,0.5060766017632379
main_on_subb,Main controls on SUBB sample,nested_baseline,subb,main_controls,env_patent_share_inventions,lag1_3_mean,POL,Poland,2021,0.1891726,elastic_net_alpha_1_l1_0.2,0.1891726,1.4028811561214607,-1.2137085561214607,1.2137085561214607
main_on_subb,Main controls on SUBB sample,nested_baseline,subb,main_controls,env_patent_share_inventions,lag1_3_mean,PRT,Portugal,2021,0.05997292,elastic_net_alpha_1_l1_0.2,0.05997292,0.7900870382545659,-0.730114118254566,0.730114118254566
main_on_subb,Main controls on SUBB sample,nested_baseline,subb,main_controls,env_patent_share_inventions,lag1_3_mean,PRY,Paraguay,2021,0.00064487,elastic_net_alpha_1_l1_0.2,0.00064487,0.07215211745525019,-0.07150724745525018,0.07150724745525018
main_on_subb,Main controls on SUBB sample,nested_baseline,subb,main_controls,env_patent_share_inventions,lag1_3_mean,PSE,West Bank and Gaza,2021,0.00193461,elastic_net_alpha_1_l1_0.2,0.00193461,0.3792539846158408,-0.3773193746158408,0.3773193746158408
main_on_subb,Main controls on SUBB sample,nested_baseline,subb,main_controls,env_patent_share_inventions,lag1_3_mean,QAT,Qatar,2021,0.01160766,elastic_net_alpha_1_l1_0.2,0.01160766,1.1766598910504313,-1.1650522310504314,1.1650522310504314
main_on_subb,Main controls on SUBB sample,nested_baseline,subb,main_controls,env_patent_share_inventions,lag1_3_mean,ROU,Romania,2021,0.03520991,elastic_net_alpha_1_l1_0.2,0.03520991,0.6224833368554009,-0.587273426855401,0.587273426855401
main_on_subb,Main controls on SUBB sample,nested_baseline,subb,main_controls,env_patent_share_inventions,lag1_3_mean,RUS,Russian Federation,2021,0.2115711,elastic_net_alpha_1_l1_0.2,0.2115711,2.7784489410946875,-2.5668778410946875,2.5668778410946875
main_on_subb,Main controls on SUBB sample,nested_baseline,subb,main_controls,env_patent_share_inventions,lag1_3_mean,SAU,Saudi Arabia,2021,0.1900755,elastic_net_alpha_1_l1_0.2,0.1900755,1.332986254655998,-1.142910754655998,1.142910754655998
main_on_subb,Main controls on SUBB sample,nested_baseline,subb,main_controls,env_patent_share_inventions,lag1_3_mean,SGP,Singapore,2021,0.2456955,elastic_net_alpha_1_l1_0.2,0.2456955,0.8039782158205803,-0.5582827158205803,0.5582827158205803
main_on_subb,Main controls on SUBB sample,nested_baseline,subb,main_controls,env_patent_share_inventions,lag1_3_mean,SRB,Serbia,2021,0.009673051,elastic_net_alpha_1_l1_0.2,0.009673051,0.38028805670100563,-0.37061500570100564,0.37061500570100564
main_on_subb,Main controls on SUBB sample,nested_baseline,subb,main_controls,env_patent_share_inventions,lag1_3_mean,SVK,Slovak Republic,2021,0.03756368,elastic_net_alpha_1_l1_0.2,0.03756368,0.3767902838688153,-0.3392266038688153,0.3392266038688153
main_on_subb,Main controls on SUBB sample,nested_baseline,subb,main_controls,env_patent_share_inventions,lag1_3_mean,SVN,Slovenia,2021,0.03192107,elastic_net_alpha_1_l1_0.2,0.03192107,0.3694166805226654,-0.3374956105226654,0.3374956105226654
main_on_subb,Main controls on SUBB sample,nested_baseline,subb,main_controls,env_patent_share_inventions,lag1_3_mean,SWE,Sweden,2021,0.9232927,elastic_net_alpha_1_l1_0.2,0.9232927,1.0256297479159768,-0.10233704791597686,0.10233704791597686
main_on_subb,Main controls on SUBB sample,nested_baseline,subb,main_controls,env_patent_share_inventions,lag1_3_mean,THA,Thailand,2021,0.03433933,elastic_net_alpha_1_l1_0.2,0.03433933,0.7058977405732223,-0.6715584105732223,0.6715584105732223
main_on_subb,Main controls on SUBB sample,nested_baseline,subb,main_controls,env_patent_share_inventions,lag1_3_mean,TUN,Tunisia,2021,0.003546785,elastic_net_alpha_1_l1_0.2,0.003546785,0.37825662374942304,-0.37470983874942304,0.37470983874942304
main_on_subb,Main controls on SUBB sample,nested_baseline,subb,main_controls,env_patent_share_inventions,lag1_3_mean,TUR,Turkiye,2021,0.2938995,elastic_net_alpha_1_l1_0.2,0.2938995,1.5731563460874411,-1.2792568460874412,1.2792568460874412
main_on_subb,Main controls on SUBB sample,nested_baseline,subb,main_controls,env_patent_share_inventions,lag1_3_mean,UKR,Ukraine,2021,0.03353324,elastic_net_alpha_1_l1_0.2,0.03353324,0.5732051114271276,-0.5396718714271276,0.5396718714271276
main_on_subb,Main controls on SUBB sample,nested_baseline,subb,main_controls,env_patent_share_inventions,lag1_3_mean,URY,Uruguay,2021,0.0009673051,elastic_net_alpha_1_l1_0.2,0.0009673051,0.2765122242335649,-0.27554491913356494,0.27554491913356494
main_on_subb,Main controls on SUBB sample,nested_baseline,subb,main_controls,env_patent_share_inventions,lag1_3_mean,USA,United States,2021,14.33043,elastic_net_alpha_1_l1_0.2,14.33043,19.338185256163573,-5.007755256163573,5.007755256163573
main_on_subb,Main controls on SUBB sample,nested_baseline,subb,main_controls,env_patent_share_inventions,lag1_3_mean,VEN,"Venezuela, RB",2021,0.0009673051,elastic_net_alpha_1_l1_0.2,0.0009673051,0.08446412564622907,-0.08349682054622908,0.08349682054622908
main_on_subb,Main controls on SUBB sample,nested_baseline,subb,main_controls,env_patent_share_inventions,lag1_3_mean,VNM,Viet Nam,2021,0.03956278,elastic_net_alpha_1_l1_0.2,0.03956278,0.3496648960912072,-0.3101021160912072,0.3101021160912072
main_on_subb,Main controls on SUBB sample,nested_baseline,subb,main_controls,env_patent_share_inventions,lag1_3_mean,ZAF,South Africa,2021,0.05207326,elastic_net_alpha_1_l1_0.2,0.05207326,0.9358588730808084,-0.8837856130808084,0.8837856130808084
main_on_subb,Main controls on SUBB sample,nested_baseline,subb,main_controls,env_patent_share_inventions,lag1_3_mean,ARE,United Arab Emirates,2022,0.02228068,elastic_net_alpha_1_l1_0.2,0.02228068,0.9144566528728874,-0.8921759728728873,0.8921759728728873
main_on_subb,Main controls on SUBB sample,nested_baseline,subb,main_controls,env_patent_share_inventions,lag1_3_mean,ARG,Argentina,2022,0.01132002,elastic_net_alpha_1_l1_0.2,0.01132002,0.8559420539535297,-0.8446220339535297,0.8446220339535297
main_on_subb,Main controls on SUBB sample,nested_baseline,subb,main_controls,env_patent_share_inventions,lag1_3_mean,ARM,Armenia,2022,0.00431239,elastic_net_alpha_1_l1_0.2,0.00431239,0.38278743700597606,-0.37847504700597606,0.37847504700597606
main_on_subb,Main controls on SUBB sample,nested_baseline,subb,main_controls,env_patent_share_inventions,lag1_3_mean,AUS,Australia,2022,0.4013757,elastic_net_alpha_1_l1_0.2,0.4013757,2.7273446885795343,-2.3259689885795343,2.3259689885795343
main_on_subb,Main controls on SUBB sample,nested_baseline,subb,main_controls,env_patent_share_inventions,lag1_3_mean,AUT,Austria,2022,0.5074065,elastic_net_alpha_1_l1_0.2,0.5074065,0.8819967052122388,-0.37459020521223885,0.37459020521223885
main_on_subb,Main controls on SUBB sample,nested_baseline,subb,main_controls,env_patent_share_inventions,lag1_3_mean,BEL,Belgium,2022,0.4569935,elastic_net_alpha_1_l1_0.2,0.4569935,0.9573274277575827,-0.5003339277575827,0.5003339277575827
main_on_subb,Main controls on SUBB sample,nested_baseline,subb,main_controls,env_patent_share_inventions,lag1_3_mean,BGR,Bulgaria,2022,0.01936982,elastic_net_alpha_1_l1_0.2,0.01936982,0.4135672394205733,-0.3941974194205733,0.3941974194205733
main_on_subb,Main controls on SUBB sample,nested_baseline,subb,main_controls,env_patent_share_inventions,lag1_3_mean,BIH,Bosnia and Herzegovina,2022,0.0005390487,elastic_net_alpha_1_l1_0.2,0.0005390487,0.19336325307084756,-0.19282420437084757,0.19282420437084757
main_on_subb,Main controls on SUBB sample,nested_baseline,subb,main_controls,env_patent_share_inventions,lag1_3_mean,BLR,Belarus,2022,0.002156195,elastic_net_alpha_1_l1_0.2,0.002156195,0.24496861853107088,-0.24281242353107088,0.24281242353107088
main_on_subb,Main controls on SUBB sample,nested_baseline,subb,main_controls,env_patent_share_inventions,lag1_3_mean,BRA,Brazil,2022,0.1441057,elastic_net_alpha_1_l1_0.2,0.1441057,2.4431687017623425,-2.2990630017623426,2.2990630017623426
main_on_subb,Main controls on SUBB sample,nested_baseline,subb,main_controls,env_patent_share_inventions,lag1_3_mean,CAN,Canada,2022,1.151103,elastic_net_alpha_1_l1_0.2,1.151103,2.8155969099153006,-1.6644939099153007,1.6644939099153007
main_on_subb,Main controls on SUBB sample,nested_baseline,subb,main_controls,env_patent_share_inventions,lag1_3_mean,CHE,Switzerland,2022,0.4045081,elastic_net_alpha_1_l1_0.2,0.4045081,1.008530880579335,-0.604022780579335,0.604022780579335
main_on_subb,Main controls on SUBB sample,nested_baseline,subb,main_controls,env_patent_share_inventions,lag1_3_mean,CHL,Chile,2022,0.03126482,elastic_net_alpha_1_l1_0.2,0.03126482,0.7885443011197126,-0.7572794811197127,0.7572794811197127
main_on_subb,Main controls on SUBB sample,nested_baseline,subb,main_controls,env_patent_share_inventions,lag1_3_mean,CHN,China,2022,36.75972,elastic_net_alpha_1_l1_0.2,36.75972,20.48368785860781,16.276032141392193,16.276032141392193
main_on_subb,Main controls on SUBB sample,nested_baseline,subb,main_controls,env_patent_share_inventions,lag1_3_mean,COL,Colombia,2022,0.04995184,elastic_net_alpha_1_l1_0.2,0.04995184,0.6892327112521887,-0.6392808712521887,0.6392808712521887
main_on_subb,Main controls on SUBB sample,nested_baseline,subb,main_controls,env_patent_share_inventions,lag1_3_mean,CRI,Costa Rica,2022,0.00431239,elastic_net_alpha_1_l1_0.2,0.00431239,0.3632446077592697,-0.3589322177592697,0.3589322177592697
main_on_subb,Main controls on SUBB sample,nested_baseline,subb,main_controls,env_patent_share_inventions,lag1_3_mean,CYP,Cyprus,2022,0.02443687,elastic_net_alpha_1_l1_0.2,0.02443687,0.37143139670990466,-0.34699452670990466,0.34699452670990466
main_on_subb,Main controls on SUBB sample,nested_baseline,subb,main_controls,env_patent_share_inventions,lag1_3_mean,CZE,Czechia,2022,0.1217172,elastic_net_alpha_1_l1_0.2,0.1217172,0.8438113863209277,-0.7220941863209277,0.7220941863209277
main_on_subb,Main controls on SUBB sample,nested_baseline,subb,main_controls,env_patent_share_inventions,lag1_3_mean,DEU,Germany,2022,5.048269,elastic_net_alpha_1_l1_0.2,5.048269,4.71617583799382,0.33209316200618044,0.33209316200618044
main_on_subb,Main controls on SUBB sample,nested_baseline,subb,main_controls,env_patent_share_inventions,lag1_3_mean,DNK,Denmark,2022,0.756465,elastic_net_alpha_1_l1_0.2,0.756465,0.894435957333023,-0.1379709573330229,0.1379709573330229
main_on_subb,Main controls on SUBB sample,nested_baseline,subb,main_controls,env_patent_share_inventions,lag1_3_mean,DZA,Algeria,2022,0.002695243,elastic_net_alpha_1_l1_0.2,0.002695243,0.542130148717615,-0.539434905717615,0.539434905717615
main_on_subb,Main controls on SUBB sample,nested_baseline,subb,main_controls,env_patent_share_inventions,lag1_3_mean,ECU,Ecuador,2022,0.002695243,elastic_net_alpha_1_l1_0.2,0.002695243,0.3554673899034928,-0.3527721469034928,0.3527721469034928
main_on_subb,Main controls on SUBB sample,nested_baseline,subb,main_controls,env_patent_share_inventions,lag1_3_mean,EGY,"Egypt, Arab Rep.",2022,0.01635114,elastic_net_alpha_1_l1_0.2,0.01635114,0.8961053782198684,-0.8797542382198683,0.8797542382198683
main_on_subb,Main controls on SUBB sample,nested_baseline,subb,main_controls,env_patent_share_inventions,lag1_3_mean,ESP,Spain,2022,0.5145639,elastic_net_alpha_1_l1_0.2,0.5145639,2.3425664373991477,-1.8280025373991478,1.8280025373991478
main_on_subb,Main controls on SUBB sample,nested_baseline,subb,main_controls,env_patent_share_inventions,lag1_3_mean,EST,Estonia,2022,0.00431239,elastic_net_alpha_1_l1_0.2,0.00431239,0.4344800808153886,-0.4301676908153886,0.4301676908153886
main_on_subb,Main controls on SUBB sample,nested_baseline,subb,main_controls,env_patent_share_inventions,lag1_3_mean,FIN,Finland,2022,0.3148763,elastic_net_alpha_1_l1_0.2,0.3148763,0.8608374594846149,-0.5459611594846149,0.5459611594846149
main_on_subb,Main controls on SUBB sample,nested_baseline,subb,main_controls,env_patent_share_inventions,lag1_3_mean,FRA,France,2022,1.679969,elastic_net_alpha_1_l1_0.2,1.679969,3.1765217196462707,-1.4965527196462707,1.4965527196462707
main_on_subb,Main controls on SUBB sample,nested_baseline,subb,main_controls,env_patent_share_inventions,lag1_3_mean,FRO,Faroe Islands,2022,0.001078097,elastic_net_alpha_1_l1_0.2,0.001078097,0.4119541013884138,-0.4108760043884138,0.4108760043884138
main_on_subb,Main controls on SUBB sample,nested_baseline,subb,main_controls,env_patent_share_inventions,lag1_3_mean,GBR,United Kingdom,2022,1.691451,elastic_net_alpha_1_l1_0.2,1.691451,4.230038630830432,-2.538587630830432,2.538587630830432
main_on_subb,Main controls on SUBB sample,nested_baseline,subb,main_controls,env_patent_share_inventions,lag1_3_mean,GRC,Greece,2022,0.0394943,elastic_net_alpha_1_l1_0.2,0.0394943,0.7177374608158685,-0.6782431608158686,0.6782431608158686
main_on_subb,Main controls on SUBB sample,nested_baseline,subb,main_controls,env_patent_share_inventions,lag1_3_mean,GTM,Guatemala,2022,0.002156195,elastic_net_alpha_1_l1_0.2,0.002156195,0.08824690656177236,-0.08609071156177237,0.08609071156177237
main_on_subb,Main controls on SUBB sample,nested_baseline,subb,main_controls,env_patent_share_inventions,lag1_3_mean,HKG,"Hong Kong SAR, China",2022,0.07726365,elastic_net_alpha_1_l1_0.2,0.07726365,0.4789080831864593,-0.40164443318645926,0.40164443318645926
main_on_subb,Main controls on SUBB sample,nested_baseline,subb,main_controls,env_patent_share_inventions,lag1_3_mean,HRV,Croatia,2022,0.00934351,elastic_net_alpha_1_l1_0.2,0.00934351,0.36870574984564397,-0.35936223984564397,0.35936223984564397
main_on_subb,Main controls on SUBB sample,nested_baseline,subb,main_controls,env_patent_share_inventions,lag1_3_mean,HUN,Hungary,2022,0.0398896,elastic_net_alpha_1_l1_0.2,0.0398896,0.6394359440809128,-0.5995463440809128,0.5995463440809128
main_on_subb,Main controls on SUBB sample,nested_baseline,subb,main_controls,env_patent_share_inventions,lag1_3_mean,IDN,Indonesia,2022,0.0166027,elastic_net_alpha_1_l1_0.2,0.0166027,1.5827001519436101,-1.5660974519436102,1.5660974519436102
main_on_subb,Main controls on SUBB sample,nested_baseline,subb,main_controls,env_patent_share_inventions,lag1_3_mean,IND,India,2022,1.054487,elastic_net_alpha_1_l1_0.2,1.054487,4.329123724405793,-3.2746367244057932,3.2746367244057932
main_on_subb,Main controls on SUBB sample,nested_baseline,subb,main_controls,env_patent_share_inventions,lag1_3_mean,IRL,Ireland,2022,0.07543088,elastic_net_alpha_1_l1_0.2,0.07543088,0.6938929362245413,-0.6184620562245413,0.6184620562245413
main_on_subb,Main controls on SUBB sample,nested_baseline,subb,main_controls,env_patent_share_inventions,lag1_3_mean,IRN,"Iran, Islamic Rep.",2022,0.03047422,elastic_net_alpha_1_l1_0.2,0.03047422,1.5210226372157472,-1.490548417215747,1.490548417215747
main_on_subb,Main controls on SUBB sample,nested_baseline,subb,main_controls,env_patent_share_inventions,lag1_3_mean,IRQ,Iraq,2022,0.0004312389,elastic_net_alpha_1_l1_0.2,0.0004312389,0.5040871579314459,-0.5036559190314459,0.5036559190314459
main_on_subb,Main controls on SUBB sample,nested_baseline,subb,main_controls,env_patent_share_inventions,lag1_3_mean,ISL,Iceland,2022,0.005031121,elastic_net_alpha_1_l1_0.2,0.005031121,0.29342213693409036,-0.28839101593409033,0.28839101593409033
main_on_subb,Main controls on SUBB sample,nested_baseline,subb,main_controls,env_patent_share_inventions,lag1_3_mean,ISR,Israel,2022,0.3257651,elastic_net_alpha_1_l1_0.2,0.3257651,1.127561931093638,-0.8017968310936381,0.8017968310936381
main_on_subb,Main controls on SUBB sample,nested_baseline,subb,main_controls,env_patent_share_inventions,lag1_3_mean,ITA,Italy,2022,0.9751271,elastic_net_alpha_1_l1_0.2,0.9751271,2.9170790689321784,-1.9419519689321785,1.9419519689321785
main_on_subb,Main controls on SUBB sample,nested_baseline,subb,main_controls,env_patent_share_inventions,lag1_3_mean,JOR,Jordan,2022,0.005031121,elastic_net_alpha_1_l1_0.2,0.005031121,0.44296393071634055,-0.4379328097163405,0.4379328097163405
main_on_subb,Main controls on SUBB sample,nested_baseline,subb,main_controls,env_patent_share_inventions,lag1_3_mean,JPN,Japan,2022,15.63018,elastic_net_alpha_1_l1_0.2,15.63018,4.9792983242406175,10.650881675759383,10.650881675759383
main_on_subb,Main controls on SUBB sample,nested_baseline,subb,main_controls,env_patent_share_inventions,lag1_3_mean,KAZ,Kazakhstan,2022,0.001617146,elastic_net_alpha_1_l1_0.2,0.001617146,0.7358563752864635,-0.7342392292864636,0.7342392292864636
main_on_subb,Main controls on SUBB sample,nested_baseline,subb,main_controls,env_patent_share_inventions,lag1_3_mean,KOR,"Korea, Rep.",2022,13.91118,elastic_net_alpha_1_l1_0.2,13.91118,2.8593987699708157,11.051781230029185,11.051781230029185
main_on_subb,Main controls on SUBB sample,nested_baseline,subb,main_controls,env_patent_share_inventions,lag1_3_mean,KWT,Kuwait,2022,0.002156195,elastic_net_alpha_1_l1_0.2,0.002156195,0.7534682013130296,-0.7513120063130296,0.7513120063130296
main_on_subb,Main controls on SUBB sample,nested_baseline,subb,main_controls,env_patent_share_inventions,lag1_3_mean,LBN,Lebanon,2022,0.007366999,elastic_net_alpha_1_l1_0.2,0.007366999,0.36470989647897045,-0.35734289747897047,0.35734289747897047
main_on_subb,Main controls on SUBB sample,nested_baseline,subb,main_controls,env_patent_share_inventions,lag1_3_mean,LKA,Sri Lanka,2022,0.001796829,elastic_net_alpha_1_l1_0.2,0.001796829,0.25557500003544864,-0.25377817103544864,0.25377817103544864
main_on_subb,Main controls on SUBB sample,nested_baseline,subb,main_controls,env_patent_share_inventions,lag1_3_mean,LTU,Lithuania,2022,0.003234292,elastic_net_alpha_1_l1_0.2,0.003234292,0.33049283719779243,-0.3272585451977924,0.3272585451977924
main_on_subb,Main controls on SUBB sample,nested_baseline,subb,main_controls,env_patent_share_inventions,lag1_3_mean,LUX,Luxembourg,2022,0.03378038,elastic_net_alpha_1_l1_0.2,0.03378038,0.18626493357059437,-0.15248455357059437,0.15248455357059437
main_on_subb,Main controls on SUBB sample,nested_baseline,subb,main_controls,env_patent_share_inventions,lag1_3_mean,LVA,Latvia,2022,0.01751908,elastic_net_alpha_1_l1_0.2,0.01751908,0.2684247817492046,-0.25090570174920457,0.25090570174920457
main_on_subb,Main controls on SUBB sample,nested_baseline,subb,main_controls,env_patent_share_inventions,lag1_3_mean,MAC,"Macao SAR, China",2022,0.0007187316,elastic_net_alpha_1_l1_0.2,0.0007187316,0.5143026281339368,-0.5135838965339368,0.5135838965339368
main_on_subb,Main controls on SUBB sample,nested_baseline,subb,main_controls,env_patent_share_inventions,lag1_3_mean,MAR,Morocco,2022,0.02048385,elastic_net_alpha_1_l1_0.2,0.02048385,0.5130041382741354,-0.49252028827413535,0.49252028827413535
main_on_subb,Main controls on SUBB sample,nested_baseline,subb,main_controls,env_patent_share_inventions,lag1_3_mean,MEX,Mexico,2022,0.08678684,elastic_net_alpha_1_l1_0.2,0.08678684,1.3854997403341671,-1.298712900334167,1.298712900334167
main_on_subb,Main controls on SUBB sample,nested_baseline,subb,main_controls,env_patent_share_inventions,lag1_3_mean,MLT,Malta,2022,0.003234292,elastic_net_alpha_1_l1_0.2,0.003234292,0.2507334429796515,-0.2474991509796515,0.2474991509796515
main_on_subb,Main controls on SUBB sample,nested_baseline,subb,main_controls,env_patent_share_inventions,lag1_3_mean,MYS,Malaysia,2022,0.04416605,elastic_net_alpha_1_l1_0.2,0.04416605,1.0265427777353031,-0.9823767277353032,0.9823767277353032
main_on_subb,Main controls on SUBB sample,nested_baseline,subb,main_controls,env_patent_share_inventions,lag1_3_mean,NER,Niger,2022,0.001078097,elastic_net_alpha_1_l1_0.2,0.001078097,-0.08132183797503134,0.08239993497503134,0.08239993497503134
main_on_subb,Main controls on SUBB sample,nested_baseline,subb,main_controls,env_patent_share_inventions,lag1_3_mean,NLD,Netherlands,2022,0.6497334,elastic_net_alpha_1_l1_0.2,0.6497334,1.2172832255958639,-0.5675498255958639,0.5675498255958639
main_on_subb,Main controls on SUBB sample,nested_baseline,subb,main_controls,env_patent_share_inventions,lag1_3_mean,NOR,Norway,2022,0.2596418,elastic_net_alpha_1_l1_0.2,0.2596418,0.8920443987867258,-0.6324025987867259,0.6324025987867259
main_on_subb,Main controls on SUBB sample,nested_baseline,subb,main_controls,env_patent_share_inventions,lag1_3_mean,NZL,New Zealand,2022,0.07187316,elastic_net_alpha_1_l1_0.2,0.07187316,0.9320454152154659,-0.8601722552154659,0.8601722552154659
main_on_subb,Main controls on SUBB sample,nested_baseline,subb,main_controls,env_patent_share_inventions,lag1_3_mean,OMN,Oman,2022,0.00431239,elastic_net_alpha_1_l1_0.2,0.00431239,0.7353900003505499,-0.7310776103505499,0.7310776103505499
main_on_subb,Main controls on SUBB sample,nested_baseline,subb,main_controls,env_patent_share_inventions,lag1_3_mean,PAK,Pakistan,2022,0.009882559,elastic_net_alpha_1_l1_0.2,0.009882559,0.6452651760408183,-0.6353826170408183,0.6353826170408183
main_on_subb,Main controls on SUBB sample,nested_baseline,subb,main_controls,env_patent_share_inventions,lag1_3_mean,PAN,Panama,2022,0.0009702877,elastic_net_alpha_1_l1_0.2,0.0009702877,0.3443289780535934,-0.3433586903535934,0.3433586903535934
main_on_subb,Main controls on SUBB sample,nested_baseline,subb,main_controls,env_patent_share_inventions,lag1_3_mean,PER,Peru,2022,0.002156195,elastic_net_alpha_1_l1_0.2,0.002156195,0.4929292892834898,-0.49077309428348975,0.49077309428348975
main_on_subb,Main controls on SUBB sample,nested_baseline,subb,main_controls,env_patent_share_inventions,lag1_3_mean,PHL,Philippines,2022,0.01516524,elastic_net_alpha_1_l1_0.2,0.01516524,0.5426941224375847,-0.5275288824375848,0.5275288824375848
main_on_subb,Main controls on SUBB sample,nested_baseline,subb,main_controls,env_patent_share_inventions,lag1_3_mean,POL,Poland,2022,0.1628286,elastic_net_alpha_1_l1_0.2,0.1628286,1.4449792564531658,-1.2821506564531657,1.2821506564531657
main_on_subb,Main controls on SUBB sample,nested_baseline,subb,main_controls,env_patent_share_inventions,lag1_3_mean,PRT,Portugal,2022,0.06576394,elastic_net_alpha_1_l1_0.2,0.06576394,0.7930672757122437,-0.7273033357122437,0.7273033357122437
main_on_subb,Main controls on SUBB sample,nested_baseline,subb,main_controls,env_patent_share_inventions,lag1_3_mean,QAT,Qatar,2022,0.00431239,elastic_net_alpha_1_l1_0.2,0.00431239,1.203763709535342,-1.199451319535342,1.199451319535342
main_on_subb,Main controls on SUBB sample,nested_baseline,subb,main_controls,env_patent_share_inventions,lag1_3_mean,ROU,Romania,2022,0.02371814,elastic_net_alpha_1_l1_0.2,0.02371814,0.6376479366266683,-0.6139297966266684,0.6139297966266684
main_on_subb,Main controls on SUBB sample,nested_baseline,subb,main_controls,env_patent_share_inventions,lag1_3_mean,RUS,Russian Federation,2022,0.1397933,elastic_net_alpha_1_l1_0.2,0.1397933,2.9435795208285453,-2.8037862208285453,2.8037862208285453
main_on_subb,Main controls on SUBB sample,nested_baseline,subb,main_controls,env_patent_share_inventions,lag1_3_mean,SAU,Saudi Arabia,2022,0.132606,elastic_net_alpha_1_l1_0.2,0.132606,1.4305410733389066,-1.2979350733389066,1.2979350733389066
main_on_subb,Main controls on SUBB sample,nested_baseline,subb,main_controls,env_patent_share_inventions,lag1_3_mean,SGP,Singapore,2022,0.1973278,elastic_net_alpha_1_l1_0.2,0.1973278,0.8482777445862584,-0.6509499445862583,0.6509499445862583
main_on_subb,Main controls on SUBB sample,nested_baseline,subb,main_controls,env_patent_share_inventions,lag1_3_mean,SRB,Serbia,2022,0.00934351,elastic_net_alpha_1_l1_0.2,0.00934351,0.36575167300229183,-0.35640816300229183,0.35640816300229183
main_on_subb,Main controls on SUBB sample,nested_baseline,subb,main_controls,env_patent_share_inventions,lag1_3_mean,SVK,Slovak Republic,2022,0.02120258,elastic_net_alpha_1_l1_0.2,0.02120258,0.3789309764878198,-0.35772839648781984,0.35772839648781984
main_on_subb,Main controls on SUBB sample,nested_baseline,subb,main_controls,env_patent_share_inventions,lag1_3_mean,SVN,Slovenia,2022,0.02677275,elastic_net_alpha_1_l1_0.2,0.02677275,0.377019496532748,-0.350246746532748,0.350246746532748
main_on_subb,Main controls on SUBB sample,nested_baseline,subb,main_controls,env_patent_share_inventions,lag1_3_mean,SWE,Sweden,2022,0.8673653,elastic_net_alpha_1_l1_0.2,0.8673653,1.0616765976960165,-0.19431129769601652,0.19431129769601652
main_on_subb,Main controls on SUBB sample,nested_baseline,subb,main_controls,env_patent_share_inventions,lag1_3_mean,THA,Thailand,2022,0.01689019,elastic_net_alpha_1_l1_0.2,0.01689019,0.7349914083611861,-0.7181012183611861,0.7181012183611861
main_on_subb,Main controls on SUBB sample,nested_baseline,subb,main_controls,env_patent_share_inventions,lag1_3_mean,TKM,Turkmenistan,2022,0.00431239,elastic_net_alpha_1_l1_0.2,0.00431239,0.384440028807134,-0.380127638807134,0.380127638807134
main_on_subb,Main controls on SUBB sample,nested_baseline,subb,main_controls,env_patent_share_inventions,lag1_3_mean,TUN,Tunisia,2022,0.001078097,elastic_net_alpha_1_l1_0.2,0.001078097,0.3795797508894755,-0.3785016538894755,0.3785016538894755
main_on_subb,Main controls on SUBB sample,nested_baseline,subb,main_controls,env_patent_share_inventions,lag1_3_mean,TUR,Turkiye,2022,0.2866661,elastic_net_alpha_1_l1_0.2,0.2866661,1.6622598630510468,-1.3755937630510469,1.3755937630510469
main_on_subb,Main controls on SUBB sample,nested_baseline,subb,main_controls,env_patent_share_inventions,lag1_3_mean,UKR,Ukraine,2022,0.01958544,elastic_net_alpha_1_l1_0.2,0.01958544,0.6085258459928707,-0.5889404059928708,0.5889404059928708
main_on_subb,Main controls on SUBB sample,nested_baseline,subb,main_controls,env_patent_share_inventions,lag1_3_mean,URY,Uruguay,2022,0.005390487,elastic_net_alpha_1_l1_0.2,0.005390487,0.28655689615930136,-0.28116640915930136,0.28116640915930136
main_on_subb,Main controls on SUBB sample,nested_baseline,subb,main_controls,env_patent_share_inventions,lag1_3_mean,USA,United States,2022,12.35069,elastic_net_alpha_1_l1_0.2,12.35069,19.867901933599565,-7.517211933599565,7.517211933599565
main_on_subb,Main controls on SUBB sample,nested_baseline,subb,main_controls,env_patent_share_inventions,lag1_3_mean,UZB,Uzbekistan,2022,0.001078097,elastic_net_alpha_1_l1_0.2,0.001078097,0.4013396060953859,-0.4002615090953859,0.4002615090953859
main_on_subb,Main controls on SUBB sample,nested_baseline,subb,main_controls,env_patent_share_inventions,lag1_3_mean,VEN,"Venezuela, RB",2022,0.003593658,elastic_net_alpha_1_l1_0.2,0.003593658,0.05744130293826211,-0.05384764493826211,0.05384764493826211
main_on_subb,Main controls on SUBB sample,nested_baseline,subb,main_controls,env_patent_share_inventions,lag1_3_mean,VNM,Viet Nam,2022,0.02414938,elastic_net_alpha_1_l1_0.2,0.02414938,0.36875318482916175,-0.34460380482916175,0.34460380482916175
main_on_subb,Main controls on SUBB sample,nested_baseline,subb,main_controls,env_patent_share_inventions,lag1_3_mean,ZAF,South Africa,2022,0.04779565,elastic_net_alpha_1_l1_0.2,0.04779565,0.9616714474990711,-0.9138757974990711,0.9138757974990711
main_on_subb,Main controls on SUBB sample,nested_baseline,subb,main_controls,env_patent_share_inventions,lag1_3_mean,ARE,United Arab Emirates,2023,0.03206092,elastic_net_alpha_1_l1_0.2,0.03206092,0.8385012445839661,-0.8064403245839661,0.8064403245839661
main_on_subb,Main controls on SUBB sample,nested_baseline,subb,main_controls,env_patent_share_inventions,lag1_3_mean,ARG,Argentina,2023,0.01329449,elastic_net_alpha_1_l1_0.2,0.01329449,0.846433600477924,-0.833139110477924,0.833139110477924
main_on_subb,Main controls on SUBB sample,nested_baseline,subb,main_controls,env_patent_share_inventions,lag1_3_mean,ARM,Armenia,2023,0.005780213,elastic_net_alpha_1_l1_0.2,0.005780213,0.353158245244822,-0.347378032244822,0.347378032244822
main_on_subb,Main controls on SUBB sample,nested_baseline,subb,main_controls,env_patent_share_inventions,lag1_3_mean,AUS,Australia,2023,0.4618776,elastic_net_alpha_1_l1_0.2,0.4618776,2.7656204350147506,-2.3037428350147504,2.3037428350147504
main_on_subb,Main controls on SUBB sample,nested_baseline,subb,main_controls,env_patent_share_inventions,lag1_3_mean,AUT,Austria,2023,0.4801606,elastic_net_alpha_1_l1_0.2,0.4801606,1.0059957673029682,-0.5258351673029682,0.5258351673029682
main_on_subb,Main controls on SUBB sample,nested_baseline,subb,main_controls,env_patent_share_inventions,lag1_3_mean,AZE,Azerbaijan,2023,0.006936256,elastic_net_alpha_1_l1_0.2,0.006936256,0.37283357766508773,-0.36589732166508776,0.36589732166508776
main_on_subb,Main controls on SUBB sample,nested_baseline,subb,main_controls,env_patent_share_inventions,lag1_3_mean,BEL,Belgium,2023,0.4136321,elastic_net_alpha_1_l1_0.2,0.4136321,0.9568081407785574,-0.5431760407785573,0.5431760407785573
main_on_subb,Main controls on SUBB sample,nested_baseline,subb,main_controls,env_patent_share_inventions,lag1_3_mean,BFA,Burkina Faso,2023,0.001156043,elastic_net_alpha_1_l1_0.2,0.001156043,-0.055318853593261164,0.056474896593261166,0.056474896593261166
main_on_subb,Main controls on SUBB sample,nested_baseline,subb,main_controls,env_patent_share_inventions,lag1_3_mean,BGR,Bulgaria,2023,0.01202284,elastic_net_alpha_1_l1_0.2,0.01202284,0.4428788020222083,-0.4308559620222083,0.4308559620222083
main_on_subb,Main controls on SUBB sample,nested_baseline,subb,main_controls,env_patent_share_inventions,lag1_3_mean,BHS,"Bahamas, The",2023,0.002312085,elastic_net_alpha_1_l1_0.2,0.002312085,0.4328542389380313,-0.4305421539380313,0.4305421539380313
main_on_subb,Main controls on SUBB sample,nested_baseline,subb,main_controls,env_patent_share_inventions,lag1_3_mean,BRA,Brazil,2023,0.1532527,elastic_net_alpha_1_l1_0.2,0.1532527,2.6442522435521383,-2.4909995435521384,2.4909995435521384
main_on_subb,Main controls on SUBB sample,nested_baseline,subb,main_controls,env_patent_share_inventions,lag1_3_mean,CAN,Canada,2023,0.8605196,elastic_net_alpha_1_l1_0.2,0.8605196,2.9042304643834944,-2.0437108643834945,2.0437108643834945
main_on_subb,Main controls on SUBB sample,nested_baseline,subb,main_controls,env_patent_share_inventions,lag1_3_mean,CHE,Switzerland,2023,0.4411294,elastic_net_alpha_1_l1_0.2,0.4411294,1.0609208179466674,-0.6197914179466674,0.6197914179466674
main_on_subb,Main controls on SUBB sample,nested_baseline,subb,main_controls,env_patent_share_inventions,lag1_3_mean,CHL,Chile,2023,0.05549005,elastic_net_alpha_1_l1_0.2,0.05549005,0.8420385446149252,-0.7865484946149253,0.7865484946149253
main_on_subb,Main controls on SUBB sample,nested_baseline,subb,main_controls,env_patent_share_inventions,lag1_3_mean,CHN,China,2023,38.42308,elastic_net_alpha_1_l1_0.2,38.42308,22.423068211572936,16.000011788427063,16.000011788427063
main_on_subb,Main controls on SUBB sample,nested_baseline,subb,main_controls,env_patent_share_inventions,lag1_3_mean,COL,Colombia,2023,0.02127118,elastic_net_alpha_1_l1_0.2,0.02127118,0.7917637348619777,-0.7704925548619777,0.7704925548619777
main_on_subb,Main controls on SUBB sample,nested_baseline,subb,main_controls,env_patent_share_inventions,lag1_3_mean,CUB,Cuba,2023,0.002312085,elastic_net_alpha_1_l1_0.2,0.002312085,0.24126264871691827,-0.23895056371691828,0.23895056371691828
main_on_subb,Main controls on SUBB sample,nested_baseline,subb,main_controls,env_patent_share_inventions,lag1_3_mean,CYP,Cyprus,2023,0.03872743,elastic_net_alpha_1_l1_0.2,0.03872743,0.24968283424071358,-0.21095540424071357,0.21095540424071357
main_on_subb,Main controls on SUBB sample,nested_baseline,subb,main_controls,env_patent_share_inventions,lag1_3_mean,CZE,Czechia,2023,0.118687,elastic_net_alpha_1_l1_0.2,0.118687,0.8567008749458954,-0.7380138749458954,0.7380138749458954
main_on_subb,Main controls on SUBB sample,nested_baseline,subb,main_controls,env_patent_share_inventions,lag1_3_mean,DEU,Germany,2023,5.323825,elastic_net_alpha_1_l1_0.2,5.323825,4.748306000042248,0.5755189999577519,0.5755189999577519
main_on_subb,Main controls on SUBB sample,nested_baseline,subb,main_controls,env_patent_share_inventions,lag1_3_mean,DNK,Denmark,2023,0.7307345,elastic_net_alpha_1_l1_0.2,0.7307345,1.0530061805512414,-0.32227168055124145,0.32227168055124145
main_on_subb,Main controls on SUBB sample,nested_baseline,subb,main_controls,env_patent_share_inventions,lag1_3_mean,DZA,Algeria,2023,0.002890107,elastic_net_alpha_1_l1_0.2,0.002890107,0.49015162669750956,-0.4872615196975096,0.4872615196975096
main_on_subb,Main controls on SUBB sample,nested_baseline,subb,main_controls,env_patent_share_inventions,lag1_3_mean,EGY,"Egypt, Arab Rep.",2023,0.009441015,elastic_net_alpha_1_l1_0.2,0.009441015,0.9253636535972432,-0.9159226385972431,0.9159226385972431
main_on_subb,Main controls on SUBB sample,nested_baseline,subb,main_controls,env_patent_share_inventions,lag1_3_mean,ESP,Spain,2023,0.4860224,elastic_net_alpha_1_l1_0.2,0.4860224,2.4206530412780847,-1.9346306412780847,1.9346306412780847
main_on_subb,Main controls on SUBB sample,nested_baseline,subb,main_controls,env_patent_share_inventions,lag1_3_mean,EST,Estonia,2023,0.01271647,elastic_net_alpha_1_l1_0.2,0.01271647,0.5347602708572665,-0.5220438008572665,0.5220438008572665
main_on_subb,Main controls on SUBB sample,nested_baseline,subb,main_controls,env_patent_share_inventions,lag1_3_mean,FIN,Finland,2023,0.378583,elastic_net_alpha_1_l1_0.2,0.378583,1.0315384395232592,-0.6529554395232592,0.6529554395232592
main_on_subb,Main controls on SUBB sample,nested_baseline,subb,main_controls,env_patent_share_inventions,lag1_3_mean,FRA,France,2023,2.193091,elastic_net_alpha_1_l1_0.2,2.193091,3.209859872837757,-1.016768872837757,1.016768872837757
main_on_subb,Main controls on SUBB sample,nested_baseline,subb,main_controls,env_patent_share_inventions,lag1_3_mean,GBR,United Kingdom,2023,1.668825,elastic_net_alpha_1_l1_0.2,1.668825,4.291121777353009,-2.622296777353009,2.622296777353009
main_on_subb,Main controls on SUBB sample,nested_baseline,subb,main_controls,env_patent_share_inventions,lag1_3_mean,GEO,Georgia,2023,0.002312085,elastic_net_alpha_1_l1_0.2,0.002312085,0.4266532370360475,-0.4243411520360475,0.4243411520360475
main_on_subb,Main controls on SUBB sample,nested_baseline,subb,main_controls,env_patent_share_inventions,lag1_3_mean,GRC,Greece,2023,0.0370319,elastic_net_alpha_1_l1_0.2,0.0370319,0.7554064438277122,-0.7183745438277122,0.7183745438277122
main_on_subb,Main controls on SUBB sample,nested_baseline,subb,main_controls,env_patent_share_inventions,lag1_3_mean,GTM,Guatemala,2023,0.002312085,elastic_net_alpha_1_l1_0.2,0.002312085,0.3615406844965404,-0.3592285994965404,0.3592285994965404
main_on_subb,Main controls on SUBB sample,nested_baseline,subb,main_controls,env_patent_share_inventions,lag1_3_mean,HKG,"Hong Kong SAR, China",2023,0.08130834,elastic_net_alpha_1_l1_0.2,0.08130834,0.40397093328788425,-0.32266259328788427,0.32266259328788427
main_on_subb,Main controls on SUBB sample,nested_baseline,subb,main_controls,env_patent_share_inventions,lag1_3_mean,HRV,Croatia,2023,0.02196481,elastic_net_alpha_1_l1_0.2,0.02196481,0.4611998174978159,-0.4392350074978159,0.4392350074978159
main_on_subb,Main controls on SUBB sample,nested_baseline,subb,main_controls,env_patent_share_inventions,lag1_3_mean,HUN,Hungary,2023,0.04990251,elastic_net_alpha_1_l1_0.2,0.04990251,0.5636164354851914,-0.5137139254851913,0.5137139254851913
main_on_subb,Main controls on SUBB sample,nested_baseline,subb,main_controls,env_patent_share_inventions,lag1_3_mean,IDN,Indonesia,2023,0.02235016,elastic_net_alpha_1_l1_0.2,0.02235016,1.6477613676898386,-1.6254112076898386,1.6254112076898386
main_on_subb,Main controls on SUBB sample,nested_baseline,subb,main_controls,env_patent_share_inventions,lag1_3_mean,IND,India,2023,0.9509992,elastic_net_alpha_1_l1_0.2,0.9509992,4.906244765283026,-3.9552455652830263,3.9552455652830263
main_on_subb,Main controls on SUBB sample,nested_baseline,subb,main_controls,env_patent_share_inventions,lag1_3_mean,IRL,Ireland,2023,0.113639,elastic_net_alpha_1_l1_0.2,0.113639,0.7037421134998965,-0.5901031134998964,0.5901031134998964
main_on_subb,Main controls on SUBB sample,nested_baseline,subb,main_controls,env_patent_share_inventions,lag1_3_mean,IRN,"Iran, Islamic Rep.",2023,0.02181067,elastic_net_alpha_1_l1_0.2,0.02181067,1.503461313828876,-1.481650643828876,1.481650643828876
main_on_subb,Main controls on SUBB sample,nested_baseline,subb,main_controls,env_patent_share_inventions,lag1_3_mean,IRQ,Iraq,2023,0.0009248341,elastic_net_alpha_1_l1_0.2,0.0009248341,0.4769408291374626,-0.4760159950374626,0.4760159950374626
main_on_subb,Main controls on SUBB sample,nested_baseline,subb,main_controls,env_patent_share_inventions,lag1_3_mean,ISL,Iceland,2023,0.007706951,elastic_net_alpha_1_l1_0.2,0.007706951,0.661738227720361,-0.654031276720361,0.654031276720361
main_on_subb,Main controls on SUBB sample,nested_baseline,subb,main_controls,env_patent_share_inventions,lag1_3_mean,ISR,Israel,2023,0.2640401,elastic_net_alpha_1_l1_0.2,0.2640401,1.1000633261612895,-0.8360232261612895,0.8360232261612895
main_on_subb,Main controls on SUBB sample,nested_baseline,subb,main_controls,env_patent_share_inventions,lag1_3_mean,ITA,Italy,2023,0.9510773,elastic_net_alpha_1_l1_0.2,0.9510773,3.0292477451044677,-2.0781704451044676,2.0781704451044676
main_on_subb,Main controls on SUBB sample,nested_baseline,subb,main_controls,env_patent_share_inventions,lag1_3_mean,JOR,Jordan,2023,0.003986596,elastic_net_alpha_1_l1_0.2,0.003986596,0.4301654396777307,-0.4261788436777307,0.4261788436777307
main_on_subb,Main controls on SUBB sample,nested_baseline,subb,main_controls,env_patent_share_inventions,lag1_3_mean,JPN,Japan,2023,12.35528,elastic_net_alpha_1_l1_0.2,12.35528,4.943913306200787,7.411366693799214,7.411366693799214
main_on_subb,Main controls on SUBB sample,nested_baseline,subb,main_controls,env_patent_share_inventions,lag1_3_mean,KAZ,Kazakhstan,2023,0.001156043,elastic_net_alpha_1_l1_0.2,0.001156043,0.6784077038557021,-0.6772516608557021,0.6772516608557021
main_on_subb,Main controls on SUBB sample,nested_baseline,subb,main_controls,env_patent_share_inventions,lag1_3_mean,KOR,"Korea, Rep.",2023,17.64583,elastic_net_alpha_1_l1_0.2,17.64583,2.861042061491916,14.784787938508085,14.784787938508085
main_on_subb,Main controls on SUBB sample,nested_baseline,subb,main_controls,env_patent_share_inventions,lag1_3_mean,KWT,Kuwait,2023,0.0007706951,elastic_net_alpha_1_l1_0.2,0.0007706951,0.6968854681322983,-0.6961147730322983,0.6961147730322983
main_on_subb,Main controls on SUBB sample,nested_baseline,subb,main_controls,env_patent_share_inventions,lag1_3_mean,LBN,Lebanon,2023,0.01123113,elastic_net_alpha_1_l1_0.2,0.01123113,0.2520713245361147,-0.2408401945361147,0.2408401945361147
main_on_subb,Main controls on SUBB sample,nested_baseline,subb,main_controls,env_patent_share_inventions,lag1_3_mean,LKA,Sri Lanka,2023,0.007321603,elastic_net_alpha_1_l1_0.2,0.007321603,0.43884904543967707,-0.43152744243967706,0.43152744243967706
main_on_subb,Main controls on SUBB sample,nested_baseline,subb,main_controls,env_patent_share_inventions,lag1_3_mean,LTU,Lithuania,2023,0.006936256,elastic_net_alpha_1_l1_0.2,0.006936256,0.43071324560744706,-0.4237769896074471,0.4237769896074471
main_on_subb,Main controls on SUBB sample,nested_baseline,subb,main_controls,env_patent_share_inventions,lag1_3_mean,LUX,Luxembourg,2023,0.02601096,elastic_net_alpha_1_l1_0.2,0.02601096,-0.12818937728076762,0.15420033728076762,0.15420033728076762
main_on_subb,Main controls on SUBB sample,nested_baseline,subb,main_controls,env_patent_share_inventions,lag1_3_mean,LVA,Latvia,2023,0.004624171,elastic_net_alpha_1_l1_0.2,0.004624171,0.4038317471256929,-0.3992075761256929,0.3992075761256929
main_on_subb,Main controls on SUBB sample,nested_baseline,subb,main_controls,env_patent_share_inventions,lag1_3_mean,MAR,Morocco,2023,0.02011614,elastic_net_alpha_1_l1_0.2,0.02011614,0.4950136056389043,-0.4748974656389043,0.4748974656389043
main_on_subb,Main controls on SUBB sample,nested_baseline,subb,main_controls,env_patent_share_inventions,lag1_3_mean,MEX,Mexico,2023,0.0551047,elastic_net_alpha_1_l1_0.2,0.0551047,1.3833819563108847,-1.3282772563108847,1.3282772563108847
main_on_subb,Main controls on SUBB sample,nested_baseline,subb,main_controls,env_patent_share_inventions,lag1_3_mean,MLT,Malta,2023,0.003468128,elastic_net_alpha_1_l1_0.2,0.003468128,0.198930439421532,-0.195462311421532,0.195462311421532
main_on_subb,Main controls on SUBB sample,nested_baseline,subb,main_controls,env_patent_share_inventions,lag1_3_mean,MNE,Montenegro,2023,0.003468128,elastic_net_alpha_1_l1_0.2,0.003468128,0.35251747685789103,-0.349049348857891,0.349049348857891
main_on_subb,Main controls on SUBB sample,nested_baseline,subb,main_controls,env_patent_share_inventions,lag1_3_mean,MYS,Malaysia,2023,0.05518177,elastic_net_alpha_1_l1_0.2,0.05518177,1.007086852705258,-0.9519050827052581,0.9519050827052581
main_on_subb,Main controls on SUBB sample,nested_baseline,subb,main_controls,env_patent_share_inventions,lag1_3_mean,NAM,Namibia,2023,0.001156043,elastic_net_alpha_1_l1_0.2,0.001156043,0.3146035234732273,-0.3134474804732273,0.3134474804732273
main_on_subb,Main controls on SUBB sample,nested_baseline,subb,main_controls,env_patent_share_inventions,lag1_3_mean,NLD,Netherlands,2023,0.5949941,elastic_net_alpha_1_l1_0.2,0.5949941,1.2885812868302005,-0.6935871868302005,0.6935871868302005
main_on_subb,Main controls on SUBB sample,nested_baseline,subb,main_controls,env_patent_share_inventions,lag1_3_mean,NOR,Norway,2023,0.2159873,elastic_net_alpha_1_l1_0.2,0.2159873,1.1422523477310096,-0.9262650477310096,0.9262650477310096
main_on_subb,Main controls on SUBB sample,nested_baseline,subb,main_controls,env_patent_share_inventions,lag1_3_mean,NZL,New Zealand,2023,0.06288872,elastic_net_alpha_1_l1_0.2,0.06288872,1.016941341591068,-0.954052621591068,0.954052621591068
main_on_subb,Main controls on SUBB sample,nested_baseline,subb,main_controls,env_patent_share_inventions,lag1_3_mean,PAK,Pakistan,2023,0.002830553,elastic_net_alpha_1_l1_0.2,0.002830553,0.8485108190226924,-0.8456802660226924,0.8456802660226924
main_on_subb,Main controls on SUBB sample,nested_baseline,subb,main_controls,env_patent_share_inventions,lag1_3_mean,PAN,Panama,2023,0.005086588,elastic_net_alpha_1_l1_0.2,0.005086588,0.385333526374783,-0.380246938374783,0.380246938374783
main_on_subb,Main controls on SUBB sample,nested_baseline,subb,main_controls,env_patent_share_inventions,lag1_3_mean,PER,Peru,2023,0.008477646,elastic_net_alpha_1_l1_0.2,0.008477646,0.5824800668884594,-0.5740024208884594,0.5740024208884594
main_on_subb,Main controls on SUBB sample,nested_baseline,subb,main_controls,env_patent_share_inventions,lag1_3_mean,PHL,Philippines,2023,0.002312085,elastic_net_alpha_1_l1_0.2,0.002312085,0.626296157421639,-0.623984072421639,0.623984072421639
main_on_subb,Main controls on SUBB sample,nested_baseline,subb,main_controls,env_patent_share_inventions,lag1_3_mean,POL,Poland,2023,0.1666243,elastic_net_alpha_1_l1_0.2,0.1666243,1.4680863241090203,-1.3014620241090202,1.3014620241090202
main_on_subb,Main controls on SUBB sample,nested_baseline,subb,main_controls,env_patent_share_inventions,lag1_3_mean,PRT,Portugal,2023,0.08377456,elastic_net_alpha_1_l1_0.2,0.08377456,0.8860545275024977,-0.8022799675024976,0.8022799675024976
main_on_subb,Main controls on SUBB sample,nested_baseline,subb,main_controls,env_patent_share_inventions,lag1_3_mean,QAT,Qatar,2023,0.002312085,elastic_net_alpha_1_l1_0.2,0.002312085,1.1413817283141952,-1.1390696433141951,1.1390696433141951
main_on_subb,Main controls on SUBB sample,nested_baseline,subb,main_controls,env_patent_share_inventions,lag1_3_mean,ROU,Romania,2023,0.03121315,elastic_net_alpha_1_l1_0.2,0.03121315,0.701930552796306,-0.670717402796306,0.670717402796306
main_on_subb,Main controls on SUBB sample,nested_baseline,subb,main_controls,env_patent_share_inventions,lag1_3_mean,RUS,Russian Federation,2023,0.1051999,elastic_net_alpha_1_l1_0.2,0.1051999,2.793299106328993,-2.688099206328993,2.688099206328993
main_on_subb,Main controls on SUBB sample,nested_baseline,subb,main_controls,env_patent_share_inventions,lag1_3_mean,SAU,Saudi Arabia,2023,0.1056623,elastic_net_alpha_1_l1_0.2,0.1056623,1.4864017802195142,-1.380739480219514,1.380739480219514
main_on_subb,Main controls on SUBB sample,nested_baseline,subb,main_controls,env_patent_share_inventions,lag1_3_mean,SGP,Singapore,2023,0.2277789,elastic_net_alpha_1_l1_0.2,0.2277789,0.8066623408013247,-0.5788834408013247,0.5788834408013247
main_on_subb,Main controls on SUBB sample,nested_baseline,subb,main_controls,env_patent_share_inventions,lag1_3_mean,SLV,El Salvador,2023,0.002312085,elastic_net_alpha_1_l1_0.2,0.002312085,0.2816230412061116,-0.27931095620611157,0.27931095620611157
main_on_subb,Main controls on SUBB sample,nested_baseline,subb,main_controls,env_patent_share_inventions,lag1_3_mean,SRB,Serbia,2023,0.02003807,elastic_net_alpha_1_l1_0.2,0.02003807,0.41727018612368805,-0.39723211612368803,0.39723211612368803
main_on_subb,Main controls on SUBB sample,nested_baseline,subb,main_controls,env_patent_share_inventions,lag1_3_mean,SVK,Slovak Republic,2023,0.01965272,elastic_net_alpha_1_l1_0.2,0.01965272,0.3888258929733509,-0.3691731729733509,0.3691731729733509
main_on_subb,Main controls on SUBB sample,nested_baseline,subb,main_controls,env_patent_share_inventions,lag1_3_mean,SVN,Slovenia,2023,0.02807532,elastic_net_alpha_1_l1_0.2,0.02807532,0.4000587593512831,-0.3719834393512831,0.3719834393512831
main_on_subb,Main controls on SUBB sample,nested_baseline,subb,main_controls,env_patent_share_inventions,lag1_3_mean,SWE,Sweden,2023,0.812775,elastic_net_alpha_1_l1_0.2,0.812775,1.3129317158014493,-0.5001567158014493,0.5001567158014493
main_on_subb,Main controls on SUBB sample,nested_baseline,subb,main_controls,env_patent_share_inventions,lag1_3_mean,THA,Thailand,2023,0.0242769,elastic_net_alpha_1_l1_0.2,0.0242769,0.7938075602627677,-0.7695306602627676,0.7695306602627676
main_on_subb,Main controls on SUBB sample,nested_baseline,subb,main_controls,env_patent_share_inventions,lag1_3_mean,TUN,Tunisia,2023,0.002697433,elastic_net_alpha_1_l1_0.2,0.002697433,0.3589412799090941,-0.35624384690909405,0.35624384690909405
main_on_subb,Main controls on SUBB sample,nested_baseline,subb,main_controls,env_patent_share_inventions,lag1_3_mean,TUR,Turkiye,2023,0.2342913,elastic_net_alpha_1_l1_0.2,0.2342913,1.7615779608261377,-1.5272866608261377,1.5272866608261377
main_on_subb,Main controls on SUBB sample,nested_baseline,subb,main_controls,env_patent_share_inventions,lag1_3_mean,UKR,Ukraine,2023,0.04046149,elastic_net_alpha_1_l1_0.2,0.04046149,0.5632130390265503,-0.5227515490265503,0.5227515490265503
main_on_subb,Main controls on SUBB sample,nested_baseline,subb,main_controls,env_patent_share_inventions,lag1_3_mean,USA,United States,2023,10.59949,elastic_net_alpha_1_l1_0.2,10.59949,20.18498184741221,-9.58549184741221,9.58549184741221
main_on_subb,Main controls on SUBB sample,nested_baseline,subb,main_controls,env_patent_share_inventions,lag1_3_mean,UZB,Uzbekistan,2023,0.00154139,elastic_net_alpha_1_l1_0.2,0.00154139,0.36623208944305985,-0.3646906994430599,0.3646906994430599
main_on_subb,Main controls on SUBB sample,nested_baseline,subb,main_controls,env_patent_share_inventions,lag1_3_mean,VEN,"Venezuela, RB",2023,0.001156043,elastic_net_alpha_1_l1_0.2,0.001156043,0.16436435900608548,-0.16320831600608549,0.16320831600608549
main_on_subb,Main controls on SUBB sample,nested_baseline,subb,main_controls,env_patent_share_inventions,lag1_3_mean,VNM,Viet Nam,2023,0.006550908,elastic_net_alpha_1_l1_0.2,0.006550908,0.43056470547484915,-0.42401379747484913,0.42401379747484913
main_on_subb,Main controls on SUBB sample,nested_baseline,subb,main_controls,env_patent_share_inventions,lag1_3_mean,ZAF,South Africa,2023,0.06049956,elastic_net_alpha_1_l1_0.2,0.06049956,0.9316480707100123,-0.8711485107100123,0.8711485107100123
main_plus_subb,Main controls plus SUBB predictors,nested_augmented,subb,main_plus_submodel,env_patent_share_inventions,lag1_3_mean,ARE,United Arab Emirates,2021,0.03864921,elastic_net_alpha_1_l1_0.8,0.03864921,0.9240277842026635,-0.8853785742026635,0.8853785742026635
main_plus_subb,Main controls plus SUBB predictors,nested_augmented,subb,main_plus_submodel,env_patent_share_inventions,lag1_3_mean,ARG,Argentina,2021,0.00838331,elastic_net_alpha_1_l1_0.8,0.00838331,0.6465619929428374,-0.6381786829428374,0.6381786829428374
main_plus_subb,Main controls plus SUBB predictors,nested_augmented,subb,main_plus_submodel,env_patent_share_inventions,lag1_3_mean,ARM,Armenia,2021,0.0009673051,elastic_net_alpha_1_l1_0.8,0.0009673051,0.02633152176647391,-0.02536421666647391,0.02536421666647391
main_plus_subb,Main controls plus SUBB predictors,nested_augmented,subb,main_plus_submodel,env_patent_share_inventions,lag1_3_mean,AUS,Australia,2021,0.6052428,elastic_net_alpha_1_l1_0.8,0.6052428,1.9747975338036237,-1.3695547338036236,1.3695547338036236
main_plus_subb,Main controls plus SUBB predictors,nested_augmented,subb,main_plus_submodel,env_patent_share_inventions,lag1_3_mean,AUT,Austria,2021,0.600331,elastic_net_alpha_1_l1_0.8,0.600331,1.9835318066271252,-1.3832008066271253,1.3832008066271253
main_plus_subb,Main controls plus SUBB predictors,nested_augmented,subb,main_plus_submodel,env_patent_share_inventions,lag1_3_mean,AZE,Azerbaijan,2021,0.00451409,elastic_net_alpha_1_l1_0.8,0.00451409,0.06184695672572982,-0.05733286672572982,0.05733286672572982
main_plus_subb,Main controls plus SUBB predictors,nested_augmented,subb,main_plus_submodel,env_patent_share_inventions,lag1_3_mean,BEL,Belgium,2021,0.5078351,elastic_net_alpha_1_l1_0.8,0.5078351,2.058275286436645,-1.5504401864366453,1.5504401864366453
main_plus_subb,Main controls plus SUBB predictors,nested_augmented,subb,main_plus_submodel,env_patent_share_inventions,lag1_3_mean,BFA,Burkina Faso,2021,0.0009673051,elastic_net_alpha_1_l1_0.8,0.0009673051,0.3425379357985794,-0.3415706306985794,0.3415706306985794
main_plus_subb,Main controls plus SUBB predictors,nested_augmented,subb,main_plus_submodel,env_patent_share_inventions,lag1_3_mean,BGR,Bulgaria,2021,0.0156381,elastic_net_alpha_1_l1_0.8,0.0156381,0.42017413756042454,-0.40453603756042456,0.40453603756042456
main_plus_subb,Main controls plus SUBB predictors,nested_augmented,subb,main_plus_submodel,env_patent_share_inventions,lag1_3_mean,BHS,"Bahamas, The",2021,0.004836525,elastic_net_alpha_1_l1_0.8,0.004836525,0.3375670172149229,-0.3327304922149229,0.3327304922149229
main_plus_subb,Main controls plus SUBB predictors,nested_augmented,subb,main_plus_submodel,env_patent_share_inventions,lag1_3_mean,BLR,Belarus,2021,0.01176888,elastic_net_alpha_1_l1_0.8,0.01176888,0.26600355477820015,-0.25423467477820016,0.25423467477820016
main_plus_subb,Main controls plus SUBB predictors,nested_augmented,subb,main_plus_submodel,env_patent_share_inventions,lag1_3_mean,BRA,Brazil,2021,0.2022635,elastic_net_alpha_1_l1_0.8,0.2022635,2.468920718631069,-2.266657218631069,2.266657218631069
main_plus_subb,Main controls plus SUBB predictors,nested_augmented,subb,main_plus_submodel,env_patent_share_inventions,lag1_3_mean,CAN,Canada,2021,1.406397,elastic_net_alpha_1_l1_0.8,1.406397,2.6885899910476665,-1.2821929910476666,1.2821929910476666
main_plus_subb,Main controls plus SUBB predictors,nested_augmented,subb,main_plus_submodel,env_patent_share_inventions,lag1_3_mean,CHE,Switzerland,2021,0.5670665,elastic_net_alpha_1_l1_0.8,0.5670665,1.0803559824900495,-0.5132894824900495,0.5132894824900495
main_plus_subb,Main controls plus SUBB predictors,nested_augmented,subb,main_plus_submodel,env_patent_share_inventions,lag1_3_mean,CHL,Chile,2021,0.04739795,elastic_net_alpha_1_l1_0.8,0.04739795,0.3555971124782533,-0.3081991624782533,0.3081991624782533
main_plus_subb,Main controls plus SUBB predictors,nested_augmented,subb,main_plus_submodel,env_patent_share_inventions,lag1_3_mean,CHN,China,2021,27.46088,elastic_net_alpha_1_l1_0.8,27.46088,17.529426224189848,9.931453775810152,9.931453775810152
main_plus_subb,Main controls plus SUBB predictors,nested_augmented,subb,main_plus_submodel,env_patent_share_inventions,lag1_3_mean,COL,Colombia,2021,0.01708906,elastic_net_alpha_1_l1_0.8,0.01708906,0.3745420532130118,-0.3574529932130118,0.3574529932130118
main_plus_subb,Main controls plus SUBB predictors,nested_augmented,subb,main_plus_submodel,env_patent_share_inventions,lag1_3_mean,CRI,Costa Rica,2021,0.00193461,elastic_net_alpha_1_l1_0.8,0.00193461,0.3780866733394044,-0.3761520633394044,0.3761520633394044
main_plus_subb,Main controls plus SUBB predictors,nested_augmented,subb,main_plus_submodel,env_patent_share_inventions,lag1_3_mean,CYP,Cyprus,2021,0.007416006,elastic_net_alpha_1_l1_0.8,0.007416006,0.3163066619845595,-0.3088906559845595,0.3088906559845595
main_plus_subb,Main controls plus SUBB predictors,nested_augmented,subb,main_plus_submodel,env_patent_share_inventions,lag1_3_mean,CZE,Czechia,2021,0.1125298,elastic_net_alpha_1_l1_0.8,0.1125298,1.2329845788062634,-1.1204547788062635,1.1204547788062635
main_plus_subb,Main controls plus SUBB predictors,nested_augmented,subb,main_plus_submodel,env_patent_share_inventions,lag1_3_mean,DEU,Germany,2021,6.09054,elastic_net_alpha_1_l1_0.8,6.09054,5.185943749188162,0.9045962508118377,0.9045962508118377
main_plus_subb,Main controls plus SUBB predictors,nested_augmented,subb,main_plus_submodel,env_patent_share_inventions,lag1_3_mean,DNK,Denmark,2021,0.8738312,elastic_net_alpha_1_l1_0.8,0.8738312,1.8462746870281657,-0.9724434870281656,0.9724434870281656
main_plus_subb,Main controls plus SUBB predictors,nested_augmented,subb,main_plus_submodel,env_patent_share_inventions,lag1_3_mean,DOM,Dominican Republic,2021,0.00064487,elastic_net_alpha_1_l1_0.8,0.00064487,0.38578440894495813,-0.3851395389449581,0.3851395389449581
main_plus_subb,Main controls plus SUBB predictors,nested_augmented,subb,main_plus_submodel,env_patent_share_inventions,lag1_3_mean,DZA,Algeria,2021,0.003288837,elastic_net_alpha_1_l1_0.8,0.003288837,0.5257751925640852,-0.5224863555640852,0.5224863555640852
main_plus_subb,Main controls plus SUBB predictors,nested_augmented,subb,main_plus_submodel,env_patent_share_inventions,lag1_3_mean,ECU,Ecuador,2021,0.001612175,elastic_net_alpha_1_l1_0.8,0.001612175,0.42443031740650516,-0.42281814240650517,0.42281814240650517
main_plus_subb,Main controls plus SUBB predictors,nested_augmented,subb,main_plus_submodel,env_patent_share_inventions,lag1_3_mean,EGY,"Egypt, Arab Rep.",2021,0.01321984,elastic_net_alpha_1_l1_0.8,0.01321984,0.7687056985221491,-0.7554858585221491,0.7554858585221491
main_plus_subb,Main controls plus SUBB predictors,nested_augmented,subb,main_plus_submodel,env_patent_share_inventions,lag1_3_mean,ESP,Spain,2021,0.6234819,elastic_net_alpha_1_l1_0.8,0.6234819,2.128516936125215,-1.505035036125215,1.505035036125215
main_plus_subb,Main controls plus SUBB predictors,nested_augmented,subb,main_plus_submodel,env_patent_share_inventions,lag1_3_mean,EST,Estonia,2021,0.01386471,elastic_net_alpha_1_l1_0.8,0.01386471,0.7685663335635722,-0.7547016235635722,0.7547016235635722
main_plus_subb,Main controls plus SUBB predictors,nested_augmented,subb,main_plus_submodel,env_patent_share_inventions,lag1_3_mean,FIN,Finland,2021,0.4526021,elastic_net_alpha_1_l1_0.8,0.4526021,1.6941549776129343,-1.2415528776129343,1.2415528776129343
main_plus_subb,Main controls plus SUBB predictors,nested_augmented,subb,main_plus_submodel,env_patent_share_inventions,lag1_3_mean,FRA,France,2021,2.559317,elastic_net_alpha_1_l1_0.8,2.559317,3.51626739013535,-0.9569503901353498,0.9569503901353498
main_plus_subb,Main controls plus SUBB predictors,nested_augmented,subb,main_plus_submodel,env_patent_share_inventions,lag1_3_mean,GBR,United Kingdom,2021,1.863642,elastic_net_alpha_1_l1_0.8,1.863642,4.569733926988915,-2.706091926988915,2.706091926988915
main_plus_subb,Main controls plus SUBB predictors,nested_augmented,subb,main_plus_submodel,env_patent_share_inventions,lag1_3_mean,GEO,Georgia,2021,0.007738441,elastic_net_alpha_1_l1_0.8,0.007738441,0.07870972660618958,-0.07097128560618958,0.07097128560618958
main_plus_subb,Main controls plus SUBB predictors,nested_augmented,subb,main_plus_submodel,env_patent_share_inventions,lag1_3_mean,GRC,Greece,2021,0.04058382,elastic_net_alpha_1_l1_0.8,0.04058382,0.8706853093472462,-0.8301014893472461,0.8301014893472461
main_plus_subb,Main controls plus SUBB predictors,nested_augmented,subb,main_plus_submodel,env_patent_share_inventions,lag1_3_mean,HKG,"Hong Kong SAR, China",2021,0.09469917,elastic_net_alpha_1_l1_0.8,0.09469917,0.6502853174409101,-0.5555861474409101,0.5555861474409101
main_plus_subb,Main controls plus SUBB predictors,nested_augmented,subb,main_plus_submodel,env_patent_share_inventions,lag1_3_mean,HRV,Croatia,2021,0.02037789,elastic_net_alpha_1_l1_0.8,0.02037789,0.5726856900423898,-0.5523078000423898,0.5523078000423898
main_plus_subb,Main controls plus SUBB predictors,nested_augmented,subb,main_plus_submodel,env_patent_share_inventions,lag1_3_mean,HUN,Hungary,2021,0.04149739,elastic_net_alpha_1_l1_0.8,0.04149739,0.8841159263902542,-0.8426185363902542,0.8426185363902542
main_plus_subb,Main controls plus SUBB predictors,nested_augmented,subb,main_plus_submodel,env_patent_share_inventions,lag1_3_mean,IDN,Indonesia,2021,0.01360676,elastic_net_alpha_1_l1_0.8,0.01360676,1.0464639641053528,-1.0328572041053528,1.0328572041053528
main_plus_subb,Main controls plus SUBB predictors,nested_augmented,subb,main_plus_submodel,env_patent_share_inventions,lag1_3_mean,IND,India,2021,1.139217,elastic_net_alpha_1_l1_0.8,1.139217,3.5461034213221514,-2.4068864213221515,2.4068864213221515
main_plus_subb,Main controls plus SUBB predictors,nested_augmented,subb,main_plus_submodel,env_patent_share_inventions,lag1_3_mean,IRL,Ireland,2021,0.1236538,elastic_net_alpha_1_l1_0.8,0.1236538,0.8376223800271212,-0.7139685800271212,0.7139685800271212
main_plus_subb,Main controls plus SUBB predictors,nested_augmented,subb,main_plus_submodel,env_patent_share_inventions,lag1_3_mean,IRN,"Iran, Islamic Rep.",2021,0.03633843,elastic_net_alpha_1_l1_0.8,0.03633843,1.2390149995231243,-1.2026765695231243,1.2026765695231243
main_plus_subb,Main controls plus SUBB predictors,nested_augmented,subb,main_plus_submodel,env_patent_share_inventions,lag1_3_mean,ISL,Iceland,2021,0.009673051,elastic_net_alpha_1_l1_0.8,0.009673051,1.1245708488049184,-1.1148977978049184,1.1148977978049184
main_plus_subb,Main controls plus SUBB predictors,nested_augmented,subb,main_plus_submodel,env_patent_share_inventions,lag1_3_mean,ISR,Israel,2021,0.4227123,elastic_net_alpha_1_l1_0.8,0.4227123,3.1063520811378664,-2.6836397811378663,2.6836397811378663
main_plus_subb,Main controls plus SUBB predictors,nested_augmented,subb,main_plus_submodel,env_patent_share_inventions,lag1_3_mean,ITA,Italy,2021,1.366383,elastic_net_alpha_1_l1_0.8,1.366383,2.811182572635383,-1.4447995726353833,1.4447995726353833
main_plus_subb,Main controls plus SUBB predictors,nested_augmented,subb,main_plus_submodel,env_patent_share_inventions,lag1_3_mean,JOR,Jordan,2021,0.009565572,elastic_net_alpha_1_l1_0.8,0.009565572,0.39120523083562597,-0.38163965883562595,0.38163965883562595
main_plus_subb,Main controls plus SUBB predictors,nested_augmented,subb,main_plus_submodel,env_patent_share_inventions,lag1_3_mean,JPN,Japan,2021,18.32637,elastic_net_alpha_1_l1_0.8,18.32637,5.743917083018129,12.582452916981872,12.582452916981872
main_plus_subb,Main controls plus SUBB predictors,nested_augmented,subb,main_plus_submodel,env_patent_share_inventions,lag1_3_mean,KAZ,Kazakhstan,2021,0.006771136,elastic_net_alpha_1_l1_0.8,0.006771136,0.13636769067977206,-0.12959655467977205,0.12959655467977205
main_plus_subb,Main controls plus SUBB predictors,nested_augmented,subb,main_plus_submodel,env_patent_share_inventions,lag1_3_mean,KGZ,Kyrgyz Republic,2021,0.00064487,elastic_net_alpha_1_l1_0.8,0.00064487,-0.03506123043209408,0.03570610043209408,0.03570610043209408
main_plus_subb,Main controls plus SUBB predictors,nested_augmented,subb,main_plus_submodel,env_patent_share_inventions,lag1_3_mean,KHM,Cambodia,2021,0.00128974,elastic_net_alpha_1_l1_0.8,0.00128974,0.35236997261092373,-0.35108023261092375,0.35108023261092375
main_plus_subb,Main controls plus SUBB predictors,nested_augmented,subb,main_plus_submodel,env_patent_share_inventions,lag1_3_mean,KOR,"Korea, Rep.",2021,13.81879,elastic_net_alpha_1_l1_0.8,13.81879,4.144717166237458,9.674072833762542,9.674072833762542
main_plus_subb,Main controls plus SUBB predictors,nested_augmented,subb,main_plus_submodel,env_patent_share_inventions,lag1_3_mean,KWT,Kuwait,2021,0.00764171,elastic_net_alpha_1_l1_0.8,0.00764171,0.07305298202484378,-0.06541127202484379,0.06541127202484379
main_plus_subb,Main controls plus SUBB predictors,nested_augmented,subb,main_plus_submodel,env_patent_share_inventions,lag1_3_mean,LBN,Lebanon,2021,0.007158058,elastic_net_alpha_1_l1_0.8,0.007158058,0.3830736838219958,-0.3759156258219958,0.3759156258219958
main_plus_subb,Main controls plus SUBB predictors,nested_augmented,subb,main_plus_submodel,env_patent_share_inventions,lag1_3_mean,LKA,Sri Lanka,2021,0.01612175,elastic_net_alpha_1_l1_0.8,0.01612175,0.41137788856102353,-0.39525613856102354,0.39525613856102354
main_plus_subb,Main controls plus SUBB predictors,nested_augmented,subb,main_plus_submodel,env_patent_share_inventions,lag1_3_mean,LTU,Lithuania,2021,0.01064036,elastic_net_alpha_1_l1_0.8,0.01064036,0.5034129424121866,-0.4927725824121866,0.4927725824121866
main_plus_subb,Main controls plus SUBB predictors,nested_augmented,subb,main_plus_submodel,env_patent_share_inventions,lag1_3_mean,LUX,Luxembourg,2021,0.05029986,elastic_net_alpha_1_l1_0.8,0.05029986,0.5671893756201722,-0.5168895156201723,0.5168895156201723
main_plus_subb,Main controls plus SUBB predictors,nested_augmented,subb,main_plus_submodel,env_patent_share_inventions,lag1_3_mean,LVA,Latvia,2021,0.02031341,elastic_net_alpha_1_l1_0.8,0.02031341,0.3104894560255298,-0.2901760460255298,0.2901760460255298
main_plus_subb,Main controls plus SUBB predictors,nested_augmented,subb,main_plus_submodel,env_patent_share_inventions,lag1_3_mean,MAC,"Macao SAR, China",2021,0.00386922,elastic_net_alpha_1_l1_0.8,0.00386922,0.13703328610329202,-0.133164066103292,0.133164066103292
main_plus_subb,Main controls plus SUBB predictors,nested_augmented,subb,main_plus_submodel,env_patent_share_inventions,lag1_3_mean,MAR,Morocco,2021,0.01747598,elastic_net_alpha_1_l1_0.8,0.01747598,0.47233695774591145,-0.45486097774591144,0.45486097774591144
main_plus_subb,Main controls plus SUBB predictors,nested_augmented,subb,main_plus_submodel,env_patent_share_inventions,lag1_3_mean,MDA,Moldova,2021,0.001128523,elastic_net_alpha_1_l1_0.8,0.001128523,0.047548703939282344,-0.046420180939282345,0.046420180939282345
main_plus_subb,Main controls plus SUBB predictors,nested_augmented,subb,main_plus_submodel,env_patent_share_inventions,lag1_3_mean,MEX,Mexico,2021,0.08141485,elastic_net_alpha_1_l1_0.8,0.08141485,1.0905413103011232,-1.0091264603011232,1.0091264603011232
main_plus_subb,Main controls plus SUBB predictors,nested_augmented,subb,main_plus_submodel,env_patent_share_inventions,lag1_3_mean,MLT,Malta,2021,0.007416006,elastic_net_alpha_1_l1_0.8,0.007416006,0.22149140447046078,-0.21407539847046078,0.21407539847046078
main_plus_subb,Main controls plus SUBB predictors,nested_augmented,subb,main_plus_submodel,env_patent_share_inventions,lag1_3_mean,MNE,Montenegro,2021,0.0009673051,elastic_net_alpha_1_l1_0.8,0.0009673051,0.3360268305937011,-0.3350595254937011,0.3350595254937011
main_plus_subb,Main controls plus SUBB predictors,nested_augmented,subb,main_plus_submodel,env_patent_share_inventions,lag1_3_mean,MYS,Malaysia,2021,0.08705746,elastic_net_alpha_1_l1_0.8,0.08705746,0.8065621566090297,-0.7195046966090297,0.7195046966090297
main_plus_subb,Main controls plus SUBB predictors,nested_augmented,subb,main_plus_submodel,env_patent_share_inventions,lag1_3_mean,NER,Niger,2021,0.00064487,elastic_net_alpha_1_l1_0.8,0.00064487,0.33850949588142,-0.33786462588141997,0.33786462588141997
main_plus_subb,Main controls plus SUBB predictors,nested_augmented,subb,main_plus_submodel,env_patent_share_inventions,lag1_3_mean,NLD,Netherlands,2021,0.8459405,elastic_net_alpha_1_l1_0.8,0.8459405,1.9704471977961342,-1.1245066977961342,1.1245066977961342
main_plus_subb,Main controls plus SUBB predictors,nested_augmented,subb,main_plus_submodel,env_patent_share_inventions,lag1_3_mean,NOR,Norway,2021,0.2947056,elastic_net_alpha_1_l1_0.8,0.2947056,1.4464990284443853,-1.1517934284443854,1.1517934284443854
main_plus_subb,Main controls plus SUBB predictors,nested_augmented,subb,main_plus_submodel,env_patent_share_inventions,lag1_3_mean,NZL,New Zealand,2021,0.08180176,elastic_net_alpha_1_l1_0.8,0.08180176,0.5617767958980638,-0.47997503589806384,0.47997503589806384
main_plus_subb,Main controls plus SUBB predictors,nested_augmented,subb,main_plus_submodel,env_patent_share_inventions,lag1_3_mean,OMN,Oman,2021,0.002418263,elastic_net_alpha_1_l1_0.8,0.002418263,0.11169989804918967,-0.10928163504918967,0.10928163504918967
main_plus_subb,Main controls plus SUBB predictors,nested_augmented,subb,main_plus_submodel,env_patent_share_inventions,lag1_3_mean,PAK,Pakistan,2021,0.00838331,elastic_net_alpha_1_l1_0.8,0.00838331,0.7369245578418651,-0.728541247841865,0.728541247841865
main_plus_subb,Main controls plus SUBB predictors,nested_augmented,subb,main_plus_submodel,env_patent_share_inventions,lag1_3_mean,PAN,Panama,2021,0.001450958,elastic_net_alpha_1_l1_0.8,0.001450958,0.041188750237106,-0.039737792237105996,0.039737792237105996
main_plus_subb,Main controls plus SUBB predictors,nested_augmented,subb,main_plus_submodel,env_patent_share_inventions,lag1_3_mean,PER,Peru,2021,0.009028181,elastic_net_alpha_1_l1_0.8,0.009028181,0.15104228099268746,-0.14201409999268746,0.14201409999268746
main_plus_subb,Main controls plus SUBB predictors,nested_augmented,subb,main_plus_submodel,env_patent_share_inventions,lag1_3_mean,PHL,Philippines,2021,0.01666989,elastic_net_alpha_1_l1_0.8,0.01666989,0.3391659861054529,-0.3224960961054529,0.3224960961054529
main_plus_subb,Main controls plus SUBB predictors,nested_augmented,subb,main_plus_submodel,env_patent_share_inventions,lag1_3_mean,POL,Poland,2021,0.1891726,elastic_net_alpha_1_l1_0.8,0.1891726,1.3842573955906037,-1.1950847955906037,1.1950847955906037
main_plus_subb,Main controls plus SUBB predictors,nested_augmented,subb,main_plus_submodel,env_patent_share_inventions,lag1_3_mean,PRT,Portugal,2021,0.05997292,elastic_net_alpha_1_l1_0.8,0.05997292,0.9999103243850266,-0.9399374043850266,0.9399374043850266
main_plus_subb,Main controls plus SUBB predictors,nested_augmented,subb,main_plus_submodel,env_patent_share_inventions,lag1_3_mean,PRY,Paraguay,2021,0.00064487,elastic_net_alpha_1_l1_0.8,0.00064487,0.016001608575064052,-0.015356738575064052,0.015356738575064052
main_plus_subb,Main controls plus SUBB predictors,nested_augmented,subb,main_plus_submodel,env_patent_share_inventions,lag1_3_mean,PSE,West Bank and Gaza,2021,0.00193461,elastic_net_alpha_1_l1_0.8,0.00193461,0.34508489494751715,-0.34315028494751715,0.34315028494751715
main_plus_subb,Main controls plus SUBB predictors,nested_augmented,subb,main_plus_submodel,env_patent_share_inventions,lag1_3_mean,QAT,Qatar,2021,0.01160766,elastic_net_alpha_1_l1_0.8,0.01160766,0.4594028971462172,-0.44779523714621716,0.44779523714621716
main_plus_subb,Main controls plus SUBB predictors,nested_augmented,subb,main_plus_submodel,env_patent_share_inventions,lag1_3_mean,ROU,Romania,2021,0.03520991,elastic_net_alpha_1_l1_0.8,0.03520991,0.4170587441806688,-0.3818488341806688,0.3818488341806688
main_plus_subb,Main controls plus SUBB predictors,nested_augmented,subb,main_plus_submodel,env_patent_share_inventions,lag1_3_mean,RUS,Russian Federation,2021,0.2115711,elastic_net_alpha_1_l1_0.8,0.2115711,2.4136306468963022,-2.2020595468963022,2.2020595468963022
main_plus_subb,Main controls plus SUBB predictors,nested_augmented,subb,main_plus_submodel,env_patent_share_inventions,lag1_3_mean,SAU,Saudi Arabia,2021,0.1900755,elastic_net_alpha_1_l1_0.8,0.1900755,0.9663224769445717,-0.7762469769445717,0.7762469769445717
main_plus_subb,Main controls plus SUBB predictors,nested_augmented,subb,main_plus_submodel,env_patent_share_inventions,lag1_3_mean,SGP,Singapore,2021,0.2456955,elastic_net_alpha_1_l1_0.8,0.2456955,1.2993284565501788,-1.0536329565501787,1.0536329565501787
main_plus_subb,Main controls plus SUBB predictors,nested_augmented,subb,main_plus_submodel,env_patent_share_inventions,lag1_3_mean,SRB,Serbia,2021,0.009673051,elastic_net_alpha_1_l1_0.8,0.009673051,0.45128517008664804,-0.44161211908664805,0.44161211908664805
main_plus_subb,Main controls plus SUBB predictors,nested_augmented,subb,main_plus_submodel,env_patent_share_inventions,lag1_3_mean,SVK,Slovak Republic,2021,0.03756368,elastic_net_alpha_1_l1_0.8,0.03756368,0.4837268293707795,-0.4461631493707795,0.4461631493707795
main_plus_subb,Main controls plus SUBB predictors,nested_augmented,subb,main_plus_submodel,env_patent_share_inventions,lag1_3_mean,SVN,Slovenia,2021,0.03192107,elastic_net_alpha_1_l1_0.8,0.03192107,1.064626263461132,-1.032705193461132,1.032705193461132
main_plus_subb,Main controls plus SUBB predictors,nested_augmented,subb,main_plus_submodel,env_patent_share_inventions,lag1_3_mean,SWE,Sweden,2021,0.9232927,elastic_net_alpha_1_l1_0.8,0.9232927,2.3003523264233623,-1.3770596264233623,1.3770596264233623
main_plus_subb,Main controls plus SUBB predictors,nested_augmented,subb,main_plus_submodel,env_patent_share_inventions,lag1_3_mean,THA,Thailand,2021,0.03433933,elastic_net_alpha_1_l1_0.8,0.03433933,0.9852621318394799,-0.9509228018394799,0.9509228018394799
main_plus_subb,Main controls plus SUBB predictors,nested_augmented,subb,main_plus_submodel,env_patent_share_inventions,lag1_3_mean,TUN,Tunisia,2021,0.003546785,elastic_net_alpha_1_l1_0.8,0.003546785,0.42188450887165374,-0.41833772387165374,0.41833772387165374
main_plus_subb,Main controls plus SUBB predictors,nested_augmented,subb,main_plus_submodel,env_patent_share_inventions,lag1_3_mean,TUR,Turkiye,2021,0.2938995,elastic_net_alpha_1_l1_0.8,0.2938995,1.698784243492012,-1.404884743492012,1.404884743492012
main_plus_subb,Main controls plus SUBB predictors,nested_augmented,subb,main_plus_submodel,env_patent_share_inventions,lag1_3_mean,UKR,Ukraine,2021,0.03353324,elastic_net_alpha_1_l1_0.8,0.03353324,0.35059847224932983,-0.3170652322493298,0.3170652322493298
main_plus_subb,Main controls plus SUBB predictors,nested_augmented,subb,main_plus_submodel,env_patent_share_inventions,lag1_3_mean,URY,Uruguay,2021,0.0009673051,elastic_net_alpha_1_l1_0.8,0.0009673051,0.26570105185201587,-0.2647337467520159,0.2647337467520159
main_plus_subb,Main controls plus SUBB predictors,nested_augmented,subb,main_plus_submodel,env_patent_share_inventions,lag1_3_mean,USA,United States,2021,14.33043,elastic_net_alpha_1_l1_0.8,14.33043,19.690365297987814,-5.359935297987814,5.359935297987814
main_plus_subb,Main controls plus SUBB predictors,nested_augmented,subb,main_plus_submodel,env_patent_share_inventions,lag1_3_mean,VEN,"Venezuela, RB",2021,0.0009673051,elastic_net_alpha_1_l1_0.8,0.0009673051,0.3724016417089797,-0.37143433660897973,0.37143433660897973
main_plus_subb,Main controls plus SUBB predictors,nested_augmented,subb,main_plus_submodel,env_patent_share_inventions,lag1_3_mean,VNM,Viet Nam,2021,0.03956278,elastic_net_alpha_1_l1_0.8,0.03956278,0.6045135028501017,-0.5649507228501017,0.5649507228501017
main_plus_subb,Main controls plus SUBB predictors,nested_augmented,subb,main_plus_submodel,env_patent_share_inventions,lag1_3_mean,ZAF,South Africa,2021,0.05207326,elastic_net_alpha_1_l1_0.8,0.05207326,0.6441452410531192,-0.5920719810531192,0.5920719810531192
main_plus_subb,Main controls plus SUBB predictors,nested_augmented,subb,main_plus_submodel,env_patent_share_inventions,lag1_3_mean,ARE,United Arab Emirates,2022,0.02228068,elastic_net_alpha_1_l1_0.8,0.02228068,0.9699188293031601,-0.94763814930316,0.94763814930316
main_plus_subb,Main controls plus SUBB predictors,nested_augmented,subb,main_plus_submodel,env_patent_share_inventions,lag1_3_mean,ARG,Argentina,2022,0.01132002,elastic_net_alpha_1_l1_0.8,0.01132002,0.6524893535547196,-0.6411693335547196,0.6411693335547196
main_plus_subb,Main controls plus SUBB predictors,nested_augmented,subb,main_plus_submodel,env_patent_share_inventions,lag1_3_mean,ARM,Armenia,2022,0.00431239,elastic_net_alpha_1_l1_0.8,0.00431239,0.029614681686717992,-0.025302291686717993,0.025302291686717993
main_plus_subb,Main controls plus SUBB predictors,nested_augmented,subb,main_plus_submodel,env_patent_share_inventions,lag1_3_mean,AUS,Australia,2022,0.4013757,elastic_net_alpha_1_l1_0.8,0.4013757,2.0083886629129934,-1.6070129629129934,1.6070129629129934
main_plus_subb,Main controls plus SUBB predictors,nested_augmented,subb,main_plus_submodel,env_patent_share_inventions,lag1_3_mean,AUT,Austria,2022,0.5074065,elastic_net_alpha_1_l1_0.8,0.5074065,2.0164740897470024,-1.5090675897470023,1.5090675897470023
main_plus_subb,Main controls plus SUBB predictors,nested_augmented,subb,main_plus_submodel,env_patent_share_inventions,lag1_3_mean,BEL,Belgium,2022,0.4569935,elastic_net_alpha_1_l1_0.8,0.4569935,2.163749039588806,-1.706755539588806,1.706755539588806
main_plus_subb,Main controls plus SUBB predictors,nested_augmented,subb,main_plus_submodel,env_patent_share_inventions,lag1_3_mean,BGR,Bulgaria,2022,0.01936982,elastic_net_alpha_1_l1_0.8,0.01936982,0.42943628548886126,-0.4100664654888613,0.4100664654888613
main_plus_subb,Main controls plus SUBB predictors,nested_augmented,subb,main_plus_submodel,env_patent_share_inventions,lag1_3_mean,BIH,Bosnia and Herzegovina,2022,0.0005390487,elastic_net_alpha_1_l1_0.8,0.0005390487,0.036394053427939665,-0.03585500472793966,0.03585500472793966
main_plus_subb,Main controls plus SUBB predictors,nested_augmented,subb,main_plus_submodel,env_patent_share_inventions,lag1_3_mean,BLR,Belarus,2022,0.002156195,elastic_net_alpha_1_l1_0.8,0.002156195,0.2425776452073981,-0.2404214502073981,0.2404214502073981
main_plus_subb,Main controls plus SUBB predictors,nested_augmented,subb,main_plus_submodel,env_patent_share_inventions,lag1_3_mean,BRA,Brazil,2022,0.1441057,elastic_net_alpha_1_l1_0.8,0.1441057,2.5172270245742476,-2.3731213245742477,2.3731213245742477
main_plus_subb,Main controls plus SUBB predictors,nested_augmented,subb,main_plus_submodel,env_patent_share_inventions,lag1_3_mean,CAN,Canada,2022,1.151103,elastic_net_alpha_1_l1_0.8,1.151103,2.7444922756116465,-1.5933892756116466,1.5933892756116466
main_plus_subb,Main controls plus SUBB predictors,nested_augmented,subb,main_plus_submodel,env_patent_share_inventions,lag1_3_mean,CHE,Switzerland,2022,0.4045081,elastic_net_alpha_1_l1_0.8,0.4045081,1.0965736171947267,-0.6920655171947268,0.6920655171947268
main_plus_subb,Main controls plus SUBB predictors,nested_augmented,subb,main_plus_submodel,env_patent_share_inventions,lag1_3_mean,CHL,Chile,2022,0.03126482,elastic_net_alpha_1_l1_0.8,0.03126482,0.366400979647306,-0.33513615964730603,0.33513615964730603
main_plus_subb,Main controls plus SUBB predictors,nested_augmented,subb,main_plus_submodel,env_patent_share_inventions,lag1_3_mean,CHN,China,2022,36.75972,elastic_net_alpha_1_l1_0.8,36.75972,19.019018360070625,17.740701639929377,17.740701639929377
main_plus_subb,Main controls plus SUBB predictors,nested_augmented,subb,main_plus_submodel,env_patent_share_inventions,lag1_3_mean,COL,Colombia,2022,0.04995184,elastic_net_alpha_1_l1_0.8,0.04995184,0.6471568274657815,-0.5972049874657815,0.5972049874657815
main_plus_subb,Main controls plus SUBB predictors,nested_augmented,subb,main_plus_submodel,env_patent_share_inventions,lag1_3_mean,CRI,Costa Rica,2022,0.00431239,elastic_net_alpha_1_l1_0.8,0.00431239,0.3796983573192778,-0.3753859673192778,0.3753859673192778
main_plus_subb,Main controls plus SUBB predictors,nested_augmented,subb,main_plus_submodel,env_patent_share_inventions,lag1_3_mean,CYP,Cyprus,2022,0.02443687,elastic_net_alpha_1_l1_0.8,0.02443687,0.34783102070158833,-0.32339415070158833,0.32339415070158833
main_plus_subb,Main controls plus SUBB predictors,nested_augmented,subb,main_plus_submodel,env_patent_share_inventions,lag1_3_mean,CZE,Czechia,2022,0.1217172,elastic_net_alpha_1_l1_0.8,0.1217172,1.2437083534919913,-1.1219911534919913,1.1219911534919913
main_plus_subb,Main controls plus SUBB predictors,nested_augmented,subb,main_plus_submodel,env_patent_share_inventions,lag1_3_mean,DEU,Germany,2022,5.048269,elastic_net_alpha_1_l1_0.8,5.048269,5.227733420409873,-0.17946442040987254,0.17946442040987254
main_plus_subb,Main controls plus SUBB predictors,nested_augmented,subb,main_plus_submodel,env_patent_share_inventions,lag1_3_mean,DNK,Denmark,2022,0.756465,elastic_net_alpha_1_l1_0.8,0.756465,1.8152165324911858,-1.0587515324911858,1.0587515324911858
main_plus_subb,Main controls plus SUBB predictors,nested_augmented,subb,main_plus_submodel,env_patent_share_inventions,lag1_3_mean,DZA,Algeria,2022,0.002695243,elastic_net_alpha_1_l1_0.8,0.002695243,0.5315709947659988,-0.5288757517659988,0.5288757517659988
main_plus_subb,Main controls plus SUBB predictors,nested_augmented,subb,main_plus_submodel,env_patent_share_inventions,lag1_3_mean,ECU,Ecuador,2022,0.002695243,elastic_net_alpha_1_l1_0.8,0.002695243,0.42792014885346796,-0.42522490585346795,0.42522490585346795
main_plus_subb,Main controls plus SUBB predictors,nested_augmented,subb,main_plus_submodel,env_patent_share_inventions,lag1_3_mean,EGY,"Egypt, Arab Rep.",2022,0.01635114,elastic_net_alpha_1_l1_0.8,0.01635114,0.8500607283593754,-0.8337095883593754,0.8337095883593754
main_plus_subb,Main controls plus SUBB predictors,nested_augmented,subb,main_plus_submodel,env_patent_share_inventions,lag1_3_mean,ESP,Spain,2022,0.5145639,elastic_net_alpha_1_l1_0.8,0.5145639,2.198743450488584,-1.6841795504885841,1.6841795504885841
main_plus_subb,Main controls plus SUBB predictors,nested_augmented,subb,main_plus_submodel,env_patent_share_inventions,lag1_3_mean,EST,Estonia,2022,0.00431239,elastic_net_alpha_1_l1_0.8,0.00431239,0.8349147777620893,-0.8306023877620893,0.8306023877620893
main_plus_subb,Main controls plus SUBB predictors,nested_augmented,subb,main_plus_submodel,env_patent_share_inventions,lag1_3_mean,FIN,Finland,2022,0.3148763,elastic_net_alpha_1_l1_0.8,0.3148763,1.7386252411905434,-1.4237489411905435,1.4237489411905435
main_plus_subb,Main controls plus SUBB predictors,nested_augmented,subb,main_plus_submodel,env_patent_share_inventions,lag1_3_mean,FRA,France,2022,1.679969,elastic_net_alpha_1_l1_0.8,1.679969,3.523892442754009,-1.843923442754009,1.843923442754009
main_plus_subb,Main controls plus SUBB predictors,nested_augmented,subb,main_plus_submodel,env_patent_share_inventions,lag1_3_mean,FRO,Faroe Islands,2022,0.001078097,elastic_net_alpha_1_l1_0.8,0.001078097,0.37315914339363543,-0.37208104639363543,0.37208104639363543
main_plus_subb,Main controls plus SUBB predictors,nested_augmented,subb,main_plus_submodel,env_patent_share_inventions,lag1_3_mean,GBR,United Kingdom,2022,1.691451,elastic_net_alpha_1_l1_0.8,1.691451,4.623114058462084,-2.9316630584620844,2.9316630584620844
main_plus_subb,Main controls plus SUBB predictors,nested_augmented,subb,main_plus_submodel,env_patent_share_inventions,lag1_3_mean,GRC,Greece,2022,0.0394943,elastic_net_alpha_1_l1_0.8,0.0394943,0.9241751843669954,-0.8846808843669954,0.8846808843669954
main_plus_subb,Main controls plus SUBB predictors,nested_augmented,subb,main_plus_submodel,env_patent_share_inventions,lag1_3_mean,GTM,Guatemala,2022,0.002156195,elastic_net_alpha_1_l1_0.8,0.002156195,-0.01786205296269583,0.02001824796269583,0.02001824796269583
main_plus_subb,Main controls plus SUBB predictors,nested_augmented,subb,main_plus_submodel,env_patent_share_inventions,lag1_3_mean,HKG,"Hong Kong SAR, China",2022,0.07726365,elastic_net_alpha_1_l1_0.8,0.07726365,0.6673776597925826,-0.5901140097925826,0.5901140097925826
main_plus_subb,Main controls plus SUBB predictors,nested_augmented,subb,main_plus_submodel,env_patent_share_inventions,lag1_3_mean,HRV,Croatia,2022,0.00934351,elastic_net_alpha_1_l1_0.8,0.00934351,0.629266901189284,-0.619923391189284,0.619923391189284
main_plus_subb,Main controls plus SUBB predictors,nested_augmented,subb,main_plus_submodel,env_patent_share_inventions,lag1_3_mean,HUN,Hungary,2022,0.0398896,elastic_net_alpha_1_l1_0.8,0.0398896,0.9153046919779386,-0.8754150919779387,0.8754150919779387
main_plus_subb,Main controls plus SUBB predictors,nested_augmented,subb,main_plus_submodel,env_patent_share_inventions,lag1_3_mean,IDN,Indonesia,2022,0.0166027,elastic_net_alpha_1_l1_0.8,0.0166027,1.4130747592051915,-1.3964720592051916,1.3964720592051916
main_plus_subb,Main controls plus SUBB predictors,nested_augmented,subb,main_plus_submodel,env_patent_share_inventions,lag1_3_mean,IND,India,2022,1.054487,elastic_net_alpha_1_l1_0.8,1.054487,3.8558220221506145,-2.8013350221506146,2.8013350221506146
main_plus_subb,Main controls plus SUBB predictors,nested_augmented,subb,main_plus_submodel,env_patent_share_inventions,lag1_3_mean,IRL,Ireland,2022,0.07543088,elastic_net_alpha_1_l1_0.8,0.07543088,0.8678843550598553,-0.7924534750598553,0.7924534750598553
main_plus_subb,Main controls plus SUBB predictors,nested_augmented,subb,main_plus_submodel,env_patent_share_inventions,lag1_3_mean,IRN,"Iran, Islamic Rep.",2022,0.03047422,elastic_net_alpha_1_l1_0.8,0.03047422,1.2863862686911203,-1.2559120486911202,1.2559120486911202
main_plus_subb,Main controls plus SUBB predictors,nested_augmented,subb,main_plus_submodel,env_patent_share_inventions,lag1_3_mean,IRQ,Iraq,2022,0.0004312389,elastic_net_alpha_1_l1_0.8,0.0004312389,0.1502458464923936,-0.1498146075923936,0.1498146075923936
main_plus_subb,Main controls plus SUBB predictors,nested_augmented,subb,main_plus_submodel,env_patent_share_inventions,lag1_3_mean,ISL,Iceland,2022,0.005031121,elastic_net_alpha_1_l1_0.8,0.005031121,1.2610724993429414,-1.2560413783429414,1.2560413783429414
main_plus_subb,Main controls plus SUBB predictors,nested_augmented,subb,main_plus_submodel,env_patent_share_inventions,lag1_3_mean,ISR,Israel,2022,0.3257651,elastic_net_alpha_1_l1_0.8,0.3257651,3.2702365171060035,-2.9444714171060036,2.9444714171060036
main_plus_subb,Main controls plus SUBB predictors,nested_augmented,subb,main_plus_submodel,env_patent_share_inventions,lag1_3_mean,ITA,Italy,2022,0.9751271,elastic_net_alpha_1_l1_0.8,0.9751271,2.8829497225411487,-1.9078226225411488,1.9078226225411488
main_plus_subb,Main controls plus SUBB predictors,nested_augmented,subb,main_plus_submodel,env_patent_share_inventions,lag1_3_mean,JOR,Jordan,2022,0.005031121,elastic_net_alpha_1_l1_0.8,0.005031121,0.3977944186260053,-0.39276329762600526,0.39276329762600526
main_plus_subb,Main controls plus SUBB predictors,nested_augmented,subb,main_plus_submodel,env_patent_share_inventions,lag1_3_mean,JPN,Japan,2022,15.63018,elastic_net_alpha_1_l1_0.8,15.63018,5.753674029968936,9.876505970031063,9.876505970031063
main_plus_subb,Main controls plus SUBB predictors,nested_augmented,subb,main_plus_submodel,env_patent_share_inventions,lag1_3_mean,KAZ,Kazakhstan,2022,0.001617146,elastic_net_alpha_1_l1_0.8,0.001617146,0.1465874803228745,-0.14497033432287448,0.14497033432287448
main_plus_subb,Main controls plus SUBB predictors,nested_augmented,subb,main_plus_submodel,env_patent_share_inventions,lag1_3_mean,KOR,"Korea, Rep.",2022,13.91118,elastic_net_alpha_1_l1_0.8,13.91118,4.26608024186001,9.64509975813999,9.64509975813999
main_plus_subb,Main controls plus SUBB predictors,nested_augmented,subb,main_plus_submodel,env_patent_share_inventions,lag1_3_mean,KWT,Kuwait,2022,0.002156195,elastic_net_alpha_1_l1_0.8,0.002156195,0.4183783495999279,-0.4162221545999279,0.4162221545999279
main_plus_subb,Main controls plus SUBB predictors,nested_augmented,subb,main_plus_submodel,env_patent_share_inventions,lag1_3_mean,LBN,Lebanon,2022,0.007366999,elastic_net_alpha_1_l1_0.8,0.007366999,0.3807626180551894,-0.3733956190551894,0.3733956190551894
main_plus_subb,Main controls plus SUBB predictors,nested_augmented,subb,main_plus_submodel,env_patent_share_inventions,lag1_3_mean,LKA,Sri Lanka,2022,0.001796829,elastic_net_alpha_1_l1_0.8,0.001796829,0.41483182907605165,-0.41303500007605165,0.41303500007605165
main_plus_subb,Main controls plus SUBB predictors,nested_augmented,subb,main_plus_submodel,env_patent_share_inventions,lag1_3_mean,LTU,Lithuania,2022,0.003234292,elastic_net_alpha_1_l1_0.8,0.003234292,0.5376349576070524,-0.5344006656070523,0.5344006656070523
main_plus_subb,Main controls plus SUBB predictors,nested_augmented,subb,main_plus_submodel,env_patent_share_inventions,lag1_3_mean,LUX,Luxembourg,2022,0.03378038,elastic_net_alpha_1_l1_0.8,0.03378038,0.5448808652272586,-0.5111004852272587,0.5111004852272587
main_plus_subb,Main controls plus SUBB predictors,nested_augmented,subb,main_plus_submodel,env_patent_share_inventions,lag1_3_mean,LVA,Latvia,2022,0.01751908,elastic_net_alpha_1_l1_0.8,0.01751908,0.33162784437083415,-0.3141087643708341,0.3141087643708341
main_plus_subb,Main controls plus SUBB predictors,nested_augmented,subb,main_plus_submodel,env_patent_share_inventions,lag1_3_mean,MAC,"Macao SAR, China",2022,0.0007187316,elastic_net_alpha_1_l1_0.8,0.0007187316,0.161939088439795,-0.161220356839795,0.161220356839795
main_plus_subb,Main controls plus SUBB predictors,nested_augmented,subb,main_plus_submodel,env_patent_share_inventions,lag1_3_mean,MAR,Morocco,2022,0.02048385,elastic_net_alpha_1_l1_0.8,0.02048385,0.4832835454597829,-0.4627996954597829,0.4627996954597829
main_plus_subb,Main controls plus SUBB predictors,nested_augmented,subb,main_plus_submodel,env_patent_share_inventions,lag1_3_mean,MEX,Mexico,2022,0.08678684,elastic_net_alpha_1_l1_0.8,0.08678684,1.0950436811882784,-1.0082568411882784,1.0082568411882784
main_plus_subb,Main controls plus SUBB predictors,nested_augmented,subb,main_plus_submodel,env_patent_share_inventions,lag1_3_mean,MLT,Malta,2022,0.003234292,elastic_net_alpha_1_l1_0.8,0.003234292,0.23119733796619946,-0.22796304596619946,0.22796304596619946
main_plus_subb,Main controls plus SUBB predictors,nested_augmented,subb,main_plus_submodel,env_patent_share_inventions,lag1_3_mean,MYS,Malaysia,2022,0.04416605,elastic_net_alpha_1_l1_0.8,0.04416605,0.8325868731205146,-0.7884208231205146,0.7884208231205146
main_plus_subb,Main controls plus SUBB predictors,nested_augmented,subb,main_plus_submodel,env_patent_share_inventions,lag1_3_mean,NER,Niger,2022,0.001078097,elastic_net_alpha_1_l1_0.8,0.001078097,0.33875434321423603,-0.33767624621423603,0.33767624621423603
main_plus_subb,Main controls plus SUBB predictors,nested_augmented,subb,main_plus_submodel,env_patent_share_inventions,lag1_3_mean,NLD,Netherlands,2022,0.6497334,elastic_net_alpha_1_l1_0.8,0.6497334,2.009348596059299,-1.3596151960592988,1.3596151960592988
main_plus_subb,Main controls plus SUBB predictors,nested_augmented,subb,main_plus_submodel,env_patent_share_inventions,lag1_3_mean,NOR,Norway,2022,0.2596418,elastic_net_alpha_1_l1_0.8,0.2596418,1.430993213042806,-1.171351413042806,1.171351413042806
main_plus_subb,Main controls plus SUBB predictors,nested_augmented,subb,main_plus_submodel,env_patent_share_inventions,lag1_3_mean,NZL,New Zealand,2022,0.07187316,elastic_net_alpha_1_l1_0.8,0.07187316,0.5675556181296799,-0.4956824581296799,0.4956824581296799
main_plus_subb,Main controls plus SUBB predictors,nested_augmented,subb,main_plus_submodel,env_patent_share_inventions,lag1_3_mean,OMN,Oman,2022,0.00431239,elastic_net_alpha_1_l1_0.8,0.00431239,0.1313624395675762,-0.1270500495675762,0.1270500495675762
main_plus_subb,Main controls plus SUBB predictors,nested_augmented,subb,main_plus_submodel,env_patent_share_inventions,lag1_3_mean,PAK,Pakistan,2022,0.009882559,elastic_net_alpha_1_l1_0.8,0.009882559,0.7754802029184329,-0.7655976439184329,0.7655976439184329
main_plus_subb,Main controls plus SUBB predictors,nested_augmented,subb,main_plus_submodel,env_patent_share_inventions,lag1_3_mean,PAN,Panama,2022,0.0009702877,elastic_net_alpha_1_l1_0.8,0.0009702877,0.04902468557561046,-0.04805439787561046,0.04805439787561046
main_plus_subb,Main controls plus SUBB predictors,nested_augmented,subb,main_plus_submodel,env_patent_share_inventions,lag1_3_mean,PER,Peru,2022,0.002156195,elastic_net_alpha_1_l1_0.8,0.002156195,0.1635721231545464,-0.1614159281545464,0.1614159281545464
main_plus_subb,Main controls plus SUBB predictors,nested_augmented,subb,main_plus_submodel,env_patent_share_inventions,lag1_3_mean,PHL,Philippines,2022,0.01516524,elastic_net_alpha_1_l1_0.8,0.01516524,0.6171499863990674,-0.6019847463990674,0.6019847463990674
main_plus_subb,Main controls plus SUBB predictors,nested_augmented,subb,main_plus_submodel,env_patent_share_inventions,lag1_3_mean,POL,Poland,2022,0.1628286,elastic_net_alpha_1_l1_0.8,0.1628286,1.4569837763769773,-1.2941551763769774,1.2941551763769774
main_plus_subb,Main controls plus SUBB predictors,nested_augmented,subb,main_plus_submodel,env_patent_share_inventions,lag1_3_mean,PRT,Portugal,2022,0.06576394,elastic_net_alpha_1_l1_0.8,0.06576394,1.0732023488135916,-1.0074384088135915,1.0074384088135915
main_plus_subb,Main controls plus SUBB predictors,nested_augmented,subb,main_plus_submodel,env_patent_share_inventions,lag1_3_mean,QAT,Qatar,2022,0.00431239,elastic_net_alpha_1_l1_0.8,0.00431239,0.46320210061360045,-0.45888971061360045,0.45888971061360045
main_plus_subb,Main controls plus SUBB predictors,nested_augmented,subb,main_plus_submodel,env_patent_share_inventions,lag1_3_mean,ROU,Romania,2022,0.02371814,elastic_net_alpha_1_l1_0.8,0.02371814,0.4257590482523601,-0.4020409082523601,0.4020409082523601
main_plus_subb,Main controls plus SUBB predictors,nested_augmented,subb,main_plus_submodel,env_patent_share_inventions,lag1_3_mean,RUS,Russian Federation,2022,0.1397933,elastic_net_alpha_1_l1_0.8,0.1397933,2.5161355653869526,-2.3763422653869526,2.3763422653869526
main_plus_subb,Main controls plus SUBB predictors,nested_augmented,subb,main_plus_submodel,env_patent_share_inventions,lag1_3_mean,SAU,Saudi Arabia,2022,0.132606,elastic_net_alpha_1_l1_0.8,0.132606,1.015180678294075,-0.8825746782940751,0.8825746782940751
main_plus_subb,Main controls plus SUBB predictors,nested_augmented,subb,main_plus_submodel,env_patent_share_inventions,lag1_3_mean,SGP,Singapore,2022,0.1973278,elastic_net_alpha_1_l1_0.8,0.1973278,1.3292039023741655,-1.1318761023741655,1.1318761023741655
main_plus_subb,Main controls plus SUBB predictors,nested_augmented,subb,main_plus_submodel,env_patent_share_inventions,lag1_3_mean,SRB,Serbia,2022,0.00934351,elastic_net_alpha_1_l1_0.8,0.00934351,0.4657527006689629,-0.4564091906689629,0.4564091906689629
main_plus_subb,Main controls plus SUBB predictors,nested_augmented,subb,main_plus_submodel,env_patent_share_inventions,lag1_3_mean,SVK,Slovak Republic,2022,0.02120258,elastic_net_alpha_1_l1_0.8,0.02120258,0.49926295384619657,-0.4780603738461966,0.4780603738461966
main_plus_subb,Main controls plus SUBB predictors,nested_augmented,subb,main_plus_submodel,env_patent_share_inventions,lag1_3_mean,SVN,Slovenia,2022,0.02677275,elastic_net_alpha_1_l1_0.8,0.02677275,1.100163966978042,-1.0733912169780422,1.0733912169780422
main_plus_subb,Main controls plus SUBB predictors,nested_augmented,subb,main_plus_submodel,env_patent_share_inventions,lag1_3_mean,SWE,Sweden,2022,0.8673653,elastic_net_alpha_1_l1_0.8,0.8673653,2.3249938096430416,-1.4576285096430417,1.4576285096430417
main_plus_subb,Main controls plus SUBB predictors,nested_augmented,subb,main_plus_submodel,env_patent_share_inventions,lag1_3_mean,THA,Thailand,2022,0.01689019,elastic_net_alpha_1_l1_0.8,0.01689019,1.0144851716686207,-0.9975949816686207,0.9975949816686207
main_plus_subb,Main controls plus SUBB predictors,nested_augmented,subb,main_plus_submodel,env_patent_share_inventions,lag1_3_mean,TKM,Turkmenistan,2022,0.00431239,elastic_net_alpha_1_l1_0.8,0.00431239,0.0017782488538833352,0.002534141146116665,0.002534141146116665
main_plus_subb,Main controls plus SUBB predictors,nested_augmented,subb,main_plus_submodel,env_patent_share_inventions,lag1_3_mean,TUN,Tunisia,2022,0.001078097,elastic_net_alpha_1_l1_0.8,0.001078097,0.41985520481151806,-0.41877710781151806,0.41877710781151806
main_plus_subb,Main controls plus SUBB predictors,nested_augmented,subb,main_plus_submodel,env_patent_share_inventions,lag1_3_mean,TUR,Turkiye,2022,0.2866661,elastic_net_alpha_1_l1_0.8,0.2866661,1.8080268485393658,-1.5213607485393659,1.5213607485393659
main_plus_subb,Main controls plus SUBB predictors,nested_augmented,subb,main_plus_submodel,env_patent_share_inventions,lag1_3_mean,UKR,Ukraine,2022,0.01958544,elastic_net_alpha_1_l1_0.8,0.01958544,0.35467144170051945,-0.33508600170051944,0.33508600170051944
main_plus_subb,Main controls plus SUBB predictors,nested_augmented,subb,main_plus_submodel,env_patent_share_inventions,lag1_3_mean,URY,Uruguay,2022,0.005390487,elastic_net_alpha_1_l1_0.8,0.005390487,0.2857739240787872,-0.2803834370787872,0.2803834370787872
main_plus_subb,Main controls plus SUBB predictors,nested_augmented,subb,main_plus_submodel,env_patent_share_inventions,lag1_3_mean,USA,United States,2022,12.35069,elastic_net_alpha_1_l1_0.8,12.35069,20.145410681674015,-7.794720681674015,7.794720681674015
main_plus_subb,Main controls plus SUBB predictors,nested_augmented,subb,main_plus_submodel,env_patent_share_inventions,lag1_3_mean,UZB,Uzbekistan,2022,0.001078097,elastic_net_alpha_1_l1_0.8,0.001078097,0.06082000259503828,-0.05974190559503828,0.05974190559503828
main_plus_subb,Main controls plus SUBB predictors,nested_augmented,subb,main_plus_submodel,env_patent_share_inventions,lag1_3_mean,VEN,"Venezuela, RB",2022,0.003593658,elastic_net_alpha_1_l1_0.8,0.003593658,0.364798014299728,-0.361204356299728,0.361204356299728
main_plus_subb,Main controls plus SUBB predictors,nested_augmented,subb,main_plus_submodel,env_patent_share_inventions,lag1_3_mean,VNM,Viet Nam,2022,0.02414938,elastic_net_alpha_1_l1_0.8,0.02414938,0.6337283721172118,-0.6095789921172118,0.6095789921172118
main_plus_subb,Main controls plus SUBB predictors,nested_augmented,subb,main_plus_submodel,env_patent_share_inventions,lag1_3_mean,ZAF,South Africa,2022,0.04779565,elastic_net_alpha_1_l1_0.8,0.04779565,0.6406856928958276,-0.5928900428958276,0.5928900428958276
main_plus_subb,Main controls plus SUBB predictors,nested_augmented,subb,main_plus_submodel,env_patent_share_inventions,lag1_3_mean,ARE,United Arab Emirates,2023,0.03206092,elastic_net_alpha_1_l1_0.8,0.03206092,0.6501162763809807,-0.6180553563809806,0.6180553563809806
main_plus_subb,Main controls plus SUBB predictors,nested_augmented,subb,main_plus_submodel,env_patent_share_inventions,lag1_3_mean,ARG,Argentina,2023,0.01329449,elastic_net_alpha_1_l1_0.8,0.01329449,0.6713747825513467,-0.6580802925513467,0.6580802925513467
main_plus_subb,Main controls plus SUBB predictors,nested_augmented,subb,main_plus_submodel,env_patent_share_inventions,lag1_3_mean,ARM,Armenia,2023,0.005780213,elastic_net_alpha_1_l1_0.8,0.005780213,0.035435878910111684,-0.029655665910111685,0.029655665910111685
main_plus_subb,Main controls plus SUBB predictors,nested_augmented,subb,main_plus_submodel,env_patent_share_inventions,lag1_3_mean,AUS,Australia,2023,0.4618776,elastic_net_alpha_1_l1_0.8,0.4618776,2.0422835223650253,-1.5804059223650253,1.5804059223650253
main_plus_subb,Main controls plus SUBB predictors,nested_augmented,subb,main_plus_submodel,env_patent_share_inventions,lag1_3_mean,AUT,Austria,2023,0.4801606,elastic_net_alpha_1_l1_0.8,0.4801606,2.028748465683694,-1.548587865683694,1.548587865683694
main_plus_subb,Main controls plus SUBB predictors,nested_augmented,subb,main_plus_submodel,env_patent_share_inventions,lag1_3_mean,AZE,Azerbaijan,2023,0.006936256,elastic_net_alpha_1_l1_0.8,0.006936256,0.06041856784010191,-0.05348231184010191,0.05348231184010191
main_plus_subb,Main controls plus SUBB predictors,nested_augmented,subb,main_plus_submodel,env_patent_share_inventions,lag1_3_mean,BEL,Belgium,2023,0.4136321,elastic_net_alpha_1_l1_0.8,0.4136321,2.180791102787129,-1.7671590027871291,1.7671590027871291
main_plus_subb,Main controls plus SUBB predictors,nested_augmented,subb,main_plus_submodel,env_patent_share_inventions,lag1_3_mean,BFA,Burkina Faso,2023,0.001156043,elastic_net_alpha_1_l1_0.8,0.001156043,0.34424903940145857,-0.34309299640145857,0.34309299640145857
main_plus_subb,Main controls plus SUBB predictors,nested_augmented,subb,main_plus_submodel,env_patent_share_inventions,lag1_3_mean,BGR,Bulgaria,2023,0.01202284,elastic_net_alpha_1_l1_0.8,0.01202284,0.41770900116366627,-0.4056861611636663,0.4056861611636663
main_plus_subb,Main controls plus SUBB predictors,nested_augmented,subb,main_plus_submodel,env_patent_share_inventions,lag1_3_mean,BHS,"Bahamas, The",2023,0.002312085,elastic_net_alpha_1_l1_0.8,0.002312085,0.3374962031130072,-0.3351841181130072,0.3351841181130072
main_plus_subb,Main controls plus SUBB predictors,nested_augmented,subb,main_plus_submodel,env_patent_share_inventions,lag1_3_mean,BRA,Brazil,2023,0.1532527,elastic_net_alpha_1_l1_0.8,0.1532527,2.5431307279098627,-2.389878027909863,2.389878027909863
main_plus_subb,Main controls plus SUBB predictors,nested_augmented,subb,main_plus_submodel,env_patent_share_inventions,lag1_3_mean,CAN,Canada,2023,0.8605196,elastic_net_alpha_1_l1_0.8,0.8605196,2.7897294285011975,-1.9292098285011976,1.9292098285011976
main_plus_subb,Main controls plus SUBB predictors,nested_augmented,subb,main_plus_submodel,env_patent_share_inventions,lag1_3_mean,CHE,Switzerland,2023,0.4411294,elastic_net_alpha_1_l1_0.8,0.4411294,1.1115596574275912,-0.6704302574275912,0.6704302574275912
main_plus_subb,Main controls plus SUBB predictors,nested_augmented,subb,main_plus_submodel,env_patent_share_inventions,lag1_3_mean,CHL,Chile,2023,0.05549005,elastic_net_alpha_1_l1_0.8,0.05549005,0.3829470538720595,-0.3274570038720595,0.3274570038720595
main_plus_subb,Main controls plus SUBB predictors,nested_augmented,subb,main_plus_submodel,env_patent_share_inventions,lag1_3_mean,CHN,China,2023,38.42308,elastic_net_alpha_1_l1_0.8,38.42308,20.625025406877704,17.798054593122295,17.798054593122295
main_plus_subb,Main controls plus SUBB predictors,nested_augmented,subb,main_plus_submodel,env_patent_share_inventions,lag1_3_mean,COL,Colombia,2023,0.02127118,elastic_net_alpha_1_l1_0.8,0.02127118,0.6580007694519754,-0.6367295894519753,0.6367295894519753
main_plus_subb,Main controls plus SUBB predictors,nested_augmented,subb,main_plus_submodel,env_patent_share_inventions,lag1_3_mean,CUB,Cuba,2023,0.002312085,elastic_net_alpha_1_l1_0.8,0.002312085,0.1901839380403989,-0.1878718530403989,0.1878718530403989
main_plus_subb,Main controls plus SUBB predictors,nested_augmented,subb,main_plus_submodel,env_patent_share_inventions,lag1_3_mean,CYP,Cyprus,2023,0.03872743,elastic_net_alpha_1_l1_0.8,0.03872743,0.3510969534366096,-0.3123695234366096,0.3123695234366096
main_plus_subb,Main controls plus SUBB predictors,nested_augmented,subb,main_plus_submodel,env_patent_share_inventions,lag1_3_mean,CZE,Czechia,2023,0.118687,elastic_net_alpha_1_l1_0.8,0.118687,1.235283024739081,-1.116596024739081,1.116596024739081
main_plus_subb,Main controls plus SUBB predictors,nested_augmented,subb,main_plus_submodel,env_patent_share_inventions,lag1_3_mean,DEU,Germany,2023,5.323825,elastic_net_alpha_1_l1_0.8,5.323825,5.2336534194782836,0.0901715805217167,0.0901715805217167
main_plus_subb,Main controls plus SUBB predictors,nested_augmented,subb,main_plus_submodel,env_patent_share_inventions,lag1_3_mean,DNK,Denmark,2023,0.7307345,elastic_net_alpha_1_l1_0.8,0.7307345,1.8161500288277526,-1.0854155288277525,1.0854155288277525
main_plus_subb,Main controls plus SUBB predictors,nested_augmented,subb,main_plus_submodel,env_patent_share_inventions,lag1_3_mean,DZA,Algeria,2023,0.002890107,elastic_net_alpha_1_l1_0.8,0.002890107,0.5378651692932348,-0.5349750622932348,0.5349750622932348
main_plus_subb,Main controls plus SUBB predictors,nested_augmented,subb,main_plus_submodel,env_patent_share_inventions,lag1_3_mean,EGY,"Egypt, Arab Rep.",2023,0.009441015,elastic_net_alpha_1_l1_0.8,0.009441015,0.9345139381389864,-0.9250729231389864,0.9250729231389864
main_plus_subb,Main controls plus SUBB predictors,nested_augmented,subb,main_plus_submodel,env_patent_share_inventions,lag1_3_mean,ESP,Spain,2023,0.4860224,elastic_net_alpha_1_l1_0.8,0.4860224,2.2569960799396362,-1.7709736799396363,1.7709736799396363
main_plus_subb,Main controls plus SUBB predictors,nested_augmented,subb,main_plus_submodel,env_patent_share_inventions,lag1_3_mean,EST,Estonia,2023,0.01271647,elastic_net_alpha_1_l1_0.8,0.01271647,0.8654168809907287,-0.8527004109907287,0.8527004109907287
main_plus_subb,Main controls plus SUBB predictors,nested_augmented,subb,main_plus_submodel,env_patent_share_inventions,lag1_3_mean,FIN,Finland,2023,0.378583,elastic_net_alpha_1_l1_0.8,0.378583,1.770546056771411,-1.3919630567714112,1.3919630567714112
main_plus_subb,Main controls plus SUBB predictors,nested_augmented,subb,main_plus_submodel,env_patent_share_inventions,lag1_3_mean,FRA,France,2023,2.193091,elastic_net_alpha_1_l1_0.8,2.193091,3.5276504458130984,-1.3345594458130985,1.3345594458130985
main_plus_subb,Main controls plus SUBB predictors,nested_augmented,subb,main_plus_submodel,env_patent_share_inventions,lag1_3_mean,GBR,United Kingdom,2023,1.668825,elastic_net_alpha_1_l1_0.8,1.668825,4.662174809696397,-2.9933498096963973,2.9933498096963973
main_plus_subb,Main controls plus SUBB predictors,nested_augmented,subb,main_plus_submodel,env_patent_share_inventions,lag1_3_mean,GEO,Georgia,2023,0.002312085,elastic_net_alpha_1_l1_0.8,0.002312085,0.06703258902035203,-0.06472050402035202,0.06472050402035202
main_plus_subb,Main controls plus SUBB predictors,nested_augmented,subb,main_plus_submodel,env_patent_share_inventions,lag1_3_mean,GRC,Greece,2023,0.0370319,elastic_net_alpha_1_l1_0.8,0.0370319,0.975951592185921,-0.938919692185921,0.938919692185921
main_plus_subb,Main controls plus SUBB predictors,nested_augmented,subb,main_plus_submodel,env_patent_share_inventions,lag1_3_mean,GTM,Guatemala,2023,0.002312085,elastic_net_alpha_1_l1_0.8,0.002312085,-0.019796900620909552,0.02210898562090955,0.02210898562090955
main_plus_subb,Main controls plus SUBB predictors,nested_augmented,subb,main_plus_submodel,env_patent_share_inventions,lag1_3_mean,HKG,"Hong Kong SAR, China",2023,0.08130834,elastic_net_alpha_1_l1_0.8,0.08130834,0.6901148130804617,-0.6088064730804618,0.6088064730804618
main_plus_subb,Main controls plus SUBB predictors,nested_augmented,subb,main_plus_submodel,env_patent_share_inventions,lag1_3_mean,HRV,Croatia,2023,0.02196481,elastic_net_alpha_1_l1_0.8,0.02196481,0.694046454538644,-0.6720816445386439,0.6720816445386439
main_plus_subb,Main controls plus SUBB predictors,nested_augmented,subb,main_plus_submodel,env_patent_share_inventions,lag1_3_mean,HUN,Hungary,2023,0.04990251,elastic_net_alpha_1_l1_0.8,0.04990251,0.9100765771095086,-0.8601740671095086,0.8601740671095086
main_plus_subb,Main controls plus SUBB predictors,nested_augmented,subb,main_plus_submodel,env_patent_share_inventions,lag1_3_mean,IDN,Indonesia,2023,0.02235016,elastic_net_alpha_1_l1_0.8,0.02235016,1.4325433607053193,-1.4101932007053193,1.4101932007053193
main_plus_subb,Main controls plus SUBB predictors,nested_augmented,subb,main_plus_submodel,env_patent_share_inventions,lag1_3_mean,IND,India,2023,0.9509992,elastic_net_alpha_1_l1_0.8,0.9509992,4.210964059918461,-3.259964859918461,3.259964859918461
main_plus_subb,Main controls plus SUBB predictors,nested_augmented,subb,main_plus_submodel,env_patent_share_inventions,lag1_3_mean,IRL,Ireland,2023,0.113639,elastic_net_alpha_1_l1_0.8,0.113639,0.9697248567738834,-0.8560858567738834,0.8560858567738834
main_plus_subb,Main controls plus SUBB predictors,nested_augmented,subb,main_plus_submodel,env_patent_share_inventions,lag1_3_mean,IRN,"Iran, Islamic Rep.",2023,0.02181067,elastic_net_alpha_1_l1_0.8,0.02181067,1.3239940358542681,-1.302183365854268,1.302183365854268
main_plus_subb,Main controls plus SUBB predictors,nested_augmented,subb,main_plus_submodel,env_patent_share_inventions,lag1_3_mean,IRQ,Iraq,2023,0.0009248341,elastic_net_alpha_1_l1_0.8,0.0009248341,0.5751516564427352,-0.5742268223427353,0.5742268223427353
main_plus_subb,Main controls plus SUBB predictors,nested_augmented,subb,main_plus_submodel,env_patent_share_inventions,lag1_3_mean,ISL,Iceland,2023,0.007706951,elastic_net_alpha_1_l1_0.8,0.007706951,1.3072515689319772,-1.2995446179319772,1.2995446179319772
main_plus_subb,Main controls plus SUBB predictors,nested_augmented,subb,main_plus_submodel,env_patent_share_inventions,lag1_3_mean,ISR,Israel,2023,0.2640401,elastic_net_alpha_1_l1_0.8,0.2640401,3.4331031920251633,-3.1690630920251635,3.1690630920251635
main_plus_subb,Main controls plus SUBB predictors,nested_augmented,subb,main_plus_submodel,env_patent_share_inventions,lag1_3_mean,ITA,Italy,2023,0.9510773,elastic_net_alpha_1_l1_0.8,0.9510773,2.932531515235358,-1.9814542152353578,1.9814542152353578
main_plus_subb,Main controls plus SUBB predictors,nested_augmented,subb,main_plus_submodel,env_patent_share_inventions,lag1_3_mean,JOR,Jordan,2023,0.003986596,elastic_net_alpha_1_l1_0.8,0.003986596,0.40697059716438133,-0.4029840011643813,0.4029840011643813
main_plus_subb,Main controls plus SUBB predictors,nested_augmented,subb,main_plus_submodel,env_patent_share_inventions,lag1_3_mean,JPN,Japan,2023,12.35528,elastic_net_alpha_1_l1_0.8,12.35528,5.777914184425345,6.577365815574655,6.577365815574655
main_plus_subb,Main controls plus SUBB predictors,nested_augmented,subb,main_plus_submodel,env_patent_share_inventions,lag1_3_mean,KAZ,Kazakhstan,2023,0.001156043,elastic_net_alpha_1_l1_0.8,0.001156043,0.15305136419523302,-0.15189532119523302,0.15189532119523302
main_plus_subb,Main controls plus SUBB predictors,nested_augmented,subb,main_plus_submodel,env_patent_share_inventions,lag1_3_mean,KOR,"Korea, Rep.",2023,17.64583,elastic_net_alpha_1_l1_0.8,17.64583,4.400038348312259,13.24579165168774,13.24579165168774
main_plus_subb,Main controls plus SUBB predictors,nested_augmented,subb,main_plus_submodel,env_patent_share_inventions,lag1_3_mean,KWT,Kuwait,2023,0.0007706951,elastic_net_alpha_1_l1_0.8,0.0007706951,0.41989652416492684,-0.41912582906492685,0.41912582906492685
main_plus_subb,Main controls plus SUBB predictors,nested_augmented,subb,main_plus_submodel,env_patent_share_inventions,lag1_3_mean,LBN,Lebanon,2023,0.01123113,elastic_net_alpha_1_l1_0.8,0.01123113,0.3779717801046617,-0.3667406501046617,0.3667406501046617
main_plus_subb,Main controls plus SUBB predictors,nested_augmented,subb,main_plus_submodel,env_patent_share_inventions,lag1_3_mean,LKA,Sri Lanka,2023,0.007321603,elastic_net_alpha_1_l1_0.8,0.007321603,0.41617972159430294,-0.40885811859430293,0.40885811859430293
main_plus_subb,Main controls plus SUBB predictors,nested_augmented,subb,main_plus_submodel,env_patent_share_inventions,lag1_3_mean,LTU,Lithuania,2023,0.006936256,elastic_net_alpha_1_l1_0.8,0.006936256,0.5522031038623332,-0.5452668478623331,0.5452668478623331
main_plus_subb,Main controls plus SUBB predictors,nested_augmented,subb,main_plus_submodel,env_patent_share_inventions,lag1_3_mean,LUX,Luxembourg,2023,0.02601096,elastic_net_alpha_1_l1_0.8,0.02601096,0.5260700161216587,-0.5000590561216587,0.5000590561216587
main_plus_subb,Main controls plus SUBB predictors,nested_augmented,subb,main_plus_submodel,env_patent_share_inventions,lag1_3_mean,LVA,Latvia,2023,0.004624171,elastic_net_alpha_1_l1_0.8,0.004624171,0.35884934125081613,-0.3542251702508161,0.3542251702508161
main_plus_subb,Main controls plus SUBB predictors,nested_augmented,subb,main_plus_submodel,env_patent_share_inventions,lag1_3_mean,MAR,Morocco,2023,0.02011614,elastic_net_alpha_1_l1_0.8,0.02011614,0.4952747381443865,-0.4751585981443865,0.4751585981443865
main_plus_subb,Main controls plus SUBB predictors,nested_augmented,subb,main_plus_submodel,env_patent_share_inventions,lag1_3_mean,MEX,Mexico,2023,0.0551047,elastic_net_alpha_1_l1_0.8,0.0551047,1.1018309605867207,-1.0467262605867207,1.0467262605867207
main_plus_subb,Main controls plus SUBB predictors,nested_augmented,subb,main_plus_submodel,env_patent_share_inventions,lag1_3_mean,MLT,Malta,2023,0.003468128,elastic_net_alpha_1_l1_0.8,0.003468128,0.23678140582011387,-0.23331327782011388,0.23331327782011388
main_plus_subb,Main controls plus SUBB predictors,nested_augmented,subb,main_plus_submodel,env_patent_share_inventions,lag1_3_mean,MNE,Montenegro,2023,0.003468128,elastic_net_alpha_1_l1_0.8,0.003468128,0.3363427171216322,-0.3328745891216322,0.3328745891216322
main_plus_subb,Main controls plus SUBB predictors,nested_augmented,subb,main_plus_submodel,env_patent_share_inventions,lag1_3_mean,MYS,Malaysia,2023,0.05518177,elastic_net_alpha_1_l1_0.8,0.05518177,0.8565871669621561,-0.8014053969621561,0.8014053969621561
main_plus_subb,Main controls plus SUBB predictors,nested_augmented,subb,main_plus_submodel,env_patent_share_inventions,lag1_3_mean,NAM,Namibia,2023,0.001156043,elastic_net_alpha_1_l1_0.8,0.001156043,0.33940461155374846,-0.33824856855374846,0.33824856855374846
main_plus_subb,Main controls plus SUBB predictors,nested_augmented,subb,main_plus_submodel,env_patent_share_inventions,lag1_3_mean,NLD,Netherlands,2023,0.5949941,elastic_net_alpha_1_l1_0.8,0.5949941,2.0368172415373773,-1.4418231415373772,1.4418231415373772
main_plus_subb,Main controls plus SUBB predictors,nested_augmented,subb,main_plus_submodel,env_patent_share_inventions,lag1_3_mean,NOR,Norway,2023,0.2159873,elastic_net_alpha_1_l1_0.8,0.2159873,1.3388508451016152,-1.1228635451016151,1.1228635451016151
main_plus_subb,Main controls plus SUBB predictors,nested_augmented,subb,main_plus_submodel,env_patent_share_inventions,lag1_3_mean,NZL,New Zealand,2023,0.06288872,elastic_net_alpha_1_l1_0.8,0.06288872,0.5722578608909696,-0.5093691408909696,0.5093691408909696
main_plus_subb,Main controls plus SUBB predictors,nested_augmented,subb,main_plus_submodel,env_patent_share_inventions,lag1_3_mean,PAK,Pakistan,2023,0.002830553,elastic_net_alpha_1_l1_0.8,0.002830553,0.8117240803743863,-0.8088935273743862,0.8088935273743862
main_plus_subb,Main controls plus SUBB predictors,nested_augmented,subb,main_plus_submodel,env_patent_share_inventions,lag1_3_mean,PAN,Panama,2023,0.005086588,elastic_net_alpha_1_l1_0.8,0.005086588,0.0585591587520089,-0.0534725707520089,0.0534725707520089
main_plus_subb,Main controls plus SUBB predictors,nested_augmented,subb,main_plus_submodel,env_patent_share_inventions,lag1_3_mean,PER,Peru,2023,0.008477646,elastic_net_alpha_1_l1_0.8,0.008477646,0.1749904206269851,-0.1665127746269851,0.1665127746269851
main_plus_subb,Main controls plus SUBB predictors,nested_augmented,subb,main_plus_submodel,env_patent_share_inventions,lag1_3_mean,PHL,Philippines,2023,0.002312085,elastic_net_alpha_1_l1_0.8,0.002312085,0.6219043257792438,-0.6195922407792438,0.6195922407792438
main_plus_subb,Main controls plus SUBB predictors,nested_augmented,subb,main_plus_submodel,env_patent_share_inventions,lag1_3_mean,POL,Poland,2023,0.1666243,elastic_net_alpha_1_l1_0.8,0.1666243,1.4964287652252786,-1.3298044652252785,1.3298044652252785
main_plus_subb,Main controls plus SUBB predictors,nested_augmented,subb,main_plus_submodel,env_patent_share_inventions,lag1_3_mean,PRT,Portugal,2023,0.08377456,elastic_net_alpha_1_l1_0.8,0.08377456,1.1386100297188113,-1.0548354697188114,1.0548354697188114
main_plus_subb,Main controls plus SUBB predictors,nested_augmented,subb,main_plus_submodel,env_patent_share_inventions,lag1_3_mean,QAT,Qatar,2023,0.002312085,elastic_net_alpha_1_l1_0.8,0.002312085,0.4671216522584809,-0.4648095672584809,0.4648095672584809
main_plus_subb,Main controls plus SUBB predictors,nested_augmented,subb,main_plus_submodel,env_patent_share_inventions,lag1_3_mean,ROU,Romania,2023,0.03121315,elastic_net_alpha_1_l1_0.8,0.03121315,0.43022286747877847,-0.39900971747877845,0.39900971747877845
main_plus_subb,Main controls plus SUBB predictors,nested_augmented,subb,main_plus_submodel,env_patent_share_inventions,lag1_3_mean,RUS,Russian Federation,2023,0.1051999,elastic_net_alpha_1_l1_0.8,0.1051999,2.474583287992332,-2.369383387992332,2.369383387992332
main_plus_subb,Main controls plus SUBB predictors,nested_augmented,subb,main_plus_submodel,env_patent_share_inventions,lag1_3_mean,SAU,Saudi Arabia,2023,0.1056623,elastic_net_alpha_1_l1_0.8,0.1056623,0.8942126327465336,-0.7885503327465336,0.7885503327465336
main_plus_subb,Main controls plus SUBB predictors,nested_augmented,subb,main_plus_submodel,env_patent_share_inventions,lag1_3_mean,SGP,Singapore,2023,0.2277789,elastic_net_alpha_1_l1_0.8,0.2277789,1.3250861743538724,-1.0973072743538723,1.0973072743538723
main_plus_subb,Main controls plus SUBB predictors,nested_augmented,subb,main_plus_submodel,env_patent_share_inventions,lag1_3_mean,SLV,El Salvador,2023,0.002312085,elastic_net_alpha_1_l1_0.8,0.002312085,0.009915277924419152,-0.007603192924419152,0.007603192924419152
main_plus_subb,Main controls plus SUBB predictors,nested_augmented,subb,main_plus_submodel,env_patent_share_inventions,lag1_3_mean,SRB,Serbia,2023,0.02003807,elastic_net_alpha_1_l1_0.8,0.02003807,0.4804731929229755,-0.4604351229229755,0.4604351229229755
main_plus_subb,Main controls plus SUBB predictors,nested_augmented,subb,main_plus_submodel,env_patent_share_inventions,lag1_3_mean,SVK,Slovak Republic,2023,0.01965272,elastic_net_alpha_1_l1_0.8,0.01965272,0.5254046619609467,-0.5057519419609467,0.5057519419609467
main_plus_subb,Main controls plus SUBB predictors,nested_augmented,subb,main_plus_submodel,env_patent_share_inventions,lag1_3_mean,SVN,Slovenia,2023,0.02807532,elastic_net_alpha_1_l1_0.8,0.02807532,1.1095615329381985,-1.0814862129381986,1.0814862129381986
main_plus_subb,Main controls plus SUBB predictors,nested_augmented,subb,main_plus_submodel,env_patent_share_inventions,lag1_3_mean,SWE,Sweden,2023,0.812775,elastic_net_alpha_1_l1_0.8,0.812775,2.34665262614186,-1.5338776261418599,1.5338776261418599
main_plus_subb,Main controls plus SUBB predictors,nested_augmented,subb,main_plus_submodel,env_patent_share_inventions,lag1_3_mean,THA,Thailand,2023,0.0242769,elastic_net_alpha_1_l1_0.8,0.0242769,1.034053211248726,-1.009776311248726,1.009776311248726
main_plus_subb,Main controls plus SUBB predictors,nested_augmented,subb,main_plus_submodel,env_patent_share_inventions,lag1_3_mean,TUN,Tunisia,2023,0.002697433,elastic_net_alpha_1_l1_0.8,0.002697433,0.42167622942356175,-0.41897879642356173,0.41897879642356173
main_plus_subb,Main controls plus SUBB predictors,nested_augmented,subb,main_plus_submodel,env_patent_share_inventions,lag1_3_mean,TUR,Turkiye,2023,0.2342913,elastic_net_alpha_1_l1_0.8,0.2342913,1.9095961125692464,-1.6753048125692465,1.6753048125692465
main_plus_subb,Main controls plus SUBB predictors,nested_augmented,subb,main_plus_submodel,env_patent_share_inventions,lag1_3_mean,UKR,Ukraine,2023,0.04046149,elastic_net_alpha_1_l1_0.8,0.04046149,0.3291720081393914,-0.2887105181393914,0.2887105181393914
main_plus_subb,Main controls plus SUBB predictors,nested_augmented,subb,main_plus_submodel,env_patent_share_inventions,lag1_3_mean,USA,United States,2023,10.59949,elastic_net_alpha_1_l1_0.8,10.59949,20.505217822415734,-9.905727822415734,9.905727822415734
main_plus_subb,Main controls plus SUBB predictors,nested_augmented,subb,main_plus_submodel,env_patent_share_inventions,lag1_3_mean,UZB,Uzbekistan,2023,0.00154139,elastic_net_alpha_1_l1_0.8,0.00154139,0.07739819668285075,-0.07585680668285075,0.07585680668285075
main_plus_subb,Main controls plus SUBB predictors,nested_augmented,subb,main_plus_submodel,env_patent_share_inventions,lag1_3_mean,VEN,"Venezuela, RB",2023,0.001156043,elastic_net_alpha_1_l1_0.8,0.001156043,0.36123613402812094,-0.36008009102812094,0.36008009102812094
main_plus_subb,Main controls plus SUBB predictors,nested_augmented,subb,main_plus_submodel,env_patent_share_inventions,lag1_3_mean,VNM,Viet Nam,2023,0.006550908,elastic_net_alpha_1_l1_0.8,0.006550908,0.6607891700525261,-0.6542382620525261,0.6542382620525261
main_plus_subb,Main controls plus SUBB predictors,nested_augmented,subb,main_plus_submodel,env_patent_share_inventions,lag1_3_mean,ZAF,South Africa,2023,0.06049956,elastic_net_alpha_1_l1_0.8,0.06049956,0.6471541506705558,-0.5866545906705558,0.5866545906705558
main_on_subc,Main controls on SUBC sample,nested_baseline,subc,main_controls,env_patent_share_inventions,lag1_3_mean,AUS,Australia,2019,0.6184876,elastic_net_alpha_1_l1_0.2,0.6184876,4.271201042207945,-3.6527134422079452,3.6527134422079452
main_on_subc,Main controls on SUBC sample,nested_baseline,subc,main_controls,env_patent_share_inventions,lag1_3_mean,AUT,Austria,2019,0.9076207,elastic_net_alpha_1_l1_0.2,0.9076207,0.964790816108757,-0.05717011610875711,0.05717011610875711
main_on_subc,Main controls on SUBC sample,nested_baseline,subc,main_controls,env_patent_share_inventions,lag1_3_mean,BEL,Belgium,2019,0.4828069,elastic_net_alpha_1_l1_0.2,0.4828069,1.1297626036929302,-0.6469557036929303,0.6469557036929303
main_on_subc,Main controls on SUBC sample,nested_baseline,subc,main_controls,env_patent_share_inventions,lag1_3_mean,BRA,Brazil,2019,0.2444426,elastic_net_alpha_1_l1_0.2,0.2444426,1.9250322219260734,-1.6805896219260734,1.6805896219260734
main_on_subc,Main controls on SUBC sample,nested_baseline,subc,main_controls,env_patent_share_inventions,lag1_3_mean,CAN,Canada,2019,1.803488,elastic_net_alpha_1_l1_0.2,1.803488,3.8602639917067565,-2.0567759917067567,2.0567759917067567
main_on_subc,Main controls on SUBC sample,nested_baseline,subc,main_controls,env_patent_share_inventions,lag1_3_mean,CHE,Switzerland,2019,0.7714143,elastic_net_alpha_1_l1_0.2,0.7714143,1.3079628987475298,-0.5365485987475298,0.5365485987475298
main_on_subc,Main controls on SUBC sample,nested_baseline,subc,main_controls,env_patent_share_inventions,lag1_3_mean,CHL,Chile,2019,0.07812119,elastic_net_alpha_1_l1_0.2,0.07812119,1.228855786731043,-1.150734596731043,1.150734596731043
main_on_subc,Main controls on SUBC sample,nested_baseline,subc,main_controls,env_patent_share_inventions,lag1_3_mean,CHN,China (People’s Republic of),2019,17.21756,elastic_net_alpha_1_l1_0.2,17.21756,16.23213967380292,0.9854203261970795,0.9854203261970795
main_on_subc,Main controls on SUBC sample,nested_baseline,subc,main_controls,env_patent_share_inventions,lag1_3_mean,CZE,Czechia,2019,0.1254647,elastic_net_alpha_1_l1_0.2,0.1254647,1.0817784448516483,-0.9563137448516483,0.9563137448516483
main_on_subc,Main controls on SUBC sample,nested_baseline,subc,main_controls,env_patent_share_inventions,lag1_3_mean,DEU,Germany,2019,9.738097,elastic_net_alpha_1_l1_0.2,9.738097,5.329642290330057,4.408454709669943,4.408454709669943
main_on_subc,Main controls on SUBC sample,nested_baseline,subc,main_controls,env_patent_share_inventions,lag1_3_mean,DNK,Denmark,2019,0.9602977,elastic_net_alpha_1_l1_0.2,0.9602977,1.03499261554076,-0.07469491554076002,0.07469491554076002
main_on_subc,Main controls on SUBC sample,nested_baseline,subc,main_controls,env_patent_share_inventions,lag1_3_mean,ESP,Spain,2019,0.5914192,elastic_net_alpha_1_l1_0.2,0.5914192,2.7406238950021113,-2.149204695002111,2.149204695002111
main_on_subc,Main controls on SUBC sample,nested_baseline,subc,main_controls,env_patent_share_inventions,lag1_3_mean,EST,Estonia,2019,0.0101139,elastic_net_alpha_1_l1_0.2,0.0101139,1.002757475588195,-0.9926435755881949,0.9926435755881949
main_on_subc,Main controls on SUBC sample,nested_baseline,subc,main_controls,env_patent_share_inventions,lag1_3_mean,FIN,Finland,2019,0.5154952,elastic_net_alpha_1_l1_0.2,0.5154952,1.1119808920812564,-0.5964856920812563,0.5964856920812563
main_on_subc,Main controls on SUBC sample,nested_baseline,subc,main_controls,env_patent_share_inventions,lag1_3_mean,FRA,France,2019,3.954056,elastic_net_alpha_1_l1_0.2,3.954056,3.742513370711177,0.21154262928882295,0.21154262928882295
main_on_subc,Main controls on SUBC sample,nested_baseline,subc,main_controls,env_patent_share_inventions,lag1_3_mean,GBR,United Kingdom,2019,2.473412,elastic_net_alpha_1_l1_0.2,2.473412,4.931667142664738,-2.4582551426647377,2.4582551426647377
main_on_subc,Main controls on SUBC sample,nested_baseline,subc,main_controls,env_patent_share_inventions,lag1_3_mean,GRC,Greece,2019,0.03744635,elastic_net_alpha_1_l1_0.2,0.03744635,1.1415151824315832,-1.1040688324315833,1.1040688324315833
main_on_subc,Main controls on SUBC sample,nested_baseline,subc,main_controls,env_patent_share_inventions,lag1_3_mean,HUN,Hungary,2019,0.06668201,elastic_net_alpha_1_l1_0.2,0.06668201,0.13007327335720476,-0.06339126335720476,0.06339126335720476
main_on_subc,Main controls on SUBC sample,nested_baseline,subc,main_controls,env_patent_share_inventions,lag1_3_mean,IDN,Indonesia,2019,0.01506623,elastic_net_alpha_1_l1_0.2,0.01506623,1.2526001361161598,-1.2375339061161599,1.2375339061161599
main_on_subc,Main controls on SUBC sample,nested_baseline,subc,main_controls,env_patent_share_inventions,lag1_3_mean,IND,India,2019,1.19991,elastic_net_alpha_1_l1_0.2,1.19991,3.401699284663906,-2.201789284663906,2.201789284663906
main_on_subc,Main controls on SUBC sample,nested_baseline,subc,main_controls,env_patent_share_inventions,lag1_3_mean,IRL,Ireland,2019,0.1699734,elastic_net_alpha_1_l1_0.2,0.1699734,0.31150178701646514,-0.14152838701646514,0.14152838701646514
main_on_subc,Main controls on SUBC sample,nested_baseline,subc,main_controls,env_patent_share_inventions,lag1_3_mean,ISL,Iceland,2019,0.01262494,elastic_net_alpha_1_l1_0.2,0.01262494,-0.46433541330219263,0.4769603533021926,0.4769603533021926
main_on_subc,Main controls on SUBC sample,nested_baseline,subc,main_controls,env_patent_share_inventions,lag1_3_mean,ISR,Israel,2019,0.4403036,elastic_net_alpha_1_l1_0.2,0.4403036,2.137572960263838,-1.6972693602638378,1.6972693602638378
main_on_subc,Main controls on SUBC sample,nested_baseline,subc,main_controls,env_patent_share_inventions,lag1_3_mean,ITA,Italy,2019,1.455553,elastic_net_alpha_1_l1_0.2,1.455553,3.3080986023879038,-1.8525456023879037,1.8525456023879037
main_on_subc,Main controls on SUBC sample,nested_baseline,subc,main_controls,env_patent_share_inventions,lag1_3_mean,JPN,Japan,2019,20.25395,elastic_net_alpha_1_l1_0.2,20.25395,6.312899338291789,13.94105066170821,13.94105066170821
main_on_subc,Main controls on SUBC sample,nested_baseline,subc,main_controls,env_patent_share_inventions,lag1_3_mean,KOR,Korea,2019,11.32337,elastic_net_alpha_1_l1_0.2,11.32337,3.904294599031073,7.419075400968928,7.419075400968928
main_on_subc,Main controls on SUBC sample,nested_baseline,subc,main_controls,env_patent_share_inventions,lag1_3_mean,LUX,Luxembourg,2019,0.04324565,elastic_net_alpha_1_l1_0.2,0.04324565,-0.7536952376084058,0.7969408876084059,0.7969408876084059
main_on_subc,Main controls on SUBC sample,nested_baseline,subc,main_controls,env_patent_share_inventions,lag1_3_mean,MEX,Mexico,2019,0.08576889,elastic_net_alpha_1_l1_0.2,0.08576889,1.6136550331960837,-1.5278861431960837,1.5278861431960837
main_on_subc,Main controls on SUBC sample,nested_baseline,subc,main_controls,env_patent_share_inventions,lag1_3_mean,NLD,Netherlands,2019,1.051283,elastic_net_alpha_1_l1_0.2,1.051283,2.043154662611281,-0.9918716626112809,0.9918716626112809
main_on_subc,Main controls on SUBC sample,nested_baseline,subc,main_controls,env_patent_share_inventions,lag1_3_mean,NOR,Norway,2019,0.298674,elastic_net_alpha_1_l1_0.2,0.298674,0.8131738105254493,-0.5144998105254494,0.5144998105254494
main_on_subc,Main controls on SUBC sample,nested_baseline,subc,main_controls,env_patent_share_inventions,lag1_3_mean,NZL,New Zealand,2019,0.09786074,elastic_net_alpha_1_l1_0.2,0.09786074,1.5721951479452003,-1.4743344079452003,1.4743344079452003
main_on_subc,Main controls on SUBC sample,nested_baseline,subc,main_controls,env_patent_share_inventions,lag1_3_mean,POL,Poland,2019,0.1634616,elastic_net_alpha_1_l1_0.2,0.1634616,1.8660294376355147,-1.7025678376355147,1.7025678376355147
main_on_subc,Main controls on SUBC sample,nested_baseline,subc,main_controls,env_patent_share_inventions,lag1_3_mean,PRT,Portugal,2019,0.07951621,elastic_net_alpha_1_l1_0.2,0.07951621,0.9293400233855842,-0.8498238133855842,0.8498238133855842
main_on_subc,Main controls on SUBC sample,nested_baseline,subc,main_controls,env_patent_share_inventions,lag1_3_mean,RUS,Russia,2019,0.2723978,elastic_net_alpha_1_l1_0.2,0.2723978,3.451407485877222,-3.1790096858772223,3.1790096858772223
main_on_subc,Main controls on SUBC sample,nested_baseline,subc,main_controls,env_patent_share_inventions,lag1_3_mean,SVK,Slovak Republic,2019,0.03180648,elastic_net_alpha_1_l1_0.2,0.03180648,0.17417530486726562,-0.14236882486726563,0.14236882486726563
main_on_subc,Main controls on SUBC sample,nested_baseline,subc,main_controls,env_patent_share_inventions,lag1_3_mean,SVN,Slovenia,2019,0.04028124,elastic_net_alpha_1_l1_0.2,0.04028124,0.17850260266372153,-0.13822136266372154,0.13822136266372154
main_on_subc,Main controls on SUBC sample,nested_baseline,subc,main_controls,env_patent_share_inventions,lag1_3_mean,SWE,Sweden,2019,0.9732913,elastic_net_alpha_1_l1_0.2,0.9732913,0.7383622834303607,0.23492901656963927,0.23492901656963927
main_on_subc,Main controls on SUBC sample,nested_baseline,subc,main_controls,env_patent_share_inventions,lag1_3_mean,TUR,Türkiye,2019,0.2242845,elastic_net_alpha_1_l1_0.2,0.2242845,1.7419318469139273,-1.5176473469139273,1.5176473469139273
main_on_subc,Main controls on SUBC sample,nested_baseline,subc,main_controls,env_patent_share_inventions,lag1_3_mean,USA,United States,2019,17.85233,elastic_net_alpha_1_l1_0.2,17.85233,20.209207703986472,-2.3568777039864734,2.3568777039864734
main_on_subc,Main controls on SUBC sample,nested_baseline,subc,main_controls,env_patent_share_inventions,lag1_3_mean,ZAF,South Africa,2019,0.07487776,elastic_net_alpha_1_l1_0.2,0.07487776,1.6196547774367964,-1.5447770174367965,1.5447770174367965
main_on_subc,Main controls on SUBC sample,nested_baseline,subc,main_controls,env_patent_share_inventions,lag1_3_mean,AUS,Australia,2020,0.655256,elastic_net_alpha_1_l1_0.2,0.655256,4.2692934757542975,-3.6140374757542975,3.6140374757542975
main_on_subc,Main controls on SUBC sample,nested_baseline,subc,main_controls,env_patent_share_inventions,lag1_3_mean,AUT,Austria,2020,0.8130857,elastic_net_alpha_1_l1_0.2,0.8130857,0.975488274190017,-0.16240257419001702,0.16240257419001702
main_on_subc,Main controls on SUBC sample,nested_baseline,subc,main_controls,env_patent_share_inventions,lag1_3_mean,BEL,Belgium,2020,0.4943048,elastic_net_alpha_1_l1_0.2,0.4943048,1.0985505201485095,-0.6042457201485095,0.6042457201485095
main_on_subc,Main controls on SUBC sample,nested_baseline,subc,main_controls,env_patent_share_inventions,lag1_3_mean,BRA,Brazil,2020,0.2774222,elastic_net_alpha_1_l1_0.2,0.2774222,2.01558320137668,-1.7381610013766802,1.7381610013766802
main_on_subc,Main controls on SUBC sample,nested_baseline,subc,main_controls,env_patent_share_inventions,lag1_3_mean,CAN,Canada,2020,1.595525,elastic_net_alpha_1_l1_0.2,1.595525,3.888391403650002,-2.2928664036500015,2.2928664036500015
main_on_subc,Main controls on SUBC sample,nested_baseline,subc,main_controls,env_patent_share_inventions,lag1_3_mean,CHE,Switzerland,2020,0.6582596,elastic_net_alpha_1_l1_0.2,0.6582596,1.2791239903262905,-0.6208643903262906,0.6208643903262906
main_on_subc,Main controls on SUBC sample,nested_baseline,subc,main_controls,env_patent_share_inventions,lag1_3_mean,CHL,Chile,2020,0.05064903,elastic_net_alpha_1_l1_0.2,0.05064903,1.2334772288675888,-1.1828281988675888,1.1828281988675888
main_on_subc,Main controls on SUBC sample,nested_baseline,subc,main_controls,env_patent_share_inventions,lag1_3_mean,CHN,China (People’s Republic of),2020,21.22932,elastic_net_alpha_1_l1_0.2,21.22932,17.699215057879957,3.530104942120044,3.530104942120044
main_on_subc,Main controls on SUBC sample,nested_baseline,subc,main_controls,env_patent_share_inventions,lag1_3_mean,CZE,Czechia,2020,0.1647629,elastic_net_alpha_1_l1_0.2,0.1647629,1.090689785908171,-0.9259268859081711,0.9259268859081711
main_on_subc,Main controls on SUBC sample,nested_baseline,subc,main_controls,env_patent_share_inventions,lag1_3_mean,DEU,Germany,2020,8.935518,elastic_net_alpha_1_l1_0.2,8.935518,5.301424625777237,3.634093374222763,3.634093374222763
main_on_subc,Main controls on SUBC sample,nested_baseline,subc,main_controls,env_patent_share_inventions,lag1_3_mean,DNK,Denmark,2020,0.9505016,elastic_net_alpha_1_l1_0.2,0.9505016,0.9500036638767799,0.0004979361232200219,0.0004979361232200219
main_on_subc,Main controls on SUBC sample,nested_baseline,subc,main_controls,env_patent_share_inventions,lag1_3_mean,ESP,Spain,2020,0.5858323,elastic_net_alpha_1_l1_0.2,0.5858323,2.7551000822092706,-2.1692677822092707,2.1692677822092707
main_on_subc,Main controls on SUBC sample,nested_baseline,subc,main_controls,env_patent_share_inventions,lag1_3_mean,EST,Estonia,2020,0.01389859,elastic_net_alpha_1_l1_0.2,0.01389859,0.8476147511984318,-0.8337161611984317,0.8337161611984317
main_on_subc,Main controls on SUBC sample,nested_baseline,subc,main_controls,env_patent_share_inventions,lag1_3_mean,FIN,Finland,2020,0.4200928,elastic_net_alpha_1_l1_0.2,0.4200928,1.0515534578246517,-0.6314606578246518,0.6314606578246518
main_on_subc,Main controls on SUBC sample,nested_baseline,subc,main_controls,env_patent_share_inventions,lag1_3_mean,FRA,France,2020,3.529052,elastic_net_alpha_1_l1_0.2,3.529052,3.7578827799309207,-0.2288307799309206,0.2288307799309206
main_on_subc,Main controls on SUBC sample,nested_baseline,subc,main_controls,env_patent_share_inventions,lag1_3_mean,GBR,United Kingdom,2020,2.348473,elastic_net_alpha_1_l1_0.2,2.348473,4.908782400264065,-2.560309400264065,2.560309400264065
main_on_subc,Main controls on SUBC sample,nested_baseline,subc,main_controls,env_patent_share_inventions,lag1_3_mean,GRC,Greece,2020,0.0558206,elastic_net_alpha_1_l1_0.2,0.0558206,1.0638717181182162,-1.0080511181182161,1.0080511181182161
main_on_subc,Main controls on SUBC sample,nested_baseline,subc,main_controls,env_patent_share_inventions,lag1_3_mean,HUN,Hungary,2020,0.0638042,elastic_net_alpha_1_l1_0.2,0.0638042,0.14504155379831918,-0.08123735379831917,0.08123735379831917
main_on_subc,Main controls on SUBC sample,nested_baseline,subc,main_controls,env_patent_share_inventions,lag1_3_mean,IDN,Indonesia,2020,0.008080573,elastic_net_alpha_1_l1_0.2,0.008080573,1.5029617266570519,-1.4948811536570519,1.4948811536570519
main_on_subc,Main controls on SUBC sample,nested_baseline,subc,main_controls,env_patent_share_inventions,lag1_3_mean,IND,India,2020,1.547903,elastic_net_alpha_1_l1_0.2,1.547903,3.642627950205889,-2.0947249502058893,2.0947249502058893
main_on_subc,Main controls on SUBC sample,nested_baseline,subc,main_controls,env_patent_share_inventions,lag1_3_mean,IRL,Ireland,2020,0.1358183,elastic_net_alpha_1_l1_0.2,0.1358183,0.1981633736965991,-0.062345073696599085,0.062345073696599085
main_on_subc,Main controls on SUBC sample,nested_baseline,subc,main_controls,env_patent_share_inventions,lag1_3_mean,ISL,Iceland,2020,0.002327205,elastic_net_alpha_1_l1_0.2,0.002327205,-0.4704482147415696,0.4727754197415696,0.4727754197415696
main_on_subc,Main controls on SUBC sample,nested_baseline,subc,main_controls,env_patent_share_inventions,lag1_3_mean,ISR,Israel,2020,0.4784669,elastic_net_alpha_1_l1_0.2,0.4784669,2.1142271264475427,-1.6357602264475428,1.6357602264475428
main_on_subc,Main controls on SUBC sample,nested_baseline,subc,main_controls,env_patent_share_inventions,lag1_3_mean,ITA,Italy,2020,1.487068,elastic_net_alpha_1_l1_0.2,1.487068,3.3286668113928783,-1.8415988113928783,1.8415988113928783
main_on_subc,Main controls on SUBC sample,nested_baseline,subc,main_controls,env_patent_share_inventions,lag1_3_mean,JPN,Japan,2020,17.60094,elastic_net_alpha_1_l1_0.2,17.60094,6.272452315896045,11.328487684103957,11.328487684103957
main_on_subc,Main controls on SUBC sample,nested_baseline,subc,main_controls,env_patent_share_inventions,lag1_3_mean,KOR,Korea,2020,12.25406,elastic_net_alpha_1_l1_0.2,12.25406,3.9580642008102136,8.295995799189788,8.295995799189788
main_on_subc,Main controls on SUBC sample,nested_baseline,subc,main_controls,env_patent_share_inventions,lag1_3_mean,LUX,Luxembourg,2020,0.04007964,elastic_net_alpha_1_l1_0.2,0.04007964,-0.8961403007825814,0.9362199407825814,0.9362199407825814
main_on_subc,Main controls on SUBC sample,nested_baseline,subc,main_controls,env_patent_share_inventions,lag1_3_mean,MEX,Mexico,2020,0.08798128,elastic_net_alpha_1_l1_0.2,0.08798128,1.5929738738401067,-1.5049925938401068,1.5049925938401068
main_on_subc,Main controls on SUBC sample,nested_baseline,subc,main_controls,env_patent_share_inventions,lag1_3_mean,NLD,Netherlands,2020,1.049749,elastic_net_alpha_1_l1_0.2,1.049749,1.9422793661433906,-0.8925303661433905,0.8925303661433905
main_on_subc,Main controls on SUBC sample,nested_baseline,subc,main_controls,env_patent_share_inventions,lag1_3_mean,NOR,Norway,2020,0.3286207,elastic_net_alpha_1_l1_0.2,0.3286207,0.8105236691406055,-0.4819029691406055,0.4819029691406055
main_on_subc,Main controls on SUBC sample,nested_baseline,subc,main_controls,env_patent_share_inventions,lag1_3_mean,NZL,New Zealand,2020,0.1008456,elastic_net_alpha_1_l1_0.2,0.1008456,1.5808756032367246,-1.4800300032367246,1.4800300032367246
main_on_subc,Main controls on SUBC sample,nested_baseline,subc,main_controls,env_patent_share_inventions,lag1_3_mean,POL,Poland,2020,0.1535309,elastic_net_alpha_1_l1_0.2,0.1535309,1.8069748833286465,-1.6534439833286465,1.6534439833286465
main_on_subc,Main controls on SUBC sample,nested_baseline,subc,main_controls,env_patent_share_inventions,lag1_3_mean,PRT,Portugal,2020,0.1029465,elastic_net_alpha_1_l1_0.2,0.1029465,0.9318712990008193,-0.8289247990008193,0.8289247990008193
main_on_subc,Main controls on SUBC sample,nested_baseline,subc,main_controls,env_patent_share_inventions,lag1_3_mean,RUS,Russia,2020,0.3158581,elastic_net_alpha_1_l1_0.2,0.3158581,3.6776160968152785,-3.3617579968152786,3.3617579968152786
main_on_subc,Main controls on SUBC sample,nested_baseline,subc,main_controls,env_patent_share_inventions,lag1_3_mean,SVK,Slovak Republic,2020,0.03086779,elastic_net_alpha_1_l1_0.2,0.03086779,0.07918847346751878,-0.048320683467518784,0.048320683467518784
main_on_subc,Main controls on SUBC sample,nested_baseline,subc,main_controls,env_patent_share_inventions,lag1_3_mean,SVN,Slovenia,2020,0.02618106,elastic_net_alpha_1_l1_0.2,0.02618106,0.1421167401593113,-0.1159356801593113,0.1159356801593113
main_on_subc,Main controls on SUBC sample,nested_baseline,subc,main_controls,env_patent_share_inventions,lag1_3_mean,SWE,Sweden,2020,0.9918742,elastic_net_alpha_1_l1_0.2,0.9918742,0.674785436737456,0.3170887632625441,0.3170887632625441
main_on_subc,Main controls on SUBC sample,nested_baseline,subc,main_controls,env_patent_share_inventions,lag1_3_mean,TUR,Türkiye,2020,0.2532775,elastic_net_alpha_1_l1_0.2,0.2532775,1.6310226150407803,-1.3777451150407802,1.3777451150407802
main_on_subc,Main controls on SUBC sample,nested_baseline,subc,main_controls,env_patent_share_inventions,lag1_3_mean,USA,United States,2020,16.7884,elastic_net_alpha_1_l1_0.2,16.7884,20.530820542203344,-3.7424205422033445,3.7424205422033445
main_on_subc,Main controls on SUBC sample,nested_baseline,subc,main_controls,env_patent_share_inventions,lag1_3_mean,ZAF,South Africa,2020,0.08604194,elastic_net_alpha_1_l1_0.2,0.08604194,1.655329345395448,-1.569287405395448,1.569287405395448
main_on_subc,Main controls on SUBC sample,nested_baseline,subc,main_controls,env_patent_share_inventions,lag1_3_mean,AUS,Australia,2021,0.6052428,elastic_net_alpha_1_l1_0.2,0.6052428,4.2567957752087615,-3.6515529752087614,3.6515529752087614
main_on_subc,Main controls on SUBC sample,nested_baseline,subc,main_controls,env_patent_share_inventions,lag1_3_mean,AUT,Austria,2021,0.600331,elastic_net_alpha_1_l1_0.2,0.600331,0.9767234981228823,-0.37639249812288234,0.37639249812288234
main_on_subc,Main controls on SUBC sample,nested_baseline,subc,main_controls,env_patent_share_inventions,lag1_3_mean,BEL,Belgium,2021,0.5078351,elastic_net_alpha_1_l1_0.2,0.5078351,1.1102580201863081,-0.6024229201863082,0.6024229201863082
main_on_subc,Main controls on SUBC sample,nested_baseline,subc,main_controls,env_patent_share_inventions,lag1_3_mean,BRA,Brazil,2021,0.2022635,elastic_net_alpha_1_l1_0.2,0.2022635,2.0068951621561015,-1.8046316621561016,1.8046316621561016
main_on_subc,Main controls on SUBC sample,nested_baseline,subc,main_controls,env_patent_share_inventions,lag1_3_mean,CAN,Canada,2021,1.406397,elastic_net_alpha_1_l1_0.2,1.406397,3.8471632870417474,-2.4407662870417477,2.4407662870417477
main_on_subc,Main controls on SUBC sample,nested_baseline,subc,main_controls,env_patent_share_inventions,lag1_3_mean,CHE,Switzerland,2021,0.5670665,elastic_net_alpha_1_l1_0.2,0.5670665,1.2489478341731401,-0.6818813341731401,0.6818813341731401
main_on_subc,Main controls on SUBC sample,nested_baseline,subc,main_controls,env_patent_share_inventions,lag1_3_mean,CHL,Chile,2021,0.04739795,elastic_net_alpha_1_l1_0.2,0.04739795,1.1685784939603698,-1.12118054396037,1.12118054396037
main_on_subc,Main controls on SUBC sample,nested_baseline,subc,main_controls,env_patent_share_inventions,lag1_3_mean,CHN,China (People’s Republic of),2021,27.46088,elastic_net_alpha_1_l1_0.2,27.46088,19.203298927010444,8.257581072989556,8.257581072989556
main_on_subc,Main controls on SUBC sample,nested_baseline,subc,main_controls,env_patent_share_inventions,lag1_3_mean,CZE,Czechia,2021,0.1125298,elastic_net_alpha_1_l1_0.2,0.1125298,1.0845691621505973,-0.9720393621505973,0.9720393621505973
main_on_subc,Main controls on SUBC sample,nested_baseline,subc,main_controls,env_patent_share_inventions,lag1_3_mean,DEU,Germany,2021,6.09054,elastic_net_alpha_1_l1_0.2,6.09054,5.2376856024110445,0.8528543975889553,0.8528543975889553
main_on_subc,Main controls on SUBC sample,nested_baseline,subc,main_controls,env_patent_share_inventions,lag1_3_mean,DNK,Denmark,2021,0.8738312,elastic_net_alpha_1_l1_0.2,0.8738312,0.9198626425422409,-0.0460314425422409,0.0460314425422409
main_on_subc,Main controls on SUBC sample,nested_baseline,subc,main_controls,env_patent_share_inventions,lag1_3_mean,ESP,Spain,2021,0.6234819,elastic_net_alpha_1_l1_0.2,0.6234819,2.755924323132625,-2.132442423132625,2.132442423132625
main_on_subc,Main controls on SUBC sample,nested_baseline,subc,main_controls,env_patent_share_inventions,lag1_3_mean,EST,Estonia,2021,0.01386471,elastic_net_alpha_1_l1_0.2,0.01386471,0.6049615724360058,-0.5910968624360058,0.5910968624360058
main_on_subc,Main controls on SUBC sample,nested_baseline,subc,main_controls,env_patent_share_inventions,lag1_3_mean,FIN,Finland,2021,0.4526021,elastic_net_alpha_1_l1_0.2,0.4526021,1.026309165543009,-0.573707065543009,0.573707065543009
main_on_subc,Main controls on SUBC sample,nested_baseline,subc,main_controls,env_patent_share_inventions,lag1_3_mean,FRA,France,2021,2.559317,elastic_net_alpha_1_l1_0.2,2.559317,3.7141242772427168,-1.1548072772427167,1.1548072772427167
main_on_subc,Main controls on SUBC sample,nested_baseline,subc,main_controls,env_patent_share_inventions,lag1_3_mean,GBR,United Kingdom,2021,1.863642,elastic_net_alpha_1_l1_0.2,1.863642,4.836814149778766,-2.9731721497787658,2.9731721497787658
main_on_subc,Main controls on SUBC sample,nested_baseline,subc,main_controls,env_patent_share_inventions,lag1_3_mean,GRC,Greece,2021,0.04058382,elastic_net_alpha_1_l1_0.2,0.04058382,1.0593151577555333,-1.0187313377555334,1.0187313377555334
main_on_subc,Main controls on SUBC sample,nested_baseline,subc,main_controls,env_patent_share_inventions,lag1_3_mean,HUN,Hungary,2021,0.04149739,elastic_net_alpha_1_l1_0.2,0.04149739,0.15957171044683127,-0.11807432044683128,0.11807432044683128
main_on_subc,Main controls on SUBC sample,nested_baseline,subc,main_controls,env_patent_share_inventions,lag1_3_mean,IDN,Indonesia,2021,0.01360676,elastic_net_alpha_1_l1_0.2,0.01360676,1.7004661351637897,-1.6868593751637897,1.6868593751637897
main_on_subc,Main controls on SUBC sample,nested_baseline,subc,main_controls,env_patent_share_inventions,lag1_3_mean,IND,India,2021,1.139217,elastic_net_alpha_1_l1_0.2,1.139217,3.8033834298176648,-2.664166429817665,2.664166429817665
main_on_subc,Main controls on SUBC sample,nested_baseline,subc,main_controls,env_patent_share_inventions,lag1_3_mean,IRL,Ireland,2021,0.1236538,elastic_net_alpha_1_l1_0.2,0.1236538,0.06866542995496383,0.054988370045036164,0.054988370045036164
main_on_subc,Main controls on SUBC sample,nested_baseline,subc,main_controls,env_patent_share_inventions,lag1_3_mean,ISL,Iceland,2021,0.009673051,elastic_net_alpha_1_l1_0.2,0.009673051,-0.4800242550052749,0.4896973060052749,0.4896973060052749
main_on_subc,Main controls on SUBC sample,nested_baseline,subc,main_controls,env_patent_share_inventions,lag1_3_mean,ISR,Israel,2021,0.4227123,elastic_net_alpha_1_l1_0.2,0.4227123,2.0957522137614193,-1.6730399137614194,1.6730399137614194
main_on_subc,Main controls on SUBC sample,nested_baseline,subc,main_controls,env_patent_share_inventions,lag1_3_mean,ITA,Italy,2021,1.366383,elastic_net_alpha_1_l1_0.2,1.366383,3.3490203694670457,-1.9826373694670458,1.9826373694670458
main_on_subc,Main controls on SUBC sample,nested_baseline,subc,main_controls,env_patent_share_inventions,lag1_3_mean,JPN,Japan,2021,18.32637,elastic_net_alpha_1_l1_0.2,18.32637,6.211336416366637,12.115033583633362,12.115033583633362
main_on_subc,Main controls on SUBC sample,nested_baseline,subc,main_controls,env_patent_share_inventions,lag1_3_mean,KOR,Korea,2021,13.81879,elastic_net_alpha_1_l1_0.2,13.81879,4.023874695009712,9.794915304990287,9.794915304990287
main_on_subc,Main controls on SUBC sample,nested_baseline,subc,main_controls,env_patent_share_inventions,lag1_3_mean,LUX,Luxembourg,2021,0.05029986,elastic_net_alpha_1_l1_0.2,0.05029986,-1.0475513274571524,1.0978511874571524,1.0978511874571524
main_on_subc,Main controls on SUBC sample,nested_baseline,subc,main_controls,env_patent_share_inventions,lag1_3_mean,MEX,Mexico,2021,0.08141485,elastic_net_alpha_1_l1_0.2,0.08141485,1.563360874405859,-1.4819460244058589,1.4819460244058589
main_on_subc,Main controls on SUBC sample,nested_baseline,subc,main_controls,env_patent_share_inventions,lag1_3_mean,NLD,Netherlands,2021,0.8459405,elastic_net_alpha_1_l1_0.2,0.8459405,1.8759318978049797,-1.0299913978049797,1.0299913978049797
main_on_subc,Main controls on SUBC sample,nested_baseline,subc,main_controls,env_patent_share_inventions,lag1_3_mean,NOR,Norway,2021,0.2947056,elastic_net_alpha_1_l1_0.2,0.2947056,0.7967985605793204,-0.5020929605793204,0.5020929605793204
main_on_subc,Main controls on SUBC sample,nested_baseline,subc,main_controls,env_patent_share_inventions,lag1_3_mean,NZL,New Zealand,2021,0.08180176,elastic_net_alpha_1_l1_0.2,0.08180176,1.5810966965035977,-1.4992949365035977,1.4992949365035977
main_on_subc,Main controls on SUBC sample,nested_baseline,subc,main_controls,env_patent_share_inventions,lag1_3_mean,POL,Poland,2021,0.1891726,elastic_net_alpha_1_l1_0.2,0.1891726,1.752180150236291,-1.563007550236291,1.563007550236291
main_on_subc,Main controls on SUBC sample,nested_baseline,subc,main_controls,env_patent_share_inventions,lag1_3_mean,PRT,Portugal,2021,0.05997292,elastic_net_alpha_1_l1_0.2,0.05997292,0.8853387091203815,-0.8253657891203815,0.8253657891203815
main_on_subc,Main controls on SUBC sample,nested_baseline,subc,main_controls,env_patent_share_inventions,lag1_3_mean,RUS,Russia,2021,0.2115711,elastic_net_alpha_1_l1_0.2,0.2115711,3.8272260957787503,-3.6156549957787503,3.6156549957787503
main_on_subc,Main controls on SUBC sample,nested_baseline,subc,main_controls,env_patent_share_inventions,lag1_3_mean,SVK,Slovak Republic,2021,0.03756368,elastic_net_alpha_1_l1_0.2,0.03756368,0.04248557689015042,-0.004921896890150421,0.004921896890150421
main_on_subc,Main controls on SUBC sample,nested_baseline,subc,main_controls,env_patent_share_inventions,lag1_3_mean,SVN,Slovenia,2021,0.03192107,elastic_net_alpha_1_l1_0.2,0.03192107,0.1656325608281093,-0.1337114908281093,0.1337114908281093
main_on_subc,Main controls on SUBC sample,nested_baseline,subc,main_controls,env_patent_share_inventions,lag1_3_mean,SWE,Sweden,2021,0.9232927,elastic_net_alpha_1_l1_0.2,0.9232927,0.6302002016410118,0.2930924983589882,0.2930924983589882
main_on_subc,Main controls on SUBC sample,nested_baseline,subc,main_controls,env_patent_share_inventions,lag1_3_mean,TUR,Türkiye,2021,0.2938995,elastic_net_alpha_1_l1_0.2,0.2938995,1.5954978966932343,-1.3015983966932343,1.3015983966932343
main_on_subc,Main controls on SUBC sample,nested_baseline,subc,main_controls,env_patent_share_inventions,lag1_3_mean,USA,United States,2021,14.33043,elastic_net_alpha_1_l1_0.2,14.33043,20.680553034782278,-6.350123034782278,6.350123034782278
main_on_subc,Main controls on SUBC sample,nested_baseline,subc,main_controls,env_patent_share_inventions,lag1_3_mean,ZAF,South Africa,2021,0.05207326,elastic_net_alpha_1_l1_0.2,0.05207326,1.659095179541298,-1.607021919541298,1.607021919541298
main_plus_subc,Main controls plus SUBC predictors,nested_augmented,subc,main_plus_submodel,env_patent_share_inventions,lag1_3_mean,AUS,Australia,2019,0.6184876,lasso_alpha_1,0.6184876,2.592576043504414,-1.9740884435044141,1.9740884435044141
main_plus_subc,Main controls plus SUBC predictors,nested_augmented,subc,main_plus_submodel,env_patent_share_inventions,lag1_3_mean,AUT,Austria,2019,0.9076207,lasso_alpha_1,0.9076207,1.3127755694773608,-0.4051548694773609,0.4051548694773609
main_plus_subc,Main controls plus SUBC predictors,nested_augmented,subc,main_plus_submodel,env_patent_share_inventions,lag1_3_mean,BEL,Belgium,2019,0.4828069,lasso_alpha_1,0.4828069,1.4086721334926382,-0.9258652334926383,0.9258652334926383
main_plus_subc,Main controls plus SUBC predictors,nested_augmented,subc,main_plus_submodel,env_patent_share_inventions,lag1_3_mean,BRA,Brazil,2019,0.2444426,lasso_alpha_1,0.2444426,3.013880721946,-2.769438121946,2.769438121946
main_plus_subc,Main controls plus SUBC predictors,nested_augmented,subc,main_plus_submodel,env_patent_share_inventions,lag1_3_mean,CAN,Canada,2019,1.803488,lasso_alpha_1,1.803488,2.8282522366252065,-1.0247642366252065,1.0247642366252065
main_plus_subc,Main controls plus SUBC predictors,nested_augmented,subc,main_plus_submodel,env_patent_share_inventions,lag1_3_mean,CHE,Switzerland,2019,0.7714143,lasso_alpha_1,0.7714143,1.715674542867475,-0.9442602428674749,0.9442602428674749
main_plus_subc,Main controls plus SUBC predictors,nested_augmented,subc,main_plus_submodel,env_patent_share_inventions,lag1_3_mean,CHL,Chile,2019,0.07812119,lasso_alpha_1,0.07812119,1.1336841252136214,-1.0555629352136213,1.0555629352136213
main_plus_subc,Main controls plus SUBC predictors,nested_augmented,subc,main_plus_submodel,env_patent_share_inventions,lag1_3_mean,CHN,China (People’s Republic of),2019,17.21756,lasso_alpha_1,17.21756,16.797461488556277,0.42009851144372234,0.42009851144372234
main_plus_subc,Main controls plus SUBC predictors,nested_augmented,subc,main_plus_submodel,env_patent_share_inventions,lag1_3_mean,CZE,Czechia,2019,0.1254647,lasso_alpha_1,0.1254647,1.0721318121478332,-0.9466671121478332,0.9466671121478332
main_plus_subc,Main controls plus SUBC predictors,nested_augmented,subc,main_plus_submodel,env_patent_share_inventions,lag1_3_mean,DEU,Germany,2019,9.738097,lasso_alpha_1,9.738097,5.258900541821666,4.4791964581783335,4.4791964581783335
main_plus_subc,Main controls plus SUBC predictors,nested_augmented,subc,main_plus_submodel,env_patent_share_inventions,lag1_3_mean,DNK,Denmark,2019,0.9602977,lasso_alpha_1,0.9602977,1.2168581222941155,-0.25656042229411546,0.25656042229411546
main_plus_subc,Main controls plus SUBC predictors,nested_augmented,subc,main_plus_submodel,env_patent_share_inventions,lag1_3_mean,ESP,Spain,2019,0.5914192,lasso_alpha_1,0.5914192,2.402072962428994,-1.8106537624289938,1.8106537624289938
main_plus_subc,Main controls plus SUBC predictors,nested_augmented,subc,main_plus_submodel,env_patent_share_inventions,lag1_3_mean,EST,Estonia,2019,0.0101139,lasso_alpha_1,0.0101139,0.8522840219164498,-0.8421701219164498,0.8421701219164498
main_plus_subc,Main controls plus SUBC predictors,nested_augmented,subc,main_plus_submodel,env_patent_share_inventions,lag1_3_mean,FIN,Finland,2019,0.5154952,lasso_alpha_1,0.5154952,1.125255068515673,-0.609759868515673,0.609759868515673
main_plus_subc,Main controls plus SUBC predictors,nested_augmented,subc,main_plus_submodel,env_patent_share_inventions,lag1_3_mean,FRA,France,2019,3.954056,lasso_alpha_1,3.954056,3.93422597489121,0.01983002510878995,0.01983002510878995
main_plus_subc,Main controls plus SUBC predictors,nested_augmented,subc,main_plus_submodel,env_patent_share_inventions,lag1_3_mean,GBR,United Kingdom,2019,2.473412,lasso_alpha_1,2.473412,4.647962936703806,-2.1745509367038056,2.1745509367038056
main_plus_subc,Main controls plus SUBC predictors,nested_augmented,subc,main_plus_submodel,env_patent_share_inventions,lag1_3_mean,GRC,Greece,2019,0.03744635,lasso_alpha_1,0.03744635,1.066144797187908,-1.0286984471879081,1.0286984471879081
main_plus_subc,Main controls plus SUBC predictors,nested_augmented,subc,main_plus_submodel,env_patent_share_inventions,lag1_3_mean,HUN,Hungary,2019,0.06668201,lasso_alpha_1,0.06668201,0.9874905690741522,-0.9208085590741523,0.9208085590741523
main_plus_subc,Main controls plus SUBC predictors,nested_augmented,subc,main_plus_submodel,env_patent_share_inventions,lag1_3_mean,IDN,Indonesia,2019,0.01506623,lasso_alpha_1,0.01506623,1.9999944328943564,-1.9849282028943565,1.9849282028943565
main_plus_subc,Main controls plus SUBC predictors,nested_augmented,subc,main_plus_submodel,env_patent_share_inventions,lag1_3_mean,IND,India,2019,1.19991,lasso_alpha_1,1.19991,3.8366033644683295,-2.6366933644683295,2.6366933644683295
main_plus_subc,Main controls plus SUBC predictors,nested_augmented,subc,main_plus_submodel,env_patent_share_inventions,lag1_3_mean,IRL,Ireland,2019,0.1699734,lasso_alpha_1,0.1699734,1.2362896068220268,-1.0663162068220269,1.0663162068220269
main_plus_subc,Main controls plus SUBC predictors,nested_augmented,subc,main_plus_submodel,env_patent_share_inventions,lag1_3_mean,ISL,Iceland,2019,0.01262494,lasso_alpha_1,0.01262494,0.8452077684337924,-0.8325828284337924,0.8325828284337924
main_plus_subc,Main controls plus SUBC predictors,nested_augmented,subc,main_plus_submodel,env_patent_share_inventions,lag1_3_mean,ISR,Israel,2019,0.4403036,lasso_alpha_1,0.4403036,1.23080061953683,-0.7904970195368299,0.7904970195368299
main_plus_subc,Main controls plus SUBC predictors,nested_augmented,subc,main_plus_submodel,env_patent_share_inventions,lag1_3_mean,ITA,Italy,2019,1.455553,lasso_alpha_1,1.455553,3.168084011980228,-1.7125310119802277,1.7125310119802277
main_plus_subc,Main controls plus SUBC predictors,nested_augmented,subc,main_plus_submodel,env_patent_share_inventions,lag1_3_mean,JPN,Japan,2019,20.25395,lasso_alpha_1,20.25395,6.446524034934936,13.807425965065065,13.807425965065065
main_plus_subc,Main controls plus SUBC predictors,nested_augmented,subc,main_plus_submodel,env_patent_share_inventions,lag1_3_mean,KOR,Korea,2019,11.32337,lasso_alpha_1,11.32337,2.856102866718958,8.467267133281043,8.467267133281043
main_plus_subc,Main controls plus SUBC predictors,nested_augmented,subc,main_plus_submodel,env_patent_share_inventions,lag1_3_mean,LUX,Luxembourg,2019,0.04324565,lasso_alpha_1,0.04324565,0.9002688743610581,-0.857023224361058,0.857023224361058
main_plus_subc,Main controls plus SUBC predictors,nested_augmented,subc,main_plus_submodel,env_patent_share_inventions,lag1_3_mean,MEX,Mexico,2019,0.08576889,lasso_alpha_1,0.08576889,2.3809824011863285,-2.2952135111863283,2.2952135111863283
main_plus_subc,Main controls plus SUBC predictors,nested_augmented,subc,main_plus_submodel,env_patent_share_inventions,lag1_3_mean,NLD,Netherlands,2019,1.051283,lasso_alpha_1,1.051283,1.8317883496399388,-0.7805053496399388,0.7805053496399388
main_plus_subc,Main controls plus SUBC predictors,nested_augmented,subc,main_plus_submodel,env_patent_share_inventions,lag1_3_mean,NOR,Norway,2019,0.298674,lasso_alpha_1,0.298674,1.3171221747162096,-1.0184481747162097,1.0184481747162097
main_plus_subc,Main controls plus SUBC predictors,nested_augmented,subc,main_plus_submodel,env_patent_share_inventions,lag1_3_mean,NZL,New Zealand,2019,0.09786074,lasso_alpha_1,0.09786074,1.058166287672338,-0.9603055476723379,0.9603055476723379
main_plus_subc,Main controls plus SUBC predictors,nested_augmented,subc,main_plus_submodel,env_patent_share_inventions,lag1_3_mean,POL,Poland,2019,0.1634616,lasso_alpha_1,0.1634616,1.468576570733115,-1.305114970733115,1.305114970733115
main_plus_subc,Main controls plus SUBC predictors,nested_augmented,subc,main_plus_submodel,env_patent_share_inventions,lag1_3_mean,PRT,Portugal,2019,0.07951621,lasso_alpha_1,0.07951621,1.080771980125161,-1.001255770125161,1.001255770125161
main_plus_subc,Main controls plus SUBC predictors,nested_augmented,subc,main_plus_submodel,env_patent_share_inventions,lag1_3_mean,RUS,Russia,2019,0.2723978,lasso_alpha_1,0.2723978,2.5511673261104324,-2.278769526110432,2.278769526110432
main_plus_subc,Main controls plus SUBC predictors,nested_augmented,subc,main_plus_submodel,env_patent_share_inventions,lag1_3_mean,SVK,Slovak Republic,2019,0.03180648,lasso_alpha_1,0.03180648,0.9374137070695592,-0.9056072270695592,0.9056072270695592
main_plus_subc,Main controls plus SUBC predictors,nested_augmented,subc,main_plus_submodel,env_patent_share_inventions,lag1_3_mean,SVN,Slovenia,2019,0.04028124,lasso_alpha_1,0.04028124,0.878253810730669,-0.837972570730669,0.837972570730669
main_plus_subc,Main controls plus SUBC predictors,nested_augmented,subc,main_plus_submodel,env_patent_share_inventions,lag1_3_mean,SWE,Sweden,2019,0.9732913,lasso_alpha_1,0.9732913,1.4678075931850603,-0.4945162931850603,0.4945162931850603
main_plus_subc,Main controls plus SUBC predictors,nested_augmented,subc,main_plus_submodel,env_patent_share_inventions,lag1_3_mean,TUR,Türkiye,2019,0.2242845,lasso_alpha_1,0.2242845,2.0011079637093676,-1.7768234637093676,1.7768234637093676
main_plus_subc,Main controls plus SUBC predictors,nested_augmented,subc,main_plus_submodel,env_patent_share_inventions,lag1_3_mean,USA,United States,2019,17.85233,lasso_alpha_1,17.85233,24.408903612319463,-6.556573612319465,6.556573612319465
main_plus_subc,Main controls plus SUBC predictors,nested_augmented,subc,main_plus_submodel,env_patent_share_inventions,lag1_3_mean,ZAF,South Africa,2019,0.07487776,lasso_alpha_1,0.07487776,1.2592310680245298,-1.1843533080245299,1.1843533080245299
main_plus_subc,Main controls plus SUBC predictors,nested_augmented,subc,main_plus_submodel,env_patent_share_inventions,lag1_3_mean,AUS,Australia,2020,0.655256,lasso_alpha_1,0.655256,2.6360251011206928,-1.9807691011206927,1.9807691011206927
main_plus_subc,Main controls plus SUBC predictors,nested_augmented,subc,main_plus_submodel,env_patent_share_inventions,lag1_3_mean,AUT,Austria,2020,0.8130857,lasso_alpha_1,0.8130857,1.3234291682215407,-0.5103434682215406,0.5103434682215406
main_plus_subc,Main controls plus SUBC predictors,nested_augmented,subc,main_plus_submodel,env_patent_share_inventions,lag1_3_mean,BEL,Belgium,2020,0.4943048,lasso_alpha_1,0.4943048,1.4200566865366135,-0.9257518865366136,0.9257518865366136
main_plus_subc,Main controls plus SUBC predictors,nested_augmented,subc,main_plus_submodel,env_patent_share_inventions,lag1_3_mean,BRA,Brazil,2020,0.2774222,lasso_alpha_1,0.2774222,3.0454944062897398,-2.7680722062897396,2.7680722062897396
main_plus_subc,Main controls plus SUBC predictors,nested_augmented,subc,main_plus_submodel,env_patent_share_inventions,lag1_3_mean,CAN,Canada,2020,1.595525,lasso_alpha_1,1.595525,2.879460197295317,-1.2839351972953168,1.2839351972953168
main_plus_subc,Main controls plus SUBC predictors,nested_augmented,subc,main_plus_submodel,env_patent_share_inventions,lag1_3_mean,CHE,Switzerland,2020,0.6582596,lasso_alpha_1,0.6582596,1.7316373490097217,-1.0733777490097216,1.0733777490097216
main_plus_subc,Main controls plus SUBC predictors,nested_augmented,subc,main_plus_submodel,env_patent_share_inventions,lag1_3_mean,CHL,Chile,2020,0.05064903,lasso_alpha_1,0.05064903,1.1398721787420105,-1.0892231487420105,1.0892231487420105
main_plus_subc,Main controls plus SUBC predictors,nested_augmented,subc,main_plus_submodel,env_patent_share_inventions,lag1_3_mean,CHN,China (People’s Republic of),2020,21.22932,lasso_alpha_1,21.22932,17.844556479099314,3.3847635209006874,3.3847635209006874
main_plus_subc,Main controls plus SUBC predictors,nested_augmented,subc,main_plus_submodel,env_patent_share_inventions,lag1_3_mean,CZE,Czechia,2020,0.1647629,lasso_alpha_1,0.1647629,1.0817558247029184,-0.9169929247029185,0.9169929247029185
main_plus_subc,Main controls plus SUBC predictors,nested_augmented,subc,main_plus_submodel,env_patent_share_inventions,lag1_3_mean,DEU,Germany,2020,8.935518,lasso_alpha_1,8.935518,5.330972974420007,3.604545025579993,3.604545025579993
main_plus_subc,Main controls plus SUBC predictors,nested_augmented,subc,main_plus_submodel,env_patent_share_inventions,lag1_3_mean,DNK,Denmark,2020,0.9505016,lasso_alpha_1,0.9505016,1.2255585644530713,-0.2750569644530714,0.2750569644530714
main_plus_subc,Main controls plus SUBC predictors,nested_augmented,subc,main_plus_submodel,env_patent_share_inventions,lag1_3_mean,ESP,Spain,2020,0.5858323,lasso_alpha_1,0.5858323,2.440167665493703,-1.8543353654937031,1.8543353654937031
main_plus_subc,Main controls plus SUBC predictors,nested_augmented,subc,main_plus_submodel,env_patent_share_inventions,lag1_3_mean,EST,Estonia,2020,0.01389859,lasso_alpha_1,0.01389859,0.8536370385182297,-0.8397384485182297,0.8397384485182297
main_plus_subc,Main controls plus SUBC predictors,nested_augmented,subc,main_plus_submodel,env_patent_share_inventions,lag1_3_mean,FIN,Finland,2020,0.4200928,lasso_alpha_1,0.4200928,1.1311328207932632,-0.7110400207932632,0.7110400207932632
main_plus_subc,Main controls plus SUBC predictors,nested_augmented,subc,main_plus_submodel,env_patent_share_inventions,lag1_3_mean,FRA,France,2020,3.529052,lasso_alpha_1,3.529052,3.993952374524449,-0.4649003745244489,0.4649003745244489
main_plus_subc,Main controls plus SUBC predictors,nested_augmented,subc,main_plus_submodel,env_patent_share_inventions,lag1_3_mean,GBR,United Kingdom,2020,2.348473,lasso_alpha_1,2.348473,4.72180206499168,-2.37332906499168,2.37332906499168
main_plus_subc,Main controls plus SUBC predictors,nested_augmented,subc,main_plus_submodel,env_patent_share_inventions,lag1_3_mean,GRC,Greece,2020,0.0558206,lasso_alpha_1,0.0558206,1.0709079886406976,-1.0150873886406977,1.0150873886406977
main_plus_subc,Main controls plus SUBC predictors,nested_augmented,subc,main_plus_submodel,env_patent_share_inventions,lag1_3_mean,HUN,Hungary,2020,0.0638042,lasso_alpha_1,0.0638042,0.9957310851909416,-0.9319268851909416,0.9319268851909416
main_plus_subc,Main controls plus SUBC predictors,nested_augmented,subc,main_plus_submodel,env_patent_share_inventions,lag1_3_mean,IDN,Indonesia,2020,0.008080573,lasso_alpha_1,0.008080573,2.059969388083324,-2.051888815083324,2.051888815083324
main_plus_subc,Main controls plus SUBC predictors,nested_augmented,subc,main_plus_submodel,env_patent_share_inventions,lag1_3_mean,IND,India,2020,1.547903,lasso_alpha_1,1.547903,4.00681497012539,-2.4589119701253903,2.4589119701253903
main_plus_subc,Main controls plus SUBC predictors,nested_augmented,subc,main_plus_submodel,env_patent_share_inventions,lag1_3_mean,IRL,Ireland,2020,0.1358183,lasso_alpha_1,0.1358183,1.2672100263606467,-1.1313917263606468,1.1313917263606468
main_plus_subc,Main controls plus SUBC predictors,nested_augmented,subc,main_plus_submodel,env_patent_share_inventions,lag1_3_mean,ISL,Iceland,2020,0.002327205,lasso_alpha_1,0.002327205,0.8459489707084549,-0.8436217657084548,0.8436217657084548
main_plus_subc,Main controls plus SUBC predictors,nested_augmented,subc,main_plus_submodel,env_patent_share_inventions,lag1_3_mean,ISR,Israel,2020,0.4784669,lasso_alpha_1,0.4784669,1.2472414312169788,-0.7687745312169789,0.7687745312169789
main_plus_subc,Main controls plus SUBC predictors,nested_augmented,subc,main_plus_submodel,env_patent_share_inventions,lag1_3_mean,ITA,Italy,2020,1.487068,lasso_alpha_1,1.487068,3.1903413316940457,-1.7032733316940456,1.7032733316940456
main_plus_subc,Main controls plus SUBC predictors,nested_augmented,subc,main_plus_submodel,env_patent_share_inventions,lag1_3_mean,JPN,Japan,2020,17.60094,lasso_alpha_1,17.60094,6.482015508290976,11.118924491709025,11.118924491709025
main_plus_subc,Main controls plus SUBC predictors,nested_augmented,subc,main_plus_submodel,env_patent_share_inventions,lag1_3_mean,KOR,Korea,2020,12.25406,lasso_alpha_1,12.25406,2.916389017721695,9.337670982278306,9.337670982278306
main_plus_subc,Main controls plus SUBC predictors,nested_augmented,subc,main_plus_submodel,env_patent_share_inventions,lag1_3_mean,LUX,Luxembourg,2020,0.04007964,lasso_alpha_1,0.04007964,0.9017750036918655,-0.8616953636918655,0.8616953636918655
main_plus_subc,Main controls plus SUBC predictors,nested_augmented,subc,main_plus_submodel,env_patent_share_inventions,lag1_3_mean,MEX,Mexico,2020,0.08798128,lasso_alpha_1,0.08798128,2.398701130055978,-2.310719850055978,2.310719850055978
main_plus_subc,Main controls plus SUBC predictors,nested_augmented,subc,main_plus_submodel,env_patent_share_inventions,lag1_3_mean,NLD,Netherlands,2020,1.049749,lasso_alpha_1,1.049749,1.8564788393277345,-0.8067298393277345,0.8067298393277345
main_plus_subc,Main controls plus SUBC predictors,nested_augmented,subc,main_plus_submodel,env_patent_share_inventions,lag1_3_mean,NOR,Norway,2020,0.3286207,lasso_alpha_1,0.3286207,1.3243815619787749,-0.9957608619787749,0.9957608619787749
main_plus_subc,Main controls plus SUBC predictors,nested_augmented,subc,main_plus_submodel,env_patent_share_inventions,lag1_3_mean,NZL,New Zealand,2020,0.1008456,lasso_alpha_1,0.1008456,1.0653849768096242,-0.9645393768096242,0.9645393768096242
main_plus_subc,Main controls plus SUBC predictors,nested_augmented,subc,main_plus_submodel,env_patent_share_inventions,lag1_3_mean,POL,Poland,2020,0.1535309,lasso_alpha_1,0.1535309,1.50298711886466,-1.34945621886466,1.34945621886466
main_plus_subc,Main controls plus SUBC predictors,nested_augmented,subc,main_plus_submodel,env_patent_share_inventions,lag1_3_mean,PRT,Portugal,2020,0.1029465,lasso_alpha_1,0.1029465,1.0885561131675134,-0.9856096131675134,0.9856096131675134
main_plus_subc,Main controls plus SUBC predictors,nested_augmented,subc,main_plus_submodel,env_patent_share_inventions,lag1_3_mean,RUS,Russia,2020,0.3158581,lasso_alpha_1,0.3158581,2.5905979637796577,-2.274739863779658,2.274739863779658
main_plus_subc,Main controls plus SUBC predictors,nested_augmented,subc,main_plus_submodel,env_patent_share_inventions,lag1_3_mean,SVK,Slovak Republic,2020,0.03086779,lasso_alpha_1,0.03086779,0.9409787468037967,-0.9101109568037967,0.9101109568037967
main_plus_subc,Main controls plus SUBC predictors,nested_augmented,subc,main_plus_submodel,env_patent_share_inventions,lag1_3_mean,SVN,Slovenia,2020,0.02618106,lasso_alpha_1,0.02618106,0.8807318051363122,-0.8545507451363122,0.8545507451363122
main_plus_subc,Main controls plus SUBC predictors,nested_augmented,subc,main_plus_submodel,env_patent_share_inventions,lag1_3_mean,SWE,Sweden,2020,0.9918742,lasso_alpha_1,0.9918742,1.4813354616456293,-0.4894612616456293,0.4894612616456293
main_plus_subc,Main controls plus SUBC predictors,nested_augmented,subc,main_plus_submodel,env_patent_share_inventions,lag1_3_mean,TUR,Türkiye,2020,0.2532775,lasso_alpha_1,0.2532775,2.0492067696956915,-1.7959292696956914,1.7959292696956914
main_plus_subc,Main controls plus SUBC predictors,nested_augmented,subc,main_plus_submodel,env_patent_share_inventions,lag1_3_mean,USA,United States,2020,16.7884,lasso_alpha_1,16.7884,25.03873951402762,-8.250339514027619,8.250339514027619
main_plus_subc,Main controls plus SUBC predictors,nested_augmented,subc,main_plus_submodel,env_patent_share_inventions,lag1_3_mean,ZAF,South Africa,2020,0.08604194,lasso_alpha_1,0.08604194,1.263557117805196,-1.177515177805196,1.177515177805196
main_plus_subc,Main controls plus SUBC predictors,nested_augmented,subc,main_plus_submodel,env_patent_share_inventions,lag1_3_mean,AUS,Australia,2021,0.6052428,lasso_alpha_1,0.6052428,2.665435664355475,-2.060192864355475,2.060192864355475
main_plus_subc,Main controls plus SUBC predictors,nested_augmented,subc,main_plus_submodel,env_patent_share_inventions,lag1_3_mean,AUT,Austria,2021,0.600331,lasso_alpha_1,0.600331,1.3196521539657626,-0.7193211539657627,0.7193211539657627
main_plus_subc,Main controls plus SUBC predictors,nested_augmented,subc,main_plus_submodel,env_patent_share_inventions,lag1_3_mean,BEL,Belgium,2021,0.5078351,lasso_alpha_1,0.5078351,1.4188134428298391,-0.9109783428298391,0.9109783428298391
main_plus_subc,Main controls plus SUBC predictors,nested_augmented,subc,main_plus_submodel,env_patent_share_inventions,lag1_3_mean,BRA,Brazil,2021,0.2022635,lasso_alpha_1,0.2022635,3.0429422778577275,-2.8406787778577276,2.8406787778577276
main_plus_subc,Main controls plus SUBC predictors,nested_augmented,subc,main_plus_submodel,env_patent_share_inventions,lag1_3_mean,CAN,Canada,2021,1.406397,lasso_alpha_1,1.406397,2.875633945030875,-1.469236945030875,1.469236945030875
main_plus_subc,Main controls plus SUBC predictors,nested_augmented,subc,main_plus_submodel,env_patent_share_inventions,lag1_3_mean,CHE,Switzerland,2021,0.5670665,lasso_alpha_1,0.5670665,1.7369990706773701,-1.16993257067737,1.16993257067737
main_plus_subc,Main controls plus SUBC predictors,nested_augmented,subc,main_plus_submodel,env_patent_share_inventions,lag1_3_mean,CHL,Chile,2021,0.04739795,lasso_alpha_1,0.04739795,1.1380336837473255,-1.0906357337473256,1.0906357337473256
main_plus_subc,Main controls plus SUBC predictors,nested_augmented,subc,main_plus_submodel,env_patent_share_inventions,lag1_3_mean,CHN,China (People’s Republic of),2021,27.46088,lasso_alpha_1,27.46088,18.689647423677002,8.771232576322998,8.771232576322998
main_plus_subc,Main controls plus SUBC predictors,nested_augmented,subc,main_plus_submodel,env_patent_share_inventions,lag1_3_mean,CZE,Czechia,2021,0.1125298,lasso_alpha_1,0.1125298,1.0824702585650028,-0.9699404585650028,0.9699404585650028
main_plus_subc,Main controls plus SUBC predictors,nested_augmented,subc,main_plus_submodel,env_patent_share_inventions,lag1_3_mean,DEU,Germany,2021,6.09054,lasso_alpha_1,6.09054,5.299814386553807,0.7907256134461926,0.7907256134461926
main_plus_subc,Main controls plus SUBC predictors,nested_augmented,subc,main_plus_submodel,env_patent_share_inventions,lag1_3_mean,DNK,Denmark,2021,0.8738312,lasso_alpha_1,0.8738312,1.2278882735739487,-0.35405707357394867,0.35405707357394867
main_plus_subc,Main controls plus SUBC predictors,nested_augmented,subc,main_plus_submodel,env_patent_share_inventions,lag1_3_mean,ESP,Spain,2021,0.6234819,lasso_alpha_1,0.6234819,2.4031276720381456,-1.7796457720381456,1.7796457720381456
main_plus_subc,Main controls plus SUBC predictors,nested_augmented,subc,main_plus_submodel,env_patent_share_inventions,lag1_3_mean,EST,Estonia,2021,0.01386471,lasso_alpha_1,0.01386471,0.8541051248745635,-0.8402404148745635,0.8402404148745635
main_plus_subc,Main controls plus SUBC predictors,nested_augmented,subc,main_plus_submodel,env_patent_share_inventions,lag1_3_mean,FIN,Finland,2021,0.4526021,lasso_alpha_1,0.4526021,1.1311369468660786,-0.6785348468660786,0.6785348468660786
main_plus_subc,Main controls plus SUBC predictors,nested_augmented,subc,main_plus_submodel,env_patent_share_inventions,lag1_3_mean,FRA,France,2021,2.559317,lasso_alpha_1,2.559317,3.952286700700249,-1.3929697007002488,1.3929697007002488
main_plus_subc,Main controls plus SUBC predictors,nested_augmented,subc,main_plus_submodel,env_patent_share_inventions,lag1_3_mean,GBR,United Kingdom,2021,1.863642,lasso_alpha_1,1.863642,4.625622410239487,-2.7619804102394867,2.7619804102394867
main_plus_subc,Main controls plus SUBC predictors,nested_augmented,subc,main_plus_submodel,env_patent_share_inventions,lag1_3_mean,GRC,Greece,2021,0.04058382,lasso_alpha_1,0.04058382,1.0666582833462936,-1.0260744633462937,1.0260744633462937
main_plus_subc,Main controls plus SUBC predictors,nested_augmented,subc,main_plus_submodel,env_patent_share_inventions,lag1_3_mean,HUN,Hungary,2021,0.04149739,lasso_alpha_1,0.04149739,0.9991276687980726,-0.9576302787980726,0.9576302787980726
main_plus_subc,Main controls plus SUBC predictors,nested_augmented,subc,main_plus_submodel,env_patent_share_inventions,lag1_3_mean,IDN,Indonesia,2021,0.01360676,lasso_alpha_1,0.01360676,2.092047721942587,-2.078440961942587,2.078440961942587
main_plus_subc,Main controls plus SUBC predictors,nested_augmented,subc,main_plus_submodel,env_patent_share_inventions,lag1_3_mean,IND,India,2021,1.139217,lasso_alpha_1,1.139217,4.048884342342845,-2.909667342342845,2.909667342342845
main_plus_subc,Main controls plus SUBC predictors,nested_augmented,subc,main_plus_submodel,env_patent_share_inventions,lag1_3_mean,IRL,Ireland,2021,0.1236538,lasso_alpha_1,0.1236538,1.296608443001779,-1.172954643001779,1.172954643001779
main_plus_subc,Main controls plus SUBC predictors,nested_augmented,subc,main_plus_submodel,env_patent_share_inventions,lag1_3_mean,ISL,Iceland,2021,0.009673051,lasso_alpha_1,0.009673051,0.8458538846414299,-0.8361808336414298,0.8361808336414298
main_plus_subc,Main controls plus SUBC predictors,nested_augmented,subc,main_plus_submodel,env_patent_share_inventions,lag1_3_mean,ISR,Israel,2021,0.4227123,lasso_alpha_1,0.4227123,1.2550080406637634,-0.8322957406637634,0.8322957406637634
main_plus_subc,Main controls plus SUBC predictors,nested_augmented,subc,main_plus_submodel,env_patent_share_inventions,lag1_3_mean,ITA,Italy,2021,1.366383,lasso_alpha_1,1.366383,3.129786657132158,-1.7634036571321583,1.7634036571321583
main_plus_subc,Main controls plus SUBC predictors,nested_augmented,subc,main_plus_submodel,env_patent_share_inventions,lag1_3_mean,JPN,Japan,2021,18.32637,lasso_alpha_1,18.32637,6.407883794109072,11.918486205890929,11.918486205890929
main_plus_subc,Main controls plus SUBC predictors,nested_augmented,subc,main_plus_submodel,env_patent_share_inventions,lag1_3_mean,KOR,Korea,2021,13.81879,lasso_alpha_1,13.81879,2.94913072389581,10.86965927610419,10.86965927610419
main_plus_subc,Main controls plus SUBC predictors,nested_augmented,subc,main_plus_submodel,env_patent_share_inventions,lag1_3_mean,LUX,Luxembourg,2021,0.05029986,lasso_alpha_1,0.05029986,0.9027973265041518,-0.8524974665041518,0.8524974665041518
main_plus_subc,Main controls plus SUBC predictors,nested_augmented,subc,main_plus_submodel,env_patent_share_inventions,lag1_3_mean,MEX,Mexico,2021,0.08141485,lasso_alpha_1,0.08141485,2.362766198459425,-2.281351348459425,2.281351348459425
main_plus_subc,Main controls plus SUBC predictors,nested_augmented,subc,main_plus_submodel,env_patent_share_inventions,lag1_3_mean,NLD,Netherlands,2021,0.8459405,lasso_alpha_1,0.8459405,1.8583836360235366,-1.0124431360235366,1.0124431360235366
main_plus_subc,Main controls plus SUBC predictors,nested_augmented,subc,main_plus_submodel,env_patent_share_inventions,lag1_3_mean,NOR,Norway,2021,0.2947056,lasso_alpha_1,0.2947056,1.3254767365810611,-1.0307711365810612,1.0307711365810612
main_plus_subc,Main controls plus SUBC predictors,nested_augmented,subc,main_plus_submodel,env_patent_share_inventions,lag1_3_mean,NZL,New Zealand,2021,0.08180176,lasso_alpha_1,0.08180176,1.0697644893228209,-0.9879627293228208,0.9879627293228208
main_plus_subc,Main controls plus SUBC predictors,nested_augmented,subc,main_plus_submodel,env_patent_share_inventions,lag1_3_mean,POL,Poland,2021,0.1891726,lasso_alpha_1,0.1891726,1.5220070885605068,-1.3328344885605068,1.3328344885605068
main_plus_subc,Main controls plus SUBC predictors,nested_augmented,subc,main_plus_submodel,env_patent_share_inventions,lag1_3_mean,PRT,Portugal,2021,0.05997292,lasso_alpha_1,0.05997292,1.0860379627186023,-1.0260650427186022,1.0260650427186022
main_plus_subc,Main controls plus SUBC predictors,nested_augmented,subc,main_plus_submodel,env_patent_share_inventions,lag1_3_mean,RUS,Russia,2021,0.2115711,lasso_alpha_1,0.2115711,2.6036967774629796,-2.3921256774629795,2.3921256774629795
main_plus_subc,Main controls plus SUBC predictors,nested_augmented,subc,main_plus_submodel,env_patent_share_inventions,lag1_3_mean,SVK,Slovak Republic,2021,0.03756368,lasso_alpha_1,0.03756368,0.9424004140783766,-0.9048367340783766,0.9048367340783766
main_plus_subc,Main controls plus SUBC predictors,nested_augmented,subc,main_plus_submodel,env_patent_share_inventions,lag1_3_mean,SVN,Slovenia,2021,0.03192107,lasso_alpha_1,0.03192107,0.8814249440142945,-0.8495038740142945,0.8495038740142945
main_plus_subc,Main controls plus SUBC predictors,nested_augmented,subc,main_plus_submodel,env_patent_share_inventions,lag1_3_mean,SWE,Sweden,2021,0.9232927,lasso_alpha_1,0.9232927,1.4865228003578617,-0.5632301003578617,0.5632301003578617
main_plus_subc,Main controls plus SUBC predictors,nested_augmented,subc,main_plus_submodel,env_patent_share_inventions,lag1_3_mean,TUR,Türkiye,2021,0.2938995,lasso_alpha_1,0.2938995,2.075919141912504,-1.7820196419125038,1.7820196419125038
main_plus_subc,Main controls plus SUBC predictors,nested_augmented,subc,main_plus_submodel,env_patent_share_inventions,lag1_3_mean,USA,United States,2021,14.33043,lasso_alpha_1,14.33043,25.30103112067202,-10.970601120672022,10.970601120672022
main_plus_subc,Main controls plus SUBC predictors,nested_augmented,subc,main_plus_submodel,env_patent_share_inventions,lag1_3_mean,ZAF,South Africa,2021,0.05207326,lasso_alpha_1,0.05207326,1.2570501200243518,-1.2049768600243518,1.2049768600243518
