panel_id,panel_label,panel_role,comparison_group,feature_set_role,target_column,lag_suffix,country_code,country_name,year,env_patent_share_inventions,model,observed,prediction,error,absolute_error,env_patents_per_million
robust_main_share_lag1_3_mean,Share target with lag1-3 mean predictors,robustness_primary_anchor,linear_robustness,primary_specification,env_patent_share_inventions,lag1_3_mean,ALB,Albania,2021,0.0009673051,elastic_net_alpha_1_l1_0.2,0.0009673051,0.26449203920534115,-0.26352473410534116,0.26352473410534116,
robust_main_share_lag1_3_mean,Share target with lag1-3 mean predictors,robustness_primary_anchor,linear_robustness,primary_specification,env_patent_share_inventions,lag1_3_mean,ARE,United Arab Emirates,2021,0.03864921,elastic_net_alpha_1_l1_0.2,0.03864921,0.826727614483127,-0.788078404483127,0.788078404483127,
robust_main_share_lag1_3_mean,Share target with lag1-3 mean predictors,robustness_primary_anchor,linear_robustness,primary_specification,env_patent_share_inventions,lag1_3_mean,ARG,Argentina,2021,0.00838331,elastic_net_alpha_1_l1_0.2,0.00838331,0.8214055526545461,-0.813022242654546,0.813022242654546,
robust_main_share_lag1_3_mean,Share target with lag1-3 mean predictors,robustness_primary_anchor,linear_robustness,primary_specification,env_patent_share_inventions,lag1_3_mean,ARM,Armenia,2021,0.0009673051,elastic_net_alpha_1_l1_0.2,0.0009673051,0.3152284555882442,-0.3142611504882442,0.3142611504882442,
robust_main_share_lag1_3_mean,Share target with lag1-3 mean predictors,robustness_primary_anchor,linear_robustness,primary_specification,env_patent_share_inventions,lag1_3_mean,AUS,Australia,2021,0.6052428,elastic_net_alpha_1_l1_0.2,0.6052428,2.542738944538447,-1.9374961445384469,1.9374961445384469,
robust_main_share_lag1_3_mean,Share target with lag1-3 mean predictors,robustness_primary_anchor,linear_robustness,primary_specification,env_patent_share_inventions,lag1_3_mean,AUT,Austria,2021,0.600331,elastic_net_alpha_1_l1_0.2,0.600331,0.8233708571170175,-0.22303985711701757,0.22303985711701757,
robust_main_share_lag1_3_mean,Share target with lag1-3 mean predictors,robustness_primary_anchor,linear_robustness,primary_specification,env_patent_share_inventions,lag1_3_mean,AZE,Azerbaijan,2021,0.00451409,elastic_net_alpha_1_l1_0.2,0.00451409,0.34527100176575765,-0.3407569117657576,0.3407569117657576,
robust_main_share_lag1_3_mean,Share target with lag1-3 mean predictors,robustness_primary_anchor,linear_robustness,primary_specification,env_patent_share_inventions,lag1_3_mean,BEL,Belgium,2021,0.5078351,elastic_net_alpha_1_l1_0.2,0.5078351,0.8324085029510716,-0.3245734029510716,0.3245734029510716,
robust_main_share_lag1_3_mean,Share target with lag1-3 mean predictors,robustness_primary_anchor,linear_robustness,primary_specification,env_patent_share_inventions,lag1_3_mean,BFA,Burkina Faso,2021,0.0009673051,elastic_net_alpha_1_l1_0.2,0.0009673051,0.15207916471147342,-0.15111185961147341,0.15111185961147341,
robust_main_share_lag1_3_mean,Share target with lag1-3 mean predictors,robustness_primary_anchor,linear_robustness,primary_specification,env_patent_share_inventions,lag1_3_mean,BGD,Bangladesh,2021,0.002321532,elastic_net_alpha_1_l1_0.2,0.002321532,0.44882786122064405,-0.44650632922064404,0.44650632922064404,
robust_main_share_lag1_3_mean,Share target with lag1-3 mean predictors,robustness_primary_anchor,linear_robustness,primary_specification,env_patent_share_inventions,lag1_3_mean,BGR,Bulgaria,2021,0.0156381,elastic_net_alpha_1_l1_0.2,0.0156381,0.40214850331854046,-0.3865104033185405,0.3865104033185405,
robust_main_share_lag1_3_mean,Share target with lag1-3 mean predictors,robustness_primary_anchor,linear_robustness,primary_specification,env_patent_share_inventions,lag1_3_mean,BHS,"Bahamas, The",2021,0.004836525,elastic_net_alpha_1_l1_0.2,0.004836525,0.35076572536827966,-0.3459292003682797,0.3459292003682797,
robust_main_share_lag1_3_mean,Share target with lag1-3 mean predictors,robustness_primary_anchor,linear_robustness,primary_specification,env_patent_share_inventions,lag1_3_mean,BLR,Belarus,2021,0.01176888,elastic_net_alpha_1_l1_0.2,0.01176888,0.25926921292977745,-0.24750033292977744,0.24750033292977744,
robust_main_share_lag1_3_mean,Share target with lag1-3 mean predictors,robustness_primary_anchor,linear_robustness,primary_specification,env_patent_share_inventions,lag1_3_mean,BRA,Brazil,2021,0.2022635,elastic_net_alpha_1_l1_0.2,0.2022635,2.4797437599127434,-2.2774802599127435,2.2774802599127435,
robust_main_share_lag1_3_mean,Share target with lag1-3 mean predictors,robustness_primary_anchor,linear_robustness,primary_specification,env_patent_share_inventions,lag1_3_mean,CAN,Canada,2021,1.406397,elastic_net_alpha_1_l1_0.2,1.406397,2.6677973414841247,-1.2614003414841248,1.2614003414841248,
robust_main_share_lag1_3_mean,Share target with lag1-3 mean predictors,robustness_primary_anchor,linear_robustness,primary_specification,env_patent_share_inventions,lag1_3_mean,CHE,Switzerland,2021,0.5670665,elastic_net_alpha_1_l1_0.2,0.5670665,0.8915278654219514,-0.32446136542195136,0.32446136542195136,
robust_main_share_lag1_3_mean,Share target with lag1-3 mean predictors,robustness_primary_anchor,linear_robustness,primary_specification,env_patent_share_inventions,lag1_3_mean,CHL,Chile,2021,0.04739795,elastic_net_alpha_1_l1_0.2,0.04739795,0.7271193222242294,-0.6797213722242293,0.6797213722242293,
robust_main_share_lag1_3_mean,Share target with lag1-3 mean predictors,robustness_primary_anchor,linear_robustness,primary_specification,env_patent_share_inventions,lag1_3_mean,CHN,China,2021,27.46088,elastic_net_alpha_1_l1_0.2,27.46088,18.63765457529151,8.82322542470849,8.82322542470849,
robust_main_share_lag1_3_mean,Share target with lag1-3 mean predictors,robustness_primary_anchor,linear_robustness,primary_specification,env_patent_share_inventions,lag1_3_mean,CMR,Cameroon,2021,0.00064487,elastic_net_alpha_1_l1_0.2,0.00064487,0.17498600690207933,-0.17434113690207934,0.17434113690207934,
robust_main_share_lag1_3_mean,Share target with lag1-3 mean predictors,robustness_primary_anchor,linear_robustness,primary_specification,env_patent_share_inventions,lag1_3_mean,COL,Colombia,2021,0.01708906,elastic_net_alpha_1_l1_0.2,0.01708906,0.6629955420022202,-0.6459064820022202,0.6459064820022202,
robust_main_share_lag1_3_mean,Share target with lag1-3 mean predictors,robustness_primary_anchor,linear_robustness,primary_specification,env_patent_share_inventions,lag1_3_mean,CPV,Cabo Verde,2021,0.00064487,elastic_net_alpha_1_l1_0.2,0.00064487,0.22316868278316304,-0.22252381278316305,0.22252381278316305,
robust_main_share_lag1_3_mean,Share target with lag1-3 mean predictors,robustness_primary_anchor,linear_robustness,primary_specification,env_patent_share_inventions,lag1_3_mean,CRI,Costa Rica,2021,0.00193461,elastic_net_alpha_1_l1_0.2,0.00193461,0.37216823393049514,-0.37023362393049514,0.37023362393049514,
robust_main_share_lag1_3_mean,Share target with lag1-3 mean predictors,robustness_primary_anchor,linear_robustness,primary_specification,env_patent_share_inventions,lag1_3_mean,CYP,Cyprus,2021,0.007416006,elastic_net_alpha_1_l1_0.2,0.007416006,0.42011898600226893,-0.41270298000226896,0.41270298000226896,
robust_main_share_lag1_3_mean,Share target with lag1-3 mean predictors,robustness_primary_anchor,linear_robustness,primary_specification,env_patent_share_inventions,lag1_3_mean,CZE,Czechia,2021,0.1125298,elastic_net_alpha_1_l1_0.2,0.1125298,0.787521481413717,-0.674991681413717,0.674991681413717,
robust_main_share_lag1_3_mean,Share target with lag1-3 mean predictors,robustness_primary_anchor,linear_robustness,primary_specification,env_patent_share_inventions,lag1_3_mean,DEU,Germany,2021,6.09054,elastic_net_alpha_1_l1_0.2,6.09054,4.605647398508562,1.4848926014914374,1.4848926014914374,
robust_main_share_lag1_3_mean,Share target with lag1-3 mean predictors,robustness_primary_anchor,linear_robustness,primary_specification,env_patent_share_inventions,lag1_3_mean,DNK,Denmark,2021,0.8738312,elastic_net_alpha_1_l1_0.2,0.8738312,0.8506491197954904,0.023182080204509625,0.023182080204509625,
robust_main_share_lag1_3_mean,Share target with lag1-3 mean predictors,robustness_primary_anchor,linear_robustness,primary_specification,env_patent_share_inventions,lag1_3_mean,DOM,Dominican Republic,2021,0.00064487,elastic_net_alpha_1_l1_0.2,0.00064487,0.37131128034359884,-0.3706664103435988,0.3706664103435988,
robust_main_share_lag1_3_mean,Share target with lag1-3 mean predictors,robustness_primary_anchor,linear_robustness,primary_specification,env_patent_share_inventions,lag1_3_mean,DZA,Algeria,2021,0.003288837,elastic_net_alpha_1_l1_0.2,0.003288837,0.4799331523415274,-0.4766443153415274,0.4766443153415274,
robust_main_share_lag1_3_mean,Share target with lag1-3 mean predictors,robustness_primary_anchor,linear_robustness,primary_specification,env_patent_share_inventions,lag1_3_mean,ECU,Ecuador,2021,0.001612175,elastic_net_alpha_1_l1_0.2,0.001612175,0.35110355109789393,-0.34949137609789394,0.34949137609789394,
robust_main_share_lag1_3_mean,Share target with lag1-3 mean predictors,robustness_primary_anchor,linear_robustness,primary_specification,env_patent_share_inventions,lag1_3_mean,EGY,"Egypt, Arab Rep.",2021,0.01321984,elastic_net_alpha_1_l1_0.2,0.01321984,0.776187709905307,-0.7629678699053071,0.7629678699053071,
robust_main_share_lag1_3_mean,Share target with lag1-3 mean predictors,robustness_primary_anchor,linear_robustness,primary_specification,env_patent_share_inventions,lag1_3_mean,ESP,Spain,2021,0.6234819,elastic_net_alpha_1_l1_0.2,0.6234819,2.2099673621896487,-1.5864854621896487,1.5864854621896487,
robust_main_share_lag1_3_mean,Share target with lag1-3 mean predictors,robustness_primary_anchor,linear_robustness,primary_specification,env_patent_share_inventions,lag1_3_mean,EST,Estonia,2021,0.01386471,elastic_net_alpha_1_l1_0.2,0.01386471,0.4845373563219731,-0.4706726463219731,0.4706726463219731,
robust_main_share_lag1_3_mean,Share target with lag1-3 mean predictors,robustness_primary_anchor,linear_robustness,primary_specification,env_patent_share_inventions,lag1_3_mean,ETH,Ethiopia,2021,0.002257045,elastic_net_alpha_1_l1_0.2,0.002257045,0.22820567464913621,-0.2259486296491362,0.2259486296491362,
robust_main_share_lag1_3_mean,Share target with lag1-3 mean predictors,robustness_primary_anchor,linear_robustness,primary_specification,env_patent_share_inventions,lag1_3_mean,FIN,Finland,2021,0.4526021,elastic_net_alpha_1_l1_0.2,0.4526021,0.8182327841721293,-0.3656306841721293,0.3656306841721293,
robust_main_share_lag1_3_mean,Share target with lag1-3 mean predictors,robustness_primary_anchor,linear_robustness,primary_specification,env_patent_share_inventions,lag1_3_mean,FRA,France,2021,2.559317,elastic_net_alpha_1_l1_0.2,2.559317,3.0516111660314458,-0.4922941660314457,0.4922941660314457,
robust_main_share_lag1_3_mean,Share target with lag1-3 mean predictors,robustness_primary_anchor,linear_robustness,primary_specification,env_patent_share_inventions,lag1_3_mean,GBR,United Kingdom,2021,1.863642,elastic_net_alpha_1_l1_0.2,1.863642,3.9764853764532218,-2.1128433764532217,2.1128433764532217,
robust_main_share_lag1_3_mean,Share target with lag1-3 mean predictors,robustness_primary_anchor,linear_robustness,primary_specification,env_patent_share_inventions,lag1_3_mean,GEO,Georgia,2021,0.007738441,elastic_net_alpha_1_l1_0.2,0.007738441,0.330946067656381,-0.32320762665638103,0.32320762665638103,
robust_main_share_lag1_3_mean,Share target with lag1-3 mean predictors,robustness_primary_anchor,linear_robustness,primary_specification,env_patent_share_inventions,lag1_3_mean,GRC,Greece,2021,0.04058382,elastic_net_alpha_1_l1_0.2,0.04058382,0.6715994392325246,-0.6310156192325246,0.6310156192325246,
robust_main_share_lag1_3_mean,Share target with lag1-3 mean predictors,robustness_primary_anchor,linear_robustness,primary_specification,env_patent_share_inventions,lag1_3_mean,HKG,"Hong Kong SAR, China",2021,0.09469917,elastic_net_alpha_1_l1_0.2,0.09469917,0.48770798155142164,-0.39300881155142164,0.39300881155142164,
robust_main_share_lag1_3_mean,Share target with lag1-3 mean predictors,robustness_primary_anchor,linear_robustness,primary_specification,env_patent_share_inventions,lag1_3_mean,HRV,Croatia,2021,0.02037789,elastic_net_alpha_1_l1_0.2,0.02037789,0.3980855278711418,-0.3777076378711418,0.3777076378711418,
robust_main_share_lag1_3_mean,Share target with lag1-3 mean predictors,robustness_primary_anchor,linear_robustness,primary_specification,env_patent_share_inventions,lag1_3_mean,HUN,Hungary,2021,0.04149739,elastic_net_alpha_1_l1_0.2,0.04149739,0.5781557685450434,-0.5366583785450434,0.5366583785450434,
robust_main_share_lag1_3_mean,Share target with lag1-3 mean predictors,robustness_primary_anchor,linear_robustness,primary_specification,env_patent_share_inventions,lag1_3_mean,IDN,Indonesia,2021,0.01360676,elastic_net_alpha_1_l1_0.2,0.01360676,1.4142261131666813,-1.4006193531666813,1.4006193531666813,
robust_main_share_lag1_3_mean,Share target with lag1-3 mean predictors,robustness_primary_anchor,linear_robustness,primary_specification,env_patent_share_inventions,lag1_3_mean,IND,India,2021,1.139217,elastic_net_alpha_1_l1_0.2,1.139217,4.056908997230275,-2.9176919972302753,2.9176919972302753,
robust_main_share_lag1_3_mean,Share target with lag1-3 mean predictors,robustness_primary_anchor,linear_robustness,primary_specification,env_patent_share_inventions,lag1_3_mean,IRL,Ireland,2021,0.1236538,elastic_net_alpha_1_l1_0.2,0.1236538,0.6760829290212691,-0.5524291290212691,0.5524291290212691,
robust_main_share_lag1_3_mean,Share target with lag1-3 mean predictors,robustness_primary_anchor,linear_robustness,primary_specification,env_patent_share_inventions,lag1_3_mean,IRN,"Iran, Islamic Rep.",2021,0.03633843,elastic_net_alpha_1_l1_0.2,0.03633843,1.4165028979949108,-1.3801644679949108,1.3801644679949108,
robust_main_share_lag1_3_mean,Share target with lag1-3 mean predictors,robustness_primary_anchor,linear_robustness,primary_specification,env_patent_share_inventions,lag1_3_mean,ISL,Iceland,2021,0.009673051,elastic_net_alpha_1_l1_0.2,0.009673051,0.4175682398083367,-0.4078951888083367,0.4078951888083367,
robust_main_share_lag1_3_mean,Share target with lag1-3 mean predictors,robustness_primary_anchor,linear_robustness,primary_specification,env_patent_share_inventions,lag1_3_mean,ISR,Israel,2021,0.4227123,elastic_net_alpha_1_l1_0.2,0.4227123,0.9636629244478035,-0.5409506244478035,0.5409506244478035,
robust_main_share_lag1_3_mean,Share target with lag1-3 mean predictors,robustness_primary_anchor,linear_robustness,primary_specification,env_patent_share_inventions,lag1_3_mean,ITA,Italy,2021,1.366383,elastic_net_alpha_1_l1_0.2,1.366383,2.758772848336497,-1.3923898483364971,1.3923898483364971,
robust_main_share_lag1_3_mean,Share target with lag1-3 mean predictors,robustness_primary_anchor,linear_robustness,primary_specification,env_patent_share_inventions,lag1_3_mean,JOR,Jordan,2021,0.009565572,elastic_net_alpha_1_l1_0.2,0.009565572,0.3743503534777627,-0.36478478147776267,0.36478478147776267,
robust_main_share_lag1_3_mean,Share target with lag1-3 mean predictors,robustness_primary_anchor,linear_robustness,primary_specification,env_patent_share_inventions,lag1_3_mean,JPN,Japan,2021,18.32637,elastic_net_alpha_1_l1_0.2,18.32637,4.798519838602164,13.527850161397836,13.527850161397836,
robust_main_share_lag1_3_mean,Share target with lag1-3 mean predictors,robustness_primary_anchor,linear_robustness,primary_specification,env_patent_share_inventions,lag1_3_mean,KAZ,Kazakhstan,2021,0.006771136,elastic_net_alpha_1_l1_0.2,0.006771136,0.6226091402457805,-0.6158380042457805,0.6158380042457805,
robust_main_share_lag1_3_mean,Share target with lag1-3 mean predictors,robustness_primary_anchor,linear_robustness,primary_specification,env_patent_share_inventions,lag1_3_mean,KEN,Kenya,2021,0.001450958,elastic_net_alpha_1_l1_0.2,0.001450958,0.2747170542230125,-0.2732660962230125,0.2732660962230125,
robust_main_share_lag1_3_mean,Share target with lag1-3 mean predictors,robustness_primary_anchor,linear_robustness,primary_specification,env_patent_share_inventions,lag1_3_mean,KGZ,Kyrgyz Republic,2021,0.00064487,elastic_net_alpha_1_l1_0.2,0.00064487,0.19685197754916983,-0.19620710754916984,0.19620710754916984,
robust_main_share_lag1_3_mean,Share target with lag1-3 mean predictors,robustness_primary_anchor,linear_robustness,primary_specification,env_patent_share_inventions,lag1_3_mean,KHM,Cambodia,2021,0.00128974,elastic_net_alpha_1_l1_0.2,0.00128974,0.09544825728130146,-0.09415851728130147,0.09415851728130147,
robust_main_share_lag1_3_mean,Share target with lag1-3 mean predictors,robustness_primary_anchor,linear_robustness,primary_specification,env_patent_share_inventions,lag1_3_mean,KOR,"Korea, Rep.",2021,13.81879,elastic_net_alpha_1_l1_0.2,13.81879,2.6408778440212646,11.177912155978735,11.177912155978735,
robust_main_share_lag1_3_mean,Share target with lag1-3 mean predictors,robustness_primary_anchor,linear_robustness,primary_specification,env_patent_share_inventions,lag1_3_mean,KWT,Kuwait,2021,0.00764171,elastic_net_alpha_1_l1_0.2,0.00764171,0.6365641328492182,-0.6289224228492182,0.6289224228492182,
robust_main_share_lag1_3_mean,Share target with lag1-3 mean predictors,robustness_primary_anchor,linear_robustness,primary_specification,env_patent_share_inventions,lag1_3_mean,LBN,Lebanon,2021,0.007158058,elastic_net_alpha_1_l1_0.2,0.007158058,0.3600333103116219,-0.35287525231162187,0.35287525231162187,
robust_main_share_lag1_3_mean,Share target with lag1-3 mean predictors,robustness_primary_anchor,linear_robustness,primary_specification,env_patent_share_inventions,lag1_3_mean,LBY,Libya,2021,0.0009673051,elastic_net_alpha_1_l1_0.2,0.0009673051,0.23800363374446742,-0.23703632864446741,0.23703632864446741,
robust_main_share_lag1_3_mean,Share target with lag1-3 mean predictors,robustness_primary_anchor,linear_robustness,primary_specification,env_patent_share_inventions,lag1_3_mean,LKA,Sri Lanka,2021,0.01612175,elastic_net_alpha_1_l1_0.2,0.01612175,0.32738642629143333,-0.31126467629143334,0.31126467629143334,
robust_main_share_lag1_3_mean,Share target with lag1-3 mean predictors,robustness_primary_anchor,linear_robustness,primary_specification,env_patent_share_inventions,lag1_3_mean,LTU,Lithuania,2021,0.01064036,elastic_net_alpha_1_l1_0.2,0.01064036,0.3523988336321966,-0.3417584736321966,0.3417584736321966,
robust_main_share_lag1_3_mean,Share target with lag1-3 mean predictors,robustness_primary_anchor,linear_robustness,primary_specification,env_patent_share_inventions,lag1_3_mean,LUX,Luxembourg,2021,0.05029986,elastic_net_alpha_1_l1_0.2,0.05029986,0.241086451459397,-0.190786591459397,0.190786591459397,
robust_main_share_lag1_3_mean,Share target with lag1-3 mean predictors,robustness_primary_anchor,linear_robustness,primary_specification,env_patent_share_inventions,lag1_3_mean,LVA,Latvia,2021,0.02031341,elastic_net_alpha_1_l1_0.2,0.02031341,0.32209389939161115,-0.3017804893916112,0.3017804893916112,
robust_main_share_lag1_3_mean,Share target with lag1-3 mean predictors,robustness_primary_anchor,linear_robustness,primary_specification,env_patent_share_inventions,lag1_3_mean,MAC,"Macao SAR, China",2021,0.00386922,elastic_net_alpha_1_l1_0.2,0.00386922,0.4364506942376909,-0.4325814742376909,0.4325814742376909,
robust_main_share_lag1_3_mean,Share target with lag1-3 mean predictors,robustness_primary_anchor,linear_robustness,primary_specification,env_patent_share_inventions,lag1_3_mean,MAR,Morocco,2021,0.01747598,elastic_net_alpha_1_l1_0.2,0.01747598,0.4490449070021832,-0.4315689270021832,0.4315689270021832,
robust_main_share_lag1_3_mean,Share target with lag1-3 mean predictors,robustness_primary_anchor,linear_robustness,primary_specification,env_patent_share_inventions,lag1_3_mean,MDA,Moldova,2021,0.001128523,elastic_net_alpha_1_l1_0.2,0.001128523,0.266122264309,-0.264993741309,0.264993741309,
robust_main_share_lag1_3_mean,Share target with lag1-3 mean predictors,robustness_primary_anchor,linear_robustness,primary_specification,env_patent_share_inventions,lag1_3_mean,MEX,Mexico,2021,0.08141485,elastic_net_alpha_1_l1_0.2,0.08141485,1.3508743549284796,-1.2694595049284796,1.2694595049284796,
robust_main_share_lag1_3_mean,Share target with lag1-3 mean predictors,robustness_primary_anchor,linear_robustness,primary_specification,env_patent_share_inventions,lag1_3_mean,MLT,Malta,2021,0.007416006,elastic_net_alpha_1_l1_0.2,0.007416006,0.2687177801164631,-0.2613017741164631,0.2613017741164631,
robust_main_share_lag1_3_mean,Share target with lag1-3 mean predictors,robustness_primary_anchor,linear_robustness,primary_specification,env_patent_share_inventions,lag1_3_mean,MNE,Montenegro,2021,0.0009673051,elastic_net_alpha_1_l1_0.2,0.0009673051,0.2682814389003464,-0.2673141338003464,0.2673141338003464,
robust_main_share_lag1_3_mean,Share target with lag1-3 mean predictors,robustness_primary_anchor,linear_robustness,primary_specification,env_patent_share_inventions,lag1_3_mean,MRT,Mauritania,2021,0.0009673051,elastic_net_alpha_1_l1_0.2,0.0009673051,0.1615211572793256,-0.16055385217932558,0.16055385217932558,
robust_main_share_lag1_3_mean,Share target with lag1-3 mean predictors,robustness_primary_anchor,linear_robustness,primary_specification,env_patent_share_inventions,lag1_3_mean,MUS,Mauritius,2021,0.00064487,elastic_net_alpha_1_l1_0.2,0.00064487,0.3368649809037656,-0.3362201109037656,0.3362201109037656,
robust_main_share_lag1_3_mean,Share target with lag1-3 mean predictors,robustness_primary_anchor,linear_robustness,primary_specification,env_patent_share_inventions,lag1_3_mean,MYS,Malaysia,2021,0.08705746,elastic_net_alpha_1_l1_0.2,0.08705746,0.9178066234902688,-0.8307491634902687,0.8307491634902687,
robust_main_share_lag1_3_mean,Share target with lag1-3 mean predictors,robustness_primary_anchor,linear_robustness,primary_specification,env_patent_share_inventions,lag1_3_mean,NCL,New Caledonia,2021,0.002901915,elastic_net_alpha_1_l1_0.2,0.002901915,0.6906981956119074,-0.6877962806119073,0.6877962806119073,
robust_main_share_lag1_3_mean,Share target with lag1-3 mean predictors,robustness_primary_anchor,linear_robustness,primary_specification,env_patent_share_inventions,lag1_3_mean,NER,Niger,2021,0.00064487,elastic_net_alpha_1_l1_0.2,0.00064487,0.14905610811216485,-0.14841123811216486,0.14841123811216486,
robust_main_share_lag1_3_mean,Share target with lag1-3 mean predictors,robustness_primary_anchor,linear_robustness,primary_specification,env_patent_share_inventions,lag1_3_mean,NLD,Netherlands,2021,0.8459405,elastic_net_alpha_1_l1_0.2,0.8459405,0.9539960003808314,-0.10805550038083145,0.10805550038083145,
robust_main_share_lag1_3_mean,Share target with lag1-3 mean predictors,robustness_primary_anchor,linear_robustness,primary_specification,env_patent_share_inventions,lag1_3_mean,NOR,Norway,2021,0.2947056,elastic_net_alpha_1_l1_0.2,0.2947056,0.9116954527669542,-0.6169898527669542,0.6169898527669542,
robust_main_share_lag1_3_mean,Share target with lag1-3 mean predictors,robustness_primary_anchor,linear_robustness,primary_specification,env_patent_share_inventions,lag1_3_mean,NPL,Nepal,2021,0.00128974,elastic_net_alpha_1_l1_0.2,0.00128974,0.1832909599893109,-0.18200121998931088,0.18200121998931088,
robust_main_share_lag1_3_mean,Share target with lag1-3 mean predictors,robustness_primary_anchor,linear_robustness,primary_specification,env_patent_share_inventions,lag1_3_mean,NZL,New Zealand,2021,0.08180176,elastic_net_alpha_1_l1_0.2,0.08180176,0.8173765184538213,-0.7355747584538213,0.7355747584538213,
robust_main_share_lag1_3_mean,Share target with lag1-3 mean predictors,robustness_primary_anchor,linear_robustness,primary_specification,env_patent_share_inventions,lag1_3_mean,OMN,Oman,2021,0.002418263,elastic_net_alpha_1_l1_0.2,0.002418263,0.6208607237533056,-0.6184424607533056,0.6184424607533056,
robust_main_share_lag1_3_mean,Share target with lag1-3 mean predictors,robustness_primary_anchor,linear_robustness,primary_specification,env_patent_share_inventions,lag1_3_mean,PAK,Pakistan,2021,0.00838331,elastic_net_alpha_1_l1_0.2,0.00838331,0.6733243155705075,-0.6649410055705075,0.6649410055705075,
robust_main_share_lag1_3_mean,Share target with lag1-3 mean predictors,robustness_primary_anchor,linear_robustness,primary_specification,env_patent_share_inventions,lag1_3_mean,PAN,Panama,2021,0.001450958,elastic_net_alpha_1_l1_0.2,0.001450958,0.3412084162213763,-0.3397574582213763,0.3397574582213763,
robust_main_share_lag1_3_mean,Share target with lag1-3 mean predictors,robustness_primary_anchor,linear_robustness,primary_specification,env_patent_share_inventions,lag1_3_mean,PER,Peru,2021,0.009028181,elastic_net_alpha_1_l1_0.2,0.009028181,0.4854272081875485,-0.47639902718754845,0.47639902718754845,
robust_main_share_lag1_3_mean,Share target with lag1-3 mean predictors,robustness_primary_anchor,linear_robustness,primary_specification,env_patent_share_inventions,lag1_3_mean,PHL,Philippines,2021,0.01666989,elastic_net_alpha_1_l1_0.2,0.01666989,0.5354581425506793,-0.5187882525506793,0.5187882525506793,
robust_main_share_lag1_3_mean,Share target with lag1-3 mean predictors,robustness_primary_anchor,linear_robustness,primary_specification,env_patent_share_inventions,lag1_3_mean,POL,Poland,2021,0.1891726,elastic_net_alpha_1_l1_0.2,0.1891726,1.3488715752207534,-1.1596989752207534,1.1596989752207534,
robust_main_share_lag1_3_mean,Share target with lag1-3 mean predictors,robustness_primary_anchor,linear_robustness,primary_specification,env_patent_share_inventions,lag1_3_mean,PRI,Puerto Rico (US),2021,0.00193461,elastic_net_alpha_1_l1_0.2,0.00193461,0.4252393876475399,-0.4233047776475399,0.4233047776475399,
robust_main_share_lag1_3_mean,Share target with lag1-3 mean predictors,robustness_primary_anchor,linear_robustness,primary_specification,env_patent_share_inventions,lag1_3_mean,PRT,Portugal,2021,0.05997292,elastic_net_alpha_1_l1_0.2,0.05997292,0.7665127589531879,-0.706539838953188,0.706539838953188,
robust_main_share_lag1_3_mean,Share target with lag1-3 mean predictors,robustness_primary_anchor,linear_robustness,primary_specification,env_patent_share_inventions,lag1_3_mean,PRY,Paraguay,2021,0.00064487,elastic_net_alpha_1_l1_0.2,0.00064487,0.2172552990871648,-0.2166104290871648,0.2166104290871648,
robust_main_share_lag1_3_mean,Share target with lag1-3 mean predictors,robustness_primary_anchor,linear_robustness,primary_specification,env_patent_share_inventions,lag1_3_mean,PSE,West Bank and Gaza,2021,0.00193461,elastic_net_alpha_1_l1_0.2,0.00193461,0.33278280500366186,-0.33084819500366186,0.33084819500366186,
robust_main_share_lag1_3_mean,Share target with lag1-3 mean predictors,robustness_primary_anchor,linear_robustness,primary_specification,env_patent_share_inventions,lag1_3_mean,QAT,Qatar,2021,0.01160766,elastic_net_alpha_1_l1_0.2,0.01160766,1.0299862444114414,-1.0183785844114415,1.0183785844114415,
robust_main_share_lag1_3_mean,Share target with lag1-3 mean predictors,robustness_primary_anchor,linear_robustness,primary_specification,env_patent_share_inventions,lag1_3_mean,ROU,Romania,2021,0.03520991,elastic_net_alpha_1_l1_0.2,0.03520991,0.6101176114472115,-0.5749077014472116,0.5749077014472116,
robust_main_share_lag1_3_mean,Share target with lag1-3 mean predictors,robustness_primary_anchor,linear_robustness,primary_specification,env_patent_share_inventions,lag1_3_mean,RUS,Russian Federation,2021,0.2115711,elastic_net_alpha_1_l1_0.2,0.2115711,2.7006684333766064,-2.4890973333766064,2.4890973333766064,
robust_main_share_lag1_3_mean,Share target with lag1-3 mean predictors,robustness_primary_anchor,linear_robustness,primary_specification,env_patent_share_inventions,lag1_3_mean,SAU,Saudi Arabia,2021,0.1900755,elastic_net_alpha_1_l1_0.2,0.1900755,1.2128751339189652,-1.0227996339189651,1.0227996339189651,
robust_main_share_lag1_3_mean,Share target with lag1-3 mean predictors,robustness_primary_anchor,linear_robustness,primary_specification,env_patent_share_inventions,lag1_3_mean,SDN,Sudan,2021,0.0004836525,elastic_net_alpha_1_l1_0.2,0.0004836525,0.16461771640793033,-0.16413406390793034,0.16413406390793034,
robust_main_share_lag1_3_mean,Share target with lag1-3 mean predictors,robustness_primary_anchor,linear_robustness,primary_specification,env_patent_share_inventions,lag1_3_mean,SGP,Singapore,2021,0.2456955,elastic_net_alpha_1_l1_0.2,0.2456955,0.7886397500501406,-0.5429442500501407,0.5429442500501407,
robust_main_share_lag1_3_mean,Share target with lag1-3 mean predictors,robustness_primary_anchor,linear_robustness,primary_specification,env_patent_share_inventions,lag1_3_mean,SRB,Serbia,2021,0.009673051,elastic_net_alpha_1_l1_0.2,0.009673051,0.38010577109914834,-0.37043272009914835,0.37043272009914835,
robust_main_share_lag1_3_mean,Share target with lag1-3 mean predictors,robustness_primary_anchor,linear_robustness,primary_specification,env_patent_share_inventions,lag1_3_mean,SVK,Slovak Republic,2021,0.03756368,elastic_net_alpha_1_l1_0.2,0.03756368,0.38208524213255546,-0.34452156213255547,0.34452156213255547,
robust_main_share_lag1_3_mean,Share target with lag1-3 mean predictors,robustness_primary_anchor,linear_robustness,primary_specification,env_patent_share_inventions,lag1_3_mean,SVN,Slovenia,2021,0.03192107,elastic_net_alpha_1_l1_0.2,0.03192107,0.3728880254230058,-0.3409669554230058,0.3409669554230058,
robust_main_share_lag1_3_mean,Share target with lag1-3 mean predictors,robustness_primary_anchor,linear_robustness,primary_specification,env_patent_share_inventions,lag1_3_mean,SWE,Sweden,2021,0.9232927,elastic_net_alpha_1_l1_0.2,0.9232927,1.0542328483146555,-0.1309401483146555,0.1309401483146555,
robust_main_share_lag1_3_mean,Share target with lag1-3 mean predictors,robustness_primary_anchor,linear_robustness,primary_specification,env_patent_share_inventions,lag1_3_mean,SYC,Seychelles,2021,0.00193461,elastic_net_alpha_1_l1_0.2,0.00193461,0.276535980772897,-0.274601370772897,0.274601370772897,
robust_main_share_lag1_3_mean,Share target with lag1-3 mean predictors,robustness_primary_anchor,linear_robustness,primary_specification,env_patent_share_inventions,lag1_3_mean,THA,Thailand,2021,0.03433933,elastic_net_alpha_1_l1_0.2,0.03433933,0.722044170631185,-0.687704840631185,0.687704840631185,
robust_main_share_lag1_3_mean,Share target with lag1-3 mean predictors,robustness_primary_anchor,linear_robustness,primary_specification,env_patent_share_inventions,lag1_3_mean,TUN,Tunisia,2021,0.003546785,elastic_net_alpha_1_l1_0.2,0.003546785,0.3597748165886464,-0.3562280315886464,0.3562280315886464,
robust_main_share_lag1_3_mean,Share target with lag1-3 mean predictors,robustness_primary_anchor,linear_robustness,primary_specification,env_patent_share_inventions,lag1_3_mean,TUR,Turkiye,2021,0.2938995,elastic_net_alpha_1_l1_0.2,0.2938995,1.527307024246918,-1.233407524246918,1.233407524246918,
robust_main_share_lag1_3_mean,Share target with lag1-3 mean predictors,robustness_primary_anchor,linear_robustness,primary_specification,env_patent_share_inventions,lag1_3_mean,UKR,Ukraine,2021,0.03353324,elastic_net_alpha_1_l1_0.2,0.03353324,0.5427095593480383,-0.5091763193480383,0.5091763193480383,
robust_main_share_lag1_3_mean,Share target with lag1-3 mean predictors,robustness_primary_anchor,linear_robustness,primary_specification,env_patent_share_inventions,lag1_3_mean,URY,Uruguay,2021,0.0009673051,elastic_net_alpha_1_l1_0.2,0.0009673051,0.3631524528672301,-0.3621851477672301,0.3621851477672301,
robust_main_share_lag1_3_mean,Share target with lag1-3 mean predictors,robustness_primary_anchor,linear_robustness,primary_specification,env_patent_share_inventions,lag1_3_mean,USA,United States,2021,14.33043,elastic_net_alpha_1_l1_0.2,14.33043,19.18039696529738,-4.84996696529738,4.84996696529738,
robust_main_share_lag1_3_mean,Share target with lag1-3 mean predictors,robustness_primary_anchor,linear_robustness,primary_specification,env_patent_share_inventions,lag1_3_mean,VEN,"Venezuela, RB",2021,0.0009673051,elastic_net_alpha_1_l1_0.2,0.0009673051,0.17566298798140834,-0.17469568288140833,0.17469568288140833,
robust_main_share_lag1_3_mean,Share target with lag1-3 mean predictors,robustness_primary_anchor,linear_robustness,primary_specification,env_patent_share_inventions,lag1_3_mean,VNM,Viet Nam,2021,0.03956278,elastic_net_alpha_1_l1_0.2,0.03956278,0.4218455299922417,-0.38228274999224165,0.38228274999224165,
robust_main_share_lag1_3_mean,Share target with lag1-3 mean predictors,robustness_primary_anchor,linear_robustness,primary_specification,env_patent_share_inventions,lag1_3_mean,ZAF,South Africa,2021,0.05207326,elastic_net_alpha_1_l1_0.2,0.05207326,0.8583033490600647,-0.8062300890600647,0.8062300890600647,
robust_main_share_lag1_3_mean,Share target with lag1-3 mean predictors,robustness_primary_anchor,linear_robustness,primary_specification,env_patent_share_inventions,lag1_3_mean,ZWE,Zimbabwe,2021,0.00064487,elastic_net_alpha_1_l1_0.2,0.00064487,0.08747029074547064,-0.08682542074547063,0.08682542074547063,
robust_main_share_lag1_3_mean,Share target with lag1-3 mean predictors,robustness_primary_anchor,linear_robustness,primary_specification,env_patent_share_inventions,lag1_3_mean,ALB,Albania,2022,0.0005390487,elastic_net_alpha_1_l1_0.2,0.0005390487,0.25898570302429913,-0.25844665432429914,0.25844665432429914,
robust_main_share_lag1_3_mean,Share target with lag1-3 mean predictors,robustness_primary_anchor,linear_robustness,primary_specification,env_patent_share_inventions,lag1_3_mean,ARE,United Arab Emirates,2022,0.02228068,elastic_net_alpha_1_l1_0.2,0.02228068,0.8310539670514191,-0.808773287051419,0.808773287051419,
robust_main_share_lag1_3_mean,Share target with lag1-3 mean predictors,robustness_primary_anchor,linear_robustness,primary_specification,env_patent_share_inventions,lag1_3_mean,ARG,Argentina,2022,0.01132002,elastic_net_alpha_1_l1_0.2,0.01132002,0.805228695461465,-0.793908675461465,0.793908675461465,
robust_main_share_lag1_3_mean,Share target with lag1-3 mean predictors,robustness_primary_anchor,linear_robustness,primary_specification,env_patent_share_inventions,lag1_3_mean,ARM,Armenia,2022,0.00431239,elastic_net_alpha_1_l1_0.2,0.00431239,0.3234477597710135,-0.3191353697710135,0.3191353697710135,
robust_main_share_lag1_3_mean,Share target with lag1-3 mean predictors,robustness_primary_anchor,linear_robustness,primary_specification,env_patent_share_inventions,lag1_3_mean,ATG,Antigua and Barbuda,2022,0.0007187316,elastic_net_alpha_1_l1_0.2,0.0007187316,0.32704659976989725,-0.32632786816989723,0.32632786816989723,
robust_main_share_lag1_3_mean,Share target with lag1-3 mean predictors,robustness_primary_anchor,linear_robustness,primary_specification,env_patent_share_inventions,lag1_3_mean,AUS,Australia,2022,0.4013757,elastic_net_alpha_1_l1_0.2,0.4013757,2.5540065623924773,-2.1526308623924773,2.1526308623924773,
robust_main_share_lag1_3_mean,Share target with lag1-3 mean predictors,robustness_primary_anchor,linear_robustness,primary_specification,env_patent_share_inventions,lag1_3_mean,AUT,Austria,2022,0.5074065,elastic_net_alpha_1_l1_0.2,0.5074065,0.8613127344277582,-0.35390623442775826,0.35390623442775826,
robust_main_share_lag1_3_mean,Share target with lag1-3 mean predictors,robustness_primary_anchor,linear_robustness,primary_specification,env_patent_share_inventions,lag1_3_mean,BEL,Belgium,2022,0.4569935,elastic_net_alpha_1_l1_0.2,0.4569935,0.8964980284323749,-0.4395045284323749,0.4395045284323749,
robust_main_share_lag1_3_mean,Share target with lag1-3 mean predictors,robustness_primary_anchor,linear_robustness,primary_specification,env_patent_share_inventions,lag1_3_mean,BGD,Bangladesh,2022,0.006684204,elastic_net_alpha_1_l1_0.2,0.006684204,0.48175338498143416,-0.47506918098143414,0.47506918098143414,
robust_main_share_lag1_3_mean,Share target with lag1-3 mean predictors,robustness_primary_anchor,linear_robustness,primary_specification,env_patent_share_inventions,lag1_3_mean,BGR,Bulgaria,2022,0.01936982,elastic_net_alpha_1_l1_0.2,0.01936982,0.4107166558184101,-0.3913468358184101,0.3913468358184101,
robust_main_share_lag1_3_mean,Share target with lag1-3 mean predictors,robustness_primary_anchor,linear_robustness,primary_specification,env_patent_share_inventions,lag1_3_mean,BHR,Bahrain,2022,0.002156195,elastic_net_alpha_1_l1_0.2,0.002156195,0.5994847283072867,-0.5973285333072867,0.5973285333072867,
robust_main_share_lag1_3_mean,Share target with lag1-3 mean predictors,robustness_primary_anchor,linear_robustness,primary_specification,env_patent_share_inventions,lag1_3_mean,BIH,Bosnia and Herzegovina,2022,0.0005390487,elastic_net_alpha_1_l1_0.2,0.0005390487,0.2756364466212189,-0.2750973979212189,0.2750973979212189,
robust_main_share_lag1_3_mean,Share target with lag1-3 mean predictors,robustness_primary_anchor,linear_robustness,primary_specification,env_patent_share_inventions,lag1_3_mean,BLR,Belarus,2022,0.002156195,elastic_net_alpha_1_l1_0.2,0.002156195,0.26068460866358467,-0.25852841366358464,0.25852841366358464,
robust_main_share_lag1_3_mean,Share target with lag1-3 mean predictors,robustness_primary_anchor,linear_robustness,primary_specification,env_patent_share_inventions,lag1_3_mean,BOL,Bolivia,2022,0.0007187316,elastic_net_alpha_1_l1_0.2,0.0007187316,0.2502785576663922,-0.24955982606639218,0.24955982606639218,
robust_main_share_lag1_3_mean,Share target with lag1-3 mean predictors,robustness_primary_anchor,linear_robustness,primary_specification,env_patent_share_inventions,lag1_3_mean,BRA,Brazil,2022,0.1441057,elastic_net_alpha_1_l1_0.2,0.1441057,2.5221903197165516,-2.3780846197165517,2.3780846197165517,
robust_main_share_lag1_3_mean,Share target with lag1-3 mean predictors,robustness_primary_anchor,linear_robustness,primary_specification,env_patent_share_inventions,lag1_3_mean,BTN,Bhutan,2022,0.0007187316,elastic_net_alpha_1_l1_0.2,0.0007187316,0.16791420496068876,-0.16719547336068877,0.16719547336068877,
robust_main_share_lag1_3_mean,Share target with lag1-3 mean predictors,robustness_primary_anchor,linear_robustness,primary_specification,env_patent_share_inventions,lag1_3_mean,CAN,Canada,2022,1.151103,elastic_net_alpha_1_l1_0.2,1.151103,2.7141271726836105,-1.5630241726836105,1.5630241726836105,
robust_main_share_lag1_3_mean,Share target with lag1-3 mean predictors,robustness_primary_anchor,linear_robustness,primary_specification,env_patent_share_inventions,lag1_3_mean,CHE,Switzerland,2022,0.4045081,elastic_net_alpha_1_l1_0.2,0.4045081,0.9325754170599613,-0.5280673170599612,0.5280673170599612,
robust_main_share_lag1_3_mean,Share target with lag1-3 mean predictors,robustness_primary_anchor,linear_robustness,primary_specification,env_patent_share_inventions,lag1_3_mean,CHL,Chile,2022,0.03126482,elastic_net_alpha_1_l1_0.2,0.03126482,0.7345213789216128,-0.7032565589216129,0.7032565589216129,
robust_main_share_lag1_3_mean,Share target with lag1-3 mean predictors,robustness_primary_anchor,linear_robustness,primary_specification,env_patent_share_inventions,lag1_3_mean,CHN,China,2022,36.75972,elastic_net_alpha_1_l1_0.2,36.75972,20.442228723850974,16.317491276149028,16.317491276149028,
robust_main_share_lag1_3_mean,Share target with lag1-3 mean predictors,robustness_primary_anchor,linear_robustness,primary_specification,env_patent_share_inventions,lag1_3_mean,CIV,Cote d'Ivoire,2022,0.001078097,elastic_net_alpha_1_l1_0.2,0.001078097,0.24572598707399496,-0.24464789007399496,0.24464789007399496,
robust_main_share_lag1_3_mean,Share target with lag1-3 mean predictors,robustness_primary_anchor,linear_robustness,primary_specification,env_patent_share_inventions,lag1_3_mean,CMR,Cameroon,2022,0.001796829,elastic_net_alpha_1_l1_0.2,0.001796829,0.1784077631487735,-0.1766109341487735,0.1766109341487735,
robust_main_share_lag1_3_mean,Share target with lag1-3 mean predictors,robustness_primary_anchor,linear_robustness,primary_specification,env_patent_share_inventions,lag1_3_mean,COL,Colombia,2022,0.04995184,elastic_net_alpha_1_l1_0.2,0.04995184,0.6832205022284172,-0.6332686622284173,0.6332686622284173,
robust_main_share_lag1_3_mean,Share target with lag1-3 mean predictors,robustness_primary_anchor,linear_robustness,primary_specification,env_patent_share_inventions,lag1_3_mean,CPV,Cabo Verde,2022,0.002156195,elastic_net_alpha_1_l1_0.2,0.002156195,0.24576424877062564,-0.24360805377062564,0.24360805377062564,
robust_main_share_lag1_3_mean,Share target with lag1-3 mean predictors,robustness_primary_anchor,linear_robustness,primary_specification,env_patent_share_inventions,lag1_3_mean,CRI,Costa Rica,2022,0.00431239,elastic_net_alpha_1_l1_0.2,0.00431239,0.3682491553839702,-0.3639367653839702,0.3639367653839702,
robust_main_share_lag1_3_mean,Share target with lag1-3 mean predictors,robustness_primary_anchor,linear_robustness,primary_specification,env_patent_share_inventions,lag1_3_mean,CYP,Cyprus,2022,0.02443687,elastic_net_alpha_1_l1_0.2,0.02443687,0.3477584627855943,-0.3233215927855943,0.3233215927855943,
robust_main_share_lag1_3_mean,Share target with lag1-3 mean predictors,robustness_primary_anchor,linear_robustness,primary_specification,env_patent_share_inventions,lag1_3_mean,CZE,Czechia,2022,0.1217172,elastic_net_alpha_1_l1_0.2,0.1217172,0.7936995277236455,-0.6719823277236455,0.6719823277236455,
robust_main_share_lag1_3_mean,Share target with lag1-3 mean predictors,robustness_primary_anchor,linear_robustness,primary_specification,env_patent_share_inventions,lag1_3_mean,DEU,Germany,2022,5.048269,elastic_net_alpha_1_l1_0.2,5.048269,4.622152313093515,0.42611668690648496,0.42611668690648496,
robust_main_share_lag1_3_mean,Share target with lag1-3 mean predictors,robustness_primary_anchor,linear_robustness,primary_specification,env_patent_share_inventions,lag1_3_mean,DNK,Denmark,2022,0.756465,elastic_net_alpha_1_l1_0.2,0.756465,0.8652920054906608,-0.10882700549066071,0.10882700549066071,
robust_main_share_lag1_3_mean,Share target with lag1-3 mean predictors,robustness_primary_anchor,linear_robustness,primary_specification,env_patent_share_inventions,lag1_3_mean,DZA,Algeria,2022,0.002695243,elastic_net_alpha_1_l1_0.2,0.002695243,0.49284558600812944,-0.49015034300812943,0.49015034300812943,
robust_main_share_lag1_3_mean,Share target with lag1-3 mean predictors,robustness_primary_anchor,linear_robustness,primary_specification,env_patent_share_inventions,lag1_3_mean,ECU,Ecuador,2022,0.002695243,elastic_net_alpha_1_l1_0.2,0.002695243,0.3593430515160997,-0.3566478085160997,0.3566478085160997,
robust_main_share_lag1_3_mean,Share target with lag1-3 mean predictors,robustness_primary_anchor,linear_robustness,primary_specification,env_patent_share_inventions,lag1_3_mean,EGY,"Egypt, Arab Rep.",2022,0.01635114,elastic_net_alpha_1_l1_0.2,0.01635114,0.840974274052863,-0.8246231340528629,0.8246231340528629,
robust_main_share_lag1_3_mean,Share target with lag1-3 mean predictors,robustness_primary_anchor,linear_robustness,primary_specification,env_patent_share_inventions,lag1_3_mean,ESP,Spain,2022,0.5145639,elastic_net_alpha_1_l1_0.2,0.5145639,2.2708192279283326,-1.7562553279283326,1.7562553279283326,
robust_main_share_lag1_3_mean,Share target with lag1-3 mean predictors,robustness_primary_anchor,linear_robustness,primary_specification,env_patent_share_inventions,lag1_3_mean,EST,Estonia,2022,0.00431239,elastic_net_alpha_1_l1_0.2,0.00431239,0.44453985538230034,-0.44022746538230034,0.44022746538230034,
robust_main_share_lag1_3_mean,Share target with lag1-3 mean predictors,robustness_primary_anchor,linear_robustness,primary_specification,env_patent_share_inventions,lag1_3_mean,ETH,Ethiopia,2022,0.002156195,elastic_net_alpha_1_l1_0.2,0.002156195,0.2576516844686757,-0.2554954894686757,0.2554954894686757,
robust_main_share_lag1_3_mean,Share target with lag1-3 mean predictors,robustness_primary_anchor,linear_robustness,primary_specification,env_patent_share_inventions,lag1_3_mean,FIN,Finland,2022,0.3148763,elastic_net_alpha_1_l1_0.2,0.3148763,0.8419067650444718,-0.5270304650444718,0.5270304650444718,
robust_main_share_lag1_3_mean,Share target with lag1-3 mean predictors,robustness_primary_anchor,linear_robustness,primary_specification,env_patent_share_inventions,lag1_3_mean,FRA,France,2022,1.679969,elastic_net_alpha_1_l1_0.2,1.679969,3.07265673698394,-1.3926877369839399,1.3926877369839399,
robust_main_share_lag1_3_mean,Share target with lag1-3 mean predictors,robustness_primary_anchor,linear_robustness,primary_specification,env_patent_share_inventions,lag1_3_mean,FRO,Faroe Islands,2022,0.001078097,elastic_net_alpha_1_l1_0.2,0.001078097,0.2864796453374603,-0.2854015483374603,0.2854015483374603,
robust_main_share_lag1_3_mean,Share target with lag1-3 mean predictors,robustness_primary_anchor,linear_robustness,primary_specification,env_patent_share_inventions,lag1_3_mean,GBR,United Kingdom,2022,1.691451,elastic_net_alpha_1_l1_0.2,1.691451,4.09899352768592,-2.40754252768592,2.40754252768592,
robust_main_share_lag1_3_mean,Share target with lag1-3 mean predictors,robustness_primary_anchor,linear_robustness,primary_specification,env_patent_share_inventions,lag1_3_mean,GHA,Ghana,2022,0.003593658,elastic_net_alpha_1_l1_0.2,0.003593658,0.2895440236373473,-0.2859503656373473,0.2859503656373473,
robust_main_share_lag1_3_mean,Share target with lag1-3 mean predictors,robustness_primary_anchor,linear_robustness,primary_specification,env_patent_share_inventions,lag1_3_mean,GRC,Greece,2022,0.0394943,elastic_net_alpha_1_l1_0.2,0.0394943,0.6845392187840196,-0.6450449187840196,0.6450449187840196,
robust_main_share_lag1_3_mean,Share target with lag1-3 mean predictors,robustness_primary_anchor,linear_robustness,primary_specification,env_patent_share_inventions,lag1_3_mean,GTM,Guatemala,2022,0.002156195,elastic_net_alpha_1_l1_0.2,0.002156195,0.243264757838479,-0.241108562838479,0.241108562838479,
robust_main_share_lag1_3_mean,Share target with lag1-3 mean predictors,robustness_primary_anchor,linear_robustness,primary_specification,env_patent_share_inventions,lag1_3_mean,HKG,"Hong Kong SAR, China",2022,0.07726365,elastic_net_alpha_1_l1_0.2,0.07726365,0.4806787173894297,-0.40341506738942967,0.40341506738942967,
robust_main_share_lag1_3_mean,Share target with lag1-3 mean predictors,robustness_primary_anchor,linear_robustness,primary_specification,env_patent_share_inventions,lag1_3_mean,HRV,Croatia,2022,0.00934351,elastic_net_alpha_1_l1_0.2,0.00934351,0.40277969364861776,-0.39343618364861777,0.39343618364861777,
robust_main_share_lag1_3_mean,Share target with lag1-3 mean predictors,robustness_primary_anchor,linear_robustness,primary_specification,env_patent_share_inventions,lag1_3_mean,HUN,Hungary,2022,0.0398896,elastic_net_alpha_1_l1_0.2,0.0398896,0.6591669765160189,-0.6192773765160189,0.6192773765160189,
robust_main_share_lag1_3_mean,Share target with lag1-3 mean predictors,robustness_primary_anchor,linear_robustness,primary_specification,env_patent_share_inventions,lag1_3_mean,IDN,Indonesia,2022,0.0166027,elastic_net_alpha_1_l1_0.2,0.0166027,1.5367454451291445,-1.5201427451291445,1.5201427451291445,
robust_main_share_lag1_3_mean,Share target with lag1-3 mean predictors,robustness_primary_anchor,linear_robustness,primary_specification,env_patent_share_inventions,lag1_3_mean,IND,India,2022,1.054487,elastic_net_alpha_1_l1_0.2,1.054487,4.362059999977362,-3.3075729999773618,3.3075729999773618,
robust_main_share_lag1_3_mean,Share target with lag1-3 mean predictors,robustness_primary_anchor,linear_robustness,primary_specification,env_patent_share_inventions,lag1_3_mean,IRL,Ireland,2022,0.07543088,elastic_net_alpha_1_l1_0.2,0.07543088,0.6952943962808045,-0.6198635162808045,0.6198635162808045,
robust_main_share_lag1_3_mean,Share target with lag1-3 mean predictors,robustness_primary_anchor,linear_robustness,primary_specification,env_patent_share_inventions,lag1_3_mean,IRN,"Iran, Islamic Rep.",2022,0.03047422,elastic_net_alpha_1_l1_0.2,0.03047422,1.4888776092083127,-1.4584033892083126,1.4584033892083126,
robust_main_share_lag1_3_mean,Share target with lag1-3 mean predictors,robustness_primary_anchor,linear_robustness,primary_specification,env_patent_share_inventions,lag1_3_mean,IRQ,Iraq,2022,0.0004312389,elastic_net_alpha_1_l1_0.2,0.0004312389,0.47696845003819316,-0.47653721113819314,0.47653721113819314,
robust_main_share_lag1_3_mean,Share target with lag1-3 mean predictors,robustness_primary_anchor,linear_robustness,primary_specification,env_patent_share_inventions,lag1_3_mean,ISL,Iceland,2022,0.005031121,elastic_net_alpha_1_l1_0.2,0.005031121,0.42713959917852506,-0.42210847817852504,0.42210847817852504,
robust_main_share_lag1_3_mean,Share target with lag1-3 mean predictors,robustness_primary_anchor,linear_robustness,primary_specification,env_patent_share_inventions,lag1_3_mean,ISR,Israel,2022,0.3257651,elastic_net_alpha_1_l1_0.2,0.3257651,0.9799556610619146,-0.6541905610619145,0.6541905610619145,
robust_main_share_lag1_3_mean,Share target with lag1-3 mean predictors,robustness_primary_anchor,linear_robustness,primary_specification,env_patent_share_inventions,lag1_3_mean,ITA,Italy,2022,0.9751271,elastic_net_alpha_1_l1_0.2,0.9751271,2.849255936458473,-1.874128836458473,1.874128836458473,
robust_main_share_lag1_3_mean,Share target with lag1-3 mean predictors,robustness_primary_anchor,linear_robustness,primary_specification,env_patent_share_inventions,lag1_3_mean,JOR,Jordan,2022,0.005031121,elastic_net_alpha_1_l1_0.2,0.005031121,0.3862043916879073,-0.3811732706879073,0.3811732706879073,
robust_main_share_lag1_3_mean,Share target with lag1-3 mean predictors,robustness_primary_anchor,linear_robustness,primary_specification,env_patent_share_inventions,lag1_3_mean,JPN,Japan,2022,15.63018,elastic_net_alpha_1_l1_0.2,15.63018,4.814947343512092,10.815232656487908,10.815232656487908,
robust_main_share_lag1_3_mean,Share target with lag1-3 mean predictors,robustness_primary_anchor,linear_robustness,primary_specification,env_patent_share_inventions,lag1_3_mean,KAZ,Kazakhstan,2022,0.001617146,elastic_net_alpha_1_l1_0.2,0.001617146,0.6369997751229988,-0.6353826291229988,0.6353826291229988,
robust_main_share_lag1_3_mean,Share target with lag1-3 mean predictors,robustness_primary_anchor,linear_robustness,primary_specification,env_patent_share_inventions,lag1_3_mean,KOR,"Korea, Rep.",2022,13.91118,elastic_net_alpha_1_l1_0.2,13.91118,2.7222429383882933,11.188937061611707,11.188937061611707,
robust_main_share_lag1_3_mean,Share target with lag1-3 mean predictors,robustness_primary_anchor,linear_robustness,primary_specification,env_patent_share_inventions,lag1_3_mean,KWT,Kuwait,2022,0.002156195,elastic_net_alpha_1_l1_0.2,0.002156195,0.653476242853646,-0.6513200478536461,0.6513200478536461,
robust_main_share_lag1_3_mean,Share target with lag1-3 mean predictors,robustness_primary_anchor,linear_robustness,primary_specification,env_patent_share_inventions,lag1_3_mean,LBN,Lebanon,2022,0.007366999,elastic_net_alpha_1_l1_0.2,0.007366999,0.33149225079947386,-0.3241252517994739,0.3241252517994739,
robust_main_share_lag1_3_mean,Share target with lag1-3 mean predictors,robustness_primary_anchor,linear_robustness,primary_specification,env_patent_share_inventions,lag1_3_mean,LKA,Sri Lanka,2022,0.001796829,elastic_net_alpha_1_l1_0.2,0.001796829,0.33671686969797354,-0.33492004069797354,0.33492004069797354,
robust_main_share_lag1_3_mean,Share target with lag1-3 mean predictors,robustness_primary_anchor,linear_robustness,primary_specification,env_patent_share_inventions,lag1_3_mean,LTU,Lithuania,2022,0.003234292,elastic_net_alpha_1_l1_0.2,0.003234292,0.3585646476944847,-0.3553303556944847,0.3553303556944847,
robust_main_share_lag1_3_mean,Share target with lag1-3 mean predictors,robustness_primary_anchor,linear_robustness,primary_specification,env_patent_share_inventions,lag1_3_mean,LUX,Luxembourg,2022,0.03378038,elastic_net_alpha_1_l1_0.2,0.03378038,0.29182164580678793,-0.25804126580678793,0.25804126580678793,
robust_main_share_lag1_3_mean,Share target with lag1-3 mean predictors,robustness_primary_anchor,linear_robustness,primary_specification,env_patent_share_inventions,lag1_3_mean,LVA,Latvia,2022,0.01751908,elastic_net_alpha_1_l1_0.2,0.01751908,0.3226745434043933,-0.30515546340439326,0.30515546340439326,
robust_main_share_lag1_3_mean,Share target with lag1-3 mean predictors,robustness_primary_anchor,linear_robustness,primary_specification,env_patent_share_inventions,lag1_3_mean,MAC,"Macao SAR, China",2022,0.0007187316,elastic_net_alpha_1_l1_0.2,0.0007187316,0.39835661654231547,-0.39763788494231544,0.39763788494231544,
robust_main_share_lag1_3_mean,Share target with lag1-3 mean predictors,robustness_primary_anchor,linear_robustness,primary_specification,env_patent_share_inventions,lag1_3_mean,MAR,Morocco,2022,0.02048385,elastic_net_alpha_1_l1_0.2,0.02048385,0.4660452252439223,-0.44556137524392225,0.44556137524392225,
robust_main_share_lag1_3_mean,Share target with lag1-3 mean predictors,robustness_primary_anchor,linear_robustness,primary_specification,env_patent_share_inventions,lag1_3_mean,MEX,Mexico,2022,0.08678684,elastic_net_alpha_1_l1_0.2,0.08678684,1.3565207074991297,-1.2697338674991296,1.2697338674991296,
robust_main_share_lag1_3_mean,Share target with lag1-3 mean predictors,robustness_primary_anchor,linear_robustness,primary_specification,env_patent_share_inventions,lag1_3_mean,MKD,North Macedonia,2022,0.0005390487,elastic_net_alpha_1_l1_0.2,0.0005390487,0.24230232325932366,-0.24176327455932367,0.24176327455932367,
robust_main_share_lag1_3_mean,Share target with lag1-3 mean predictors,robustness_primary_anchor,linear_robustness,primary_specification,env_patent_share_inventions,lag1_3_mean,MLT,Malta,2022,0.003234292,elastic_net_alpha_1_l1_0.2,0.003234292,0.26481429849492466,-0.26158000649492463,0.26158000649492463,
robust_main_share_lag1_3_mean,Share target with lag1-3 mean predictors,robustness_primary_anchor,linear_robustness,primary_specification,env_patent_share_inventions,lag1_3_mean,MYS,Malaysia,2022,0.04416605,elastic_net_alpha_1_l1_0.2,0.04416605,0.9576018328092838,-0.9134357828092838,0.9134357828092838,
robust_main_share_lag1_3_mean,Share target with lag1-3 mean predictors,robustness_primary_anchor,linear_robustness,primary_specification,env_patent_share_inventions,lag1_3_mean,NER,Niger,2022,0.001078097,elastic_net_alpha_1_l1_0.2,0.001078097,0.15008143588214673,-0.14900333888214673,0.14900333888214673,
robust_main_share_lag1_3_mean,Share target with lag1-3 mean predictors,robustness_primary_anchor,linear_robustness,primary_specification,env_patent_share_inventions,lag1_3_mean,NLD,Netherlands,2022,0.6497334,elastic_net_alpha_1_l1_0.2,0.6497334,1.0877656261844555,-0.4380322261844555,0.4380322261844555,
robust_main_share_lag1_3_mean,Share target with lag1-3 mean predictors,robustness_primary_anchor,linear_robustness,primary_specification,env_patent_share_inventions,lag1_3_mean,NOR,Norway,2022,0.2596418,elastic_net_alpha_1_l1_0.2,0.2596418,0.9315261507472399,-0.6718843507472398,0.6718843507472398,
robust_main_share_lag1_3_mean,Share target with lag1-3 mean predictors,robustness_primary_anchor,linear_robustness,primary_specification,env_patent_share_inventions,lag1_3_mean,NPL,Nepal,2022,0.002156195,elastic_net_alpha_1_l1_0.2,0.002156195,0.1915231907393502,-0.1893669957393502,0.1893669957393502,
robust_main_share_lag1_3_mean,Share target with lag1-3 mean predictors,robustness_primary_anchor,linear_robustness,primary_specification,env_patent_share_inventions,lag1_3_mean,NZL,New Zealand,2022,0.07187316,elastic_net_alpha_1_l1_0.2,0.07187316,0.8240421821827039,-0.7521690221827039,0.7521690221827039,
robust_main_share_lag1_3_mean,Share target with lag1-3 mean predictors,robustness_primary_anchor,linear_robustness,primary_specification,env_patent_share_inventions,lag1_3_mean,OMN,Oman,2022,0.00431239,elastic_net_alpha_1_l1_0.2,0.00431239,0.6239856647220338,-0.6196732747220337,0.6196732747220337,
robust_main_share_lag1_3_mean,Share target with lag1-3 mean predictors,robustness_primary_anchor,linear_robustness,primary_specification,env_patent_share_inventions,lag1_3_mean,PAK,Pakistan,2022,0.009882559,elastic_net_alpha_1_l1_0.2,0.009882559,0.7264228046968252,-0.7165402456968252,0.7165402456968252,
robust_main_share_lag1_3_mean,Share target with lag1-3 mean predictors,robustness_primary_anchor,linear_robustness,primary_specification,env_patent_share_inventions,lag1_3_mean,PAN,Panama,2022,0.0009702877,elastic_net_alpha_1_l1_0.2,0.0009702877,0.33829470332690026,-0.33732441562690024,0.33732441562690024,
robust_main_share_lag1_3_mean,Share target with lag1-3 mean predictors,robustness_primary_anchor,linear_robustness,primary_specification,env_patent_share_inventions,lag1_3_mean,PER,Peru,2022,0.002156195,elastic_net_alpha_1_l1_0.2,0.002156195,0.48868816570690604,-0.486531970706906,0.486531970706906,
robust_main_share_lag1_3_mean,Share target with lag1-3 mean predictors,robustness_primary_anchor,linear_robustness,primary_specification,env_patent_share_inventions,lag1_3_mean,PHL,Philippines,2022,0.01516524,elastic_net_alpha_1_l1_0.2,0.01516524,0.5536478657628923,-0.5384826257628923,0.5384826257628923,
robust_main_share_lag1_3_mean,Share target with lag1-3 mean predictors,robustness_primary_anchor,linear_robustness,primary_specification,env_patent_share_inventions,lag1_3_mean,POL,Poland,2022,0.1628286,elastic_net_alpha_1_l1_0.2,0.1628286,1.39584869075863,-1.2330200907586302,1.2330200907586302,
robust_main_share_lag1_3_mean,Share target with lag1-3 mean predictors,robustness_primary_anchor,linear_robustness,primary_specification,env_patent_share_inventions,lag1_3_mean,PRI,Puerto Rico (US),2022,0.003234292,elastic_net_alpha_1_l1_0.2,0.003234292,0.42489057430865196,-0.42165628230865193,0.42165628230865193,
robust_main_share_lag1_3_mean,Share target with lag1-3 mean predictors,robustness_primary_anchor,linear_robustness,primary_specification,env_patent_share_inventions,lag1_3_mean,PRT,Portugal,2022,0.06576394,elastic_net_alpha_1_l1_0.2,0.06576394,0.7790648012348474,-0.7133008612348475,0.7133008612348475,
robust_main_share_lag1_3_mean,Share target with lag1-3 mean predictors,robustness_primary_anchor,linear_robustness,primary_specification,env_patent_share_inventions,lag1_3_mean,QAT,Qatar,2022,0.00431239,elastic_net_alpha_1_l1_0.2,0.00431239,1.053681842936754,-1.049369452936754,1.049369452936754,
robust_main_share_lag1_3_mean,Share target with lag1-3 mean predictors,robustness_primary_anchor,linear_robustness,primary_specification,env_patent_share_inventions,lag1_3_mean,ROU,Romania,2022,0.02371814,elastic_net_alpha_1_l1_0.2,0.02371814,0.6276462420700479,-0.603928102070048,0.603928102070048,
robust_main_share_lag1_3_mean,Share target with lag1-3 mean predictors,robustness_primary_anchor,linear_robustness,primary_specification,env_patent_share_inventions,lag1_3_mean,RUS,Russian Federation,2022,0.1397933,elastic_net_alpha_1_l1_0.2,0.1397933,2.8680304931198535,-2.7282371931198535,2.7282371931198535,
robust_main_share_lag1_3_mean,Share target with lag1-3 mean predictors,robustness_primary_anchor,linear_robustness,primary_specification,env_patent_share_inventions,lag1_3_mean,SAU,Saudi Arabia,2022,0.132606,elastic_net_alpha_1_l1_0.2,0.132606,1.3039309248856026,-1.1713249248856026,1.1713249248856026,
robust_main_share_lag1_3_mean,Share target with lag1-3 mean predictors,robustness_primary_anchor,linear_robustness,primary_specification,env_patent_share_inventions,lag1_3_mean,SGP,Singapore,2022,0.1973278,elastic_net_alpha_1_l1_0.2,0.1973278,0.8376943686245437,-0.6403665686245437,0.6403665686245437,
robust_main_share_lag1_3_mean,Share target with lag1-3 mean predictors,robustness_primary_anchor,linear_robustness,primary_specification,env_patent_share_inventions,lag1_3_mean,SMR,San Marino,2022,0.002156195,elastic_net_alpha_1_l1_0.2,0.002156195,0.015959548917195754,-0.013803353917195754,0.013803353917195754,
robust_main_share_lag1_3_mean,Share target with lag1-3 mean predictors,robustness_primary_anchor,linear_robustness,primary_specification,env_patent_share_inventions,lag1_3_mean,SRB,Serbia,2022,0.00934351,elastic_net_alpha_1_l1_0.2,0.00934351,0.37560283828079366,-0.36625932828079366,0.36625932828079366,
robust_main_share_lag1_3_mean,Share target with lag1-3 mean predictors,robustness_primary_anchor,linear_robustness,primary_specification,env_patent_share_inventions,lag1_3_mean,SVK,Slovak Republic,2022,0.02120258,elastic_net_alpha_1_l1_0.2,0.02120258,0.38857241037070656,-0.3673698303707066,0.3673698303707066,
robust_main_share_lag1_3_mean,Share target with lag1-3 mean predictors,robustness_primary_anchor,linear_robustness,primary_specification,env_patent_share_inventions,lag1_3_mean,SVN,Slovenia,2022,0.02677275,elastic_net_alpha_1_l1_0.2,0.02677275,0.38070795762341536,-0.35393520762341535,0.35393520762341535,
robust_main_share_lag1_3_mean,Share target with lag1-3 mean predictors,robustness_primary_anchor,linear_robustness,primary_specification,env_patent_share_inventions,lag1_3_mean,SWE,Sweden,2022,0.8673653,elastic_net_alpha_1_l1_0.2,0.8673653,1.103885254080339,-0.236519954080339,0.236519954080339,
robust_main_share_lag1_3_mean,Share target with lag1-3 mean predictors,robustness_primary_anchor,linear_robustness,primary_specification,env_patent_share_inventions,lag1_3_mean,SYR,Syrian Arab Republic,2022,0.002335878,elastic_net_alpha_1_l1_0.2,0.002335878,0.20052144851516762,-0.1981855705151676,0.1981855705151676,
robust_main_share_lag1_3_mean,Share target with lag1-3 mean predictors,robustness_primary_anchor,linear_robustness,primary_specification,env_patent_share_inventions,lag1_3_mean,THA,Thailand,2022,0.01689019,elastic_net_alpha_1_l1_0.2,0.01689019,0.7453016927990753,-0.7284115027990753,0.7284115027990753,
robust_main_share_lag1_3_mean,Share target with lag1-3 mean predictors,robustness_primary_anchor,linear_robustness,primary_specification,env_patent_share_inventions,lag1_3_mean,TKM,Turkmenistan,2022,0.00431239,elastic_net_alpha_1_l1_0.2,0.00431239,0.36225439386270497,-0.35794200386270497,0.35794200386270497,
robust_main_share_lag1_3_mean,Share target with lag1-3 mean predictors,robustness_primary_anchor,linear_robustness,primary_specification,env_patent_share_inventions,lag1_3_mean,TUN,Tunisia,2022,0.001078097,elastic_net_alpha_1_l1_0.2,0.001078097,0.3598648389758189,-0.3587867419758189,0.3587867419758189,
robust_main_share_lag1_3_mean,Share target with lag1-3 mean predictors,robustness_primary_anchor,linear_robustness,primary_specification,env_patent_share_inventions,lag1_3_mean,TUR,Turkiye,2022,0.2866661,elastic_net_alpha_1_l1_0.2,0.2866661,1.6213131026969552,-1.3346470026969552,1.3346470026969552,
robust_main_share_lag1_3_mean,Share target with lag1-3 mean predictors,robustness_primary_anchor,linear_robustness,primary_specification,env_patent_share_inventions,lag1_3_mean,UKR,Ukraine,2022,0.01958544,elastic_net_alpha_1_l1_0.2,0.01958544,0.5771344055627465,-0.5575489655627466,0.5575489655627466,
robust_main_share_lag1_3_mean,Share target with lag1-3 mean predictors,robustness_primary_anchor,linear_robustness,primary_specification,env_patent_share_inventions,lag1_3_mean,URY,Uruguay,2022,0.005390487,elastic_net_alpha_1_l1_0.2,0.005390487,0.36949784839797406,-0.36410736139797406,0.36410736139797406,
robust_main_share_lag1_3_mean,Share target with lag1-3 mean predictors,robustness_primary_anchor,linear_robustness,primary_specification,env_patent_share_inventions,lag1_3_mean,USA,United States,2022,12.35069,elastic_net_alpha_1_l1_0.2,12.35069,19.729069485988006,-7.378379485988006,7.378379485988006,
robust_main_share_lag1_3_mean,Share target with lag1-3 mean predictors,robustness_primary_anchor,linear_robustness,primary_specification,env_patent_share_inventions,lag1_3_mean,UZB,Uzbekistan,2022,0.001078097,elastic_net_alpha_1_l1_0.2,0.001078097,0.3568990981053829,-0.3558210011053829,0.3558210011053829,
robust_main_share_lag1_3_mean,Share target with lag1-3 mean predictors,robustness_primary_anchor,linear_robustness,primary_specification,env_patent_share_inventions,lag1_3_mean,VEN,"Venezuela, RB",2022,0.003593658,elastic_net_alpha_1_l1_0.2,0.003593658,0.16609723452569825,-0.16250357652569825,0.16250357652569825,
robust_main_share_lag1_3_mean,Share target with lag1-3 mean predictors,robustness_primary_anchor,linear_robustness,primary_specification,env_patent_share_inventions,lag1_3_mean,VNM,Viet Nam,2022,0.02414938,elastic_net_alpha_1_l1_0.2,0.02414938,0.44674950194162777,-0.42260012194162777,0.42260012194162777,
robust_main_share_lag1_3_mean,Share target with lag1-3 mean predictors,robustness_primary_anchor,linear_robustness,primary_specification,env_patent_share_inventions,lag1_3_mean,ZAF,South Africa,2022,0.04779565,elastic_net_alpha_1_l1_0.2,0.04779565,0.8901805157108756,-0.8423848657108757,0.8423848657108757,
robust_main_share_lag1_3_mean,Share target with lag1-3 mean predictors,robustness_primary_anchor,linear_robustness,primary_specification,env_patent_share_inventions,lag1_3_mean,ZWE,Zimbabwe,2022,0.0007187316,elastic_net_alpha_1_l1_0.2,0.0007187316,0.09259409072975777,-0.09187535912975778,0.09187535912975778,
robust_main_share_lag1_3_mean,Share target with lag1-3 mean predictors,robustness_primary_anchor,linear_robustness,primary_specification,env_patent_share_inventions,lag1_3_mean,ALB,Albania,2023,0.0007706951,elastic_net_alpha_1_l1_0.2,0.0007706951,0.2973496915438928,-0.2965789964438928,0.2965789964438928,
robust_main_share_lag1_3_mean,Share target with lag1-3 mean predictors,robustness_primary_anchor,linear_robustness,primary_specification,env_patent_share_inventions,lag1_3_mean,ARE,United Arab Emirates,2023,0.03206092,elastic_net_alpha_1_l1_0.2,0.03206092,0.8033540212699994,-0.7712931012699994,0.7712931012699994,
robust_main_share_lag1_3_mean,Share target with lag1-3 mean predictors,robustness_primary_anchor,linear_robustness,primary_specification,env_patent_share_inventions,lag1_3_mean,ARG,Argentina,2023,0.01329449,elastic_net_alpha_1_l1_0.2,0.01329449,0.8052541328046355,-0.7919596428046355,0.7919596428046355,
robust_main_share_lag1_3_mean,Share target with lag1-3 mean predictors,robustness_primary_anchor,linear_robustness,primary_specification,env_patent_share_inventions,lag1_3_mean,ARM,Armenia,2023,0.005780213,elastic_net_alpha_1_l1_0.2,0.005780213,0.30774752046846354,-0.30196730746846356,0.30196730746846356,
robust_main_share_lag1_3_mean,Share target with lag1-3 mean predictors,robustness_primary_anchor,linear_robustness,primary_specification,env_patent_share_inventions,lag1_3_mean,ATG,Antigua and Barbuda,2023,0.001156043,elastic_net_alpha_1_l1_0.2,0.001156043,0.3338448291202424,-0.3326887861202424,0.3326887861202424,
robust_main_share_lag1_3_mean,Share target with lag1-3 mean predictors,robustness_primary_anchor,linear_robustness,primary_specification,env_patent_share_inventions,lag1_3_mean,AUS,Australia,2023,0.4618776,elastic_net_alpha_1_l1_0.2,0.4618776,2.5970809041829788,-2.135203304182979,2.135203304182979,
robust_main_share_lag1_3_mean,Share target with lag1-3 mean predictors,robustness_primary_anchor,linear_robustness,primary_specification,env_patent_share_inventions,lag1_3_mean,AUT,Austria,2023,0.4801606,elastic_net_alpha_1_l1_0.2,0.4801606,0.9050120956810596,-0.42485149568105957,0.42485149568105957,
robust_main_share_lag1_3_mean,Share target with lag1-3 mean predictors,robustness_primary_anchor,linear_robustness,primary_specification,env_patent_share_inventions,lag1_3_mean,AZE,Azerbaijan,2023,0.006936256,elastic_net_alpha_1_l1_0.2,0.006936256,0.3352133265422549,-0.3282770705422549,0.3282770705422549,
robust_main_share_lag1_3_mean,Share target with lag1-3 mean predictors,robustness_primary_anchor,linear_robustness,primary_specification,env_patent_share_inventions,lag1_3_mean,BEL,Belgium,2023,0.4136321,elastic_net_alpha_1_l1_0.2,0.4136321,0.9027128132705665,-0.4890807132705665,0.4890807132705665,
robust_main_share_lag1_3_mean,Share target with lag1-3 mean predictors,robustness_primary_anchor,linear_robustness,primary_specification,env_patent_share_inventions,lag1_3_mean,BFA,Burkina Faso,2023,0.001156043,elastic_net_alpha_1_l1_0.2,0.001156043,0.14947821749081147,-0.14832217449081148,0.14832217449081148,
robust_main_share_lag1_3_mean,Share target with lag1-3 mean predictors,robustness_primary_anchor,linear_robustness,primary_specification,env_patent_share_inventions,lag1_3_mean,BGD,Bangladesh,2023,0.001156043,elastic_net_alpha_1_l1_0.2,0.001156043,0.5168277014275893,-0.5156716584275892,0.5156716584275892,
robust_main_share_lag1_3_mean,Share target with lag1-3 mean predictors,robustness_primary_anchor,linear_robustness,primary_specification,env_patent_share_inventions,lag1_3_mean,BGR,Bulgaria,2023,0.01202284,elastic_net_alpha_1_l1_0.2,0.01202284,0.41480970630397496,-0.402786866303975,0.402786866303975,
robust_main_share_lag1_3_mean,Share target with lag1-3 mean predictors,robustness_primary_anchor,linear_robustness,primary_specification,env_patent_share_inventions,lag1_3_mean,BHS,"Bahamas, The",2023,0.002312085,elastic_net_alpha_1_l1_0.2,0.002312085,0.34476076001023725,-0.34244867501023724,0.34244867501023724,
robust_main_share_lag1_3_mean,Share target with lag1-3 mean predictors,robustness_primary_anchor,linear_robustness,primary_specification,env_patent_share_inventions,lag1_3_mean,BOL,Bolivia,2023,0.004238823,elastic_net_alpha_1_l1_0.2,0.004238823,0.23835162014772637,-0.23411279714772637,0.23411279714772637,
robust_main_share_lag1_3_mean,Share target with lag1-3 mean predictors,robustness_primary_anchor,linear_robustness,primary_specification,env_patent_share_inventions,lag1_3_mean,BRA,Brazil,2023,0.1532527,elastic_net_alpha_1_l1_0.2,0.1532527,2.590967501094856,-2.437714801094856,2.437714801094856,
robust_main_share_lag1_3_mean,Share target with lag1-3 mean predictors,robustness_primary_anchor,linear_robustness,primary_specification,env_patent_share_inventions,lag1_3_mean,CAN,Canada,2023,0.8605196,elastic_net_alpha_1_l1_0.2,0.8605196,2.7603530533383838,-1.8998334533383838,1.8998334533383838,
robust_main_share_lag1_3_mean,Share target with lag1-3 mean predictors,robustness_primary_anchor,linear_robustness,primary_specification,env_patent_share_inventions,lag1_3_mean,CHE,Switzerland,2023,0.4411294,elastic_net_alpha_1_l1_0.2,0.4411294,0.9310298563634403,-0.48990045636344026,0.48990045636344026,
robust_main_share_lag1_3_mean,Share target with lag1-3 mean predictors,robustness_primary_anchor,linear_robustness,primary_specification,env_patent_share_inventions,lag1_3_mean,CHL,Chile,2023,0.05549005,elastic_net_alpha_1_l1_0.2,0.05549005,0.7455409393439515,-0.6900508893439515,0.6900508893439515,
robust_main_share_lag1_3_mean,Share target with lag1-3 mean predictors,robustness_primary_anchor,linear_robustness,primary_specification,env_patent_share_inventions,lag1_3_mean,CHN,China,2023,38.42308,elastic_net_alpha_1_l1_0.2,38.42308,22.368031316647954,16.055048683352044,16.055048683352044,
robust_main_share_lag1_3_mean,Share target with lag1-3 mean predictors,robustness_primary_anchor,linear_robustness,primary_specification,env_patent_share_inventions,lag1_3_mean,CIV,Cote d'Ivoire,2023,0.0007706951,elastic_net_alpha_1_l1_0.2,0.0007706951,0.3239754653182334,-0.3232047702182334,0.3232047702182334,
robust_main_share_lag1_3_mean,Share target with lag1-3 mean predictors,robustness_primary_anchor,linear_robustness,primary_specification,env_patent_share_inventions,lag1_3_mean,COL,Colombia,2023,0.02127118,elastic_net_alpha_1_l1_0.2,0.02127118,0.7162882234763737,-0.6950170434763736,0.6950170434763736,
robust_main_share_lag1_3_mean,Share target with lag1-3 mean predictors,robustness_primary_anchor,linear_robustness,primary_specification,env_patent_share_inventions,lag1_3_mean,CUB,Cuba,2023,0.002312085,elastic_net_alpha_1_l1_0.2,0.002312085,0.25545982188934013,-0.2531477368893401,0.2531477368893401,
robust_main_share_lag1_3_mean,Share target with lag1-3 mean predictors,robustness_primary_anchor,linear_robustness,primary_specification,env_patent_share_inventions,lag1_3_mean,CYP,Cyprus,2023,0.03872743,elastic_net_alpha_1_l1_0.2,0.03872743,0.227336098839928,-0.188608668839928,0.188608668839928,
robust_main_share_lag1_3_mean,Share target with lag1-3 mean predictors,robustness_primary_anchor,linear_robustness,primary_specification,env_patent_share_inventions,lag1_3_mean,CZE,Czechia,2023,0.118687,elastic_net_alpha_1_l1_0.2,0.118687,0.785266931617929,-0.6665799316179291,0.6665799316179291,
robust_main_share_lag1_3_mean,Share target with lag1-3 mean predictors,robustness_primary_anchor,linear_robustness,primary_specification,env_patent_share_inventions,lag1_3_mean,DEU,Germany,2023,5.323825,elastic_net_alpha_1_l1_0.2,5.323825,4.636592647595455,0.6872323524045454,0.6872323524045454,
robust_main_share_lag1_3_mean,Share target with lag1-3 mean predictors,robustness_primary_anchor,linear_robustness,primary_specification,env_patent_share_inventions,lag1_3_mean,DNK,Denmark,2023,0.7307345,elastic_net_alpha_1_l1_0.2,0.7307345,0.9272073644121025,-0.19647286441210254,0.19647286441210254,
robust_main_share_lag1_3_mean,Share target with lag1-3 mean predictors,robustness_primary_anchor,linear_robustness,primary_specification,env_patent_share_inventions,lag1_3_mean,DZA,Algeria,2023,0.002890107,elastic_net_alpha_1_l1_0.2,0.002890107,0.48080049759368193,-0.47791039059368196,0.47791039059368196,
robust_main_share_lag1_3_mean,Share target with lag1-3 mean predictors,robustness_primary_anchor,linear_robustness,primary_specification,env_patent_share_inventions,lag1_3_mean,EGY,"Egypt, Arab Rep.",2023,0.009441015,elastic_net_alpha_1_l1_0.2,0.009441015,0.8889394972702601,-0.8794984822702601,0.8794984822702601,
robust_main_share_lag1_3_mean,Share target with lag1-3 mean predictors,robustness_primary_anchor,linear_robustness,primary_specification,env_patent_share_inventions,lag1_3_mean,ESP,Spain,2023,0.4860224,elastic_net_alpha_1_l1_0.2,0.4860224,2.331321258071967,-1.845298858071967,1.845298858071967,
robust_main_share_lag1_3_mean,Share target with lag1-3 mean predictors,robustness_primary_anchor,linear_robustness,primary_specification,env_patent_share_inventions,lag1_3_mean,EST,Estonia,2023,0.01271647,elastic_net_alpha_1_l1_0.2,0.01271647,0.4593116552392345,-0.4465951852392345,0.4465951852392345,
robust_main_share_lag1_3_mean,Share target with lag1-3 mean predictors,robustness_primary_anchor,linear_robustness,primary_specification,env_patent_share_inventions,lag1_3_mean,ETH,Ethiopia,2023,0.005780213,elastic_net_alpha_1_l1_0.2,0.005780213,0.4147790433185795,-0.40899883031857953,0.40899883031857953,
robust_main_share_lag1_3_mean,Share target with lag1-3 mean predictors,robustness_primary_anchor,linear_robustness,primary_specification,env_patent_share_inventions,lag1_3_mean,FIN,Finland,2023,0.378583,elastic_net_alpha_1_l1_0.2,0.378583,0.8820068656591482,-0.5034238656591482,0.5034238656591482,
robust_main_share_lag1_3_mean,Share target with lag1-3 mean predictors,robustness_primary_anchor,linear_robustness,primary_specification,env_patent_share_inventions,lag1_3_mean,FRA,France,2023,2.193091,elastic_net_alpha_1_l1_0.2,2.193091,3.0990473016978415,-0.9059563016978416,0.9059563016978416,
robust_main_share_lag1_3_mean,Share target with lag1-3 mean predictors,robustness_primary_anchor,linear_robustness,primary_specification,env_patent_share_inventions,lag1_3_mean,GBR,United Kingdom,2023,1.668825,elastic_net_alpha_1_l1_0.2,1.668825,4.1647719170302215,-2.4959469170302215,2.4959469170302215,
robust_main_share_lag1_3_mean,Share target with lag1-3 mean predictors,robustness_primary_anchor,linear_robustness,primary_specification,env_patent_share_inventions,lag1_3_mean,GEO,Georgia,2023,0.002312085,elastic_net_alpha_1_l1_0.2,0.002312085,0.3574932219405532,-0.3551811369405532,0.3551811369405532,
robust_main_share_lag1_3_mean,Share target with lag1-3 mean predictors,robustness_primary_anchor,linear_robustness,primary_specification,env_patent_share_inventions,lag1_3_mean,GHA,Ghana,2023,0.003468128,elastic_net_alpha_1_l1_0.2,0.003468128,0.34461271287597484,-0.3411445848759748,0.3411445848759748,
robust_main_share_lag1_3_mean,Share target with lag1-3 mean predictors,robustness_primary_anchor,linear_robustness,primary_specification,env_patent_share_inventions,lag1_3_mean,GRC,Greece,2023,0.0370319,elastic_net_alpha_1_l1_0.2,0.0370319,0.6974168100476499,-0.6603849100476499,0.6603849100476499,
robust_main_share_lag1_3_mean,Share target with lag1-3 mean predictors,robustness_primary_anchor,linear_robustness,primary_specification,env_patent_share_inventions,lag1_3_mean,GTM,Guatemala,2023,0.002312085,elastic_net_alpha_1_l1_0.2,0.002312085,0.32269175603320677,-0.32037967103320675,0.32037967103320675,
robust_main_share_lag1_3_mean,Share target with lag1-3 mean predictors,robustness_primary_anchor,linear_robustness,primary_specification,env_patent_share_inventions,lag1_3_mean,HKG,"Hong Kong SAR, China",2023,0.08130834,elastic_net_alpha_1_l1_0.2,0.08130834,0.4665585761545229,-0.3852502361545229,0.3852502361545229,
robust_main_share_lag1_3_mean,Share target with lag1-3 mean predictors,robustness_primary_anchor,linear_robustness,primary_specification,env_patent_share_inventions,lag1_3_mean,HRV,Croatia,2023,0.02196481,elastic_net_alpha_1_l1_0.2,0.02196481,0.42325113886696397,-0.40128632886696397,0.40128632886696397,
robust_main_share_lag1_3_mean,Share target with lag1-3 mean predictors,robustness_primary_anchor,linear_robustness,primary_specification,env_patent_share_inventions,lag1_3_mean,HUN,Hungary,2023,0.04990251,elastic_net_alpha_1_l1_0.2,0.04990251,0.5746929333125641,-0.5247904233125641,0.5247904233125641,
robust_main_share_lag1_3_mean,Share target with lag1-3 mean predictors,robustness_primary_anchor,linear_robustness,primary_specification,env_patent_share_inventions,lag1_3_mean,IDN,Indonesia,2023,0.02235016,elastic_net_alpha_1_l1_0.2,0.02235016,1.56665059491019,-1.54430043491019,1.54430043491019,
robust_main_share_lag1_3_mean,Share target with lag1-3 mean predictors,robustness_primary_anchor,linear_robustness,primary_specification,env_patent_share_inventions,lag1_3_mean,IND,India,2023,0.9509992,elastic_net_alpha_1_l1_0.2,0.9509992,4.853352346061502,-3.902353146061502,3.902353146061502,
robust_main_share_lag1_3_mean,Share target with lag1-3 mean predictors,robustness_primary_anchor,linear_robustness,primary_specification,env_patent_share_inventions,lag1_3_mean,IRL,Ireland,2023,0.113639,elastic_net_alpha_1_l1_0.2,0.113639,0.6879847930297429,-0.5743457930297429,0.5743457930297429,
robust_main_share_lag1_3_mean,Share target with lag1-3 mean predictors,robustness_primary_anchor,linear_robustness,primary_specification,env_patent_share_inventions,lag1_3_mean,IRN,"Iran, Islamic Rep.",2023,0.02181067,elastic_net_alpha_1_l1_0.2,0.02181067,1.512486781260126,-1.490676111260126,1.490676111260126,
robust_main_share_lag1_3_mean,Share target with lag1-3 mean predictors,robustness_primary_anchor,linear_robustness,primary_specification,env_patent_share_inventions,lag1_3_mean,IRQ,Iraq,2023,0.0009248341,elastic_net_alpha_1_l1_0.2,0.0009248341,0.49109701466058525,-0.49017218056058526,0.49017218056058526,
robust_main_share_lag1_3_mean,Share target with lag1-3 mean predictors,robustness_primary_anchor,linear_robustness,primary_specification,env_patent_share_inventions,lag1_3_mean,ISL,Iceland,2023,0.007706951,elastic_net_alpha_1_l1_0.2,0.007706951,0.5331822020605275,-0.5254752510605275,0.5254752510605275,
robust_main_share_lag1_3_mean,Share target with lag1-3 mean predictors,robustness_primary_anchor,linear_robustness,primary_specification,env_patent_share_inventions,lag1_3_mean,ISR,Israel,2023,0.2640401,elastic_net_alpha_1_l1_0.2,0.2640401,0.9798074660463219,-0.7157673660463219,0.7157673660463219,
robust_main_share_lag1_3_mean,Share target with lag1-3 mean predictors,robustness_primary_anchor,linear_robustness,primary_specification,env_patent_share_inventions,lag1_3_mean,ITA,Italy,2023,0.9510773,elastic_net_alpha_1_l1_0.2,0.9510773,2.9449505081722154,-1.9938732081722153,1.9938732081722153,
robust_main_share_lag1_3_mean,Share target with lag1-3 mean predictors,robustness_primary_anchor,linear_robustness,primary_specification,env_patent_share_inventions,lag1_3_mean,JOR,Jordan,2023,0.003986596,elastic_net_alpha_1_l1_0.2,0.003986596,0.3822678765483919,-0.3782812805483919,0.3782812805483919,
robust_main_share_lag1_3_mean,Share target with lag1-3 mean predictors,robustness_primary_anchor,linear_robustness,primary_specification,env_patent_share_inventions,lag1_3_mean,JPN,Japan,2023,12.35528,elastic_net_alpha_1_l1_0.2,12.35528,4.79511166647965,7.560168333520351,7.560168333520351,
robust_main_share_lag1_3_mean,Share target with lag1-3 mean predictors,robustness_primary_anchor,linear_robustness,primary_specification,env_patent_share_inventions,lag1_3_mean,KAZ,Kazakhstan,2023,0.001156043,elastic_net_alpha_1_l1_0.2,0.001156043,0.62052609873808,-0.6193700557380799,0.6193700557380799,
robust_main_share_lag1_3_mean,Share target with lag1-3 mean predictors,robustness_primary_anchor,linear_robustness,primary_specification,env_patent_share_inventions,lag1_3_mean,KEN,Kenya,2023,0.002312085,elastic_net_alpha_1_l1_0.2,0.002312085,0.3648485519759995,-0.3625364669759995,0.3625364669759995,
robust_main_share_lag1_3_mean,Share target with lag1-3 mean predictors,robustness_primary_anchor,linear_robustness,primary_specification,env_patent_share_inventions,lag1_3_mean,KOR,"Korea, Rep.",2023,17.64583,elastic_net_alpha_1_l1_0.2,17.64583,2.75855244946098,14.88727755053902,14.88727755053902,
robust_main_share_lag1_3_mean,Share target with lag1-3 mean predictors,robustness_primary_anchor,linear_robustness,primary_specification,env_patent_share_inventions,lag1_3_mean,KWT,Kuwait,2023,0.0007706951,elastic_net_alpha_1_l1_0.2,0.0007706951,0.6377360707858966,-0.6369653756858965,0.6369653756858965,
robust_main_share_lag1_3_mean,Share target with lag1-3 mean predictors,robustness_primary_anchor,linear_robustness,primary_specification,env_patent_share_inventions,lag1_3_mean,LAO,Lao PDR,2023,0.001156043,elastic_net_alpha_1_l1_0.2,0.001156043,0.17526272179293123,-0.17410667879293124,0.17410667879293124,
robust_main_share_lag1_3_mean,Share target with lag1-3 mean predictors,robustness_primary_anchor,linear_robustness,primary_specification,env_patent_share_inventions,lag1_3_mean,LBN,Lebanon,2023,0.01123113,elastic_net_alpha_1_l1_0.2,0.01123113,0.2598306854731237,-0.2485995554731237,0.2485995554731237,
robust_main_share_lag1_3_mean,Share target with lag1-3 mean predictors,robustness_primary_anchor,linear_robustness,primary_specification,env_patent_share_inventions,lag1_3_mean,LKA,Sri Lanka,2023,0.007321603,elastic_net_alpha_1_l1_0.2,0.007321603,0.3873562325088663,-0.3800346295088663,0.3800346295088663,
robust_main_share_lag1_3_mean,Share target with lag1-3 mean predictors,robustness_primary_anchor,linear_robustness,primary_specification,env_patent_share_inventions,lag1_3_mean,LTU,Lithuania,2023,0.006936256,elastic_net_alpha_1_l1_0.2,0.006936256,0.3816458040197265,-0.3747095480197265,0.3747095480197265,
robust_main_share_lag1_3_mean,Share target with lag1-3 mean predictors,robustness_primary_anchor,linear_robustness,primary_specification,env_patent_share_inventions,lag1_3_mean,LUX,Luxembourg,2023,0.02601096,elastic_net_alpha_1_l1_0.2,0.02601096,-0.07903244524437991,0.10504340524437991,0.10504340524437991,
robust_main_share_lag1_3_mean,Share target with lag1-3 mean predictors,robustness_primary_anchor,linear_robustness,primary_specification,env_patent_share_inventions,lag1_3_mean,LVA,Latvia,2023,0.004624171,elastic_net_alpha_1_l1_0.2,0.004624171,0.3486372023676947,-0.3440130313676947,0.3440130313676947,
robust_main_share_lag1_3_mean,Share target with lag1-3 mean predictors,robustness_primary_anchor,linear_robustness,primary_specification,env_patent_share_inventions,lag1_3_mean,MAR,Morocco,2023,0.02011614,elastic_net_alpha_1_l1_0.2,0.02011614,0.4589200515576092,-0.43880391155760917,0.43880391155760917,
robust_main_share_lag1_3_mean,Share target with lag1-3 mean predictors,robustness_primary_anchor,linear_robustness,primary_specification,env_patent_share_inventions,lag1_3_mean,MEX,Mexico,2023,0.0551047,elastic_net_alpha_1_l1_0.2,0.0551047,1.3592764383220164,-1.3041717383220164,1.3041717383220164,
robust_main_share_lag1_3_mean,Share target with lag1-3 mean predictors,robustness_primary_anchor,linear_robustness,primary_specification,env_patent_share_inventions,lag1_3_mean,MKD,North Macedonia,2023,0.002312085,elastic_net_alpha_1_l1_0.2,0.002312085,0.2347630895995172,-0.2324510045995172,0.2324510045995172,
robust_main_share_lag1_3_mean,Share target with lag1-3 mean predictors,robustness_primary_anchor,linear_robustness,primary_specification,env_patent_share_inventions,lag1_3_mean,MLT,Malta,2023,0.003468128,elastic_net_alpha_1_l1_0.2,0.003468128,0.23245542322735901,-0.22898729522735903,0.22898729522735903,
robust_main_share_lag1_3_mean,Share target with lag1-3 mean predictors,robustness_primary_anchor,linear_robustness,primary_specification,env_patent_share_inventions,lag1_3_mean,MNE,Montenegro,2023,0.003468128,elastic_net_alpha_1_l1_0.2,0.003468128,0.3017605842354284,-0.2982924562354284,0.2982924562354284,
robust_main_share_lag1_3_mean,Share target with lag1-3 mean predictors,robustness_primary_anchor,linear_robustness,primary_specification,env_patent_share_inventions,lag1_3_mean,MYS,Malaysia,2023,0.05518177,elastic_net_alpha_1_l1_0.2,0.05518177,0.9644733446462852,-0.9092915746462852,0.9092915746462852,
robust_main_share_lag1_3_mean,Share target with lag1-3 mean predictors,robustness_primary_anchor,linear_robustness,primary_specification,env_patent_share_inventions,lag1_3_mean,NAM,Namibia,2023,0.001156043,elastic_net_alpha_1_l1_0.2,0.001156043,0.27480491105268945,-0.27364886805268945,0.27364886805268945,
robust_main_share_lag1_3_mean,Share target with lag1-3 mean predictors,robustness_primary_anchor,linear_robustness,primary_specification,env_patent_share_inventions,lag1_3_mean,NLD,Netherlands,2023,0.5949941,elastic_net_alpha_1_l1_0.2,0.5949941,1.1818924202451764,-0.5868983202451764,0.5868983202451764,
robust_main_share_lag1_3_mean,Share target with lag1-3 mean predictors,robustness_primary_anchor,linear_robustness,primary_specification,env_patent_share_inventions,lag1_3_mean,NOR,Norway,2023,0.2159873,elastic_net_alpha_1_l1_0.2,0.2159873,1.0032640272486588,-0.7872767272486588,0.7872767272486588,
robust_main_share_lag1_3_mean,Share target with lag1-3 mean predictors,robustness_primary_anchor,linear_robustness,primary_specification,env_patent_share_inventions,lag1_3_mean,NZL,New Zealand,2023,0.06288872,elastic_net_alpha_1_l1_0.2,0.06288872,0.8480304377136199,-0.7851417177136198,0.7851417177136198,
robust_main_share_lag1_3_mean,Share target with lag1-3 mean predictors,robustness_primary_anchor,linear_robustness,primary_specification,env_patent_share_inventions,lag1_3_mean,PAK,Pakistan,2023,0.002830553,elastic_net_alpha_1_l1_0.2,0.002830553,0.8136755668588564,-0.8108450138588564,0.8108450138588564,
robust_main_share_lag1_3_mean,Share target with lag1-3 mean predictors,robustness_primary_anchor,linear_robustness,primary_specification,env_patent_share_inventions,lag1_3_mean,PAN,Panama,2023,0.005086588,elastic_net_alpha_1_l1_0.2,0.005086588,0.3367526815281796,-0.3316660935281796,0.3316660935281796,
robust_main_share_lag1_3_mean,Share target with lag1-3 mean predictors,robustness_primary_anchor,linear_robustness,primary_specification,env_patent_share_inventions,lag1_3_mean,PER,Peru,2023,0.008477646,elastic_net_alpha_1_l1_0.2,0.008477646,0.5180523809392279,-0.5095747349392279,0.5095747349392279,
robust_main_share_lag1_3_mean,Share target with lag1-3 mean predictors,robustness_primary_anchor,linear_robustness,primary_specification,env_patent_share_inventions,lag1_3_mean,PHL,Philippines,2023,0.002312085,elastic_net_alpha_1_l1_0.2,0.002312085,0.5776902741985662,-0.5753781891985662,0.5753781891985662,
robust_main_share_lag1_3_mean,Share target with lag1-3 mean predictors,robustness_primary_anchor,linear_robustness,primary_specification,env_patent_share_inventions,lag1_3_mean,POL,Poland,2023,0.1666243,elastic_net_alpha_1_l1_0.2,0.1666243,1.4132639211697944,-1.2466396211697943,1.2466396211697943,
robust_main_share_lag1_3_mean,Share target with lag1-3 mean predictors,robustness_primary_anchor,linear_robustness,primary_specification,env_patent_share_inventions,lag1_3_mean,PRI,Puerto Rico (US),2023,0.004624171,elastic_net_alpha_1_l1_0.2,0.004624171,0.43175915485272454,-0.4271349838527245,0.4271349838527245,
robust_main_share_lag1_3_mean,Share target with lag1-3 mean predictors,robustness_primary_anchor,linear_robustness,primary_specification,env_patent_share_inventions,lag1_3_mean,PRT,Portugal,2023,0.08377456,elastic_net_alpha_1_l1_0.2,0.08377456,0.8080495188047705,-0.7242749588047706,0.7242749588047706,
robust_main_share_lag1_3_mean,Share target with lag1-3 mean predictors,robustness_primary_anchor,linear_robustness,primary_specification,env_patent_share_inventions,lag1_3_mean,QAT,Qatar,2023,0.002312085,elastic_net_alpha_1_l1_0.2,0.002312085,1.0359573856724442,-1.0336453006724442,1.0336453006724442,
robust_main_share_lag1_3_mean,Share target with lag1-3 mean predictors,robustness_primary_anchor,linear_robustness,primary_specification,env_patent_share_inventions,lag1_3_mean,ROU,Romania,2023,0.03121315,elastic_net_alpha_1_l1_0.2,0.03121315,0.648299883394861,-0.617086733394861,0.617086733394861,
robust_main_share_lag1_3_mean,Share target with lag1-3 mean predictors,robustness_primary_anchor,linear_robustness,primary_specification,env_patent_share_inventions,lag1_3_mean,RUS,Russian Federation,2023,0.1051999,elastic_net_alpha_1_l1_0.2,0.1051999,2.7523781217280385,-2.6471782217280384,2.6471782217280384,
robust_main_share_lag1_3_mean,Share target with lag1-3 mean predictors,robustness_primary_anchor,linear_robustness,primary_specification,env_patent_share_inventions,lag1_3_mean,SAU,Saudi Arabia,2023,0.1056623,elastic_net_alpha_1_l1_0.2,0.1056623,1.3981531825476037,-1.2924908825476036,1.2924908825476036,
robust_main_share_lag1_3_mean,Share target with lag1-3 mean predictors,robustness_primary_anchor,linear_robustness,primary_specification,env_patent_share_inventions,lag1_3_mean,SGP,Singapore,2023,0.2277789,elastic_net_alpha_1_l1_0.2,0.2277789,0.843458012657879,-0.615679112657879,0.615679112657879,
robust_main_share_lag1_3_mean,Share target with lag1-3 mean predictors,robustness_primary_anchor,linear_robustness,primary_specification,env_patent_share_inventions,lag1_3_mean,SLV,El Salvador,2023,0.002312085,elastic_net_alpha_1_l1_0.2,0.002312085,0.25638626180844015,-0.25407417680844013,0.25407417680844013,
robust_main_share_lag1_3_mean,Share target with lag1-3 mean predictors,robustness_primary_anchor,linear_robustness,primary_specification,env_patent_share_inventions,lag1_3_mean,SRB,Serbia,2023,0.02003807,elastic_net_alpha_1_l1_0.2,0.02003807,0.3826800520343947,-0.3626419820343947,0.3626419820343947,
robust_main_share_lag1_3_mean,Share target with lag1-3 mean predictors,robustness_primary_anchor,linear_robustness,primary_specification,env_patent_share_inventions,lag1_3_mean,SVK,Slovak Republic,2023,0.01965272,elastic_net_alpha_1_l1_0.2,0.01965272,0.3808293823589337,-0.3611766623589337,0.3611766623589337,
robust_main_share_lag1_3_mean,Share target with lag1-3 mean predictors,robustness_primary_anchor,linear_robustness,primary_specification,env_patent_share_inventions,lag1_3_mean,SVN,Slovenia,2023,0.02807532,elastic_net_alpha_1_l1_0.2,0.02807532,0.3727607057126888,-0.3446853857126888,0.3446853857126888,
robust_main_share_lag1_3_mean,Share target with lag1-3 mean predictors,robustness_primary_anchor,linear_robustness,primary_specification,env_patent_share_inventions,lag1_3_mean,SWE,Sweden,2023,0.812775,elastic_net_alpha_1_l1_0.2,0.812775,1.19623916668166,-0.38346416668166006,0.38346416668166006,
robust_main_share_lag1_3_mean,Share target with lag1-3 mean predictors,robustness_primary_anchor,linear_robustness,primary_specification,env_patent_share_inventions,lag1_3_mean,THA,Thailand,2023,0.0242769,elastic_net_alpha_1_l1_0.2,0.0242769,0.773415592665641,-0.7491386926656409,0.7491386926656409,
robust_main_share_lag1_3_mean,Share target with lag1-3 mean predictors,robustness_primary_anchor,linear_robustness,primary_specification,env_patent_share_inventions,lag1_3_mean,TUN,Tunisia,2023,0.002697433,elastic_net_alpha_1_l1_0.2,0.002697433,0.34397800456561045,-0.3412805715656104,0.3412805715656104,
robust_main_share_lag1_3_mean,Share target with lag1-3 mean predictors,robustness_primary_anchor,linear_robustness,primary_specification,env_patent_share_inventions,lag1_3_mean,TUR,Turkiye,2023,0.2342913,elastic_net_alpha_1_l1_0.2,0.2342913,1.7228052422070985,-1.4885139422070985,1.4885139422070985,
robust_main_share_lag1_3_mean,Share target with lag1-3 mean predictors,robustness_primary_anchor,linear_robustness,primary_specification,env_patent_share_inventions,lag1_3_mean,UGA,Uganda,2023,0.003468128,elastic_net_alpha_1_l1_0.2,0.003468128,0.18859179498283207,-0.18512366698283209,0.18512366698283209,
robust_main_share_lag1_3_mean,Share target with lag1-3 mean predictors,robustness_primary_anchor,linear_robustness,primary_specification,env_patent_share_inventions,lag1_3_mean,UKR,Ukraine,2023,0.04046149,elastic_net_alpha_1_l1_0.2,0.04046149,0.5461008625668198,-0.5056393725668198,0.5056393725668198,
robust_main_share_lag1_3_mean,Share target with lag1-3 mean predictors,robustness_primary_anchor,linear_robustness,primary_specification,env_patent_share_inventions,lag1_3_mean,USA,United States,2023,10.59949,elastic_net_alpha_1_l1_0.2,10.59949,20.05495099033555,-9.455460990335549,9.455460990335549,
robust_main_share_lag1_3_mean,Share target with lag1-3 mean predictors,robustness_primary_anchor,linear_robustness,primary_specification,env_patent_share_inventions,lag1_3_mean,UZB,Uzbekistan,2023,0.00154139,elastic_net_alpha_1_l1_0.2,0.00154139,0.3557521890514659,-0.3542107990514659,0.3542107990514659,
robust_main_share_lag1_3_mean,Share target with lag1-3 mean predictors,robustness_primary_anchor,linear_robustness,primary_specification,env_patent_share_inventions,lag1_3_mean,VEN,"Venezuela, RB",2023,0.001156043,elastic_net_alpha_1_l1_0.2,0.001156043,0.204390662064723,-0.203234619064723,0.203234619064723,
robust_main_share_lag1_3_mean,Share target with lag1-3 mean predictors,robustness_primary_anchor,linear_robustness,primary_specification,env_patent_share_inventions,lag1_3_mean,VNM,Viet Nam,2023,0.006550908,elastic_net_alpha_1_l1_0.2,0.006550908,0.47852520671644866,-0.47197429871644864,0.47197429871644864,
robust_main_share_lag1_3_mean,Share target with lag1-3 mean predictors,robustness_primary_anchor,linear_robustness,primary_specification,env_patent_share_inventions,lag1_3_mean,ZAF,South Africa,2023,0.06049956,elastic_net_alpha_1_l1_0.2,0.06049956,0.87532101647043,-0.81482145647043,0.81482145647043,
robust_main_share_lag1_3_mean,Share target with lag1-3 mean predictors,robustness_primary_anchor,linear_robustness,primary_specification,env_patent_share_inventions,lag1_3_mean,ZWE,Zimbabwe,2023,0.0007706951,elastic_net_alpha_1_l1_0.2,0.0007706951,0.20139344544343862,-0.20062275034343863,0.20062275034343863,
robust_main_share_lag1,Share target with common-sample lag1 predictors,robustness_timing,linear_robustness,common_sample_lag1_timing,env_patent_share_inventions,lag1,ALB,Albania,2021,0.0009673051,elastic_net_alpha_1_l1_0.2,0.0009673051,0.2682533938042835,-0.2672860887042835,0.2672860887042835,
robust_main_share_lag1,Share target with common-sample lag1 predictors,robustness_timing,linear_robustness,common_sample_lag1_timing,env_patent_share_inventions,lag1,ARE,United Arab Emirates,2021,0.03864921,elastic_net_alpha_1_l1_0.2,0.03864921,0.8055792409501749,-0.7669300309501749,0.7669300309501749,
robust_main_share_lag1,Share target with common-sample lag1 predictors,robustness_timing,linear_robustness,common_sample_lag1_timing,env_patent_share_inventions,lag1,ARG,Argentina,2021,0.00838331,elastic_net_alpha_1_l1_0.2,0.00838331,0.7422274315701791,-0.7338441215701791,0.7338441215701791,
robust_main_share_lag1,Share target with common-sample lag1 predictors,robustness_timing,linear_robustness,common_sample_lag1_timing,env_patent_share_inventions,lag1,ARM,Armenia,2021,0.0009673051,elastic_net_alpha_1_l1_0.2,0.0009673051,0.3479550645695697,-0.3469877594695697,0.3469877594695697,
robust_main_share_lag1,Share target with common-sample lag1 predictors,robustness_timing,linear_robustness,common_sample_lag1_timing,env_patent_share_inventions,lag1,AUS,Australia,2021,0.6052428,elastic_net_alpha_1_l1_0.2,0.6052428,2.471584039902576,-1.8663412399025758,1.8663412399025758,
robust_main_share_lag1,Share target with common-sample lag1 predictors,robustness_timing,linear_robustness,common_sample_lag1_timing,env_patent_share_inventions,lag1,AUT,Austria,2021,0.600331,elastic_net_alpha_1_l1_0.2,0.600331,0.8683696967065804,-0.2680386967065804,0.2680386967065804,
robust_main_share_lag1,Share target with common-sample lag1 predictors,robustness_timing,linear_robustness,common_sample_lag1_timing,env_patent_share_inventions,lag1,AZE,Azerbaijan,2021,0.00451409,elastic_net_alpha_1_l1_0.2,0.00451409,0.3542868209261716,-0.34977273092617156,0.34977273092617156,
robust_main_share_lag1,Share target with common-sample lag1 predictors,robustness_timing,linear_robustness,common_sample_lag1_timing,env_patent_share_inventions,lag1,BEL,Belgium,2021,0.5078351,elastic_net_alpha_1_l1_0.2,0.5078351,0.8504218514164029,-0.34258675141640293,0.34258675141640293,
robust_main_share_lag1,Share target with common-sample lag1 predictors,robustness_timing,linear_robustness,common_sample_lag1_timing,env_patent_share_inventions,lag1,BFA,Burkina Faso,2021,0.0009673051,elastic_net_alpha_1_l1_0.2,0.0009673051,0.13693758635119702,-0.135970281251197,0.135970281251197,
robust_main_share_lag1,Share target with common-sample lag1 predictors,robustness_timing,linear_robustness,common_sample_lag1_timing,env_patent_share_inventions,lag1,BGD,Bangladesh,2021,0.002321532,elastic_net_alpha_1_l1_0.2,0.002321532,0.42467103316363775,-0.42234950116363773,0.42234950116363773,
robust_main_share_lag1,Share target with common-sample lag1 predictors,robustness_timing,linear_robustness,common_sample_lag1_timing,env_patent_share_inventions,lag1,BGR,Bulgaria,2021,0.0156381,elastic_net_alpha_1_l1_0.2,0.0156381,0.40765388924431345,-0.39201578924431346,0.39201578924431346,
robust_main_share_lag1,Share target with common-sample lag1 predictors,robustness_timing,linear_robustness,common_sample_lag1_timing,env_patent_share_inventions,lag1,BHS,"Bahamas, The",2021,0.004836525,elastic_net_alpha_1_l1_0.2,0.004836525,0.35507650503341714,-0.35023998003341716,0.35023998003341716,
robust_main_share_lag1,Share target with common-sample lag1 predictors,robustness_timing,linear_robustness,common_sample_lag1_timing,env_patent_share_inventions,lag1,BLR,Belarus,2021,0.01176888,elastic_net_alpha_1_l1_0.2,0.01176888,0.22908924796282837,-0.21732036796282836,0.21732036796282836,
robust_main_share_lag1,Share target with common-sample lag1 predictors,robustness_timing,linear_robustness,common_sample_lag1_timing,env_patent_share_inventions,lag1,BRA,Brazil,2021,0.2022635,elastic_net_alpha_1_l1_0.2,0.2022635,2.3555791829439205,-2.1533156829439206,2.1533156829439206,
robust_main_share_lag1,Share target with common-sample lag1 predictors,robustness_timing,linear_robustness,common_sample_lag1_timing,env_patent_share_inventions,lag1,CAN,Canada,2021,1.406397,elastic_net_alpha_1_l1_0.2,1.406397,2.5680669655645785,-1.1616699655645786,1.1616699655645786,
robust_main_share_lag1,Share target with common-sample lag1 predictors,robustness_timing,linear_robustness,common_sample_lag1_timing,env_patent_share_inventions,lag1,CHE,Switzerland,2021,0.5670665,elastic_net_alpha_1_l1_0.2,0.5670665,0.7249452086828778,-0.1578787086828778,0.1578787086828778,
robust_main_share_lag1,Share target with common-sample lag1 predictors,robustness_timing,linear_robustness,common_sample_lag1_timing,env_patent_share_inventions,lag1,CHL,Chile,2021,0.04739795,elastic_net_alpha_1_l1_0.2,0.04739795,0.7358405984768419,-0.6884426484768419,0.6884426484768419,
robust_main_share_lag1,Share target with common-sample lag1 predictors,robustness_timing,linear_robustness,common_sample_lag1_timing,env_patent_share_inventions,lag1,CHN,China,2021,27.46088,elastic_net_alpha_1_l1_0.2,27.46088,19.02687691825819,8.43400308174181,8.43400308174181,
robust_main_share_lag1,Share target with common-sample lag1 predictors,robustness_timing,linear_robustness,common_sample_lag1_timing,env_patent_share_inventions,lag1,CMR,Cameroon,2021,0.00064487,elastic_net_alpha_1_l1_0.2,0.00064487,0.16789941376526274,-0.16725454376526275,0.16725454376526275,
robust_main_share_lag1,Share target with common-sample lag1 predictors,robustness_timing,linear_robustness,common_sample_lag1_timing,env_patent_share_inventions,lag1,COL,Colombia,2021,0.01708906,elastic_net_alpha_1_l1_0.2,0.01708906,0.6604946289680486,-0.6434055689680486,0.6434055689680486,
robust_main_share_lag1,Share target with common-sample lag1 predictors,robustness_timing,linear_robustness,common_sample_lag1_timing,env_patent_share_inventions,lag1,CPV,Cabo Verde,2021,0.00064487,elastic_net_alpha_1_l1_0.2,0.00064487,0.2536279089502905,-0.2529830389502905,0.2529830389502905,
robust_main_share_lag1,Share target with common-sample lag1 predictors,robustness_timing,linear_robustness,common_sample_lag1_timing,env_patent_share_inventions,lag1,CRI,Costa Rica,2021,0.00193461,elastic_net_alpha_1_l1_0.2,0.00193461,0.3881426534421626,-0.3862080434421626,0.3862080434421626,
robust_main_share_lag1,Share target with common-sample lag1 predictors,robustness_timing,linear_robustness,common_sample_lag1_timing,env_patent_share_inventions,lag1,CYP,Cyprus,2021,0.007416006,elastic_net_alpha_1_l1_0.2,0.007416006,0.18844254445111108,-0.18102653845111108,0.18102653845111108,
robust_main_share_lag1,Share target with common-sample lag1 predictors,robustness_timing,linear_robustness,common_sample_lag1_timing,env_patent_share_inventions,lag1,CZE,Czechia,2021,0.1125298,elastic_net_alpha_1_l1_0.2,0.1125298,0.7845672326461413,-0.6720374326461412,0.6720374326461412,
robust_main_share_lag1,Share target with common-sample lag1 predictors,robustness_timing,linear_robustness,common_sample_lag1_timing,env_patent_share_inventions,lag1,DEU,Germany,2021,6.09054,elastic_net_alpha_1_l1_0.2,6.09054,4.4680727126135995,1.6224672873864003,1.6224672873864003,
robust_main_share_lag1,Share target with common-sample lag1 predictors,robustness_timing,linear_robustness,common_sample_lag1_timing,env_patent_share_inventions,lag1,DNK,Denmark,2021,0.8738312,elastic_net_alpha_1_l1_0.2,0.8738312,0.911798650354496,-0.037967450354496,0.037967450354496,
robust_main_share_lag1,Share target with common-sample lag1 predictors,robustness_timing,linear_robustness,common_sample_lag1_timing,env_patent_share_inventions,lag1,DOM,Dominican Republic,2021,0.00064487,elastic_net_alpha_1_l1_0.2,0.00064487,0.3715565890554161,-0.3709117190554161,0.3709117190554161,
robust_main_share_lag1,Share target with common-sample lag1 predictors,robustness_timing,linear_robustness,common_sample_lag1_timing,env_patent_share_inventions,lag1,DZA,Algeria,2021,0.003288837,elastic_net_alpha_1_l1_0.2,0.003288837,0.42623067887472477,-0.4229418418747248,0.4229418418747248,
robust_main_share_lag1,Share target with common-sample lag1 predictors,robustness_timing,linear_robustness,common_sample_lag1_timing,env_patent_share_inventions,lag1,ECU,Ecuador,2021,0.001612175,elastic_net_alpha_1_l1_0.2,0.001612175,0.3206632837342138,-0.31905110873421383,0.31905110873421383,
robust_main_share_lag1,Share target with common-sample lag1 predictors,robustness_timing,linear_robustness,common_sample_lag1_timing,env_patent_share_inventions,lag1,EGY,"Egypt, Arab Rep.",2021,0.01321984,elastic_net_alpha_1_l1_0.2,0.01321984,0.7844694709836288,-0.7712496309836289,0.7712496309836289,
robust_main_share_lag1,Share target with common-sample lag1 predictors,robustness_timing,linear_robustness,common_sample_lag1_timing,env_patent_share_inventions,lag1,ESP,Spain,2021,0.6234819,elastic_net_alpha_1_l1_0.2,0.6234819,2.1477818587271624,-1.5242999587271624,1.5242999587271624,
robust_main_share_lag1,Share target with common-sample lag1 predictors,robustness_timing,linear_robustness,common_sample_lag1_timing,env_patent_share_inventions,lag1,EST,Estonia,2021,0.01386471,elastic_net_alpha_1_l1_0.2,0.01386471,0.4801057824974275,-0.4662410724974275,0.4662410724974275,
robust_main_share_lag1,Share target with common-sample lag1 predictors,robustness_timing,linear_robustness,common_sample_lag1_timing,env_patent_share_inventions,lag1,ETH,Ethiopia,2021,0.002257045,elastic_net_alpha_1_l1_0.2,0.002257045,0.23187872531327525,-0.22962168031327523,0.22962168031327523,
robust_main_share_lag1,Share target with common-sample lag1 predictors,robustness_timing,linear_robustness,common_sample_lag1_timing,env_patent_share_inventions,lag1,FIN,Finland,2021,0.4526021,elastic_net_alpha_1_l1_0.2,0.4526021,0.8727915085571026,-0.42018940855710263,0.42018940855710263,
robust_main_share_lag1,Share target with common-sample lag1 predictors,robustness_timing,linear_robustness,common_sample_lag1_timing,env_patent_share_inventions,lag1,FRA,France,2021,2.559317,elastic_net_alpha_1_l1_0.2,2.559317,2.8425967335055087,-0.2832797335055086,0.2832797335055086,
robust_main_share_lag1,Share target with common-sample lag1 predictors,robustness_timing,linear_robustness,common_sample_lag1_timing,env_patent_share_inventions,lag1,GBR,United Kingdom,2021,1.863642,elastic_net_alpha_1_l1_0.2,1.863642,3.9732967170201663,-2.1096547170201663,2.1096547170201663,
robust_main_share_lag1,Share target with common-sample lag1 predictors,robustness_timing,linear_robustness,common_sample_lag1_timing,env_patent_share_inventions,lag1,GEO,Georgia,2021,0.007738441,elastic_net_alpha_1_l1_0.2,0.007738441,0.38247454627911226,-0.3747361052791123,0.3747361052791123,
robust_main_share_lag1,Share target with common-sample lag1 predictors,robustness_timing,linear_robustness,common_sample_lag1_timing,env_patent_share_inventions,lag1,GRC,Greece,2021,0.04058382,elastic_net_alpha_1_l1_0.2,0.04058382,0.6785334149385369,-0.6379495949385369,0.6379495949385369,
robust_main_share_lag1,Share target with common-sample lag1 predictors,robustness_timing,linear_robustness,common_sample_lag1_timing,env_patent_share_inventions,lag1,HKG,"Hong Kong SAR, China",2021,0.09469917,elastic_net_alpha_1_l1_0.2,0.09469917,0.5341613320840128,-0.43946216208401284,0.43946216208401284,
robust_main_share_lag1,Share target with common-sample lag1 predictors,robustness_timing,linear_robustness,common_sample_lag1_timing,env_patent_share_inventions,lag1,HRV,Croatia,2021,0.02037789,elastic_net_alpha_1_l1_0.2,0.02037789,0.39529208694894336,-0.37491419694894335,0.37491419694894335,
robust_main_share_lag1,Share target with common-sample lag1 predictors,robustness_timing,linear_robustness,common_sample_lag1_timing,env_patent_share_inventions,lag1,HUN,Hungary,2021,0.04149739,elastic_net_alpha_1_l1_0.2,0.04149739,0.7588221930596868,-0.7173248030596868,0.7173248030596868,
robust_main_share_lag1,Share target with common-sample lag1 predictors,robustness_timing,linear_robustness,common_sample_lag1_timing,env_patent_share_inventions,lag1,IDN,Indonesia,2021,0.01360676,elastic_net_alpha_1_l1_0.2,0.01360676,1.4536861474443747,-1.4400793874443747,1.4400793874443747,
robust_main_share_lag1,Share target with common-sample lag1 predictors,robustness_timing,linear_robustness,common_sample_lag1_timing,env_patent_share_inventions,lag1,IND,India,2021,1.139217,elastic_net_alpha_1_l1_0.2,1.139217,4.013372698588335,-2.874155698588335,2.874155698588335,
robust_main_share_lag1,Share target with common-sample lag1 predictors,robustness_timing,linear_robustness,common_sample_lag1_timing,env_patent_share_inventions,lag1,IRL,Ireland,2021,0.1236538,elastic_net_alpha_1_l1_0.2,0.1236538,0.6415638516992885,-0.5179100516992885,0.5179100516992885,
robust_main_share_lag1,Share target with common-sample lag1 predictors,robustness_timing,linear_robustness,common_sample_lag1_timing,env_patent_share_inventions,lag1,IRN,"Iran, Islamic Rep.",2021,0.03633843,elastic_net_alpha_1_l1_0.2,0.03633843,1.354813119844251,-1.318474689844251,1.318474689844251,
robust_main_share_lag1,Share target with common-sample lag1 predictors,robustness_timing,linear_robustness,common_sample_lag1_timing,env_patent_share_inventions,lag1,ISL,Iceland,2021,0.009673051,elastic_net_alpha_1_l1_0.2,0.009673051,0.49096935227465416,-0.48129630127465417,0.48129630127465417,
robust_main_share_lag1,Share target with common-sample lag1 predictors,robustness_timing,linear_robustness,common_sample_lag1_timing,env_patent_share_inventions,lag1,ISR,Israel,2021,0.4227123,elastic_net_alpha_1_l1_0.2,0.4227123,0.9871607513086156,-0.5644484513086157,0.5644484513086157,
robust_main_share_lag1,Share target with common-sample lag1 predictors,robustness_timing,linear_robustness,common_sample_lag1_timing,env_patent_share_inventions,lag1,ITA,Italy,2021,1.366383,elastic_net_alpha_1_l1_0.2,1.366383,2.6207871035382344,-1.2544041035382345,1.2544041035382345,
robust_main_share_lag1,Share target with common-sample lag1 predictors,robustness_timing,linear_robustness,common_sample_lag1_timing,env_patent_share_inventions,lag1,JOR,Jordan,2021,0.009565572,elastic_net_alpha_1_l1_0.2,0.009565572,0.403218066128878,-0.393652494128878,0.393652494128878,
robust_main_share_lag1,Share target with common-sample lag1 predictors,robustness_timing,linear_robustness,common_sample_lag1_timing,env_patent_share_inventions,lag1,JPN,Japan,2021,18.32637,elastic_net_alpha_1_l1_0.2,18.32637,4.615550506219401,13.7108194937806,13.7108194937806,
robust_main_share_lag1,Share target with common-sample lag1 predictors,robustness_timing,linear_robustness,common_sample_lag1_timing,env_patent_share_inventions,lag1,KAZ,Kazakhstan,2021,0.006771136,elastic_net_alpha_1_l1_0.2,0.006771136,0.6248289833986351,-0.6180578473986351,0.6180578473986351,
robust_main_share_lag1,Share target with common-sample lag1 predictors,robustness_timing,linear_robustness,common_sample_lag1_timing,env_patent_share_inventions,lag1,KEN,Kenya,2021,0.001450958,elastic_net_alpha_1_l1_0.2,0.001450958,0.2615191989854758,-0.2600682409854758,0.2600682409854758,
robust_main_share_lag1,Share target with common-sample lag1 predictors,robustness_timing,linear_robustness,common_sample_lag1_timing,env_patent_share_inventions,lag1,KGZ,Kyrgyz Republic,2021,0.00064487,elastic_net_alpha_1_l1_0.2,0.00064487,0.1817681738367729,-0.18112330383677291,0.18112330383677291,
robust_main_share_lag1,Share target with common-sample lag1 predictors,robustness_timing,linear_robustness,common_sample_lag1_timing,env_patent_share_inventions,lag1,KHM,Cambodia,2021,0.00128974,elastic_net_alpha_1_l1_0.2,0.00128974,0.061875812157544674,-0.060586072157544676,0.060586072157544676,
robust_main_share_lag1,Share target with common-sample lag1 predictors,robustness_timing,linear_robustness,common_sample_lag1_timing,env_patent_share_inventions,lag1,KOR,"Korea, Rep.",2021,13.81879,elastic_net_alpha_1_l1_0.2,13.81879,2.6050917367209383,11.213698263279062,11.213698263279062,
robust_main_share_lag1,Share target with common-sample lag1 predictors,robustness_timing,linear_robustness,common_sample_lag1_timing,env_patent_share_inventions,lag1,KWT,Kuwait,2021,0.00764171,elastic_net_alpha_1_l1_0.2,0.00764171,0.6247045606696229,-0.6170628506696229,0.6170628506696229,
robust_main_share_lag1,Share target with common-sample lag1 predictors,robustness_timing,linear_robustness,common_sample_lag1_timing,env_patent_share_inventions,lag1,LBN,Lebanon,2021,0.007158058,elastic_net_alpha_1_l1_0.2,0.007158058,0.3164058767197798,-0.3092478187197798,0.3092478187197798,
robust_main_share_lag1,Share target with common-sample lag1 predictors,robustness_timing,linear_robustness,common_sample_lag1_timing,env_patent_share_inventions,lag1,LBY,Libya,2021,0.0009673051,elastic_net_alpha_1_l1_0.2,0.0009673051,0.14991760101243223,-0.14895029591243222,0.14895029591243222,
robust_main_share_lag1,Share target with common-sample lag1 predictors,robustness_timing,linear_robustness,common_sample_lag1_timing,env_patent_share_inventions,lag1,LKA,Sri Lanka,2021,0.01612175,elastic_net_alpha_1_l1_0.2,0.01612175,0.3422944629049056,-0.3261727129049056,0.3261727129049056,
robust_main_share_lag1,Share target with common-sample lag1 predictors,robustness_timing,linear_robustness,common_sample_lag1_timing,env_patent_share_inventions,lag1,LTU,Lithuania,2021,0.01064036,elastic_net_alpha_1_l1_0.2,0.01064036,0.3923413495799586,-0.38170098957995857,0.38170098957995857,
robust_main_share_lag1,Share target with common-sample lag1 predictors,robustness_timing,linear_robustness,common_sample_lag1_timing,env_patent_share_inventions,lag1,LUX,Luxembourg,2021,0.05029986,elastic_net_alpha_1_l1_0.2,0.05029986,0.18208318082386488,-0.13178332082386487,0.13178332082386487,
robust_main_share_lag1,Share target with common-sample lag1 predictors,robustness_timing,linear_robustness,common_sample_lag1_timing,env_patent_share_inventions,lag1,LVA,Latvia,2021,0.02031341,elastic_net_alpha_1_l1_0.2,0.02031341,0.3521951678117431,-0.3318817578117431,0.3318817578117431,
robust_main_share_lag1,Share target with common-sample lag1 predictors,robustness_timing,linear_robustness,common_sample_lag1_timing,env_patent_share_inventions,lag1,MAC,"Macao SAR, China",2021,0.00386922,elastic_net_alpha_1_l1_0.2,0.00386922,0.44754143358795506,-0.44367221358795506,0.44367221358795506,
robust_main_share_lag1,Share target with common-sample lag1 predictors,robustness_timing,linear_robustness,common_sample_lag1_timing,env_patent_share_inventions,lag1,MAR,Morocco,2021,0.01747598,elastic_net_alpha_1_l1_0.2,0.01747598,0.4644000206664937,-0.4469240406664937,0.4469240406664937,
robust_main_share_lag1,Share target with common-sample lag1 predictors,robustness_timing,linear_robustness,common_sample_lag1_timing,env_patent_share_inventions,lag1,MDA,Moldova,2021,0.001128523,elastic_net_alpha_1_l1_0.2,0.001128523,0.26710341055498565,-0.26597488755498566,0.26597488755498566,
robust_main_share_lag1,Share target with common-sample lag1 predictors,robustness_timing,linear_robustness,common_sample_lag1_timing,env_patent_share_inventions,lag1,MEX,Mexico,2021,0.08141485,elastic_net_alpha_1_l1_0.2,0.08141485,1.2667634489528645,-1.1853485989528645,1.1853485989528645,
robust_main_share_lag1,Share target with common-sample lag1 predictors,robustness_timing,linear_robustness,common_sample_lag1_timing,env_patent_share_inventions,lag1,MLT,Malta,2021,0.007416006,elastic_net_alpha_1_l1_0.2,0.007416006,0.2430636390043387,-0.2356476330043387,0.2356476330043387,
robust_main_share_lag1,Share target with common-sample lag1 predictors,robustness_timing,linear_robustness,common_sample_lag1_timing,env_patent_share_inventions,lag1,MNE,Montenegro,2021,0.0009673051,elastic_net_alpha_1_l1_0.2,0.0009673051,0.29812357983600246,-0.2971562747360025,0.2971562747360025,
robust_main_share_lag1,Share target with common-sample lag1 predictors,robustness_timing,linear_robustness,common_sample_lag1_timing,env_patent_share_inventions,lag1,MRT,Mauritania,2021,0.0009673051,elastic_net_alpha_1_l1_0.2,0.0009673051,0.12299389808772565,-0.12202659298772565,0.12202659298772565,
robust_main_share_lag1,Share target with common-sample lag1 predictors,robustness_timing,linear_robustness,common_sample_lag1_timing,env_patent_share_inventions,lag1,MUS,Mauritius,2021,0.00064487,elastic_net_alpha_1_l1_0.2,0.00064487,0.3700742739259706,-0.36942940392597057,0.36942940392597057,
robust_main_share_lag1,Share target with common-sample lag1 predictors,robustness_timing,linear_robustness,common_sample_lag1_timing,env_patent_share_inventions,lag1,MYS,Malaysia,2021,0.08705746,elastic_net_alpha_1_l1_0.2,0.08705746,0.9035918093522812,-0.8165343493522812,0.8165343493522812,
robust_main_share_lag1,Share target with common-sample lag1 predictors,robustness_timing,linear_robustness,common_sample_lag1_timing,env_patent_share_inventions,lag1,NCL,New Caledonia,2021,0.002901915,elastic_net_alpha_1_l1_0.2,0.002901915,0.6807542190195465,-0.6778523040195464,0.6778523040195464,
robust_main_share_lag1,Share target with common-sample lag1 predictors,robustness_timing,linear_robustness,common_sample_lag1_timing,env_patent_share_inventions,lag1,NER,Niger,2021,0.00064487,elastic_net_alpha_1_l1_0.2,0.00064487,0.12649031470041594,-0.12584544470041595,0.12584544470041595,
robust_main_share_lag1,Share target with common-sample lag1 predictors,robustness_timing,linear_robustness,common_sample_lag1_timing,env_patent_share_inventions,lag1,NLD,Netherlands,2021,0.8459405,elastic_net_alpha_1_l1_0.2,0.8459405,0.988968040964814,-0.14302754096481407,0.14302754096481407,
robust_main_share_lag1,Share target with common-sample lag1 predictors,robustness_timing,linear_robustness,common_sample_lag1_timing,env_patent_share_inventions,lag1,NOR,Norway,2021,0.2947056,elastic_net_alpha_1_l1_0.2,0.2947056,0.9521122014125089,-0.6574066014125088,0.6574066014125088,
robust_main_share_lag1,Share target with common-sample lag1 predictors,robustness_timing,linear_robustness,common_sample_lag1_timing,env_patent_share_inventions,lag1,NPL,Nepal,2021,0.00128974,elastic_net_alpha_1_l1_0.2,0.00128974,0.17915339505704742,-0.1778636550570474,0.1778636550570474,
robust_main_share_lag1,Share target with common-sample lag1 predictors,robustness_timing,linear_robustness,common_sample_lag1_timing,env_patent_share_inventions,lag1,NZL,New Zealand,2021,0.08180176,elastic_net_alpha_1_l1_0.2,0.08180176,0.8925062763975616,-0.8107045163975617,0.8107045163975617,
robust_main_share_lag1,Share target with common-sample lag1 predictors,robustness_timing,linear_robustness,common_sample_lag1_timing,env_patent_share_inventions,lag1,OMN,Oman,2021,0.002418263,elastic_net_alpha_1_l1_0.2,0.002418263,0.6045614526272078,-0.6021431896272078,0.6021431896272078,
robust_main_share_lag1,Share target with common-sample lag1 predictors,robustness_timing,linear_robustness,common_sample_lag1_timing,env_patent_share_inventions,lag1,PAK,Pakistan,2021,0.00838331,elastic_net_alpha_1_l1_0.2,0.00838331,0.6623846169354455,-0.6540013069354454,0.6540013069354454,
robust_main_share_lag1,Share target with common-sample lag1 predictors,robustness_timing,linear_robustness,common_sample_lag1_timing,env_patent_share_inventions,lag1,PAN,Panama,2021,0.001450958,elastic_net_alpha_1_l1_0.2,0.001450958,0.3407360281999715,-0.3392850701999715,0.3392850701999715,
robust_main_share_lag1,Share target with common-sample lag1 predictors,robustness_timing,linear_robustness,common_sample_lag1_timing,env_patent_share_inventions,lag1,PER,Peru,2021,0.009028181,elastic_net_alpha_1_l1_0.2,0.009028181,0.4779643030618375,-0.4689361220618375,0.4689361220618375,
robust_main_share_lag1,Share target with common-sample lag1 predictors,robustness_timing,linear_robustness,common_sample_lag1_timing,env_patent_share_inventions,lag1,PHL,Philippines,2021,0.01666989,elastic_net_alpha_1_l1_0.2,0.01666989,0.5300747985228151,-0.5134049085228152,0.5134049085228152,
robust_main_share_lag1,Share target with common-sample lag1 predictors,robustness_timing,linear_robustness,common_sample_lag1_timing,env_patent_share_inventions,lag1,POL,Poland,2021,0.1891726,elastic_net_alpha_1_l1_0.2,0.1891726,1.331252518532119,-1.1420799185321189,1.1420799185321189,
robust_main_share_lag1,Share target with common-sample lag1 predictors,robustness_timing,linear_robustness,common_sample_lag1_timing,env_patent_share_inventions,lag1,PRI,Puerto Rico (US),2021,0.00193461,elastic_net_alpha_1_l1_0.2,0.00193461,0.443518121322021,-0.441583511322021,0.441583511322021,
robust_main_share_lag1,Share target with common-sample lag1 predictors,robustness_timing,linear_robustness,common_sample_lag1_timing,env_patent_share_inventions,lag1,PRT,Portugal,2021,0.05997292,elastic_net_alpha_1_l1_0.2,0.05997292,0.7688472207217525,-0.7088743007217525,0.7088743007217525,
robust_main_share_lag1,Share target with common-sample lag1 predictors,robustness_timing,linear_robustness,common_sample_lag1_timing,env_patent_share_inventions,lag1,PRY,Paraguay,2021,0.00064487,elastic_net_alpha_1_l1_0.2,0.00064487,0.2205685405907566,-0.2199236705907566,0.2199236705907566,
robust_main_share_lag1,Share target with common-sample lag1 predictors,robustness_timing,linear_robustness,common_sample_lag1_timing,env_patent_share_inventions,lag1,PSE,West Bank and Gaza,2021,0.00193461,elastic_net_alpha_1_l1_0.2,0.00193461,0.3231749155030086,-0.3212403055030086,0.3212403055030086,
robust_main_share_lag1,Share target with common-sample lag1 predictors,robustness_timing,linear_robustness,common_sample_lag1_timing,env_patent_share_inventions,lag1,QAT,Qatar,2021,0.01160766,elastic_net_alpha_1_l1_0.2,0.01160766,1.0027489317752087,-0.9911412717752087,0.9911412717752087,
robust_main_share_lag1,Share target with common-sample lag1 predictors,robustness_timing,linear_robustness,common_sample_lag1_timing,env_patent_share_inventions,lag1,ROU,Romania,2021,0.03520991,elastic_net_alpha_1_l1_0.2,0.03520991,0.6018687266023056,-0.5666588166023057,0.5666588166023057,
robust_main_share_lag1,Share target with common-sample lag1 predictors,robustness_timing,linear_robustness,common_sample_lag1_timing,env_patent_share_inventions,lag1,RUS,Russian Federation,2021,0.2115711,elastic_net_alpha_1_l1_0.2,0.2115711,2.6335030612196677,-2.4219319612196677,2.4219319612196677,
robust_main_share_lag1,Share target with common-sample lag1 predictors,robustness_timing,linear_robustness,common_sample_lag1_timing,env_patent_share_inventions,lag1,SAU,Saudi Arabia,2021,0.1900755,elastic_net_alpha_1_l1_0.2,0.1900755,1.218776079039288,-1.028700579039288,1.028700579039288,
robust_main_share_lag1,Share target with common-sample lag1 predictors,robustness_timing,linear_robustness,common_sample_lag1_timing,env_patent_share_inventions,lag1,SDN,Sudan,2021,0.0004836525,elastic_net_alpha_1_l1_0.2,0.0004836525,0.12463122250480152,-0.12414757000480152,0.12414757000480152,
robust_main_share_lag1,Share target with common-sample lag1 predictors,robustness_timing,linear_robustness,common_sample_lag1_timing,env_patent_share_inventions,lag1,SGP,Singapore,2021,0.2456955,elastic_net_alpha_1_l1_0.2,0.2456955,0.766239375853492,-0.5205438758534919,0.5205438758534919,
robust_main_share_lag1,Share target with common-sample lag1 predictors,robustness_timing,linear_robustness,common_sample_lag1_timing,env_patent_share_inventions,lag1,SRB,Serbia,2021,0.009673051,elastic_net_alpha_1_l1_0.2,0.009673051,0.3683802466710351,-0.3587071956710351,0.3587071956710351,
robust_main_share_lag1,Share target with common-sample lag1 predictors,robustness_timing,linear_robustness,common_sample_lag1_timing,env_patent_share_inventions,lag1,SVK,Slovak Republic,2021,0.03756368,elastic_net_alpha_1_l1_0.2,0.03756368,0.3875168468004976,-0.3499531668004976,0.3499531668004976,
robust_main_share_lag1,Share target with common-sample lag1 predictors,robustness_timing,linear_robustness,common_sample_lag1_timing,env_patent_share_inventions,lag1,SVN,Slovenia,2021,0.03192107,elastic_net_alpha_1_l1_0.2,0.03192107,0.40080366683948043,-0.36888259683948044,0.36888259683948044,
robust_main_share_lag1,Share target with common-sample lag1 predictors,robustness_timing,linear_robustness,common_sample_lag1_timing,env_patent_share_inventions,lag1,SWE,Sweden,2021,0.9232927,elastic_net_alpha_1_l1_0.2,0.9232927,1.1069211736532731,-0.18362847365327317,0.18362847365327317,
robust_main_share_lag1,Share target with common-sample lag1 predictors,robustness_timing,linear_robustness,common_sample_lag1_timing,env_patent_share_inventions,lag1,SYC,Seychelles,2021,0.00193461,elastic_net_alpha_1_l1_0.2,0.00193461,0.2874879427027558,-0.2855533327027558,0.2855533327027558,
robust_main_share_lag1,Share target with common-sample lag1 predictors,robustness_timing,linear_robustness,common_sample_lag1_timing,env_patent_share_inventions,lag1,THA,Thailand,2021,0.03433933,elastic_net_alpha_1_l1_0.2,0.03433933,0.6999049753157445,-0.6655656453157445,0.6655656453157445,
robust_main_share_lag1,Share target with common-sample lag1 predictors,robustness_timing,linear_robustness,common_sample_lag1_timing,env_patent_share_inventions,lag1,TUN,Tunisia,2021,0.003546785,elastic_net_alpha_1_l1_0.2,0.003546785,0.3580929375093038,-0.3545461525093038,0.3545461525093038,
robust_main_share_lag1,Share target with common-sample lag1 predictors,robustness_timing,linear_robustness,common_sample_lag1_timing,env_patent_share_inventions,lag1,TUR,Turkiye,2021,0.2938995,elastic_net_alpha_1_l1_0.2,0.2938995,1.502841147708994,-1.208941647708994,1.208941647708994,
robust_main_share_lag1,Share target with common-sample lag1 predictors,robustness_timing,linear_robustness,common_sample_lag1_timing,env_patent_share_inventions,lag1,UKR,Ukraine,2021,0.03353324,elastic_net_alpha_1_l1_0.2,0.03353324,0.5328361634222323,-0.49930292342223226,0.49930292342223226,
robust_main_share_lag1,Share target with common-sample lag1 predictors,robustness_timing,linear_robustness,common_sample_lag1_timing,env_patent_share_inventions,lag1,URY,Uruguay,2021,0.0009673051,elastic_net_alpha_1_l1_0.2,0.0009673051,0.4007334218447689,-0.3997661167447689,0.3997661167447689,
robust_main_share_lag1,Share target with common-sample lag1 predictors,robustness_timing,linear_robustness,common_sample_lag1_timing,env_patent_share_inventions,lag1,USA,United States,2021,14.33043,elastic_net_alpha_1_l1_0.2,14.33043,18.222127928912858,-3.8916979289128584,3.8916979289128584,
robust_main_share_lag1,Share target with common-sample lag1 predictors,robustness_timing,linear_robustness,common_sample_lag1_timing,env_patent_share_inventions,lag1,VEN,"Venezuela, RB",2021,0.0009673051,elastic_net_alpha_1_l1_0.2,0.0009673051,0.07922722320543119,-0.07825991810543119,0.07825991810543119,
robust_main_share_lag1,Share target with common-sample lag1 predictors,robustness_timing,linear_robustness,common_sample_lag1_timing,env_patent_share_inventions,lag1,VNM,Viet Nam,2021,0.03956278,elastic_net_alpha_1_l1_0.2,0.03956278,0.4354539999398631,-0.3958912199398631,0.3958912199398631,
robust_main_share_lag1,Share target with common-sample lag1 predictors,robustness_timing,linear_robustness,common_sample_lag1_timing,env_patent_share_inventions,lag1,ZAF,South Africa,2021,0.05207326,elastic_net_alpha_1_l1_0.2,0.05207326,0.8347560496142228,-0.7826827896142228,0.7826827896142228,
robust_main_share_lag1,Share target with common-sample lag1 predictors,robustness_timing,linear_robustness,common_sample_lag1_timing,env_patent_share_inventions,lag1,ZWE,Zimbabwe,2021,0.00064487,elastic_net_alpha_1_l1_0.2,0.00064487,0.049295275398522076,-0.04865040539852208,0.04865040539852208,
robust_main_share_lag1,Share target with common-sample lag1 predictors,robustness_timing,linear_robustness,common_sample_lag1_timing,env_patent_share_inventions,lag1,ALB,Albania,2022,0.0005390487,elastic_net_alpha_1_l1_0.2,0.0005390487,0.2515518706570232,-0.25101282195702324,0.25101282195702324,
robust_main_share_lag1,Share target with common-sample lag1 predictors,robustness_timing,linear_robustness,common_sample_lag1_timing,env_patent_share_inventions,lag1,ARE,United Arab Emirates,2022,0.02228068,elastic_net_alpha_1_l1_0.2,0.02228068,0.8247870706112712,-0.8025063906112712,0.8025063906112712,
robust_main_share_lag1,Share target with common-sample lag1 predictors,robustness_timing,linear_robustness,common_sample_lag1_timing,env_patent_share_inventions,lag1,ARG,Argentina,2022,0.01132002,elastic_net_alpha_1_l1_0.2,0.01132002,0.7689276368061962,-0.7576076168061963,0.7576076168061963,
robust_main_share_lag1,Share target with common-sample lag1 predictors,robustness_timing,linear_robustness,common_sample_lag1_timing,env_patent_share_inventions,lag1,ARM,Armenia,2022,0.00431239,elastic_net_alpha_1_l1_0.2,0.00431239,0.33221981974342096,-0.32790742974342096,0.32790742974342096,
robust_main_share_lag1,Share target with common-sample lag1 predictors,robustness_timing,linear_robustness,common_sample_lag1_timing,env_patent_share_inventions,lag1,ATG,Antigua and Barbuda,2022,0.0007187316,elastic_net_alpha_1_l1_0.2,0.0007187316,0.3569945087560734,-0.3562757771560734,0.3562757771560734,
robust_main_share_lag1,Share target with common-sample lag1 predictors,robustness_timing,linear_robustness,common_sample_lag1_timing,env_patent_share_inventions,lag1,AUS,Australia,2022,0.4013757,elastic_net_alpha_1_l1_0.2,0.4013757,2.564943198365687,-2.163567498365687,2.163567498365687,
robust_main_share_lag1,Share target with common-sample lag1 predictors,robustness_timing,linear_robustness,common_sample_lag1_timing,env_patent_share_inventions,lag1,AUT,Austria,2022,0.5074065,elastic_net_alpha_1_l1_0.2,0.5074065,0.9339391341503748,-0.4265326341503748,0.4265326341503748,
robust_main_share_lag1,Share target with common-sample lag1 predictors,robustness_timing,linear_robustness,common_sample_lag1_timing,env_patent_share_inventions,lag1,BEL,Belgium,2022,0.4569935,elastic_net_alpha_1_l1_0.2,0.4569935,0.9897058309807006,-0.5327123309807007,0.5327123309807007,
robust_main_share_lag1,Share target with common-sample lag1 predictors,robustness_timing,linear_robustness,common_sample_lag1_timing,env_patent_share_inventions,lag1,BGD,Bangladesh,2022,0.006684204,elastic_net_alpha_1_l1_0.2,0.006684204,0.477091293656341,-0.470407089656341,0.470407089656341,
robust_main_share_lag1,Share target with common-sample lag1 predictors,robustness_timing,linear_robustness,common_sample_lag1_timing,env_patent_share_inventions,lag1,BGR,Bulgaria,2022,0.01936982,elastic_net_alpha_1_l1_0.2,0.01936982,0.4107980862435586,-0.39142826624355864,0.39142826624355864,
robust_main_share_lag1,Share target with common-sample lag1 predictors,robustness_timing,linear_robustness,common_sample_lag1_timing,env_patent_share_inventions,lag1,BHR,Bahrain,2022,0.002156195,elastic_net_alpha_1_l1_0.2,0.002156195,0.597201605816561,-0.595045410816561,0.595045410816561,
robust_main_share_lag1,Share target with common-sample lag1 predictors,robustness_timing,linear_robustness,common_sample_lag1_timing,env_patent_share_inventions,lag1,BIH,Bosnia and Herzegovina,2022,0.0005390487,elastic_net_alpha_1_l1_0.2,0.0005390487,0.2499228848212992,-0.24938383612129922,0.24938383612129922,
robust_main_share_lag1,Share target with common-sample lag1 predictors,robustness_timing,linear_robustness,common_sample_lag1_timing,env_patent_share_inventions,lag1,BLR,Belarus,2022,0.002156195,elastic_net_alpha_1_l1_0.2,0.002156195,0.18741917077037984,-0.18526297577037984,0.18526297577037984,
robust_main_share_lag1,Share target with common-sample lag1 predictors,robustness_timing,linear_robustness,common_sample_lag1_timing,env_patent_share_inventions,lag1,BOL,Bolivia,2022,0.0007187316,elastic_net_alpha_1_l1_0.2,0.0007187316,0.19578097557104746,-0.19506224397104746,0.19506224397104746,
robust_main_share_lag1,Share target with common-sample lag1 predictors,robustness_timing,linear_robustness,common_sample_lag1_timing,env_patent_share_inventions,lag1,BRA,Brazil,2022,0.1441057,elastic_net_alpha_1_l1_0.2,0.1441057,2.464323858984468,-2.320218158984468,2.320218158984468,
robust_main_share_lag1,Share target with common-sample lag1 predictors,robustness_timing,linear_robustness,common_sample_lag1_timing,env_patent_share_inventions,lag1,BTN,Bhutan,2022,0.0007187316,elastic_net_alpha_1_l1_0.2,0.0007187316,0.17062642437699282,-0.16990769277699283,0.16990769277699283,
robust_main_share_lag1,Share target with common-sample lag1 predictors,robustness_timing,linear_robustness,common_sample_lag1_timing,env_patent_share_inventions,lag1,CAN,Canada,2022,1.151103,elastic_net_alpha_1_l1_0.2,1.151103,2.751630413028659,-1.6005274130286589,1.6005274130286589,
robust_main_share_lag1,Share target with common-sample lag1 predictors,robustness_timing,linear_robustness,common_sample_lag1_timing,env_patent_share_inventions,lag1,CHE,Switzerland,2022,0.4045081,elastic_net_alpha_1_l1_0.2,0.4045081,0.9962741968171733,-0.5917660968171734,0.5917660968171734,
robust_main_share_lag1,Share target with common-sample lag1 predictors,robustness_timing,linear_robustness,common_sample_lag1_timing,env_patent_share_inventions,lag1,CHL,Chile,2022,0.03126482,elastic_net_alpha_1_l1_0.2,0.03126482,0.7629847271796968,-0.7317199071796968,0.7317199071796968,
robust_main_share_lag1,Share target with common-sample lag1 predictors,robustness_timing,linear_robustness,common_sample_lag1_timing,env_patent_share_inventions,lag1,CHN,China,2022,36.75972,elastic_net_alpha_1_l1_0.2,36.75972,21.311190637283325,15.448529362716677,15.448529362716677,
robust_main_share_lag1,Share target with common-sample lag1 predictors,robustness_timing,linear_robustness,common_sample_lag1_timing,env_patent_share_inventions,lag1,CIV,Cote d'Ivoire,2022,0.001078097,elastic_net_alpha_1_l1_0.2,0.001078097,0.24887105451848845,-0.24779295751848845,0.24779295751848845,
robust_main_share_lag1,Share target with common-sample lag1 predictors,robustness_timing,linear_robustness,common_sample_lag1_timing,env_patent_share_inventions,lag1,CMR,Cameroon,2022,0.001796829,elastic_net_alpha_1_l1_0.2,0.001796829,0.15708395264266328,-0.15528712364266328,0.15528712364266328,
robust_main_share_lag1,Share target with common-sample lag1 predictors,robustness_timing,linear_robustness,common_sample_lag1_timing,env_patent_share_inventions,lag1,COL,Colombia,2022,0.04995184,elastic_net_alpha_1_l1_0.2,0.04995184,0.697506195873732,-0.647554355873732,0.647554355873732,
robust_main_share_lag1,Share target with common-sample lag1 predictors,robustness_timing,linear_robustness,common_sample_lag1_timing,env_patent_share_inventions,lag1,CPV,Cabo Verde,2022,0.002156195,elastic_net_alpha_1_l1_0.2,0.002156195,0.26587939129589155,-0.2637231962958915,0.2637231962958915,
robust_main_share_lag1,Share target with common-sample lag1 predictors,robustness_timing,linear_robustness,common_sample_lag1_timing,env_patent_share_inventions,lag1,CRI,Costa Rica,2022,0.00431239,elastic_net_alpha_1_l1_0.2,0.00431239,0.38444420952118474,-0.38013181952118474,0.38013181952118474,
robust_main_share_lag1,Share target with common-sample lag1 predictors,robustness_timing,linear_robustness,common_sample_lag1_timing,env_patent_share_inventions,lag1,CYP,Cyprus,2022,0.02443687,elastic_net_alpha_1_l1_0.2,0.02443687,0.316731387930696,-0.292294517930696,0.292294517930696,
robust_main_share_lag1,Share target with common-sample lag1 predictors,robustness_timing,linear_robustness,common_sample_lag1_timing,env_patent_share_inventions,lag1,CZE,Czechia,2022,0.1217172,elastic_net_alpha_1_l1_0.2,0.1217172,0.8165843800294398,-0.6948671800294398,0.6948671800294398,
robust_main_share_lag1,Share target with common-sample lag1 predictors,robustness_timing,linear_robustness,common_sample_lag1_timing,env_patent_share_inventions,lag1,DEU,Germany,2022,5.048269,elastic_net_alpha_1_l1_0.2,5.048269,4.560275072636774,0.48799392736322655,0.48799392736322655,
robust_main_share_lag1,Share target with common-sample lag1 predictors,robustness_timing,linear_robustness,common_sample_lag1_timing,env_patent_share_inventions,lag1,DNK,Denmark,2022,0.756465,elastic_net_alpha_1_l1_0.2,0.756465,0.9584756619568595,-0.20201066195685946,0.20201066195685946,
robust_main_share_lag1,Share target with common-sample lag1 predictors,robustness_timing,linear_robustness,common_sample_lag1_timing,env_patent_share_inventions,lag1,DZA,Algeria,2022,0.002695243,elastic_net_alpha_1_l1_0.2,0.002695243,0.4527914763510588,-0.4500962333510588,0.4500962333510588,
robust_main_share_lag1,Share target with common-sample lag1 predictors,robustness_timing,linear_robustness,common_sample_lag1_timing,env_patent_share_inventions,lag1,ECU,Ecuador,2022,0.002695243,elastic_net_alpha_1_l1_0.2,0.002695243,0.34113545074494467,-0.33844020774494465,0.33844020774494465,
robust_main_share_lag1,Share target with common-sample lag1 predictors,robustness_timing,linear_robustness,common_sample_lag1_timing,env_patent_share_inventions,lag1,EGY,"Egypt, Arab Rep.",2022,0.01635114,elastic_net_alpha_1_l1_0.2,0.01635114,0.8572172489127516,-0.8408661089127516,0.8408661089127516,
robust_main_share_lag1,Share target with common-sample lag1 predictors,robustness_timing,linear_robustness,common_sample_lag1_timing,env_patent_share_inventions,lag1,ESP,Spain,2022,0.5145639,elastic_net_alpha_1_l1_0.2,0.5145639,2.318589149155214,-1.8040252491552142,1.8040252491552142,
robust_main_share_lag1,Share target with common-sample lag1 predictors,robustness_timing,linear_robustness,common_sample_lag1_timing,env_patent_share_inventions,lag1,EST,Estonia,2022,0.00431239,elastic_net_alpha_1_l1_0.2,0.00431239,0.47032804908655546,-0.46601565908655546,0.46601565908655546,
robust_main_share_lag1,Share target with common-sample lag1 predictors,robustness_timing,linear_robustness,common_sample_lag1_timing,env_patent_share_inventions,lag1,ETH,Ethiopia,2022,0.002156195,elastic_net_alpha_1_l1_0.2,0.002156195,0.2685788426397704,-0.26642264763977036,0.26642264763977036,
robust_main_share_lag1,Share target with common-sample lag1 predictors,robustness_timing,linear_robustness,common_sample_lag1_timing,env_patent_share_inventions,lag1,FIN,Finland,2022,0.3148763,elastic_net_alpha_1_l1_0.2,0.3148763,0.9214007493022724,-0.6065244493022725,0.6065244493022725,
robust_main_share_lag1,Share target with common-sample lag1 predictors,robustness_timing,linear_robustness,common_sample_lag1_timing,env_patent_share_inventions,lag1,FRA,France,2022,1.679969,elastic_net_alpha_1_l1_0.2,1.679969,3.110774539362618,-1.4308055393626178,1.4308055393626178,
robust_main_share_lag1,Share target with common-sample lag1 predictors,robustness_timing,linear_robustness,common_sample_lag1_timing,env_patent_share_inventions,lag1,FRO,Faroe Islands,2022,0.001078097,elastic_net_alpha_1_l1_0.2,0.001078097,0.29455483209645983,-0.29347673509645983,0.29347673509645983,
robust_main_share_lag1,Share target with common-sample lag1 predictors,robustness_timing,linear_robustness,common_sample_lag1_timing,env_patent_share_inventions,lag1,GBR,United Kingdom,2022,1.691451,elastic_net_alpha_1_l1_0.2,1.691451,4.083525282666559,-2.3920742826665595,2.3920742826665595,
robust_main_share_lag1,Share target with common-sample lag1 predictors,robustness_timing,linear_robustness,common_sample_lag1_timing,env_patent_share_inventions,lag1,GHA,Ghana,2022,0.003593658,elastic_net_alpha_1_l1_0.2,0.003593658,0.3017664292378456,-0.2981727712378456,0.2981727712378456,
robust_main_share_lag1,Share target with common-sample lag1 predictors,robustness_timing,linear_robustness,common_sample_lag1_timing,env_patent_share_inventions,lag1,GRC,Greece,2022,0.0394943,elastic_net_alpha_1_l1_0.2,0.0394943,0.6872767262384392,-0.6477824262384392,0.6477824262384392,
robust_main_share_lag1,Share target with common-sample lag1 predictors,robustness_timing,linear_robustness,common_sample_lag1_timing,env_patent_share_inventions,lag1,GTM,Guatemala,2022,0.002156195,elastic_net_alpha_1_l1_0.2,0.002156195,0.23646917162986636,-0.23431297662986636,0.23431297662986636,
robust_main_share_lag1,Share target with common-sample lag1 predictors,robustness_timing,linear_robustness,common_sample_lag1_timing,env_patent_share_inventions,lag1,HKG,"Hong Kong SAR, China",2022,0.07726365,elastic_net_alpha_1_l1_0.2,0.07726365,0.479849865567823,-0.402586215567823,0.402586215567823,
robust_main_share_lag1,Share target with common-sample lag1 predictors,robustness_timing,linear_robustness,common_sample_lag1_timing,env_patent_share_inventions,lag1,HRV,Croatia,2022,0.00934351,elastic_net_alpha_1_l1_0.2,0.00934351,0.4118356756711322,-0.4024921656711322,0.4024921656711322,
robust_main_share_lag1,Share target with common-sample lag1 predictors,robustness_timing,linear_robustness,common_sample_lag1_timing,env_patent_share_inventions,lag1,HUN,Hungary,2022,0.0398896,elastic_net_alpha_1_l1_0.2,0.0398896,0.5045683138163197,-0.46467871381631976,0.46467871381631976,
robust_main_share_lag1,Share target with common-sample lag1 predictors,robustness_timing,linear_robustness,common_sample_lag1_timing,env_patent_share_inventions,lag1,IDN,Indonesia,2022,0.0166027,elastic_net_alpha_1_l1_0.2,0.0166027,1.5874854906094054,-1.5708827906094054,1.5708827906094054,
robust_main_share_lag1,Share target with common-sample lag1 predictors,robustness_timing,linear_robustness,common_sample_lag1_timing,env_patent_share_inventions,lag1,IND,India,2022,1.054487,elastic_net_alpha_1_l1_0.2,1.054487,4.574010773888293,-3.5195237738882934,3.5195237738882934,
robust_main_share_lag1,Share target with common-sample lag1 predictors,robustness_timing,linear_robustness,common_sample_lag1_timing,env_patent_share_inventions,lag1,IRL,Ireland,2022,0.07543088,elastic_net_alpha_1_l1_0.2,0.07543088,0.846639590908067,-0.771208710908067,0.771208710908067,
robust_main_share_lag1,Share target with common-sample lag1 predictors,robustness_timing,linear_robustness,common_sample_lag1_timing,env_patent_share_inventions,lag1,IRN,"Iran, Islamic Rep.",2022,0.03047422,elastic_net_alpha_1_l1_0.2,0.03047422,1.4096803449739688,-1.3792061249739687,1.3792061249739687,
robust_main_share_lag1,Share target with common-sample lag1 predictors,robustness_timing,linear_robustness,common_sample_lag1_timing,env_patent_share_inventions,lag1,IRQ,Iraq,2022,0.0004312389,elastic_net_alpha_1_l1_0.2,0.0004312389,0.4602451979753119,-0.45981395907531186,0.45981395907531186,
robust_main_share_lag1,Share target with common-sample lag1 predictors,robustness_timing,linear_robustness,common_sample_lag1_timing,env_patent_share_inventions,lag1,ISL,Iceland,2022,0.005031121,elastic_net_alpha_1_l1_0.2,0.005031121,0.5066558927303468,-0.5016247717303468,0.5016247717303468,
robust_main_share_lag1,Share target with common-sample lag1 predictors,robustness_timing,linear_robustness,common_sample_lag1_timing,env_patent_share_inventions,lag1,ISR,Israel,2022,0.3257651,elastic_net_alpha_1_l1_0.2,0.3257651,1.0168600189252737,-0.6910949189252737,0.6910949189252737,
robust_main_share_lag1,Share target with common-sample lag1 predictors,robustness_timing,linear_robustness,common_sample_lag1_timing,env_patent_share_inventions,lag1,ITA,Italy,2022,0.9751271,elastic_net_alpha_1_l1_0.2,0.9751271,2.8993800889273067,-1.9242529889273068,1.9242529889273068,
robust_main_share_lag1,Share target with common-sample lag1 predictors,robustness_timing,linear_robustness,common_sample_lag1_timing,env_patent_share_inventions,lag1,JOR,Jordan,2022,0.005031121,elastic_net_alpha_1_l1_0.2,0.005031121,0.38893287508424657,-0.38390175408424654,0.38390175408424654,
robust_main_share_lag1,Share target with common-sample lag1 predictors,robustness_timing,linear_robustness,common_sample_lag1_timing,env_patent_share_inventions,lag1,JPN,Japan,2022,15.63018,elastic_net_alpha_1_l1_0.2,15.63018,4.717433962980991,10.912746037019009,10.912746037019009,
robust_main_share_lag1,Share target with common-sample lag1 predictors,robustness_timing,linear_robustness,common_sample_lag1_timing,env_patent_share_inventions,lag1,KAZ,Kazakhstan,2022,0.001617146,elastic_net_alpha_1_l1_0.2,0.001617146,0.6300509975067701,-0.6284338515067701,0.6284338515067701,
robust_main_share_lag1,Share target with common-sample lag1 predictors,robustness_timing,linear_robustness,common_sample_lag1_timing,env_patent_share_inventions,lag1,KOR,"Korea, Rep.",2022,13.91118,elastic_net_alpha_1_l1_0.2,13.91118,2.7379609072373188,11.17321909276268,11.17321909276268,
robust_main_share_lag1,Share target with common-sample lag1 predictors,robustness_timing,linear_robustness,common_sample_lag1_timing,env_patent_share_inventions,lag1,KWT,Kuwait,2022,0.002156195,elastic_net_alpha_1_l1_0.2,0.002156195,0.6544666208960161,-0.6523104258960162,0.6523104258960162,
robust_main_share_lag1,Share target with common-sample lag1 predictors,robustness_timing,linear_robustness,common_sample_lag1_timing,env_patent_share_inventions,lag1,LBN,Lebanon,2022,0.007366999,elastic_net_alpha_1_l1_0.2,0.007366999,0.2364182010406023,-0.22905120204060228,0.22905120204060228,
robust_main_share_lag1,Share target with common-sample lag1 predictors,robustness_timing,linear_robustness,common_sample_lag1_timing,env_patent_share_inventions,lag1,LKA,Sri Lanka,2022,0.001796829,elastic_net_alpha_1_l1_0.2,0.001796829,0.3403687546013634,-0.3385719256013634,0.3385719256013634,
robust_main_share_lag1,Share target with common-sample lag1 predictors,robustness_timing,linear_robustness,common_sample_lag1_timing,env_patent_share_inventions,lag1,LTU,Lithuania,2022,0.003234292,elastic_net_alpha_1_l1_0.2,0.003234292,0.3969163439942591,-0.3936820519942591,0.3936820519942591,
robust_main_share_lag1,Share target with common-sample lag1 predictors,robustness_timing,linear_robustness,common_sample_lag1_timing,env_patent_share_inventions,lag1,LUX,Luxembourg,2022,0.03378038,elastic_net_alpha_1_l1_0.2,0.03378038,0.2155731849300646,-0.1817928049300646,0.1817928049300646,
robust_main_share_lag1,Share target with common-sample lag1 predictors,robustness_timing,linear_robustness,common_sample_lag1_timing,env_patent_share_inventions,lag1,LVA,Latvia,2022,0.01751908,elastic_net_alpha_1_l1_0.2,0.01751908,0.36060034518844963,-0.3430812651884496,0.3430812651884496,
robust_main_share_lag1,Share target with common-sample lag1 predictors,robustness_timing,linear_robustness,common_sample_lag1_timing,env_patent_share_inventions,lag1,MAC,"Macao SAR, China",2022,0.0007187316,elastic_net_alpha_1_l1_0.2,0.0007187316,0.3832753976254577,-0.3825566660254577,0.3825566660254577,
robust_main_share_lag1,Share target with common-sample lag1 predictors,robustness_timing,linear_robustness,common_sample_lag1_timing,env_patent_share_inventions,lag1,MAR,Morocco,2022,0.02048385,elastic_net_alpha_1_l1_0.2,0.02048385,0.45768838802781475,-0.4372045380278147,0.4372045380278147,
robust_main_share_lag1,Share target with common-sample lag1 predictors,robustness_timing,linear_robustness,common_sample_lag1_timing,env_patent_share_inventions,lag1,MEX,Mexico,2022,0.08678684,elastic_net_alpha_1_l1_0.2,0.08678684,1.3121862709695344,-1.2253994309695344,1.2253994309695344,
robust_main_share_lag1,Share target with common-sample lag1 predictors,robustness_timing,linear_robustness,common_sample_lag1_timing,env_patent_share_inventions,lag1,MKD,North Macedonia,2022,0.0005390487,elastic_net_alpha_1_l1_0.2,0.0005390487,0.22224101651465478,-0.2217019678146548,0.2217019678146548,
robust_main_share_lag1,Share target with common-sample lag1 predictors,robustness_timing,linear_robustness,common_sample_lag1_timing,env_patent_share_inventions,lag1,MLT,Malta,2022,0.003234292,elastic_net_alpha_1_l1_0.2,0.003234292,0.3359130196950433,-0.33267872769504325,0.33267872769504325,
robust_main_share_lag1,Share target with common-sample lag1 predictors,robustness_timing,linear_robustness,common_sample_lag1_timing,env_patent_share_inventions,lag1,MYS,Malaysia,2022,0.04416605,elastic_net_alpha_1_l1_0.2,0.04416605,0.989956261133549,-0.945790211133549,0.945790211133549,
robust_main_share_lag1,Share target with common-sample lag1 predictors,robustness_timing,linear_robustness,common_sample_lag1_timing,env_patent_share_inventions,lag1,NER,Niger,2022,0.001078097,elastic_net_alpha_1_l1_0.2,0.001078097,0.1356628100548718,-0.1345847130548718,0.1345847130548718,
robust_main_share_lag1,Share target with common-sample lag1 predictors,robustness_timing,linear_robustness,common_sample_lag1_timing,env_patent_share_inventions,lag1,NLD,Netherlands,2022,0.6497334,elastic_net_alpha_1_l1_0.2,0.6497334,1.2359329217720483,-0.5861995217720483,0.5861995217720483,
robust_main_share_lag1,Share target with common-sample lag1 predictors,robustness_timing,linear_robustness,common_sample_lag1_timing,env_patent_share_inventions,lag1,NOR,Norway,2022,0.2596418,elastic_net_alpha_1_l1_0.2,0.2596418,0.9964237916322849,-0.7367819916322849,0.7367819916322849,
robust_main_share_lag1,Share target with common-sample lag1 predictors,robustness_timing,linear_robustness,common_sample_lag1_timing,env_patent_share_inventions,lag1,NPL,Nepal,2022,0.002156195,elastic_net_alpha_1_l1_0.2,0.002156195,0.18376766725414662,-0.18161147225414662,0.18161147225414662,
robust_main_share_lag1,Share target with common-sample lag1 predictors,robustness_timing,linear_robustness,common_sample_lag1_timing,env_patent_share_inventions,lag1,NZL,New Zealand,2022,0.07187316,elastic_net_alpha_1_l1_0.2,0.07187316,0.8841123381959405,-0.8122391781959405,0.8122391781959405,
robust_main_share_lag1,Share target with common-sample lag1 predictors,robustness_timing,linear_robustness,common_sample_lag1_timing,env_patent_share_inventions,lag1,OMN,Oman,2022,0.00431239,elastic_net_alpha_1_l1_0.2,0.00431239,0.6268826020094944,-0.6225702120094944,0.6225702120094944,
robust_main_share_lag1,Share target with common-sample lag1 predictors,robustness_timing,linear_robustness,common_sample_lag1_timing,env_patent_share_inventions,lag1,PAK,Pakistan,2022,0.009882559,elastic_net_alpha_1_l1_0.2,0.009882559,0.740486844932791,-0.730604285932791,0.730604285932791,
robust_main_share_lag1,Share target with common-sample lag1 predictors,robustness_timing,linear_robustness,common_sample_lag1_timing,env_patent_share_inventions,lag1,PAN,Panama,2022,0.0009702877,elastic_net_alpha_1_l1_0.2,0.0009702877,0.32812049511382024,-0.3271502074138202,0.3271502074138202,
robust_main_share_lag1,Share target with common-sample lag1 predictors,robustness_timing,linear_robustness,common_sample_lag1_timing,env_patent_share_inventions,lag1,PER,Peru,2022,0.002156195,elastic_net_alpha_1_l1_0.2,0.002156195,0.48891743245904906,-0.48676123745904903,0.48676123745904903,
robust_main_share_lag1,Share target with common-sample lag1 predictors,robustness_timing,linear_robustness,common_sample_lag1_timing,env_patent_share_inventions,lag1,PHL,Philippines,2022,0.01516524,elastic_net_alpha_1_l1_0.2,0.01516524,0.5563228829495952,-0.5411576429495952,0.5411576429495952,
robust_main_share_lag1,Share target with common-sample lag1 predictors,robustness_timing,linear_robustness,common_sample_lag1_timing,env_patent_share_inventions,lag1,POL,Poland,2022,0.1628286,elastic_net_alpha_1_l1_0.2,0.1628286,1.4191070961189913,-1.2562784961189912,1.2562784961189912,
robust_main_share_lag1,Share target with common-sample lag1 predictors,robustness_timing,linear_robustness,common_sample_lag1_timing,env_patent_share_inventions,lag1,PRI,Puerto Rico (US),2022,0.003234292,elastic_net_alpha_1_l1_0.2,0.003234292,0.4558469259086023,-0.4526126339086023,0.4526126339086023,
robust_main_share_lag1,Share target with common-sample lag1 predictors,robustness_timing,linear_robustness,common_sample_lag1_timing,env_patent_share_inventions,lag1,PRT,Portugal,2022,0.06576394,elastic_net_alpha_1_l1_0.2,0.06576394,0.7930119652210387,-0.7272480252210387,0.7272480252210387,
robust_main_share_lag1,Share target with common-sample lag1 predictors,robustness_timing,linear_robustness,common_sample_lag1_timing,env_patent_share_inventions,lag1,QAT,Qatar,2022,0.00431239,elastic_net_alpha_1_l1_0.2,0.00431239,1.082063971691537,-1.077751581691537,1.077751581691537,
robust_main_share_lag1,Share target with common-sample lag1 predictors,robustness_timing,linear_robustness,common_sample_lag1_timing,env_patent_share_inventions,lag1,ROU,Romania,2022,0.02371814,elastic_net_alpha_1_l1_0.2,0.02371814,0.6406773292677979,-0.6169591892677979,0.6169591892677979,
robust_main_share_lag1,Share target with common-sample lag1 predictors,robustness_timing,linear_robustness,common_sample_lag1_timing,env_patent_share_inventions,lag1,RUS,Russian Federation,2022,0.1397933,elastic_net_alpha_1_l1_0.2,0.1397933,2.844086800229732,-2.704293500229732,2.704293500229732,
robust_main_share_lag1,Share target with common-sample lag1 predictors,robustness_timing,linear_robustness,common_sample_lag1_timing,env_patent_share_inventions,lag1,SAU,Saudi Arabia,2022,0.132606,elastic_net_alpha_1_l1_0.2,0.132606,1.4004561469954953,-1.2678501469954953,1.2678501469954953,
robust_main_share_lag1,Share target with common-sample lag1 predictors,robustness_timing,linear_robustness,common_sample_lag1_timing,env_patent_share_inventions,lag1,SGP,Singapore,2022,0.1973278,elastic_net_alpha_1_l1_0.2,0.1973278,0.9241083076557917,-0.7267805076557916,0.7267805076557916,
robust_main_share_lag1,Share target with common-sample lag1 predictors,robustness_timing,linear_robustness,common_sample_lag1_timing,env_patent_share_inventions,lag1,SMR,San Marino,2022,0.002156195,elastic_net_alpha_1_l1_0.2,0.002156195,-0.022979013895240152,0.025135208895240152,0.025135208895240152,
robust_main_share_lag1,Share target with common-sample lag1 predictors,robustness_timing,linear_robustness,common_sample_lag1_timing,env_patent_share_inventions,lag1,SRB,Serbia,2022,0.00934351,elastic_net_alpha_1_l1_0.2,0.00934351,0.35689615043156464,-0.34755264043156464,0.34755264043156464,
robust_main_share_lag1,Share target with common-sample lag1 predictors,robustness_timing,linear_robustness,common_sample_lag1_timing,env_patent_share_inventions,lag1,SVK,Slovak Republic,2022,0.02120258,elastic_net_alpha_1_l1_0.2,0.02120258,0.4028266409050252,-0.3816240609050252,0.3816240609050252,
robust_main_share_lag1,Share target with common-sample lag1 predictors,robustness_timing,linear_robustness,common_sample_lag1_timing,env_patent_share_inventions,lag1,SVN,Slovenia,2022,0.02677275,elastic_net_alpha_1_l1_0.2,0.02677275,0.3911903479163744,-0.3644175979163744,0.3644175979163744,
robust_main_share_lag1,Share target with common-sample lag1 predictors,robustness_timing,linear_robustness,common_sample_lag1_timing,env_patent_share_inventions,lag1,SWE,Sweden,2022,0.8673653,elastic_net_alpha_1_l1_0.2,0.8673653,1.1986450595787264,-0.33127975957872635,0.33127975957872635,
robust_main_share_lag1,Share target with common-sample lag1 predictors,robustness_timing,linear_robustness,common_sample_lag1_timing,env_patent_share_inventions,lag1,SYR,Syrian Arab Republic,2022,0.002335878,elastic_net_alpha_1_l1_0.2,0.002335878,0.0958132190453983,-0.0934773410453983,0.0934773410453983,
robust_main_share_lag1,Share target with common-sample lag1 predictors,robustness_timing,linear_robustness,common_sample_lag1_timing,env_patent_share_inventions,lag1,THA,Thailand,2022,0.01689019,elastic_net_alpha_1_l1_0.2,0.01689019,0.753028326718936,-0.736138136718936,0.736138136718936,
robust_main_share_lag1,Share target with common-sample lag1 predictors,robustness_timing,linear_robustness,common_sample_lag1_timing,env_patent_share_inventions,lag1,TKM,Turkmenistan,2022,0.00431239,elastic_net_alpha_1_l1_0.2,0.00431239,0.31023809383005607,-0.3059257038300561,0.3059257038300561,
robust_main_share_lag1,Share target with common-sample lag1 predictors,robustness_timing,linear_robustness,common_sample_lag1_timing,env_patent_share_inventions,lag1,TUN,Tunisia,2022,0.001078097,elastic_net_alpha_1_l1_0.2,0.001078097,0.3372883648909698,-0.3362102678909698,0.3362102678909698,
robust_main_share_lag1,Share target with common-sample lag1 predictors,robustness_timing,linear_robustness,common_sample_lag1_timing,env_patent_share_inventions,lag1,TUR,Turkiye,2022,0.2866661,elastic_net_alpha_1_l1_0.2,0.2866661,1.6763194818706562,-1.3896533818706562,1.3896533818706562,
robust_main_share_lag1,Share target with common-sample lag1 predictors,robustness_timing,linear_robustness,common_sample_lag1_timing,env_patent_share_inventions,lag1,UKR,Ukraine,2022,0.01958544,elastic_net_alpha_1_l1_0.2,0.01958544,0.55731078861526,-0.53772534861526,0.53772534861526,
robust_main_share_lag1,Share target with common-sample lag1 predictors,robustness_timing,linear_robustness,common_sample_lag1_timing,env_patent_share_inventions,lag1,URY,Uruguay,2022,0.005390487,elastic_net_alpha_1_l1_0.2,0.005390487,0.4114280504858021,-0.4060375634858021,0.4060375634858021,
robust_main_share_lag1,Share target with common-sample lag1 predictors,robustness_timing,linear_robustness,common_sample_lag1_timing,env_patent_share_inventions,lag1,USA,United States,2022,12.35069,elastic_net_alpha_1_l1_0.2,12.35069,19.757244806551075,-7.406554806551075,7.406554806551075,
robust_main_share_lag1,Share target with common-sample lag1 predictors,robustness_timing,linear_robustness,common_sample_lag1_timing,env_patent_share_inventions,lag1,UZB,Uzbekistan,2022,0.001078097,elastic_net_alpha_1_l1_0.2,0.001078097,0.36232624827210924,-0.36124815127210924,0.36124815127210924,
robust_main_share_lag1,Share target with common-sample lag1 predictors,robustness_timing,linear_robustness,common_sample_lag1_timing,env_patent_share_inventions,lag1,VEN,"Venezuela, RB",2022,0.003593658,elastic_net_alpha_1_l1_0.2,0.003593658,0.08040083824172373,-0.07680718024172373,0.07680718024172373,
robust_main_share_lag1,Share target with common-sample lag1 predictors,robustness_timing,linear_robustness,common_sample_lag1_timing,env_patent_share_inventions,lag1,VNM,Viet Nam,2022,0.02414938,elastic_net_alpha_1_l1_0.2,0.02414938,0.3953090322776678,-0.3711596522776678,0.3711596522776678,
robust_main_share_lag1,Share target with common-sample lag1 predictors,robustness_timing,linear_robustness,common_sample_lag1_timing,env_patent_share_inventions,lag1,ZAF,South Africa,2022,0.04779565,elastic_net_alpha_1_l1_0.2,0.04779565,0.8995660103556042,-0.8517703603556043,0.8517703603556043,
robust_main_share_lag1,Share target with common-sample lag1 predictors,robustness_timing,linear_robustness,common_sample_lag1_timing,env_patent_share_inventions,lag1,ZWE,Zimbabwe,2022,0.0007187316,elastic_net_alpha_1_l1_0.2,0.0007187316,0.04871446047553485,-0.04799572887553485,0.04799572887553485,
robust_main_share_lag1,Share target with common-sample lag1 predictors,robustness_timing,linear_robustness,common_sample_lag1_timing,env_patent_share_inventions,lag1,ALB,Albania,2023,0.0007706951,elastic_net_alpha_1_l1_0.2,0.0007706951,0.27743266302086267,-0.2766619679208627,0.2766619679208627,
robust_main_share_lag1,Share target with common-sample lag1 predictors,robustness_timing,linear_robustness,common_sample_lag1_timing,env_patent_share_inventions,lag1,ARE,United Arab Emirates,2023,0.03206092,elastic_net_alpha_1_l1_0.2,0.03206092,0.8161269297533468,-0.7840660097533467,0.7840660097533467,
robust_main_share_lag1,Share target with common-sample lag1 predictors,robustness_timing,linear_robustness,common_sample_lag1_timing,env_patent_share_inventions,lag1,ARG,Argentina,2023,0.01329449,elastic_net_alpha_1_l1_0.2,0.01329449,0.7863936651180705,-0.7730991751180705,0.7730991751180705,
robust_main_share_lag1,Share target with common-sample lag1 predictors,robustness_timing,linear_robustness,common_sample_lag1_timing,env_patent_share_inventions,lag1,ARM,Armenia,2023,0.005780213,elastic_net_alpha_1_l1_0.2,0.005780213,0.2682829472948679,-0.2625027342948679,0.2625027342948679,
robust_main_share_lag1,Share target with common-sample lag1 predictors,robustness_timing,linear_robustness,common_sample_lag1_timing,env_patent_share_inventions,lag1,ATG,Antigua and Barbuda,2023,0.001156043,elastic_net_alpha_1_l1_0.2,0.001156043,0.3158825876221081,-0.3147265446221081,0.3147265446221081,
robust_main_share_lag1,Share target with common-sample lag1 predictors,robustness_timing,linear_robustness,common_sample_lag1_timing,env_patent_share_inventions,lag1,AUS,Australia,2023,0.4618776,elastic_net_alpha_1_l1_0.2,0.4618776,2.657718525383407,-2.195840925383407,2.195840925383407,
robust_main_share_lag1,Share target with common-sample lag1 predictors,robustness_timing,linear_robustness,common_sample_lag1_timing,env_patent_share_inventions,lag1,AUT,Austria,2023,0.4801606,elastic_net_alpha_1_l1_0.2,0.4801606,0.9271786659469435,-0.44701806594694354,0.44701806594694354,
robust_main_share_lag1,Share target with common-sample lag1 predictors,robustness_timing,linear_robustness,common_sample_lag1_timing,env_patent_share_inventions,lag1,AZE,Azerbaijan,2023,0.006936256,elastic_net_alpha_1_l1_0.2,0.006936256,0.3139482508427134,-0.3070119948427134,0.3070119948427134,
robust_main_share_lag1,Share target with common-sample lag1 predictors,robustness_timing,linear_robustness,common_sample_lag1_timing,env_patent_share_inventions,lag1,BEL,Belgium,2023,0.4136321,elastic_net_alpha_1_l1_0.2,0.4136321,0.9139741635353293,-0.5003420635353293,0.5003420635353293,
robust_main_share_lag1,Share target with common-sample lag1 predictors,robustness_timing,linear_robustness,common_sample_lag1_timing,env_patent_share_inventions,lag1,BFA,Burkina Faso,2023,0.001156043,elastic_net_alpha_1_l1_0.2,0.001156043,0.1328152700273818,-0.1316592270273818,0.1316592270273818,
robust_main_share_lag1,Share target with common-sample lag1 predictors,robustness_timing,linear_robustness,common_sample_lag1_timing,env_patent_share_inventions,lag1,BGD,Bangladesh,2023,0.001156043,elastic_net_alpha_1_l1_0.2,0.001156043,0.47694278506007537,-0.4757867420600754,0.4757867420600754,
robust_main_share_lag1,Share target with common-sample lag1 predictors,robustness_timing,linear_robustness,common_sample_lag1_timing,env_patent_share_inventions,lag1,BGR,Bulgaria,2023,0.01202284,elastic_net_alpha_1_l1_0.2,0.01202284,0.390392355103251,-0.378369515103251,0.378369515103251,
robust_main_share_lag1,Share target with common-sample lag1 predictors,robustness_timing,linear_robustness,common_sample_lag1_timing,env_patent_share_inventions,lag1,BHS,"Bahamas, The",2023,0.002312085,elastic_net_alpha_1_l1_0.2,0.002312085,0.3178032914571802,-0.3154912064571802,0.3154912064571802,
robust_main_share_lag1,Share target with common-sample lag1 predictors,robustness_timing,linear_robustness,common_sample_lag1_timing,env_patent_share_inventions,lag1,BOL,Bolivia,2023,0.004238823,elastic_net_alpha_1_l1_0.2,0.004238823,0.1732484687561765,-0.1690096457561765,0.1690096457561765,
robust_main_share_lag1,Share target with common-sample lag1 predictors,robustness_timing,linear_robustness,common_sample_lag1_timing,env_patent_share_inventions,lag1,BRA,Brazil,2023,0.1532527,elastic_net_alpha_1_l1_0.2,0.1532527,2.483339507171711,-2.330086807171711,2.330086807171711,
robust_main_share_lag1,Share target with common-sample lag1 predictors,robustness_timing,linear_robustness,common_sample_lag1_timing,env_patent_share_inventions,lag1,CAN,Canada,2023,0.8605196,elastic_net_alpha_1_l1_0.2,0.8605196,2.7666247770212586,-1.9061051770212587,1.9061051770212587,
robust_main_share_lag1,Share target with common-sample lag1 predictors,robustness_timing,linear_robustness,common_sample_lag1_timing,env_patent_share_inventions,lag1,CHE,Switzerland,2023,0.4411294,elastic_net_alpha_1_l1_0.2,0.4411294,1.2034729169511258,-0.7623435169511258,0.7623435169511258,
robust_main_share_lag1,Share target with common-sample lag1 predictors,robustness_timing,linear_robustness,common_sample_lag1_timing,env_patent_share_inventions,lag1,CHL,Chile,2023,0.05549005,elastic_net_alpha_1_l1_0.2,0.05549005,0.7485888472077459,-0.6930987972077459,0.6930987972077459,
robust_main_share_lag1,Share target with common-sample lag1 predictors,robustness_timing,linear_robustness,common_sample_lag1_timing,env_patent_share_inventions,lag1,CHN,China,2023,38.42308,elastic_net_alpha_1_l1_0.2,38.42308,23.31030304169218,15.112776958307819,15.112776958307819,
robust_main_share_lag1,Share target with common-sample lag1 predictors,robustness_timing,linear_robustness,common_sample_lag1_timing,env_patent_share_inventions,lag1,CIV,Cote d'Ivoire,2023,0.0007706951,elastic_net_alpha_1_l1_0.2,0.0007706951,0.3134816795937455,-0.3127109844937455,0.3127109844937455,
robust_main_share_lag1,Share target with common-sample lag1 predictors,robustness_timing,linear_robustness,common_sample_lag1_timing,env_patent_share_inventions,lag1,COL,Colombia,2023,0.02127118,elastic_net_alpha_1_l1_0.2,0.02127118,0.7149378143462295,-0.6936666343462294,0.6936666343462294,
robust_main_share_lag1,Share target with common-sample lag1 predictors,robustness_timing,linear_robustness,common_sample_lag1_timing,env_patent_share_inventions,lag1,CUB,Cuba,2023,0.002312085,elastic_net_alpha_1_l1_0.2,0.002312085,0.1495422103242494,-0.14723012532424942,0.14723012532424942,
robust_main_share_lag1,Share target with common-sample lag1 predictors,robustness_timing,linear_robustness,common_sample_lag1_timing,env_patent_share_inventions,lag1,CYP,Cyprus,2023,0.03872743,elastic_net_alpha_1_l1_0.2,0.03872743,0.24411008835196135,-0.20538265835196134,0.20538265835196134,
robust_main_share_lag1,Share target with common-sample lag1 predictors,robustness_timing,linear_robustness,common_sample_lag1_timing,env_patent_share_inventions,lag1,CZE,Czechia,2023,0.118687,elastic_net_alpha_1_l1_0.2,0.118687,0.7898220723469203,-0.6711350723469203,0.6711350723469203,
robust_main_share_lag1,Share target with common-sample lag1 predictors,robustness_timing,linear_robustness,common_sample_lag1_timing,env_patent_share_inventions,lag1,DEU,Germany,2023,5.323825,elastic_net_alpha_1_l1_0.2,5.323825,4.410210274137373,0.9136147258626268,0.9136147258626268,
robust_main_share_lag1,Share target with common-sample lag1 predictors,robustness_timing,linear_robustness,common_sample_lag1_timing,env_patent_share_inventions,lag1,DNK,Denmark,2023,0.7307345,elastic_net_alpha_1_l1_0.2,0.7307345,0.9813973946528722,-0.2506628946528723,0.2506628946528723,
robust_main_share_lag1,Share target with common-sample lag1 predictors,robustness_timing,linear_robustness,common_sample_lag1_timing,env_patent_share_inventions,lag1,DZA,Algeria,2023,0.002890107,elastic_net_alpha_1_l1_0.2,0.002890107,0.45087685323882243,-0.44798674623882245,0.44798674623882245,
robust_main_share_lag1,Share target with common-sample lag1 predictors,robustness_timing,linear_robustness,common_sample_lag1_timing,env_patent_share_inventions,lag1,EGY,"Egypt, Arab Rep.",2023,0.009441015,elastic_net_alpha_1_l1_0.2,0.009441015,0.8838467583313779,-0.8744057433313779,0.8744057433313779,
robust_main_share_lag1,Share target with common-sample lag1 predictors,robustness_timing,linear_robustness,common_sample_lag1_timing,env_patent_share_inventions,lag1,ESP,Spain,2023,0.4860224,elastic_net_alpha_1_l1_0.2,0.4860224,2.2916396742756957,-1.8056172742756957,1.8056172742756957,
robust_main_share_lag1,Share target with common-sample lag1 predictors,robustness_timing,linear_robustness,common_sample_lag1_timing,env_patent_share_inventions,lag1,EST,Estonia,2023,0.01271647,elastic_net_alpha_1_l1_0.2,0.01271647,0.4821752420408419,-0.4694587720408419,0.4694587720408419,
robust_main_share_lag1,Share target with common-sample lag1 predictors,robustness_timing,linear_robustness,common_sample_lag1_timing,env_patent_share_inventions,lag1,ETH,Ethiopia,2023,0.005780213,elastic_net_alpha_1_l1_0.2,0.005780213,0.40129366815473044,-0.39551345515473046,0.39551345515473046,
robust_main_share_lag1,Share target with common-sample lag1 predictors,robustness_timing,linear_robustness,common_sample_lag1_timing,env_patent_share_inventions,lag1,FIN,Finland,2023,0.378583,elastic_net_alpha_1_l1_0.2,0.378583,0.9138130321471934,-0.5352300321471934,0.5352300321471934,
robust_main_share_lag1,Share target with common-sample lag1 predictors,robustness_timing,linear_robustness,common_sample_lag1_timing,env_patent_share_inventions,lag1,FRA,France,2023,2.193091,elastic_net_alpha_1_l1_0.2,2.193091,3.0959365611258707,-0.9028455611258708,0.9028455611258708,
robust_main_share_lag1,Share target with common-sample lag1 predictors,robustness_timing,linear_robustness,common_sample_lag1_timing,env_patent_share_inventions,lag1,GBR,United Kingdom,2023,1.668825,elastic_net_alpha_1_l1_0.2,1.668825,4.062248481063518,-2.393423481063518,2.393423481063518,
robust_main_share_lag1,Share target with common-sample lag1 predictors,robustness_timing,linear_robustness,common_sample_lag1_timing,env_patent_share_inventions,lag1,GEO,Georgia,2023,0.002312085,elastic_net_alpha_1_l1_0.2,0.002312085,0.36429116308146303,-0.361979078081463,0.361979078081463,
robust_main_share_lag1,Share target with common-sample lag1 predictors,robustness_timing,linear_robustness,common_sample_lag1_timing,env_patent_share_inventions,lag1,GHA,Ghana,2023,0.003468128,elastic_net_alpha_1_l1_0.2,0.003468128,0.33545142558201213,-0.3319832975820121,0.3319832975820121,
robust_main_share_lag1,Share target with common-sample lag1 predictors,robustness_timing,linear_robustness,common_sample_lag1_timing,env_patent_share_inventions,lag1,GRC,Greece,2023,0.0370319,elastic_net_alpha_1_l1_0.2,0.0370319,0.6822428135396026,-0.6452109135396026,0.6452109135396026,
robust_main_share_lag1,Share target with common-sample lag1 predictors,robustness_timing,linear_robustness,common_sample_lag1_timing,env_patent_share_inventions,lag1,GTM,Guatemala,2023,0.002312085,elastic_net_alpha_1_l1_0.2,0.002312085,0.29588898684655773,-0.2935769018465577,0.2935769018465577,
robust_main_share_lag1,Share target with common-sample lag1 predictors,robustness_timing,linear_robustness,common_sample_lag1_timing,env_patent_share_inventions,lag1,HKG,"Hong Kong SAR, China",2023,0.08130834,elastic_net_alpha_1_l1_0.2,0.08130834,0.4459396522234615,-0.36463131222346146,0.36463131222346146,
robust_main_share_lag1,Share target with common-sample lag1 predictors,robustness_timing,linear_robustness,common_sample_lag1_timing,env_patent_share_inventions,lag1,HRV,Croatia,2023,0.02196481,elastic_net_alpha_1_l1_0.2,0.02196481,0.39589474775155875,-0.37392993775155875,0.37392993775155875,
robust_main_share_lag1,Share target with common-sample lag1 predictors,robustness_timing,linear_robustness,common_sample_lag1_timing,env_patent_share_inventions,lag1,HUN,Hungary,2023,0.04990251,elastic_net_alpha_1_l1_0.2,0.04990251,0.38198042449594694,-0.3320779144959469,0.3320779144959469,
robust_main_share_lag1,Share target with common-sample lag1 predictors,robustness_timing,linear_robustness,common_sample_lag1_timing,env_patent_share_inventions,lag1,IDN,Indonesia,2023,0.02235016,elastic_net_alpha_1_l1_0.2,0.02235016,1.5007072661430692,-1.4783571061430691,1.4783571061430691,
robust_main_share_lag1,Share target with common-sample lag1 predictors,robustness_timing,linear_robustness,common_sample_lag1_timing,env_patent_share_inventions,lag1,IND,India,2023,0.9509992,elastic_net_alpha_1_l1_0.2,0.9509992,5.153361531746806,-4.202362331746806,4.202362331746806,
robust_main_share_lag1,Share target with common-sample lag1 predictors,robustness_timing,linear_robustness,common_sample_lag1_timing,env_patent_share_inventions,lag1,IRL,Ireland,2023,0.113639,elastic_net_alpha_1_l1_0.2,0.113639,0.6461209767591392,-0.5324819767591391,0.5324819767591391,
robust_main_share_lag1,Share target with common-sample lag1 predictors,robustness_timing,linear_robustness,common_sample_lag1_timing,env_patent_share_inventions,lag1,IRN,"Iran, Islamic Rep.",2023,0.02181067,elastic_net_alpha_1_l1_0.2,0.02181067,1.4110229273499788,-1.3892122573499788,1.3892122573499788,
robust_main_share_lag1,Share target with common-sample lag1 predictors,robustness_timing,linear_robustness,common_sample_lag1_timing,env_patent_share_inventions,lag1,IRQ,Iraq,2023,0.0009248341,elastic_net_alpha_1_l1_0.2,0.0009248341,0.4623322773322297,-0.4614074432322297,0.4614074432322297,
robust_main_share_lag1,Share target with common-sample lag1 predictors,robustness_timing,linear_robustness,common_sample_lag1_timing,env_patent_share_inventions,lag1,ISL,Iceland,2023,0.007706951,elastic_net_alpha_1_l1_0.2,0.007706951,0.5544303564968442,-0.5467234054968443,0.5467234054968443,
robust_main_share_lag1,Share target with common-sample lag1 predictors,robustness_timing,linear_robustness,common_sample_lag1_timing,env_patent_share_inventions,lag1,ISR,Israel,2023,0.2640401,elastic_net_alpha_1_l1_0.2,0.2640401,1.0120341294253092,-0.7479940294253092,0.7479940294253092,
robust_main_share_lag1,Share target with common-sample lag1 predictors,robustness_timing,linear_robustness,common_sample_lag1_timing,env_patent_share_inventions,lag1,ITA,Italy,2023,0.9510773,elastic_net_alpha_1_l1_0.2,0.9510773,2.9678286222640633,-2.016751322264063,2.016751322264063,
robust_main_share_lag1,Share target with common-sample lag1 predictors,robustness_timing,linear_robustness,common_sample_lag1_timing,env_patent_share_inventions,lag1,JOR,Jordan,2023,0.003986596,elastic_net_alpha_1_l1_0.2,0.003986596,0.36577707637445545,-0.36179048037445544,0.36179048037445544,
robust_main_share_lag1,Share target with common-sample lag1 predictors,robustness_timing,linear_robustness,common_sample_lag1_timing,env_patent_share_inventions,lag1,JPN,Japan,2023,12.35528,elastic_net_alpha_1_l1_0.2,12.35528,4.654741709523353,7.700538290476647,7.700538290476647,
robust_main_share_lag1,Share target with common-sample lag1 predictors,robustness_timing,linear_robustness,common_sample_lag1_timing,env_patent_share_inventions,lag1,KAZ,Kazakhstan,2023,0.001156043,elastic_net_alpha_1_l1_0.2,0.001156043,0.591532620083568,-0.5903765770835679,0.5903765770835679,
robust_main_share_lag1,Share target with common-sample lag1 predictors,robustness_timing,linear_robustness,common_sample_lag1_timing,env_patent_share_inventions,lag1,KEN,Kenya,2023,0.002312085,elastic_net_alpha_1_l1_0.2,0.002312085,0.3470825804467059,-0.3447704954467059,0.3447704954467059,
robust_main_share_lag1,Share target with common-sample lag1 predictors,robustness_timing,linear_robustness,common_sample_lag1_timing,env_patent_share_inventions,lag1,KOR,"Korea, Rep.",2023,17.64583,elastic_net_alpha_1_l1_0.2,17.64583,2.713691718759401,14.932138281240599,14.932138281240599,
robust_main_share_lag1,Share target with common-sample lag1 predictors,robustness_timing,linear_robustness,common_sample_lag1_timing,env_patent_share_inventions,lag1,KWT,Kuwait,2023,0.0007706951,elastic_net_alpha_1_l1_0.2,0.0007706951,0.6277027185272761,-0.626932023427276,0.626932023427276,
robust_main_share_lag1,Share target with common-sample lag1 predictors,robustness_timing,linear_robustness,common_sample_lag1_timing,env_patent_share_inventions,lag1,LAO,Lao PDR,2023,0.001156043,elastic_net_alpha_1_l1_0.2,0.001156043,0.14220062239016873,-0.14104457939016873,0.14104457939016873,
robust_main_share_lag1,Share target with common-sample lag1 predictors,robustness_timing,linear_robustness,common_sample_lag1_timing,env_patent_share_inventions,lag1,LBN,Lebanon,2023,0.01123113,elastic_net_alpha_1_l1_0.2,0.01123113,0.12855567373455112,-0.11732454373455112,0.11732454373455112,
robust_main_share_lag1,Share target with common-sample lag1 predictors,robustness_timing,linear_robustness,common_sample_lag1_timing,env_patent_share_inventions,lag1,LKA,Sri Lanka,2023,0.007321603,elastic_net_alpha_1_l1_0.2,0.007321603,0.338254932508225,-0.330933329508225,0.330933329508225,
robust_main_share_lag1,Share target with common-sample lag1 predictors,robustness_timing,linear_robustness,common_sample_lag1_timing,env_patent_share_inventions,lag1,LTU,Lithuania,2023,0.006936256,elastic_net_alpha_1_l1_0.2,0.006936256,0.38566144479541264,-0.37872518879541267,0.37872518879541267,
robust_main_share_lag1,Share target with common-sample lag1 predictors,robustness_timing,linear_robustness,common_sample_lag1_timing,env_patent_share_inventions,lag1,LUX,Luxembourg,2023,0.02601096,elastic_net_alpha_1_l1_0.2,0.02601096,-0.4788776019421971,0.5048885619421971,0.5048885619421971,
robust_main_share_lag1,Share target with common-sample lag1 predictors,robustness_timing,linear_robustness,common_sample_lag1_timing,env_patent_share_inventions,lag1,LVA,Latvia,2023,0.004624171,elastic_net_alpha_1_l1_0.2,0.004624171,0.3329200207726343,-0.32829584977263426,0.32829584977263426,
robust_main_share_lag1,Share target with common-sample lag1 predictors,robustness_timing,linear_robustness,common_sample_lag1_timing,env_patent_share_inventions,lag1,MAR,Morocco,2023,0.02011614,elastic_net_alpha_1_l1_0.2,0.02011614,0.42340634629151863,-0.4032902062915186,0.4032902062915186,
robust_main_share_lag1,Share target with common-sample lag1 predictors,robustness_timing,linear_robustness,common_sample_lag1_timing,env_patent_share_inventions,lag1,MEX,Mexico,2023,0.0551047,elastic_net_alpha_1_l1_0.2,0.0551047,1.323087589096121,-1.267982889096121,1.267982889096121,
robust_main_share_lag1,Share target with common-sample lag1 predictors,robustness_timing,linear_robustness,common_sample_lag1_timing,env_patent_share_inventions,lag1,MKD,North Macedonia,2023,0.002312085,elastic_net_alpha_1_l1_0.2,0.002312085,0.2009644668242322,-0.1986523818242322,0.1986523818242322,
robust_main_share_lag1,Share target with common-sample lag1 predictors,robustness_timing,linear_robustness,common_sample_lag1_timing,env_patent_share_inventions,lag1,MLT,Malta,2023,0.003468128,elastic_net_alpha_1_l1_0.2,0.003468128,0.14261472477037773,-0.13914659677037775,0.13914659677037775,
robust_main_share_lag1,Share target with common-sample lag1 predictors,robustness_timing,linear_robustness,common_sample_lag1_timing,env_patent_share_inventions,lag1,MNE,Montenegro,2023,0.003468128,elastic_net_alpha_1_l1_0.2,0.003468128,0.27302970725928555,-0.26956157925928553,0.26956157925928553,
robust_main_share_lag1,Share target with common-sample lag1 predictors,robustness_timing,linear_robustness,common_sample_lag1_timing,env_patent_share_inventions,lag1,MYS,Malaysia,2023,0.05518177,elastic_net_alpha_1_l1_0.2,0.05518177,0.9621030957659578,-0.9069213257659577,0.9069213257659577,
robust_main_share_lag1,Share target with common-sample lag1 predictors,robustness_timing,linear_robustness,common_sample_lag1_timing,env_patent_share_inventions,lag1,NAM,Namibia,2023,0.001156043,elastic_net_alpha_1_l1_0.2,0.001156043,0.251341936722147,-0.250185893722147,0.250185893722147,
robust_main_share_lag1,Share target with common-sample lag1 predictors,robustness_timing,linear_robustness,common_sample_lag1_timing,env_patent_share_inventions,lag1,NLD,Netherlands,2023,0.5949941,elastic_net_alpha_1_l1_0.2,0.5949941,1.4360839609020073,-0.8410898609020073,0.8410898609020073,
robust_main_share_lag1,Share target with common-sample lag1 predictors,robustness_timing,linear_robustness,common_sample_lag1_timing,env_patent_share_inventions,lag1,NOR,Norway,2023,0.2159873,elastic_net_alpha_1_l1_0.2,0.2159873,1.0309439738902442,-0.8149566738902442,0.8149566738902442,
robust_main_share_lag1,Share target with common-sample lag1 predictors,robustness_timing,linear_robustness,common_sample_lag1_timing,env_patent_share_inventions,lag1,NZL,New Zealand,2023,0.06288872,elastic_net_alpha_1_l1_0.2,0.06288872,0.9044414031204867,-0.8415526831204867,0.8415526831204867,
robust_main_share_lag1,Share target with common-sample lag1 predictors,robustness_timing,linear_robustness,common_sample_lag1_timing,env_patent_share_inventions,lag1,PAK,Pakistan,2023,0.002830553,elastic_net_alpha_1_l1_0.2,0.002830553,0.7921745119691079,-0.7893439589691079,0.7893439589691079,
robust_main_share_lag1,Share target with common-sample lag1 predictors,robustness_timing,linear_robustness,common_sample_lag1_timing,env_patent_share_inventions,lag1,PAN,Panama,2023,0.005086588,elastic_net_alpha_1_l1_0.2,0.005086588,0.30828216109843753,-0.30319557309843753,0.30319557309843753,
robust_main_share_lag1,Share target with common-sample lag1 predictors,robustness_timing,linear_robustness,common_sample_lag1_timing,env_patent_share_inventions,lag1,PER,Peru,2023,0.008477646,elastic_net_alpha_1_l1_0.2,0.008477646,0.5274921237335809,-0.5190144777335809,0.5190144777335809,
robust_main_share_lag1,Share target with common-sample lag1 predictors,robustness_timing,linear_robustness,common_sample_lag1_timing,env_patent_share_inventions,lag1,PHL,Philippines,2023,0.002312085,elastic_net_alpha_1_l1_0.2,0.002312085,0.5682280352386904,-0.5659159502386903,0.5659159502386903,
robust_main_share_lag1,Share target with common-sample lag1 predictors,robustness_timing,linear_robustness,common_sample_lag1_timing,env_patent_share_inventions,lag1,POL,Poland,2023,0.1666243,elastic_net_alpha_1_l1_0.2,0.1666243,1.3595327378800508,-1.1929084378800507,1.1929084378800507,
robust_main_share_lag1,Share target with common-sample lag1 predictors,robustness_timing,linear_robustness,common_sample_lag1_timing,env_patent_share_inventions,lag1,PRI,Puerto Rico (US),2023,0.004624171,elastic_net_alpha_1_l1_0.2,0.004624171,0.4599698137924025,-0.45534564279240247,0.45534564279240247,
robust_main_share_lag1,Share target with common-sample lag1 predictors,robustness_timing,linear_robustness,common_sample_lag1_timing,env_patent_share_inventions,lag1,PRT,Portugal,2023,0.08377456,elastic_net_alpha_1_l1_0.2,0.08377456,0.8163880292406196,-0.7326134692406197,0.7326134692406197,
robust_main_share_lag1,Share target with common-sample lag1 predictors,robustness_timing,linear_robustness,common_sample_lag1_timing,env_patent_share_inventions,lag1,QAT,Qatar,2023,0.002312085,elastic_net_alpha_1_l1_0.2,0.002312085,1.0312643070420835,-1.0289522220420835,1.0289522220420835,
robust_main_share_lag1,Share target with common-sample lag1 predictors,robustness_timing,linear_robustness,common_sample_lag1_timing,env_patent_share_inventions,lag1,ROU,Romania,2023,0.03121315,elastic_net_alpha_1_l1_0.2,0.03121315,0.6482264194829582,-0.6170132694829582,0.6170132694829582,
robust_main_share_lag1,Share target with common-sample lag1 predictors,robustness_timing,linear_robustness,common_sample_lag1_timing,env_patent_share_inventions,lag1,RUS,Russian Federation,2023,0.1051999,elastic_net_alpha_1_l1_0.2,0.1051999,2.343533869769716,-2.238333969769716,2.238333969769716,
robust_main_share_lag1,Share target with common-sample lag1 predictors,robustness_timing,linear_robustness,common_sample_lag1_timing,env_patent_share_inventions,lag1,SAU,Saudi Arabia,2023,0.1056623,elastic_net_alpha_1_l1_0.2,0.1056623,1.5012079592462808,-1.3955456592462807,1.3955456592462807,
robust_main_share_lag1,Share target with common-sample lag1 predictors,robustness_timing,linear_robustness,common_sample_lag1_timing,env_patent_share_inventions,lag1,SGP,Singapore,2023,0.2277789,elastic_net_alpha_1_l1_0.2,0.2277789,0.8950121824969225,-0.6672332824969225,0.6672332824969225,
robust_main_share_lag1,Share target with common-sample lag1 predictors,robustness_timing,linear_robustness,common_sample_lag1_timing,env_patent_share_inventions,lag1,SLV,El Salvador,2023,0.002312085,elastic_net_alpha_1_l1_0.2,0.002312085,0.2096447596797698,-0.20733267467976982,0.20733267467976982,
robust_main_share_lag1,Share target with common-sample lag1 predictors,robustness_timing,linear_robustness,common_sample_lag1_timing,env_patent_share_inventions,lag1,SRB,Serbia,2023,0.02003807,elastic_net_alpha_1_l1_0.2,0.02003807,0.34839606025596226,-0.32835799025596224,0.32835799025596224,
robust_main_share_lag1,Share target with common-sample lag1 predictors,robustness_timing,linear_robustness,common_sample_lag1_timing,env_patent_share_inventions,lag1,SVK,Slovak Republic,2023,0.01965272,elastic_net_alpha_1_l1_0.2,0.01965272,0.35631668141646977,-0.33666396141646976,0.33666396141646976,
robust_main_share_lag1,Share target with common-sample lag1 predictors,robustness_timing,linear_robustness,common_sample_lag1_timing,env_patent_share_inventions,lag1,SVN,Slovenia,2023,0.02807532,elastic_net_alpha_1_l1_0.2,0.02807532,0.33950514944783683,-0.3114298294478368,0.3114298294478368,
robust_main_share_lag1,Share target with common-sample lag1 predictors,robustness_timing,linear_robustness,common_sample_lag1_timing,env_patent_share_inventions,lag1,SWE,Sweden,2023,0.812775,elastic_net_alpha_1_l1_0.2,0.812775,1.2145310347351226,-0.40175603473512256,0.40175603473512256,
robust_main_share_lag1,Share target with common-sample lag1 predictors,robustness_timing,linear_robustness,common_sample_lag1_timing,env_patent_share_inventions,lag1,THA,Thailand,2023,0.0242769,elastic_net_alpha_1_l1_0.2,0.0242769,0.7625701944542593,-0.7382932944542593,0.7382932944542593,
robust_main_share_lag1,Share target with common-sample lag1 predictors,robustness_timing,linear_robustness,common_sample_lag1_timing,env_patent_share_inventions,lag1,TUN,Tunisia,2023,0.002697433,elastic_net_alpha_1_l1_0.2,0.002697433,0.2836412137852389,-0.28094378078523885,0.28094378078523885,
robust_main_share_lag1,Share target with common-sample lag1 predictors,robustness_timing,linear_robustness,common_sample_lag1_timing,env_patent_share_inventions,lag1,TUR,Turkiye,2023,0.2342913,elastic_net_alpha_1_l1_0.2,0.2342913,1.7482511714309232,-1.5139598714309233,1.5139598714309233,
robust_main_share_lag1,Share target with common-sample lag1 predictors,robustness_timing,linear_robustness,common_sample_lag1_timing,env_patent_share_inventions,lag1,UGA,Uganda,2023,0.003468128,elastic_net_alpha_1_l1_0.2,0.003468128,0.19286380760907507,-0.18939567960907508,0.18939567960907508,
robust_main_share_lag1,Share target with common-sample lag1 predictors,robustness_timing,linear_robustness,common_sample_lag1_timing,env_patent_share_inventions,lag1,UKR,Ukraine,2023,0.04046149,elastic_net_alpha_1_l1_0.2,0.04046149,0.45377691547738913,-0.41331542547738914,0.41331542547738914,
robust_main_share_lag1,Share target with common-sample lag1 predictors,robustness_timing,linear_robustness,common_sample_lag1_timing,env_patent_share_inventions,lag1,USA,United States,2023,10.59949,elastic_net_alpha_1_l1_0.2,10.59949,19.670934527116277,-9.071444527116277,9.071444527116277,
robust_main_share_lag1,Share target with common-sample lag1 predictors,robustness_timing,linear_robustness,common_sample_lag1_timing,env_patent_share_inventions,lag1,UZB,Uzbekistan,2023,0.00154139,elastic_net_alpha_1_l1_0.2,0.00154139,0.33568162694040293,-0.33414023694040296,0.33414023694040296,
robust_main_share_lag1,Share target with common-sample lag1 predictors,robustness_timing,linear_robustness,common_sample_lag1_timing,env_patent_share_inventions,lag1,VEN,"Venezuela, RB",2023,0.001156043,elastic_net_alpha_1_l1_0.2,0.001156043,0.14158005844757215,-0.14042401544757216,0.14042401544757216,
robust_main_share_lag1,Share target with common-sample lag1 predictors,robustness_timing,linear_robustness,common_sample_lag1_timing,env_patent_share_inventions,lag1,VNM,Viet Nam,2023,0.006550908,elastic_net_alpha_1_l1_0.2,0.006550908,0.4478638310161156,-0.4413129230161156,0.4413129230161156,
robust_main_share_lag1,Share target with common-sample lag1 predictors,robustness_timing,linear_robustness,common_sample_lag1_timing,env_patent_share_inventions,lag1,ZAF,South Africa,2023,0.06049956,elastic_net_alpha_1_l1_0.2,0.06049956,0.8116692216818651,-0.751169661681865,0.751169661681865,
robust_main_share_lag1,Share target with common-sample lag1 predictors,robustness_timing,linear_robustness,common_sample_lag1_timing,env_patent_share_inventions,lag1,ZWE,Zimbabwe,2023,0.0007706951,elastic_net_alpha_1_l1_0.2,0.0007706951,0.13372575792905483,-0.13295506282905484,0.13295506282905484,
robust_main_per_million_lag1_3_mean,Per-million target with lag1-3 mean predictors,robustness_target,linear_robustness,alternative_target,env_patents_per_million,lag1_3_mean,ALB,Albania,2021,,elastic_net_alpha_1_l1_0.8,0.1754611,4.569718292686776,-4.394257192686776,4.394257192686776,0.1754611
robust_main_per_million_lag1_3_mean,Per-million target with lag1-3 mean predictors,robustness_target,linear_robustness,alternative_target,env_patents_per_million,lag1_3_mean,ARE,United Arab Emirates,2021,,elastic_net_alpha_1_l1_0.8,2.040829,12.995803238836647,-10.954974238836646,10.954974238836646,2.040829
robust_main_per_million_lag1_3_mean,Per-million target with lag1-3 mean predictors,robustness_target,linear_robustness,alternative_target,env_patents_per_million,lag1_3_mean,ARG,Argentina,2021,,elastic_net_alpha_1_l1_0.8,0.09563264,2.206528419533397,-2.110895779533397,2.110895779533397,0.09563264
robust_main_per_million_lag1_3_mean,Per-million target with lag1-3 mean predictors,robustness_target,linear_robustness,alternative_target,env_patents_per_million,lag1_3_mean,ARM,Armenia,2021,,elastic_net_alpha_1_l1_0.8,0.1741948,5.762898954922562,-5.588704154922562,5.588704154922562,0.1741948
robust_main_per_million_lag1_3_mean,Per-million target with lag1-3 mean predictors,robustness_target,linear_robustness,alternative_target,env_patents_per_million,lag1_3_mean,AUS,Australia,2021,,elastic_net_alpha_1_l1_0.8,12.0529,18.995576820494513,-6.942676820494514,6.942676820494514,12.0529
robust_main_per_million_lag1_3_mean,Per-million target with lag1-3 mean predictors,robustness_target,linear_robustness,alternative_target,env_patents_per_million,lag1_3_mean,AUT,Austria,2021,,elastic_net_alpha_1_l1_0.8,34.60568,14.629593034169497,19.976086965830504,19.976086965830504,34.60568
robust_main_per_million_lag1_3_mean,Per-million target with lag1-3 mean predictors,robustness_target,linear_robustness,alternative_target,env_patents_per_million,lag1_3_mean,AZE,Azerbaijan,2021,,elastic_net_alpha_1_l1_0.8,0.2279899,3.5340229865576194,-3.3060330865576195,3.3060330865576195,0.2279899
robust_main_per_million_lag1_3_mean,Per-million target with lag1-3 mean predictors,robustness_target,linear_robustness,alternative_target,env_patents_per_million,lag1_3_mean,BEL,Belgium,2021,,elastic_net_alpha_1_l1_0.8,22.68633,13.45386479402812,9.23246520597188,9.23246520597188,22.68633
robust_main_per_million_lag1_3_mean,Per-million target with lag1-3 mean predictors,robustness_target,linear_robustness,alternative_target,env_patents_per_million,lag1_3_mean,BFA,Burkina Faso,2021,,elastic_net_alpha_1_l1_0.8,0.02273219,1.1930046133293901,-1.1702724233293902,1.1702724233293902,0.02273219
robust_main_per_million_lag1_3_mean,Per-million target with lag1-3 mean predictors,robustness_target,linear_robustness,alternative_target,env_patents_per_million,lag1_3_mean,BGD,Bangladesh,2021,,elastic_net_alpha_1_l1_0.8,0.007157391,-0.9895069229363171,0.9966643139363172,0.9966643139363172,0.007157391
robust_main_per_million_lag1_3_mean,Per-million target with lag1-3 mean predictors,robustness_target,linear_robustness,alternative_target,env_patents_per_million,lag1_3_mean,BGR,Bulgaria,2021,,elastic_net_alpha_1_l1_0.8,1.175377,7.304907511416796,-6.129530511416796,6.129530511416796,1.175377
robust_main_per_million_lag1_3_mean,Per-million target with lag1-3 mean predictors,robustness_target,linear_robustness,alternative_target,env_patents_per_million,lag1_3_mean,BHS,"Bahamas, The",2021,,elastic_net_alpha_1_l1_0.8,6.30719,4.565424145122241,1.7417658548777597,1.7417658548777597,6.30719
robust_main_per_million_lag1_3_mean,Per-million target with lag1-3 mean predictors,robustness_target,linear_robustness,alternative_target,env_patents_per_million,lag1_3_mean,BLR,Belarus,2021,,elastic_net_alpha_1_l1_0.8,0.6575606,0.590282438710978,0.06727816128902209,0.06727816128902209,0.6575606
robust_main_per_million_lag1_3_mean,Per-million target with lag1-3 mean predictors,robustness_target,linear_robustness,alternative_target,env_patents_per_million,lag1_3_mean,BRA,Brazil,2021,,elastic_net_alpha_1_l1_0.8,0.4989256,5.901382109959119,-5.402456509959119,5.402456509959119,0.4989256
robust_main_per_million_lag1_3_mean,Per-million target with lag1-3 mean predictors,robustness_target,linear_robustness,alternative_target,env_patents_per_million,lag1_3_mean,CAN,Canada,2021,,elastic_net_alpha_1_l1_0.8,18.90481,18.156350047605883,0.7484599523941178,0.7484599523941178,18.90481
robust_main_per_million_lag1_3_mean,Per-million target with lag1-3 mean predictors,robustness_target,linear_robustness,alternative_target,env_patents_per_million,lag1_3_mean,CHE,Switzerland,2021,,elastic_net_alpha_1_l1_0.8,33.66439,16.114528133722953,17.549861866277045,17.549861866277045,33.66439
robust_main_per_million_lag1_3_mean,Per-million target with lag1-3 mean predictors,robustness_target,linear_robustness,alternative_target,env_patents_per_million,lag1_3_mean,CHL,Chile,2021,,elastic_net_alpha_1_l1_0.8,1.25923,11.232409939790081,-9.97317993979008,9.97317993979008,1.25923
robust_main_per_million_lag1_3_mean,Per-million target with lag1-3 mean predictors,robustness_target,linear_robustness,alternative_target,env_patents_per_million,lag1_3_mean,CHN,China,2021,,elastic_net_alpha_1_l1_0.8,9.951035,28.215562420103097,-18.2645274201031,18.2645274201031,9.951035
robust_main_per_million_lag1_3_mean,Per-million target with lag1-3 mean predictors,robustness_target,linear_robustness,alternative_target,env_patents_per_million,lag1_3_mean,CMR,Cameroon,2021,,elastic_net_alpha_1_l1_0.8,0.01238432,-0.627747323108685,0.640131643108685,0.640131643108685,0.01238432
robust_main_per_million_lag1_3_mean,Per-million target with lag1-3 mean predictors,robustness_target,linear_robustness,alternative_target,env_patents_per_million,lag1_3_mean,COL,Colombia,2021,,elastic_net_alpha_1_l1_0.8,0.1725659,5.566951331841899,-5.394385431841899,5.394385431841899,0.1725659
robust_main_per_million_lag1_3_mean,Per-million target with lag1-3 mean predictors,robustness_target,linear_robustness,alternative_target,env_patents_per_million,lag1_3_mean,CPV,Cabo Verde,2021,,elastic_net_alpha_1_l1_0.8,0.6451833,3.60795554527101,-2.96277224527101,2.96277224527101,0.6451833
robust_main_per_million_lag1_3_mean,Per-million target with lag1-3 mean predictors,robustness_target,linear_robustness,alternative_target,env_patents_per_million,lag1_3_mean,CRI,Costa Rica,2021,,elastic_net_alpha_1_l1_0.8,0.1976289,8.005804341791688,-7.808175441791688,7.808175441791688,0.1976289
robust_main_per_million_lag1_3_mean,Per-million target with lag1-3 mean predictors,robustness_target,linear_robustness,alternative_target,env_patents_per_million,lag1_3_mean,CYP,Cyprus,2021,,elastic_net_alpha_1_l1_0.8,2.909973,10.479307786504,-7.569334786504,7.569334786504,2.909973
robust_main_per_million_lag1_3_mean,Per-million target with lag1-3 mean predictors,robustness_target,linear_robustness,alternative_target,env_patents_per_million,lag1_3_mean,CZE,Czechia,2021,,elastic_net_alpha_1_l1_0.8,5.523542,12.327378397154716,-6.803836397154716,6.803836397154716,5.523542
robust_main_per_million_lag1_3_mean,Per-million target with lag1-3 mean predictors,robustness_target,linear_robustness,alternative_target,env_patents_per_million,lag1_3_mean,DEU,Germany,2021,,elastic_net_alpha_1_l1_0.8,37.61422,19.72460408137045,17.889615918629552,17.889615918629552,37.61422
robust_main_per_million_lag1_3_mean,Per-million target with lag1-3 mean predictors,robustness_target,linear_robustness,alternative_target,env_patents_per_million,lag1_3_mean,DNK,Denmark,2021,,elastic_net_alpha_1_l1_0.8,77.1215,16.870648623986852,60.250851376013145,60.250851376013145,77.1215
robust_main_per_million_lag1_3_mean,Per-million target with lag1-3 mean predictors,robustness_target,linear_robustness,alternative_target,env_patents_per_million,lag1_3_mean,DOM,Dominican Republic,2021,,elastic_net_alpha_1_l1_0.8,0.02996665,3.557451638956208,-3.527484988956208,3.527484988956208,0.02996665
robust_main_per_million_lag1_3_mean,Per-million target with lag1-3 mean predictors,robustness_target,linear_robustness,alternative_target,env_patents_per_million,lag1_3_mean,DZA,Algeria,2021,,elastic_net_alpha_1_l1_0.8,0.03797941,-2.0392522304948004,2.0772316404948006,2.0772316404948006,0.03797941
robust_main_per_million_lag1_3_mean,Per-million target with lag1-3 mean predictors,robustness_target,linear_robustness,alternative_target,env_patents_per_million,lag1_3_mean,ECU,Ecuador,2021,,elastic_net_alpha_1_l1_0.8,0.0471277,-0.3557578861579085,0.4028855861579085,0.4028855861579085,0.0471277
robust_main_per_million_lag1_3_mean,Per-million target with lag1-3 mean predictors,robustness_target,linear_robustness,alternative_target,env_patents_per_million,lag1_3_mean,EGY,"Egypt, Arab Rep.",2021,,elastic_net_alpha_1_l1_0.8,0.06158542,0.517357477773082,-0.45577205777308205,0.45577205777308205,0.06158542
robust_main_per_million_lag1_3_mean,Per-million target with lag1-3 mean predictors,robustness_target,linear_robustness,alternative_target,env_patents_per_million,lag1_3_mean,ESP,Spain,2021,,elastic_net_alpha_1_l1_0.8,6.7513,12.277849156010989,-5.526549156010989,5.526549156010989,6.7513
robust_main_per_million_lag1_3_mean,Per-million target with lag1-3 mean predictors,robustness_target,linear_robustness,alternative_target,env_patents_per_million,lag1_3_mean,EST,Estonia,2021,,elastic_net_alpha_1_l1_0.8,5.381394,14.42548912248862,-9.04409512248862,9.04409512248862,5.381394
robust_main_per_million_lag1_3_mean,Per-million target with lag1-3 mean predictors,robustness_target,linear_robustness,alternative_target,env_patents_per_million,lag1_3_mean,ETH,Ethiopia,2021,,elastic_net_alpha_1_l1_0.8,0.009551991,-1.0683310031491713,1.0778829941491712,1.0778829941491712,0.009551991
robust_main_per_million_lag1_3_mean,Per-million target with lag1-3 mean predictors,robustness_target,linear_robustness,alternative_target,env_patents_per_million,lag1_3_mean,FIN,Finland,2021,,elastic_net_alpha_1_l1_0.8,42.22105,17.111457032074487,25.10959296792551,25.10959296792551,42.22105
robust_main_per_million_lag1_3_mean,Per-million target with lag1-3 mean predictors,robustness_target,linear_robustness,alternative_target,env_patents_per_million,lag1_3_mean,FRA,France,2021,,elastic_net_alpha_1_l1_0.8,20.01877,15.731101575175309,4.287668424824691,4.287668424824691,20.01877
robust_main_per_million_lag1_3_mean,Per-million target with lag1-3 mean predictors,robustness_target,linear_robustness,alternative_target,env_patents_per_million,lag1_3_mean,GBR,United Kingdom,2021,,elastic_net_alpha_1_l1_0.8,14.23576,19.0984848857547,-4.8627248857547,4.8627248857547,14.23576
robust_main_per_million_lag1_3_mean,Per-million target with lag1-3 mean predictors,robustness_target,linear_robustness,alternative_target,env_patents_per_million,lag1_3_mean,GEO,Georgia,2021,,elastic_net_alpha_1_l1_0.8,1.05584,9.392514990391344,-8.336674990391344,8.336674990391344,1.05584
robust_main_per_million_lag1_3_mean,Per-million target with lag1-3 mean predictors,robustness_target,linear_robustness,alternative_target,env_patents_per_million,lag1_3_mean,GRC,Greece,2021,,elastic_net_alpha_1_l1_0.8,1.982859,7.317182050278545,-5.334323050278545,5.334323050278545,1.982859
robust_main_per_million_lag1_3_mean,Per-million target with lag1-3 mean predictors,robustness_target,linear_robustness,alternative_target,env_patents_per_million,lag1_3_mean,HKG,"Hong Kong SAR, China",2021,,elastic_net_alpha_1_l1_0.8,6.540095,17.220374102926467,-10.680279102926466,10.680279102926466,6.540095
robust_main_per_million_lag1_3_mean,Per-million target with lag1-3 mean predictors,robustness_target,linear_robustness,alternative_target,env_patents_per_million,lag1_3_mean,HRV,Croatia,2021,,elastic_net_alpha_1_l1_0.8,2.683918,6.596765875645951,-3.912847875645951,3.912847875645951,2.683918
robust_main_per_million_lag1_3_mean,Per-million target with lag1-3 mean predictors,robustness_target,linear_robustness,alternative_target,env_patents_per_million,lag1_3_mean,HUN,Hungary,2021,,elastic_net_alpha_1_l1_0.8,2.209552,7.500619317598197,-5.291067317598197,5.291067317598197,2.209552
robust_main_per_million_lag1_3_mean,Per-million target with lag1-3 mean predictors,robustness_target,linear_robustness,alternative_target,env_patents_per_million,lag1_3_mean,IDN,Indonesia,2021,,elastic_net_alpha_1_l1_0.8,0.02541329,6.329988011201444,-6.304574721201444,6.304574721201444,0.02541329
robust_main_per_million_lag1_3_mean,Per-million target with lag1-3 mean predictors,robustness_target,linear_robustness,alternative_target,env_patents_per_million,lag1_3_mean,IND,India,2021,,elastic_net_alpha_1_l1_0.8,0.4163905,8.397056965953437,-7.980666465953437,7.980666465953437,0.4163905
robust_main_per_million_lag1_3_mean,Per-million target with lag1-3 mean predictors,robustness_target,linear_robustness,alternative_target,env_patents_per_million,lag1_3_mean,IRL,Ireland,2021,,elastic_net_alpha_1_l1_0.8,12.71107,14.731010527962116,-2.0199405279621168,2.0199405279621168,12.71107
robust_main_per_million_lag1_3_mean,Per-million target with lag1-3 mean predictors,robustness_target,linear_robustness,alternative_target,env_patents_per_million,lag1_3_mean,IRN,"Iran, Islamic Rep.",2021,,elastic_net_alpha_1_l1_0.8,0.2123479,-2.0213887271012476,2.2337366271012478,2.2337366271012478,0.2123479
robust_main_per_million_lag1_3_mean,Per-million target with lag1-3 mean predictors,robustness_target,linear_robustness,alternative_target,env_patents_per_million,lag1_3_mean,ISL,Iceland,2021,,elastic_net_alpha_1_l1_0.8,13.41763,13.921229241600805,-0.5035992416008046,0.5035992416008046,13.41763
robust_main_per_million_lag1_3_mean,Per-million target with lag1-3 mean predictors,robustness_target,linear_robustness,alternative_target,env_patents_per_million,lag1_3_mean,ISR,Israel,2021,,elastic_net_alpha_1_l1_0.8,24.43272,12.495548276598745,11.937171723401255,11.937171723401255,24.43272
robust_main_per_million_lag1_3_mean,Per-million target with lag1-3 mean predictors,robustness_target,linear_robustness,alternative_target,env_patents_per_million,lag1_3_mean,ITA,Italy,2021,,elastic_net_alpha_1_l1_0.8,11.82473,11.175418197142365,0.6493118028576355,0.6493118028576355,11.82473
robust_main_per_million_lag1_3_mean,Per-million target with lag1-3 mean predictors,robustness_target,linear_robustness,alternative_target,env_patents_per_million,lag1_3_mean,JOR,Jordan,2021,,elastic_net_alpha_1_l1_0.8,0.4467997,5.198663535153539,-4.751863835153539,4.751863835153539,0.4467997
robust_main_per_million_lag1_3_mean,Per-million target with lag1-3 mean predictors,robustness_target,linear_robustness,alternative_target,env_patents_per_million,lag1_3_mean,JPN,Japan,2021,,elastic_net_alpha_1_l1_0.8,75.37357,18.347193568066935,57.026376431933066,57.026376431933066,75.37357
robust_main_per_million_lag1_3_mean,Per-million target with lag1-3 mean predictors,robustness_target,linear_robustness,alternative_target,env_patents_per_million,lag1_3_mean,KAZ,Kazakhstan,2021,,elastic_net_alpha_1_l1_0.8,0.1772726,5.6896470368866225,-5.512374436886622,5.512374436886622,0.1772726
robust_main_per_million_lag1_3_mean,Per-million target with lag1-3 mean predictors,robustness_target,linear_robustness,alternative_target,env_patents_per_million,lag1_3_mean,KEN,Kenya,2021,,elastic_net_alpha_1_l1_0.8,0.01409267,1.8290731268279936,-1.8149804568279937,1.8149804568279937,0.01409267
robust_main_per_million_lag1_3_mean,Per-million target with lag1-3 mean predictors,robustness_target,linear_robustness,alternative_target,env_patents_per_million,lag1_3_mean,KGZ,Kyrgyz Republic,2021,,elastic_net_alpha_1_l1_0.8,0.04887242,1.56747067666074,-1.51859825666074,1.51859825666074,0.04887242
robust_main_per_million_lag1_3_mean,Per-million target with lag1-3 mean predictors,robustness_target,linear_robustness,alternative_target,env_patents_per_million,lag1_3_mean,KHM,Cambodia,2021,,elastic_net_alpha_1_l1_0.8,0.03927505,0.1273983315433096,-0.08812328154330959,0.08812328154330959,0.03927505
robust_main_per_million_lag1_3_mean,Per-million target with lag1-3 mean predictors,robustness_target,linear_robustness,alternative_target,env_patents_per_million,lag1_3_mean,KOR,"Korea, Rep.",2021,,elastic_net_alpha_1_l1_0.8,137.7657,13.66740664638855,124.09829335361147,124.09829335361147,137.7657
robust_main_per_million_lag1_3_mean,Per-million target with lag1-3 mean predictors,robustness_target,linear_robustness,alternative_target,env_patents_per_million,lag1_3_mean,KWT,Kuwait,2021,,elastic_net_alpha_1_l1_0.8,0.9058092,6.682356339376279,-5.776547139376278,5.776547139376278,0.9058092
robust_main_per_million_lag1_3_mean,Per-million target with lag1-3 mean predictors,robustness_target,linear_robustness,alternative_target,env_patents_per_million,lag1_3_mean,LBN,Lebanon,2021,,elastic_net_alpha_1_l1_0.8,0.6470656,0.7118009476209348,-0.0647353476209348,0.0647353476209348,0.6470656
robust_main_per_million_lag1_3_mean,Per-million target with lag1-3 mean predictors,robustness_target,linear_robustness,alternative_target,env_patents_per_million,lag1_3_mean,LBY,Libya,2021,,elastic_net_alpha_1_l1_0.8,0.07050676,-7.759156092144242,7.829662852144242,7.829662852144242,0.07050676
robust_main_per_million_lag1_3_mean,Per-million target with lag1-3 mean predictors,robustness_target,linear_robustness,alternative_target,env_patents_per_million,lag1_3_mean,LKA,Sri Lanka,2021,,elastic_net_alpha_1_l1_0.8,0.3671012,3.170830442520793,-2.803729242520793,2.803729242520793,0.3671012
robust_main_per_million_lag1_3_mean,Per-million target with lag1-3 mean predictors,robustness_target,linear_robustness,alternative_target,env_patents_per_million,lag1_3_mean,LTU,Lithuania,2021,,elastic_net_alpha_1_l1_0.8,1.96816,10.583069817921048,-8.614909817921049,8.614909817921049,1.96816
robust_main_per_million_lag1_3_mean,Per-million target with lag1-3 mean predictors,robustness_target,linear_robustness,alternative_target,env_patents_per_million,lag1_3_mean,LUX,Luxembourg,2021,,elastic_net_alpha_1_l1_0.8,40.60762,16.24043277515486,24.367187224845136,24.367187224845136,40.60762
robust_main_per_million_lag1_3_mean,Per-million target with lag1-3 mean predictors,robustness_target,linear_robustness,alternative_target,env_patents_per_million,lag1_3_mean,LVA,Latvia,2021,,elastic_net_alpha_1_l1_0.8,5.568558,10.586933350360741,-5.018375350360741,5.018375350360741,5.568558
robust_main_per_million_lag1_3_mean,Per-million target with lag1-3 mean predictors,robustness_target,linear_robustness,alternative_target,env_patents_per_million,lag1_3_mean,MAC,"Macao SAR, China",2021,,elastic_net_alpha_1_l1_0.8,2.880176,13.571411598395416,-10.691235598395416,10.691235598395416,2.880176
robust_main_per_million_lag1_3_mean,Per-million target with lag1-3 mean predictors,robustness_target,linear_robustness,alternative_target,env_patents_per_million,lag1_3_mean,MAR,Morocco,2021,,elastic_net_alpha_1_l1_0.8,0.2444451,4.340899033206675,-4.096453933206675,4.096453933206675,0.2444451
robust_main_per_million_lag1_3_mean,Per-million target with lag1-3 mean predictors,robustness_target,linear_robustness,alternative_target,env_patents_per_million,lag1_3_mean,MDA,Moldova,2021,,elastic_net_alpha_1_l1_0.8,0.1929154,3.3827287918016276,-3.1898133918016276,3.1898133918016276,0.1929154
robust_main_per_million_lag1_3_mean,Per-million target with lag1-3 mean predictors,robustness_target,linear_robustness,alternative_target,env_patents_per_million,lag1_3_mean,MEX,Mexico,2021,,elastic_net_alpha_1_l1_0.8,0.3296823,5.12172198859891,-4.79203968859891,4.79203968859891,0.3296823
robust_main_per_million_lag1_3_mean,Per-million target with lag1-3 mean predictors,robustness_target,linear_robustness,alternative_target,env_patents_per_million,lag1_3_mean,MLT,Malta,2021,,elastic_net_alpha_1_l1_0.8,7.310276,10.810088514017055,-3.499812514017055,3.499812514017055,7.310276
robust_main_per_million_lag1_3_mean,Per-million target with lag1-3 mean predictors,robustness_target,linear_robustness,alternative_target,env_patents_per_million,lag1_3_mean,MNE,Montenegro,2021,,elastic_net_alpha_1_l1_0.8,0.8280188,6.172376513916798,-5.344357713916798,5.344357713916798,0.8280188
robust_main_per_million_lag1_3_mean,Per-million target with lag1-3 mean predictors,robustness_target,linear_robustness,alternative_target,env_patents_per_million,lag1_3_mean,MRT,Mauritania,2021,,elastic_net_alpha_1_l1_0.8,0.1083429,-0.8259465628965197,0.9342894628965197,0.9342894628965197,0.1083429
robust_main_per_million_lag1_3_mean,Per-million target with lag1-3 mean predictors,robustness_target,linear_robustness,alternative_target,env_patents_per_million,lag1_3_mean,MUS,Mauritius,2021,,elastic_net_alpha_1_l1_0.8,0.2604934,10.452753210051814,-10.192259810051814,10.192259810051814,0.2604934
robust_main_per_million_lag1_3_mean,Per-million target with lag1-3 mean predictors,robustness_target,linear_robustness,alternative_target,env_patents_per_million,lag1_3_mean,MYS,Malaysia,2021,,elastic_net_alpha_1_l1_0.8,1.312627,9.873023415493325,-8.560396415493326,8.560396415493326,1.312627
robust_main_per_million_lag1_3_mean,Per-million target with lag1-3 mean predictors,robustness_target,linear_robustness,alternative_target,env_patents_per_million,lag1_3_mean,NCL,New Caledonia,2021,,elastic_net_alpha_1_l1_0.8,5.259209,7.578067741175483,-2.3188587411754824,2.3188587411754824,5.259209
robust_main_per_million_lag1_3_mean,Per-million target with lag1-3 mean predictors,robustness_target,linear_robustness,alternative_target,env_patents_per_million,lag1_3_mean,NER,Niger,2021,,elastic_net_alpha_1_l1_0.8,0.01360425,-0.206334181660476,0.21993843166047602,0.21993843166047602,0.01360425
robust_main_per_million_lag1_3_mean,Per-million target with lag1-3 mean predictors,robustness_target,linear_robustness,alternative_target,env_patents_per_million,lag1_3_mean,NLD,Netherlands,2021,,elastic_net_alpha_1_l1_0.8,24.66175,17.551827217828425,7.1099227821715765,7.1099227821715765,24.66175
robust_main_per_million_lag1_3_mean,Per-million target with lag1-3 mean predictors,robustness_target,linear_robustness,alternative_target,env_patents_per_million,lag1_3_mean,NOR,Norway,2021,,elastic_net_alpha_1_l1_0.8,28.16767,16.174616470361027,11.993053529638974,11.993053529638974,28.16767
robust_main_per_million_lag1_3_mean,Per-million target with lag1-3 mean predictors,robustness_target,linear_robustness,alternative_target,env_patents_per_million,lag1_3_mean,NPL,Nepal,2021,,elastic_net_alpha_1_l1_0.8,0.02261803,0.3186040375855379,-0.2959860075855379,0.2959860075855379,0.02261803
robust_main_per_million_lag1_3_mean,Per-million target with lag1-3 mean predictors,robustness_target,linear_robustness,alternative_target,env_patents_per_million,lag1_3_mean,NZL,New Zealand,2021,,elastic_net_alpha_1_l1_0.8,8.278356,17.05870102140687,-8.780345021406868,8.780345021406868,8.278356
robust_main_per_million_lag1_3_mean,Per-million target with lag1-3 mean predictors,robustness_target,linear_robustness,alternative_target,env_patents_per_million,lag1_3_mean,OMN,Oman,2021,,elastic_net_alpha_1_l1_0.8,0.2777516,8.877339214172126,-8.599587614172126,8.599587614172126,0.2777516
robust_main_per_million_lag1_3_mean,Per-million target with lag1-3 mean predictors,robustness_target,linear_robustness,alternative_target,env_patents_per_million,lag1_3_mean,PAK,Pakistan,2021,,elastic_net_alpha_1_l1_0.8,0.01809493,0.5581009640002357,-0.5400060340002357,0.5400060340002357,0.01809493
robust_main_per_million_lag1_3_mean,Per-million target with lag1-3 mean predictors,robustness_target,linear_robustness,alternative_target,env_patents_per_million,lag1_3_mean,PAN,Panama,2021,,elastic_net_alpha_1_l1_0.8,0.1725961,6.138380663384858,-5.965784563384858,5.965784563384858,0.1725961
robust_main_per_million_lag1_3_mean,Per-million target with lag1-3 mean predictors,robustness_target,linear_robustness,alternative_target,env_patents_per_million,lag1_3_mean,PER,Peru,2021,,elastic_net_alpha_1_l1_0.8,0.1407493,6.093240432405137,-5.952491132405137,5.952491132405137,0.1407493
robust_main_per_million_lag1_3_mean,Per-million target with lag1-3 mean predictors,robustness_target,linear_robustness,alternative_target,env_patents_per_million,lag1_3_mean,PHL,Philippines,2021,,elastic_net_alpha_1_l1_0.8,0.07618563,4.507085499378162,-4.430899869378162,4.430899869378162,0.07618563
robust_main_per_million_lag1_3_mean,Per-million target with lag1-3 mean predictors,robustness_target,linear_robustness,alternative_target,env_patents_per_million,lag1_3_mean,POL,Poland,2021,,elastic_net_alpha_1_l1_0.8,2.570519,10.732600980261555,-8.162081980261554,8.162081980261554,2.570519
robust_main_per_million_lag1_3_mean,Per-million target with lag1-3 mean predictors,robustness_target,linear_robustness,alternative_target,env_patents_per_million,lag1_3_mean,PRI,Puerto Rico (US),2021,,elastic_net_alpha_1_l1_0.8,0.3073887,9.41900842795286,-9.11161972795286,9.11161972795286,0.3073887
robust_main_per_million_lag1_3_mean,Per-million target with lag1-3 mean predictors,robustness_target,linear_robustness,alternative_target,env_patents_per_million,lag1_3_mean,PRT,Portugal,2021,,elastic_net_alpha_1_l1_0.8,2.983364,10.59433372138919,-7.610969721389191,7.610969721389191,2.983364
robust_main_per_million_lag1_3_mean,Per-million target with lag1-3 mean predictors,robustness_target,linear_robustness,alternative_target,env_patents_per_million,lag1_3_mean,PRY,Paraguay,2021,,elastic_net_alpha_1_l1_0.8,0.04986898,3.198925052379309,-3.149056072379309,3.149056072379309,0.04986898
robust_main_per_million_lag1_3_mean,Per-million target with lag1-3 mean predictors,robustness_target,linear_robustness,alternative_target,env_patents_per_million,lag1_3_mean,PSE,West Bank and Gaza,2021,,elastic_net_alpha_1_l1_0.8,0.1928515,3.552660393979275,-3.3598088939792747,3.3598088939792747,0.1928515
robust_main_per_million_lag1_3_mean,Per-million target with lag1-3 mean predictors,robustness_target,linear_robustness,alternative_target,env_patents_per_million,lag1_3_mean,QAT,Qatar,2021,,elastic_net_alpha_1_l1_0.8,2.131452,12.971011601787747,-10.839559601787748,10.839559601787748,2.131452
robust_main_per_million_lag1_3_mean,Per-million target with lag1-3 mean predictors,robustness_target,linear_robustness,alternative_target,env_patents_per_million,lag1_3_mean,ROU,Romania,2021,,elastic_net_alpha_1_l1_0.8,0.9455449,6.897730606619998,-5.952185706619998,5.952185706619998,0.9455449
robust_main_per_million_lag1_3_mean,Per-million target with lag1-3 mean predictors,robustness_target,linear_robustness,alternative_target,env_patents_per_million,lag1_3_mean,RUS,Russian Federation,2021,,elastic_net_alpha_1_l1_0.8,0.7498901,5.930791127649828,-5.180901027649828,5.180901027649828,0.7498901
robust_main_per_million_lag1_3_mean,Per-million target with lag1-3 mean predictors,robustness_target,linear_robustness,alternative_target,env_patents_per_million,lag1_3_mean,SAU,Saudi Arabia,2021,,elastic_net_alpha_1_l1_0.8,3.136135,7.398956143656367,-4.262821143656367,4.262821143656367,3.136135
robust_main_per_million_lag1_3_mean,Per-million target with lag1-3 mean predictors,robustness_target,linear_robustness,alternative_target,env_patents_per_million,lag1_3_mean,SDN,Sudan,2021,,elastic_net_alpha_1_l1_0.8,0.005201082,-5.80596923520642,5.81117031720642,5.81117031720642,0.005201082
robust_main_per_million_lag1_3_mean,Per-million target with lag1-3 mean predictors,robustness_target,linear_robustness,alternative_target,env_patents_per_million,lag1_3_mean,SGP,Singapore,2021,,elastic_net_alpha_1_l1_0.8,22.89819,18.621615481553537,4.276574518446463,4.276574518446463,22.89819
robust_main_per_million_lag1_3_mean,Per-million target with lag1-3 mean predictors,robustness_target,linear_robustness,alternative_target,env_patents_per_million,lag1_3_mean,SRB,Serbia,2021,,elastic_net_alpha_1_l1_0.8,0.7314829,5.055602621398915,-4.324119721398915,4.324119721398915,0.7314829
robust_main_per_million_lag1_3_mean,Per-million target with lag1-3 mean predictors,robustness_target,linear_robustness,alternative_target,env_patents_per_million,lag1_3_mean,SVK,Slovak Republic,2021,,elastic_net_alpha_1_l1_0.8,3.567431,8.94212209882267,-5.37469109882267,5.37469109882267,3.567431
robust_main_per_million_lag1_3_mean,Per-million target with lag1-3 mean predictors,robustness_target,linear_robustness,alternative_target,env_patents_per_million,lag1_3_mean,SVN,Slovenia,2021,,elastic_net_alpha_1_l1_0.8,7.806977,9.618894762991868,-1.8119177629918681,1.8119177629918681,7.806977
robust_main_per_million_lag1_3_mean,Per-million target with lag1-3 mean predictors,robustness_target,linear_robustness,alternative_target,env_patents_per_million,lag1_3_mean,SWE,Sweden,2021,,elastic_net_alpha_1_l1_0.8,45.81836,15.984197857028711,29.834162142971287,29.834162142971287,45.81836
robust_main_per_million_lag1_3_mean,Per-million target with lag1-3 mean predictors,robustness_target,linear_robustness,alternative_target,env_patents_per_million,lag1_3_mean,SYC,Seychelles,2021,,elastic_net_alpha_1_l1_0.8,8.13094,6.513833652752134,1.6171063472478666,1.6171063472478666,8.13094
robust_main_per_million_lag1_3_mean,Per-million target with lag1-3 mean predictors,robustness_target,linear_robustness,alternative_target,env_patents_per_million,lag1_3_mean,THA,Thailand,2021,,elastic_net_alpha_1_l1_0.8,0.2474649,5.623208535856148,-5.375743635856148,5.375743635856148,0.2474649
robust_main_per_million_lag1_3_mean,Per-million target with lag1-3 mean predictors,robustness_target,linear_robustness,alternative_target,env_patents_per_million,lag1_3_mean,TUN,Tunisia,2021,,elastic_net_alpha_1_l1_0.8,0.1521612,3.6090975478020573,-3.456936347802057,3.456936347802057,0.1521612
robust_main_per_million_lag1_3_mean,Per-million target with lag1-3 mean predictors,robustness_target,linear_robustness,alternative_target,env_patents_per_million,lag1_3_mean,TUR,Turkiye,2021,,elastic_net_alpha_1_l1_0.8,1.752489,5.666137756364841,-3.913648756364841,3.913648756364841,1.752489
robust_main_per_million_lag1_3_mean,Per-million target with lag1-3 mean predictors,robustness_target,linear_robustness,alternative_target,env_patents_per_million,lag1_3_mean,UKR,Ukraine,2021,,elastic_net_alpha_1_l1_0.8,0.3912836,2.7632619965177243,-2.3719783965177244,2.3719783965177244,0.3912836
robust_main_per_million_lag1_3_mean,Per-million target with lag1-3 mean predictors,robustness_target,linear_robustness,alternative_target,env_patents_per_million,lag1_3_mean,URY,Uruguay,2021,,elastic_net_alpha_1_l1_0.8,0.1472019,8.155177171372934,-8.007975271372933,8.007975271372933,0.1472019
robust_main_per_million_lag1_3_mean,Per-million target with lag1-3 mean predictors,robustness_target,linear_robustness,alternative_target,env_patents_per_million,lag1_3_mean,USA,United States,2021,,elastic_net_alpha_1_l1_0.8,21.77613,35.99106062119109,-14.21493062119109,14.21493062119109,21.77613
robust_main_per_million_lag1_3_mean,Per-million target with lag1-3 mean predictors,robustness_target,linear_robustness,alternative_target,env_patents_per_million,lag1_3_mean,VEN,"Venezuela, RB",2021,,elastic_net_alpha_1_l1_0.8,0.01770675,-8.912345558695677,8.930052308695677,8.930052308695677,0.01770675
robust_main_per_million_lag1_3_mean,Per-million target with lag1-3 mean predictors,robustness_target,linear_robustness,alternative_target,env_patents_per_million,lag1_3_mean,VNM,Viet Nam,2021,,elastic_net_alpha_1_l1_0.8,0.2067012,2.968425321489013,-2.761724121489013,2.761724121489013,0.2067012
robust_main_per_million_lag1_3_mean,Per-million target with lag1-3 mean predictors,robustness_target,linear_robustness,alternative_target,env_patents_per_million,lag1_3_mean,ZAF,South Africa,2021,,elastic_net_alpha_1_l1_0.8,0.4376509,5.869172843799743,-5.431521943799742,5.431521943799742,0.4376509
robust_main_per_million_lag1_3_mean,Per-million target with lag1-3 mean predictors,robustness_target,linear_robustness,alternative_target,env_patents_per_million,lag1_3_mean,ZWE,Zimbabwe,2021,,elastic_net_alpha_1_l1_0.8,0.02110077,-5.86342279611529,5.88452356611529,5.88452356611529,0.02110077
robust_main_per_million_lag1_3_mean,Per-million target with lag1-3 mean predictors,robustness_target,linear_robustness,alternative_target,env_patents_per_million,lag1_3_mean,ALB,Albania,2022,,elastic_net_alpha_1_l1_0.8,0.08841395,4.3269055327464345,-4.238491582746435,4.238491582746435,0.08841395
robust_main_per_million_lag1_3_mean,Per-million target with lag1-3 mean predictors,robustness_target,linear_robustness,alternative_target,env_patents_per_million,lag1_3_mean,ARE,United Arab Emirates,2022,,elastic_net_alpha_1_l1_0.8,1.008909,13.008129200790975,-11.999220200790976,11.999220200790976,1.008909
robust_main_per_million_lag1_3_mean,Per-million target with lag1-3 mean predictors,robustness_target,linear_robustness,alternative_target,env_patents_per_million,lag1_3_mean,ARG,Argentina,2022,,elastic_net_alpha_1_l1_0.8,0.1156186,1.3683465370104901,-1.2527279370104902,1.2527279370104902,0.1156186
robust_main_per_million_lag1_3_mean,Per-million target with lag1-3 mean predictors,robustness_target,linear_robustness,alternative_target,env_patents_per_million,lag1_3_mean,ARM,Armenia,2022,,elastic_net_alpha_1_l1_0.8,0.6942338,5.58911804570341,-4.89488424570341,4.89488424570341,0.6942338
robust_main_per_million_lag1_3_mean,Per-million target with lag1-3 mean predictors,robustness_target,linear_robustness,alternative_target,env_patents_per_million,lag1_3_mean,ATG,Antigua and Barbuda,2022,,elastic_net_alpha_1_l1_0.8,3.590406,7.865236934558819,-4.274830934558819,4.274830934558819,3.590406
robust_main_per_million_lag1_3_mean,Per-million target with lag1-3 mean predictors,robustness_target,linear_robustness,alternative_target,env_patents_per_million,lag1_3_mean,AUS,Australia,2022,,elastic_net_alpha_1_l1_0.8,7.104695,18.921437130033794,-11.816742130033795,11.816742130033795,7.104695
robust_main_per_million_lag1_3_mean,Per-million target with lag1-3 mean predictors,robustness_target,linear_robustness,alternative_target,env_patents_per_million,lag1_3_mean,AUT,Austria,2022,,elastic_net_alpha_1_l1_0.8,25.96066,14.469128779059574,11.491531220940427,11.491531220940427,25.96066
robust_main_per_million_lag1_3_mean,Per-million target with lag1-3 mean predictors,robustness_target,linear_robustness,alternative_target,env_patents_per_million,lag1_3_mean,BEL,Belgium,2022,,elastic_net_alpha_1_l1_0.8,18.20544,13.717158522171275,4.488281477828725,4.488281477828725,18.20544
robust_main_per_million_lag1_3_mean,Per-million target with lag1-3 mean predictors,robustness_target,linear_robustness,alternative_target,env_patents_per_million,lag1_3_mean,BGD,Bangladesh,2022,,elastic_net_alpha_1_l1_0.8,0.01830151,-1.1153678533572355,1.1336693633572354,1.1336693633572354,0.01830151
robust_main_per_million_lag1_3_mean,Per-million target with lag1-3 mean predictors,robustness_target,linear_robustness,alternative_target,env_patents_per_million,lag1_3_mean,BGR,Bulgaria,2022,,elastic_net_alpha_1_l1_0.8,1.316073,6.997565385990818,-5.6814923859908175,5.6814923859908175,1.316073
robust_main_per_million_lag1_3_mean,Per-million target with lag1-3 mean predictors,robustness_target,linear_robustness,alternative_target,env_patents_per_million,lag1_3_mean,BHR,Bahrain,2022,,elastic_net_alpha_1_l1_0.8,0.6521205,10.223788408046206,-9.571667908046205,9.571667908046205,0.6521205
robust_main_per_million_lag1_3_mean,Per-million target with lag1-3 mean predictors,robustness_target,linear_robustness,alternative_target,env_patents_per_million,lag1_3_mean,BIH,Bosnia and Herzegovina,2022,,elastic_net_alpha_1_l1_0.8,0.07800794,2.3690878404387163,-2.2910799004387163,2.2910799004387163,0.07800794
robust_main_per_million_lag1_3_mean,Per-million target with lag1-3 mean predictors,robustness_target,linear_robustness,alternative_target,env_patents_per_million,lag1_3_mean,BLR,Belarus,2022,,elastic_net_alpha_1_l1_0.8,0.1090128,0.5589023394986752,-0.44988953949867516,0.44988953949867516,0.1090128
robust_main_per_million_lag1_3_mean,Per-million target with lag1-3 mean predictors,robustness_target,linear_robustness,alternative_target,env_patents_per_million,lag1_3_mean,BOL,Bolivia,2022,,elastic_net_alpha_1_l1_0.8,0.02760032,-2.260571776602549,2.288172096602549,2.288172096602549,0.02760032
robust_main_per_million_lag1_3_mean,Per-million target with lag1-3 mean predictors,robustness_target,linear_robustness,alternative_target,env_patents_per_million,lag1_3_mean,BRA,Brazil,2022,,elastic_net_alpha_1_l1_0.8,0.3177903,6.192466758031902,-5.874676458031901,5.874676458031901,0.3177903
robust_main_per_million_lag1_3_mean,Per-million target with lag1-3 mean predictors,robustness_target,linear_robustness,alternative_target,env_patents_per_million,lag1_3_mean,BTN,Bhutan,2022,,elastic_net_alpha_1_l1_0.8,0.6425373,3.8712759400350323,-3.2287386400350324,3.2287386400350324,0.6425373
robust_main_per_million_lag1_3_mean,Per-million target with lag1-3 mean predictors,robustness_target,linear_robustness,alternative_target,env_patents_per_million,lag1_3_mean,CAN,Canada,2022,,elastic_net_alpha_1_l1_0.8,13.7517,18.137469365127597,-4.385769365127597,4.385769365127597,13.7517
robust_main_per_million_lag1_3_mean,Per-million target with lag1-3 mean predictors,robustness_target,linear_robustness,alternative_target,env_patents_per_million,lag1_3_mean,CHE,Switzerland,2022,,elastic_net_alpha_1_l1_0.8,21.33745,16.043722370394363,5.2937276296056375,5.2937276296056375,21.33745
robust_main_per_million_lag1_3_mean,Per-million target with lag1-3 mean predictors,robustness_target,linear_robustness,alternative_target,env_patents_per_million,lag1_3_mean,CHL,Chile,2022,,elastic_net_alpha_1_l1_0.8,0.7415728,10.628386885752015,-9.886814085752015,9.886814085752015,0.7415728
robust_main_per_million_lag1_3_mean,Per-million target with lag1-3 mean predictors,robustness_target,linear_robustness,alternative_target,env_patents_per_million,lag1_3_mean,CHN,China,2022,,elastic_net_alpha_1_l1_0.8,11.9623,30.93994996230414,-18.97764996230414,18.97764996230414,11.9623
robust_main_per_million_lag1_3_mean,Per-million target with lag1-3 mean predictors,robustness_target,linear_robustness,alternative_target,env_patents_per_million,lag1_3_mean,CIV,Cote d'Ivoire,2022,,elastic_net_alpha_1_l1_0.8,0.01645007,2.174783671202002,-2.1583336012020022,2.1583336012020022,0.01645007
robust_main_per_million_lag1_3_mean,Per-million target with lag1-3 mean predictors,robustness_target,linear_robustness,alternative_target,env_patents_per_million,lag1_3_mean,CMR,Cameroon,2022,,elastic_net_alpha_1_l1_0.8,0.03015743,-0.7132314181180011,0.7433888481180011,0.7433888481180011,0.03015743
robust_main_per_million_lag1_3_mean,Per-million target with lag1-3 mean predictors,robustness_target,linear_robustness,alternative_target,env_patents_per_million,lag1_3_mean,COL,Colombia,2022,,elastic_net_alpha_1_l1_0.8,0.4477694,5.858923620335419,-5.411154220335419,5.411154220335419,0.4477694
robust_main_per_million_lag1_3_mean,Per-million target with lag1-3 mean predictors,robustness_target,linear_robustness,alternative_target,env_patents_per_million,lag1_3_mean,CPV,Cabo Verde,2022,,elastic_net_alpha_1_l1_0.8,1.924035,4.156912750530939,-2.232877750530939,2.232877750530939,1.924035
robust_main_per_million_lag1_3_mean,Per-million target with lag1-3 mean predictors,robustness_target,linear_robustness,alternative_target,env_patents_per_million,lag1_3_mean,CRI,Costa Rica,2022,,elastic_net_alpha_1_l1_0.8,0.393564,7.819759110715967,-7.426195110715968,7.426195110715968,0.393564
robust_main_per_million_lag1_3_mean,Per-million target with lag1-3 mean predictors,robustness_target,linear_robustness,alternative_target,env_patents_per_million,lag1_3_mean,CYP,Cyprus,2022,,elastic_net_alpha_1_l1_0.8,8.512535,10.273685877690507,-1.7611508776905076,1.7611508776905076,8.512535
robust_main_per_million_lag1_3_mean,Per-million target with lag1-3 mean predictors,robustness_target,linear_robustness,alternative_target,env_patents_per_million,lag1_3_mean,CZE,Czechia,2022,,elastic_net_alpha_1_l1_0.8,5.288941,12.491055252831387,-7.202114252831387,7.202114252831387,5.288941
robust_main_per_million_lag1_3_mean,Per-million target with lag1-3 mean predictors,robustness_target,linear_robustness,alternative_target,env_patents_per_million,lag1_3_mean,DEU,Germany,2022,,elastic_net_alpha_1_l1_0.8,27.84387,19.635871878287347,8.207998121712652,8.207998121712652,27.84387
robust_main_per_million_lag1_3_mean,Per-million target with lag1-3 mean predictors,robustness_target,linear_robustness,alternative_target,env_patents_per_million,lag1_3_mean,DNK,Denmark,2022,,elastic_net_alpha_1_l1_0.8,59.43402,17.179062739137393,42.254957260862604,42.254957260862604,59.43402
robust_main_per_million_lag1_3_mean,Per-million target with lag1-3 mean predictors,robustness_target,linear_robustness,alternative_target,env_patents_per_million,lag1_3_mean,DZA,Algeria,2022,,elastic_net_alpha_1_l1_0.8,0.02748619,-1.8933896441870877,1.9208758341870877,1.9208758341870877,0.02748619
robust_main_per_million_lag1_3_mean,Per-million target with lag1-3 mean predictors,robustness_target,linear_robustness,alternative_target,env_patents_per_million,lag1_3_mean,ECU,Ecuador,2022,,elastic_net_alpha_1_l1_0.8,0.07013056,0.19941416493477337,-0.12928360493477337,0.12928360493477337,0.07013056
robust_main_per_million_lag1_3_mean,Per-million target with lag1-3 mean predictors,robustness_target,linear_robustness,alternative_target,env_patents_per_million,lag1_3_mean,EGY,"Egypt, Arab Rep.",2022,,elastic_net_alpha_1_l1_0.8,0.06733663,0.9724974996482914,-0.9051608696482913,0.9051608696482913,0.06733663
robust_main_per_million_lag1_3_mean,Per-million target with lag1-3 mean predictors,robustness_target,linear_robustness,alternative_target,env_patents_per_million,lag1_3_mean,ESP,Spain,2022,,elastic_net_alpha_1_l1_0.8,4.989599,12.437716151402721,-7.448117151402721,7.448117151402721,4.989599
robust_main_per_million_lag1_3_mean,Per-million target with lag1-3 mean predictors,robustness_target,linear_robustness,alternative_target,env_patents_per_million,lag1_3_mean,EST,Estonia,2022,,elastic_net_alpha_1_l1_0.8,1.481382,14.43356423141731,-12.95218223141731,12.95218223141731,1.481382
robust_main_per_million_lag1_3_mean,Per-million target with lag1-3 mean predictors,robustness_target,linear_robustness,alternative_target,env_patents_per_million,lag1_3_mean,ETH,Ethiopia,2022,,elastic_net_alpha_1_l1_0.8,0.007975481,-0.9000915045170599,0.9080669855170599,0.9080669855170599,0.007975481
robust_main_per_million_lag1_3_mean,Per-million target with lag1-3 mean predictors,robustness_target,linear_robustness,alternative_target,env_patents_per_million,lag1_3_mean,FIN,Finland,2022,,elastic_net_alpha_1_l1_0.8,26.22113,17.393572546557323,8.827557453442676,8.827557453442676,26.22113
robust_main_per_million_lag1_3_mean,Per-million target with lag1-3 mean predictors,robustness_target,linear_robustness,alternative_target,env_patents_per_million,lag1_3_mean,FRA,France,2022,,elastic_net_alpha_1_l1_0.8,11.75568,15.76440103272559,-4.008721032725591,4.008721032725591,11.75568
robust_main_per_million_lag1_3_mean,Per-million target with lag1-3 mean predictors,robustness_target,linear_robustness,alternative_target,env_patents_per_million,lag1_3_mean,FRO,Faroe Islands,2022,,elastic_net_alpha_1_l1_0.8,9.257374,5.5990513497002965,3.658322650299704,3.658322650299704,9.257374
robust_main_per_million_lag1_3_mean,Per-million target with lag1-3 mean predictors,robustness_target,linear_robustness,alternative_target,env_patents_per_million,lag1_3_mean,GBR,United Kingdom,2022,,elastic_net_alpha_1_l1_0.8,11.50585,18.98793931809837,-7.482089318098369,7.482089318098369,11.50585
robust_main_per_million_lag1_3_mean,Per-million target with lag1-3 mean predictors,robustness_target,linear_robustness,alternative_target,env_patents_per_million,lag1_3_mean,GHA,Ghana,2022,,elastic_net_alpha_1_l1_0.8,0.05027781,2.9930608877836846,-2.9427830777836848,2.9427830777836848,0.05027781
robust_main_per_million_lag1_3_mean,Per-million target with lag1-3 mean predictors,robustness_target,linear_robustness,alternative_target,env_patents_per_million,lag1_3_mean,GRC,Greece,2022,,elastic_net_alpha_1_l1_0.8,1.759107,7.537822110521103,-5.7787151105211025,5.7787151105211025,1.759107
robust_main_per_million_lag1_3_mean,Per-million target with lag1-3 mean predictors,robustness_target,linear_robustness,alternative_target,env_patents_per_million,lag1_3_mean,GTM,Guatemala,2022,,elastic_net_alpha_1_l1_0.8,0.05602907,1.6913614963302628,-1.6353324263302629,1.6353324263302629,0.05602907
robust_main_per_million_lag1_3_mean,Per-million target with lag1-3 mean predictors,robustness_target,linear_robustness,alternative_target,env_patents_per_million,lag1_3_mean,HKG,"Hong Kong SAR, China",2022,,elastic_net_alpha_1_l1_0.8,4.79959,16.221901993489627,-11.422311993489627,11.422311993489627,4.79959
robust_main_per_million_lag1_3_mean,Per-million target with lag1-3 mean predictors,robustness_target,linear_robustness,alternative_target,env_patents_per_million,lag1_3_mean,HRV,Croatia,2022,,elastic_net_alpha_1_l1_0.8,1.109113,6.475979246689543,-5.366866246689543,5.366866246689543,1.109113
robust_main_per_million_lag1_3_mean,Per-million target with lag1-3 mean predictors,robustness_target,linear_robustness,alternative_target,env_patents_per_million,lag1_3_mean,HUN,Hungary,2022,,elastic_net_alpha_1_l1_0.8,1.910307,7.426330146741018,-5.516023146741018,5.516023146741018,1.910307
robust_main_per_million_lag1_3_mean,Per-million target with lag1-3 mean predictors,robustness_target,linear_robustness,alternative_target,env_patents_per_million,lag1_3_mean,IDN,Indonesia,2022,,elastic_net_alpha_1_l1_0.8,0.02761534,7.061384609359988,-7.033769269359988,7.033769269359988,0.02761534
robust_main_per_million_lag1_3_mean,Per-million target with lag1-3 mean predictors,robustness_target,linear_robustness,alternative_target,env_patents_per_million,lag1_3_mean,IND,India,2022,,elastic_net_alpha_1_l1_0.8,0.3430911,8.85493854911167,-8.51184744911167,8.51184744911167,0.3430911
robust_main_per_million_lag1_3_mean,Per-million target with lag1-3 mean predictors,robustness_target,linear_robustness,alternative_target,env_patents_per_million,lag1_3_mean,IRL,Ireland,2022,,elastic_net_alpha_1_l1_0.8,6.846032,14.686803339946238,-7.8407713399462375,7.8407713399462375,6.846032
robust_main_per_million_lag1_3_mean,Per-million target with lag1-3 mean predictors,robustness_target,linear_robustness,alternative_target,env_patents_per_million,lag1_3_mean,IRN,"Iran, Islamic Rep.",2022,,elastic_net_alpha_1_l1_0.8,0.1578716,-2.1414707996863465,2.2993423996863465,2.2993423996863465,0.1578716
robust_main_per_million_lag1_3_mean,Per-million target with lag1-3 mean predictors,robustness_target,linear_robustness,alternative_target,env_patents_per_million,lag1_3_mean,IRQ,Iraq,2022,,elastic_net_alpha_1_l1_0.8,0.004538178,-2.5816208004328205,2.5861589784328203,2.5861589784328203,0.004538178
robust_main_per_million_lag1_3_mean,Per-million target with lag1-3 mean predictors,robustness_target,linear_robustness,alternative_target,env_patents_per_million,lag1_3_mean,ISL,Iceland,2022,,elastic_net_alpha_1_l1_0.8,6.134604,14.279720609346423,-8.145116609346424,8.145116609346424,6.134604
robust_main_per_million_lag1_3_mean,Per-million target with lag1-3 mean predictors,robustness_target,linear_robustness,alternative_target,env_patents_per_million,lag1_3_mean,ISR,Israel,2022,,elastic_net_alpha_1_l1_0.8,16.59682,12.526436968427511,4.07038303157249,4.07038303157249,16.59682
robust_main_per_million_lag1_3_mean,Per-million target with lag1-3 mean predictors,robustness_target,linear_robustness,alternative_target,env_patents_per_million,lag1_3_mean,ITA,Italy,2022,,elastic_net_alpha_1_l1_0.8,7.585561,11.375861087618802,-3.7903000876188013,3.7903000876188013,7.585561
robust_main_per_million_lag1_3_mean,Per-million target with lag1-3 mean predictors,robustness_target,linear_robustness,alternative_target,env_patents_per_million,lag1_3_mean,JOR,Jordan,2022,,elastic_net_alpha_1_l1_0.8,0.207292,5.425182009882588,-5.217890009882588,5.217890009882588,0.207292
robust_main_per_million_lag1_3_mean,Per-million target with lag1-3 mean predictors,robustness_target,linear_robustness,alternative_target,env_patents_per_million,lag1_3_mean,JPN,Japan,2022,,elastic_net_alpha_1_l1_0.8,57.99286,18.4281694793607,39.5646905206393,39.5646905206393,57.99286
robust_main_per_million_lag1_3_mean,Per-million target with lag1-3 mean predictors,robustness_target,linear_robustness,alternative_target,env_patents_per_million,lag1_3_mean,KAZ,Kazakhstan,2022,,elastic_net_alpha_1_l1_0.8,0.03743522,5.618018994675351,-5.580583774675351,5.580583774675351,0.03743522
robust_main_per_million_lag1_3_mean,Per-million target with lag1-3 mean predictors,robustness_target,linear_robustness,alternative_target,env_patents_per_million,lag1_3_mean,KOR,"Korea, Rep.",2022,,elastic_net_alpha_1_l1_0.8,124.5928,13.818415420506852,110.77438457949314,110.77438457949314,124.5928
robust_main_per_million_lag1_3_mean,Per-million target with lag1-3 mean predictors,robustness_target,linear_robustness,alternative_target,env_patents_per_million,lag1_3_mean,KWT,Kuwait,2022,,elastic_net_alpha_1_l1_0.8,0.2178881,6.976674283144917,-6.758786183144918,6.758786183144918,0.2178881
robust_main_per_million_lag1_3_mean,Per-million target with lag1-3 mean predictors,robustness_target,linear_robustness,alternative_target,env_patents_per_million,lag1_3_mean,LBN,Lebanon,2022,,elastic_net_alpha_1_l1_0.8,0.5947729,-0.3787451893428688,0.9735180893428689,0.9735180893428689,0.5947729
robust_main_per_million_lag1_3_mean,Per-million target with lag1-3 mean predictors,robustness_target,linear_robustness,alternative_target,env_patents_per_million,lag1_3_mean,LKA,Sri Lanka,2022,,elastic_net_alpha_1_l1_0.8,0.03649374,3.224482603152995,-3.187988863152995,3.187988863152995,0.03649374
robust_main_per_million_lag1_3_mean,Per-million target with lag1-3 mean predictors,robustness_target,linear_robustness,alternative_target,env_patents_per_million,lag1_3_mean,LTU,Lithuania,2022,,elastic_net_alpha_1_l1_0.8,0.5324967,10.810772672812067,-10.278275972812068,10.278275972812068,0.5324967
robust_main_per_million_lag1_3_mean,Per-million target with lag1-3 mean predictors,robustness_target,linear_robustness,alternative_target,env_patents_per_million,lag1_3_mean,LUX,Luxembourg,2022,,elastic_net_alpha_1_l1_0.8,23.98034,16.407354490148585,7.572985509851417,7.572985509851417,23.98034
robust_main_per_million_lag1_3_mean,Per-million target with lag1-3 mean predictors,robustness_target,linear_robustness,alternative_target,env_patents_per_million,lag1_3_mean,LVA,Latvia,2022,,elastic_net_alpha_1_l1_0.8,4.319366,10.757797834297484,-6.438431834297485,6.438431834297485,4.319366
robust_main_per_million_lag1_3_mean,Per-million target with lag1-3 mean predictors,robustness_target,linear_robustness,alternative_target,env_patents_per_million,lag1_3_mean,MAC,"Macao SAR, China",2022,,elastic_net_alpha_1_l1_0.8,0.4732455,13.374291017624433,-12.901045517624432,12.901045517624432,0.4732455
robust_main_per_million_lag1_3_mean,Per-million target with lag1-3 mean predictors,robustness_target,linear_robustness,alternative_target,env_patents_per_million,lag1_3_mean,MAR,Morocco,2022,,elastic_net_alpha_1_l1_0.8,0.2544934,4.454919909092007,-4.200426509092007,4.200426509092007,0.2544934
robust_main_per_million_lag1_3_mean,Per-million target with lag1-3 mean predictors,robustness_target,linear_robustness,alternative_target,env_patents_per_million,lag1_3_mean,MEX,Mexico,2022,,elastic_net_alpha_1_l1_0.8,0.3129541,4.760941216873692,-4.447987116873692,4.447987116873692,0.3129541
robust_main_per_million_lag1_3_mean,Per-million target with lag1-3 mean predictors,robustness_target,linear_robustness,alternative_target,env_patents_per_million,lag1_3_mean,MKD,North Macedonia,2022,,elastic_net_alpha_1_l1_0.8,0.1358524,5.892664027863952,-5.756811627863952,5.756811627863952,0.1358524
robust_main_per_million_lag1_3_mean,Per-million target with lag1-3 mean predictors,robustness_target,linear_robustness,alternative_target,env_patents_per_million,lag1_3_mean,MLT,Malta,2022,,elastic_net_alpha_1_l1_0.8,2.839876,9.730422244214452,-6.890546244214452,6.890546244214452,2.839876
robust_main_per_million_lag1_3_mean,Per-million target with lag1-3 mean predictors,robustness_target,linear_robustness,alternative_target,env_patents_per_million,lag1_3_mean,MYS,Malaysia,2022,,elastic_net_alpha_1_l1_0.8,0.5903745,9.88528307359889,-9.29490857359889,9.29490857359889,0.5903745
robust_main_per_million_lag1_3_mean,Per-million target with lag1-3 mean predictors,robustness_target,linear_robustness,alternative_target,env_patents_per_million,lag1_3_mean,NER,Niger,2022,,elastic_net_alpha_1_l1_0.8,0.0197535,-0.2699129028936147,0.28966640289361467,0.28966640289361467,0.0197535
robust_main_per_million_lag1_3_mean,Per-million target with lag1-3 mean predictors,robustness_target,linear_robustness,alternative_target,env_patents_per_million,lag1_3_mean,NLD,Netherlands,2022,,elastic_net_alpha_1_l1_0.8,16.83011,17.315926710614587,-0.48581671061458565,0.48581671061458565,16.83011
robust_main_per_million_lag1_3_mean,Per-million target with lag1-3 mean predictors,robustness_target,linear_robustness,alternative_target,env_patents_per_million,lag1_3_mean,NOR,Norway,2022,,elastic_net_alpha_1_l1_0.8,22.06726,15.83051840629276,6.23674159370724,6.23674159370724,22.06726
robust_main_per_million_lag1_3_mean,Per-million target with lag1-3 mean predictors,robustness_target,linear_robustness,alternative_target,env_patents_per_million,lag1_3_mean,NPL,Nepal,2022,,elastic_net_alpha_1_l1_0.8,0.03365254,0.23608717610480934,-0.20243463610480933,0.20243463610480933,0.03365254
robust_main_per_million_lag1_3_mean,Per-million target with lag1-3 mean predictors,robustness_target,linear_robustness,alternative_target,env_patents_per_million,lag1_3_mean,NZL,New Zealand,2022,,elastic_net_alpha_1_l1_0.8,6.49553,16.80861197580167,-10.313081975801673,10.313081975801673,6.49553
robust_main_per_million_lag1_3_mean,Per-million target with lag1-3 mean predictors,robustness_target,linear_robustness,alternative_target,env_patents_per_million,lag1_3_mean,OMN,Oman,2022,,elastic_net_alpha_1_l1_0.8,0.4228128,8.705939052303801,-8.283126252303802,8.283126252303802,0.4228128
robust_main_per_million_lag1_3_mean,Per-million target with lag1-3 mean predictors,robustness_target,linear_robustness,alternative_target,env_patents_per_million,lag1_3_mean,PAK,Pakistan,2022,,elastic_net_alpha_1_l1_0.8,0.01880722,0.6492429003389946,-0.6304356803389946,0.6304356803389946,0.01880722
robust_main_per_million_lag1_3_mean,Per-million target with lag1-3 mean predictors,robustness_target,linear_robustness,alternative_target,env_patents_per_million,lag1_3_mean,PAN,Panama,2022,,elastic_net_alpha_1_l1_0.8,0.1022548,5.930770238351686,-5.828515438351686,5.828515438351686,0.1022548
robust_main_per_million_lag1_3_mean,Per-million target with lag1-3 mean predictors,robustness_target,linear_robustness,alternative_target,env_patents_per_million,lag1_3_mean,PER,Peru,2022,,elastic_net_alpha_1_l1_0.8,0.02987265,5.675587512359963,-5.645714862359963,5.645714862359963,0.02987265
robust_main_per_million_lag1_3_mean,Per-million target with lag1-3 mean predictors,robustness_target,linear_robustness,alternative_target,env_patents_per_million,lag1_3_mean,PHL,Philippines,2022,,elastic_net_alpha_1_l1_0.8,0.06171521,4.569677397868597,-4.507962187868597,4.507962187868597,0.06171521
robust_main_per_million_lag1_3_mean,Per-million target with lag1-3 mean predictors,robustness_target,linear_robustness,alternative_target,env_patents_per_million,lag1_3_mean,POL,Poland,2022,,elastic_net_alpha_1_l1_0.8,1.96731,10.60886520169249,-8.64155520169249,8.64155520169249,1.96731
robust_main_per_million_lag1_3_mean,Per-million target with lag1-3 mean predictors,robustness_target,linear_robustness,alternative_target,env_patents_per_million,lag1_3_mean,PRI,Puerto Rico (US),2022,,elastic_net_alpha_1_l1_0.8,0.4628247,9.215900237367581,-8.75307553736758,8.75307553736758,0.4628247
robust_main_per_million_lag1_3_mean,Per-million target with lag1-3 mean predictors,robustness_target,linear_robustness,alternative_target,env_patents_per_million,lag1_3_mean,PRT,Portugal,2022,,elastic_net_alpha_1_l1_0.8,2.927886,10.221352148736216,-7.293466148736216,7.293466148736216,2.927886
robust_main_per_million_lag1_3_mean,Per-million target with lag1-3 mean predictors,robustness_target,linear_robustness,alternative_target,env_patents_per_million,lag1_3_mean,QAT,Qatar,2022,,elastic_net_alpha_1_l1_0.8,0.6914542,13.402200504681954,-12.710746304681953,12.710746304681953,0.6914542
robust_main_per_million_lag1_3_mean,Per-million target with lag1-3 mean predictors,robustness_target,linear_robustness,alternative_target,env_patents_per_million,lag1_3_mean,ROU,Romania,2022,,elastic_net_alpha_1_l1_0.8,0.5739099,6.777867906792173,-6.203958006792173,6.203958006792173,0.5739099
robust_main_per_million_lag1_3_mean,Per-million target with lag1-3 mean predictors,robustness_target,linear_robustness,alternative_target,env_patents_per_million,lag1_3_mean,RUS,Russian Federation,2022,,elastic_net_alpha_1_l1_0.8,0.4453454,6.145848973581817,-5.700503573581817,5.700503573581817,0.4453454
robust_main_per_million_lag1_3_mean,Per-million target with lag1-3 mean predictors,robustness_target,linear_robustness,alternative_target,env_patents_per_million,lag1_3_mean,SAU,Saudi Arabia,2022,,elastic_net_alpha_1_l1_0.8,1.911401,8.132153240090675,-6.220752240090675,6.220752240090675,1.911401
robust_main_per_million_lag1_3_mean,Per-million target with lag1-3 mean predictors,robustness_target,linear_robustness,alternative_target,env_patents_per_million,lag1_3_mean,SGP,Singapore,2022,,elastic_net_alpha_1_l1_0.8,16.19797,18.6421913524267,-2.4442213524266982,2.4442213524266982,16.19797
robust_main_per_million_lag1_3_mean,Per-million target with lag1-3 mean predictors,robustness_target,linear_robustness,alternative_target,env_patents_per_million,lag1_3_mean,SMR,San Marino,2022,,elastic_net_alpha_1_l1_0.8,29.33412,9.821157384409217,19.51296261559078,19.51296261559078,29.33412
robust_main_per_million_lag1_3_mean,Per-million target with lag1-3 mean predictors,robustness_target,linear_robustness,alternative_target,env_patents_per_million,lag1_3_mean,SRB,Serbia,2022,,elastic_net_alpha_1_l1_0.8,0.6380794,4.986177303417415,-4.348097903417416,4.348097903417416,0.6380794
robust_main_per_million_lag1_3_mean,Per-million target with lag1-3 mean predictors,robustness_target,linear_robustness,alternative_target,env_patents_per_million,lag1_3_mean,SVK,Slovak Republic,2022,,elastic_net_alpha_1_l1_0.8,1.796634,9.058746701834698,-7.262112701834698,7.262112701834698,1.796634
robust_main_per_million_lag1_3_mean,Per-million target with lag1-3 mean predictors,robustness_target,linear_robustness,alternative_target,env_patents_per_million,lag1_3_mean,SVN,Slovenia,2022,,elastic_net_alpha_1_l1_0.8,5.870131,9.966847127639024,-4.0967161276390245,4.0967161276390245,5.870131
robust_main_per_million_lag1_3_mean,Per-million target with lag1-3 mean predictors,robustness_target,linear_robustness,alternative_target,env_patents_per_million,lag1_3_mean,SWE,Sweden,2022,,elastic_net_alpha_1_l1_0.8,38.35736,15.840863750511978,22.51649624948802,22.51649624948802,38.35736
robust_main_per_million_lag1_3_mean,Per-million target with lag1-3 mean predictors,robustness_target,linear_robustness,alternative_target,env_patents_per_million,lag1_3_mean,SYR,Syrian Arab Republic,2022,,elastic_net_alpha_1_l1_0.8,0.04822923,-6.101466220908017,6.149695450908016,6.149695450908016,0.04822923
robust_main_per_million_lag1_3_mean,Per-million target with lag1-3 mean predictors,robustness_target,linear_robustness,alternative_target,env_patents_per_million,lag1_3_mean,THA,Thailand,2022,,elastic_net_alpha_1_l1_0.8,0.1091977,5.567268623471359,-5.458070923471359,5.458070923471359,0.1091977
robust_main_per_million_lag1_3_mean,Per-million target with lag1-3 mean predictors,robustness_target,linear_robustness,alternative_target,env_patents_per_million,lag1_3_mean,TKM,Turkmenistan,2022,,elastic_net_alpha_1_l1_0.8,0.2766178,-5.406315328963209,5.682933128963209,5.682933128963209,0.2766178
robust_main_per_million_lag1_3_mean,Per-million target with lag1-3 mean predictors,robustness_target,linear_robustness,alternative_target,env_patents_per_million,lag1_3_mean,TUN,Tunisia,2022,,elastic_net_alpha_1_l1_0.8,0.04125639,3.439378012525451,-3.398121622525451,3.398121622525451,0.04125639
robust_main_per_million_lag1_3_mean,Per-million target with lag1-3 mean predictors,robustness_target,linear_robustness,alternative_target,env_patents_per_million,lag1_3_mean,TUR,Turkiye,2022,,elastic_net_alpha_1_l1_0.8,1.527135,5.458508711981758,-3.9313737119817582,3.9313737119817582,1.527135
robust_main_per_million_lag1_3_mean,Per-million target with lag1-3 mean predictors,robustness_target,linear_robustness,alternative_target,env_patents_per_million,lag1_3_mean,UKR,Ukraine,2022,,elastic_net_alpha_1_l1_0.8,0.2212815,2.781096532855801,-2.559815032855801,2.559815032855801,0.2212815
robust_main_per_million_lag1_3_mean,Per-million target with lag1-3 mean predictors,robustness_target,linear_robustness,alternative_target,env_patents_per_million,lag1_3_mean,URY,Uruguay,2022,,elastic_net_alpha_1_l1_0.8,0.7372646,8.446006210302647,-7.708741610302647,7.708741610302647,0.7372646
robust_main_per_million_lag1_3_mean,Per-million target with lag1-3 mean predictors,robustness_target,linear_robustness,alternative_target,env_patents_per_million,lag1_3_mean,USA,United States,2022,,elastic_net_alpha_1_l1_0.8,16.7714,36.3435849193975,-19.5721849193975,19.5721849193975,16.7714
robust_main_per_million_lag1_3_mean,Per-million target with lag1-3 mean predictors,robustness_target,linear_robustness,alternative_target,env_patents_per_million,lag1_3_mean,UZB,Uzbekistan,2022,,elastic_net_alpha_1_l1_0.8,0.01431067,-1.0419686094471166,1.0562792794471165,1.0562792794471165,0.01431067
robust_main_per_million_lag1_3_mean,Per-million target with lag1-3 mean predictors,robustness_target,linear_robustness,alternative_target,env_patents_per_million,lag1_3_mean,VEN,"Venezuela, RB",2022,,elastic_net_alpha_1_l1_0.8,0.05907439,-8.854893543685105,8.913967933685104,8.913967933685104,0.05907439
robust_main_per_million_lag1_3_mean,Per-million target with lag1-3 mean predictors,robustness_target,linear_robustness,alternative_target,env_patents_per_million,lag1_3_mean,VNM,Viet Nam,2022,,elastic_net_alpha_1_l1_0.8,0.1123588,2.934638551319389,-2.822279751319389,2.822279751319389,0.1123588
robust_main_per_million_lag1_3_mean,Per-million target with lag1-3 mean predictors,robustness_target,linear_robustness,alternative_target,env_patents_per_million,lag1_3_mean,ZAF,South Africa,2022,,elastic_net_alpha_1_l1_0.8,0.355358,5.763669743357242,-5.408311743357242,5.408311743357242,0.355358
robust_main_per_million_lag1_3_mean,Per-million target with lag1-3 mean predictors,robustness_target,linear_robustness,alternative_target,env_patents_per_million,lag1_3_mean,ZWE,Zimbabwe,2022,,elastic_net_alpha_1_l1_0.8,0.0207438,-5.968795088331178,5.989538888331178,5.989538888331178,0.0207438
robust_main_per_million_lag1_3_mean,Per-million target with lag1-3 mean predictors,robustness_target,linear_robustness,alternative_target,env_patents_per_million,lag1_3_mean,ALB,Albania,2023,,elastic_net_alpha_1_l1_0.8,0.1185541,4.156907530325997,-4.038353430325997,4.038353430325997,0.1185541
robust_main_per_million_lag1_3_mean,Per-million target with lag1-3 mean predictors,robustness_target,linear_robustness,alternative_target,env_patents_per_million,lag1_3_mean,ARE,United Arab Emirates,2023,,elastic_net_alpha_1_l1_0.8,1.303003,12.785452391118708,-11.482449391118708,11.482449391118708,1.303003
robust_main_per_million_lag1_3_mean,Per-million target with lag1-3 mean predictors,robustness_target,linear_robustness,alternative_target,env_patents_per_million,lag1_3_mean,ARG,Argentina,2023,,elastic_net_alpha_1_l1_0.8,0.1262671,1.072138512763538,-0.9458714127635381,0.9458714127635381,0.1262671
robust_main_per_million_lag1_3_mean,Per-million target with lag1-3 mean predictors,robustness_target,linear_robustness,alternative_target,env_patents_per_million,lag1_3_mean,ARM,Armenia,2023,,elastic_net_alpha_1_l1_0.8,0.8493599,5.219091385314076,-4.369731485314077,4.369731485314077,0.8493599
robust_main_per_million_lag1_3_mean,Per-million target with lag1-3 mean predictors,robustness_target,linear_robustness,alternative_target,env_patents_per_million,lag1_3_mean,ATG,Antigua and Barbuda,2023,,elastic_net_alpha_1_l1_0.8,5.358138,7.616066487860139,-2.2579284878601387,2.2579284878601387,5.358138
robust_main_per_million_lag1_3_mean,Per-million target with lag1-3 mean predictors,robustness_target,linear_robustness,alternative_target,env_patents_per_million,lag1_3_mean,AUS,Australia,2023,,elastic_net_alpha_1_l1_0.8,7.552294,18.81433773092002,-11.26204373092002,11.26204373092002,7.552294
robust_main_per_million_lag1_3_mean,Per-million target with lag1-3 mean predictors,robustness_target,linear_robustness,alternative_target,env_patents_per_million,lag1_3_mean,AUT,Austria,2023,,elastic_net_alpha_1_l1_0.8,22.74529,14.115208666607721,8.63008133339228,8.63008133339228,22.74529
robust_main_per_million_lag1_3_mean,Per-million target with lag1-3 mean predictors,robustness_target,linear_robustness,alternative_target,env_patents_per_million,lag1_3_mean,AZE,Azerbaijan,2023,,elastic_net_alpha_1_l1_0.8,0.2907482,3.8979420509202782,-3.6071938509202783,3.6071938509202783,0.2907482
robust_main_per_million_lag1_3_mean,Per-million target with lag1-3 mean predictors,robustness_target,linear_robustness,alternative_target,env_patents_per_million,lag1_3_mean,BEL,Belgium,2023,,elastic_net_alpha_1_l1_0.8,15.27377,13.92368259449345,1.3500874055065513,1.3500874055065513,15.27377
robust_main_per_million_lag1_3_mean,Per-million target with lag1-3 mean predictors,robustness_target,linear_robustness,alternative_target,env_patents_per_million,lag1_3_mean,BFA,Burkina Faso,2023,,elastic_net_alpha_1_l1_0.8,0.0217148,1.0218641794133152,-1.0001493794133152,1.0001493794133152,0.0217148
robust_main_per_million_lag1_3_mean,Per-million target with lag1-3 mean predictors,robustness_target,linear_robustness,alternative_target,env_patents_per_million,lag1_3_mean,BGD,Bangladesh,2023,,elastic_net_alpha_1_l1_0.8,0.002916013,-1.1641824506437244,1.1670984636437245,1.1670984636437245,0.002916013
robust_main_per_million_lag1_3_mean,Per-million target with lag1-3 mean predictors,robustness_target,linear_robustness,alternative_target,env_patents_per_million,lag1_3_mean,BGR,Bulgaria,2023,,elastic_net_alpha_1_l1_0.8,0.7651781,6.573389628581516,-5.808211528581516,5.808211528581516,0.7651781
robust_main_per_million_lag1_3_mean,Per-million target with lag1-3 mean predictors,robustness_target,linear_robustness,alternative_target,env_patents_per_million,lag1_3_mean,BHS,"Bahamas, The",2023,,elastic_net_alpha_1_l1_0.8,2.503505,4.109329460568726,-1.605824460568726,1.605824460568726,2.503505
robust_main_per_million_lag1_3_mean,Per-million target with lag1-3 mean predictors,robustness_target,linear_robustness,alternative_target,env_patents_per_million,lag1_3_mean,BOL,Bolivia,2023,,elastic_net_alpha_1_l1_0.8,0.1497313,-2.590029001850346,2.739760301850346,2.739760301850346,0.1497313
robust_main_per_million_lag1_3_mean,Per-million target with lag1-3 mean predictors,robustness_target,linear_robustness,alternative_target,env_patents_per_million,lag1_3_mean,BRA,Brazil,2023,,elastic_net_alpha_1_l1_0.8,0.3139296,5.994924545556305,-5.680994945556305,5.680994945556305,0.3139296
robust_main_per_million_lag1_3_mean,Per-million target with lag1-3 mean predictors,robustness_target,linear_robustness,alternative_target,env_patents_per_million,lag1_3_mean,CAN,Canada,2023,,elastic_net_alpha_1_l1_0.8,9.47053,18.03473085312444,-8.56420085312444,8.56420085312444,9.47053
robust_main_per_million_lag1_3_mean,Per-million target with lag1-3 mean predictors,robustness_target,linear_robustness,alternative_target,env_patents_per_million,lag1_3_mean,CHE,Switzerland,2023,,elastic_net_alpha_1_l1_0.8,21.50854,16.029360573198492,5.479179426801508,5.479179426801508,21.50854
robust_main_per_million_lag1_3_mean,Per-million target with lag1-3 mean predictors,robustness_target,linear_robustness,alternative_target,env_patents_per_million,lag1_3_mean,CHL,Chile,2023,,elastic_net_alpha_1_l1_0.8,1.220825,10.099391477417344,-8.878566477417344,8.878566477417344,1.220825
robust_main_per_million_lag1_3_mean,Per-million target with lag1-3 mean predictors,robustness_target,linear_robustness,alternative_target,env_patents_per_million,lag1_3_mean,CHN,China,2023,,elastic_net_alpha_1_l1_0.8,11.68181,33.851887734200076,-22.170077734200078,22.170077734200078,11.68181
robust_main_per_million_lag1_3_mean,Per-million target with lag1-3 mean predictors,robustness_target,linear_robustness,alternative_target,env_patents_per_million,lag1_3_mean,CIV,Cote d'Ivoire,2023,,elastic_net_alpha_1_l1_0.8,0.01069553,2.377703434046305,-2.367007904046305,2.367007904046305,0.01069553
robust_main_per_million_lag1_3_mean,Per-million target with lag1-3 mean predictors,robustness_target,linear_robustness,alternative_target,env_patents_per_million,lag1_3_mean,COL,Colombia,2023,,elastic_net_alpha_1_l1_0.8,0.1758371,5.764025673106433,-5.588188573106433,5.588188573106433,0.1758371
robust_main_per_million_lag1_3_mean,Per-million target with lag1-3 mean predictors,robustness_target,linear_robustness,alternative_target,env_patents_per_million,lag1_3_mean,CUB,Cuba,2023,,elastic_net_alpha_1_l1_0.8,0.09074467,-3.07899872791051,3.16974339791051,3.16974339791051,0.09074467
robust_main_per_million_lag1_3_mean,Per-million target with lag1-3 mean predictors,robustness_target,linear_robustness,alternative_target,env_patents_per_million,lag1_3_mean,CYP,Cyprus,2023,,elastic_net_alpha_1_l1_0.8,12.45375,9.62760713838148,2.8261428616185196,2.8261428616185196,12.45375
robust_main_per_million_lag1_3_mean,Per-million target with lag1-3 mean predictors,robustness_target,linear_robustness,alternative_target,env_patents_per_million,lag1_3_mean,CZE,Czechia,2023,,elastic_net_alpha_1_l1_0.8,4.748814,12.851014901355931,-8.102200901355932,8.102200901355932,4.748814
robust_main_per_million_lag1_3_mean,Per-million target with lag1-3 mean predictors,robustness_target,linear_robustness,alternative_target,env_patents_per_million,lag1_3_mean,DEU,Germany,2023,,elastic_net_alpha_1_l1_0.8,27.23425,19.414250738274447,7.8199992617255525,7.8199992617255525,27.23425
robust_main_per_million_lag1_3_mean,Per-million target with lag1-3 mean predictors,robustness_target,linear_robustness,alternative_target,env_patents_per_million,lag1_3_mean,DNK,Denmark,2023,,elastic_net_alpha_1_l1_0.8,53.13429,17.344369490457222,35.78992050954278,35.78992050954278,53.13429
robust_main_per_million_lag1_3_mean,Per-million target with lag1-3 mean predictors,robustness_target,linear_robustness,alternative_target,env_patents_per_million,lag1_3_mean,DZA,Algeria,2023,,elastic_net_alpha_1_l1_0.8,0.02707725,-1.3821222847910244,1.4091995347910244,1.4091995347910244,0.02707725
robust_main_per_million_lag1_3_mean,Per-million target with lag1-3 mean predictors,robustness_target,linear_robustness,alternative_target,env_patents_per_million,lag1_3_mean,EGY,"Egypt, Arab Rep.",2023,,elastic_net_alpha_1_l1_0.8,0.03565116,1.1243453616931394,-1.0886942016931394,1.0886942016931394,0.03565116
robust_main_per_million_lag1_3_mean,Per-million target with lag1-3 mean predictors,robustness_target,linear_robustness,alternative_target,env_patents_per_million,lag1_3_mean,ESP,Spain,2023,,elastic_net_alpha_1_l1_0.8,4.387447,12.254992986321174,-7.867545986321174,7.867545986321174,4.387447
robust_main_per_million_lag1_3_mean,Per-million target with lag1-3 mean predictors,robustness_target,linear_robustness,alternative_target,env_patents_per_million,lag1_3_mean,EST,Estonia,2023,,elastic_net_alpha_1_l1_0.8,4.022832,14.377811650161943,-10.354979650161944,10.354979650161944,4.022832
robust_main_per_million_lag1_3_mean,Per-million target with lag1-3 mean predictors,robustness_target,linear_robustness,alternative_target,env_patents_per_million,lag1_3_mean,ETH,Ethiopia,2023,,elastic_net_alpha_1_l1_0.8,0.01942627,-0.800293072497392,0.819719342497392,0.819719342497392,0.01942627
robust_main_per_million_lag1_3_mean,Per-million target with lag1-3 mean predictors,robustness_target,linear_robustness,alternative_target,env_patents_per_million,lag1_3_mean,FIN,Finland,2023,,elastic_net_alpha_1_l1_0.8,29.23326,17.171986131071172,12.06127386892883,12.06127386892883,29.23326
robust_main_per_million_lag1_3_mean,Per-million target with lag1-3 mean predictors,robustness_target,linear_robustness,alternative_target,env_patents_per_million,lag1_3_mean,FRA,France,2023,,elastic_net_alpha_1_l1_0.8,14.2768,15.345244760692232,-1.0684447606922323,1.0684447606922323,14.2768
robust_main_per_million_lag1_3_mean,Per-million target with lag1-3 mean predictors,robustness_target,linear_robustness,alternative_target,env_patents_per_million,lag1_3_mean,GBR,United Kingdom,2023,,elastic_net_alpha_1_l1_0.8,10.50891,18.85363654280898,-8.344726542808981,8.344726542808981,10.50891
robust_main_per_million_lag1_3_mean,Per-million target with lag1-3 mean predictors,robustness_target,linear_robustness,alternative_target,env_patents_per_million,lag1_3_mean,GEO,Georgia,2023,,elastic_net_alpha_1_l1_0.8,0.2626401,9.258478909940756,-8.995838809940755,8.995838809940755,0.2626401
robust_main_per_million_lag1_3_mean,Per-million target with lag1-3 mean predictors,robustness_target,linear_robustness,alternative_target,env_patents_per_million,lag1_3_mean,GHA,Ghana,2023,,elastic_net_alpha_1_l1_0.8,0.04439457,3.022201080592957,-2.977806510592957,2.977806510592957,0.04439457
robust_main_per_million_lag1_3_mean,Per-million target with lag1-3 mean predictors,robustness_target,linear_robustness,alternative_target,env_patents_per_million,lag1_3_mean,GRC,Greece,2023,,elastic_net_alpha_1_l1_0.8,1.563684,7.539761514065638,-5.976077514065638,5.976077514065638,1.563684
robust_main_per_million_lag1_3_mean,Per-million target with lag1-3 mean predictors,robustness_target,linear_robustness,alternative_target,env_patents_per_million,lag1_3_mean,GTM,Guatemala,2023,,elastic_net_alpha_1_l1_0.8,0.05517291,1.7682390441518443,-1.7130661341518443,1.7130661341518443,0.05517291
robust_main_per_million_lag1_3_mean,Per-million target with lag1-3 mean predictors,robustness_target,linear_robustness,alternative_target,env_patents_per_million,lag1_3_mean,HKG,"Hong Kong SAR, China",2023,,elastic_net_alpha_1_l1_0.8,4.724966,15.539100124799777,-10.814134124799777,10.814134124799777,4.724966
robust_main_per_million_lag1_3_mean,Per-million target with lag1-3 mean predictors,robustness_target,linear_robustness,alternative_target,env_patents_per_million,lag1_3_mean,HRV,Croatia,2023,,elastic_net_alpha_1_l1_0.8,2.438384,6.289981879952393,-3.8515978799523927,3.8515978799523927,2.438384
robust_main_per_million_lag1_3_mean,Per-million target with lag1-3 mean predictors,robustness_target,linear_robustness,alternative_target,env_patents_per_million,lag1_3_mean,HUN,Hungary,2023,,elastic_net_alpha_1_l1_0.8,2.228195,7.053900401526048,-4.825705401526047,4.825705401526047,2.228195
robust_main_per_million_lag1_3_mean,Per-million target with lag1-3 mean predictors,robustness_target,linear_robustness,alternative_target,env_patents_per_million,lag1_3_mean,IDN,Indonesia,2023,,elastic_net_alpha_1_l1_0.8,0.0343777,7.436185460330423,-7.401807760330422,7.401807760330422,0.0343777
robust_main_per_million_lag1_3_mean,Per-million target with lag1-3 mean predictors,robustness_target,linear_robustness,alternative_target,env_patents_per_million,lag1_3_mean,IND,India,2023,,elastic_net_alpha_1_l1_0.8,0.28602,9.614645550244179,-9.328625550244178,9.328625550244178,0.28602
robust_main_per_million_lag1_3_mean,Per-million target with lag1-3 mean predictors,robustness_target,linear_robustness,alternative_target,env_patents_per_million,lag1_3_mean,IRL,Ireland,2023,,elastic_net_alpha_1_l1_0.8,9.458053,15.065841006723218,-5.607788006723219,5.607788006723219,9.458053
robust_main_per_million_lag1_3_mean,Per-million target with lag1-3 mean predictors,robustness_target,linear_robustness,alternative_target,env_patents_per_million,lag1_3_mean,IRN,"Iran, Islamic Rep.",2023,,elastic_net_alpha_1_l1_0.8,0.1041107,-2.1353096162190885,2.2394203162190887,2.2394203162190887,0.1041107
robust_main_per_million_lag1_3_mean,Per-million target with lag1-3 mean predictors,robustness_target,linear_robustness,alternative_target,env_patents_per_million,lag1_3_mean,IRQ,Iraq,2023,,elastic_net_alpha_1_l1_0.8,0.008874286,-2.6430658231687447,2.651940109168745,2.651940109168745,0.008874286
robust_main_per_million_lag1_3_mean,Per-million target with lag1-3 mean predictors,robustness_target,linear_robustness,alternative_target,env_patents_per_million,lag1_3_mean,ISL,Iceland,2023,,elastic_net_alpha_1_l1_0.8,8.600863,14.07169925709505,-5.4708362570950495,5.4708362570950495,8.600863
robust_main_per_million_lag1_3_mean,Per-million target with lag1-3 mean predictors,robustness_target,linear_robustness,alternative_target,env_patents_per_million,lag1_3_mean,ISR,Israel,2023,,elastic_net_alpha_1_l1_0.8,12.33752,12.284628743137375,0.0528912568626243,0.0528912568626243,12.33752
robust_main_per_million_lag1_3_mean,Per-million target with lag1-3 mean predictors,robustness_target,linear_robustness,alternative_target,env_patents_per_million,lag1_3_mean,ITA,Italy,2023,,elastic_net_alpha_1_l1_0.8,6.913516,11.284125196411491,-4.370609196411491,4.370609196411491,6.913516
robust_main_per_million_lag1_3_mean,Per-million target with lag1-3 mean predictors,robustness_target,linear_robustness,alternative_target,env_patents_per_million,lag1_3_mean,JOR,Jordan,2023,,elastic_net_alpha_1_l1_0.8,0.1507309,5.542097402589817,-5.3913665025898165,5.3913665025898165,0.1507309
robust_main_per_million_lag1_3_mean,Per-million target with lag1-3 mean predictors,robustness_target,linear_robustness,alternative_target,env_patents_per_million,lag1_3_mean,JPN,Japan,2023,,elastic_net_alpha_1_l1_0.8,42.96649,18.446546431924336,24.519943568075664,24.519943568075664,42.96649
robust_main_per_million_lag1_3_mean,Per-million target with lag1-3 mean predictors,robustness_target,linear_robustness,alternative_target,env_patents_per_million,lag1_3_mean,KAZ,Kazakhstan,2023,,elastic_net_alpha_1_l1_0.8,0.02459407,5.275666707461813,-5.251072637461813,5.251072637461813,0.02459407
robust_main_per_million_lag1_3_mean,Per-million target with lag1-3 mean predictors,robustness_target,linear_robustness,alternative_target,env_patents_per_million,lag1_3_mean,KEN,Kenya,2023,,elastic_net_alpha_1_l1_0.8,0.01807044,1.4824598232337998,-1.4643893832337997,1.4643893832337997,0.01807044
robust_main_per_million_lag1_3_mean,Per-million target with lag1-3 mean predictors,robustness_target,linear_robustness,alternative_target,env_patents_per_million,lag1_3_mean,KOR,"Korea, Rep.",2023,,elastic_net_alpha_1_l1_0.8,147.4819,14.076393408846968,133.40550659115303,133.40550659115303,147.4819
robust_main_per_million_lag1_3_mean,Per-million target with lag1-3 mean predictors,robustness_target,linear_robustness,alternative_target,env_patents_per_million,lag1_3_mean,KWT,Kuwait,2023,,elastic_net_alpha_1_l1_0.8,0.06888786,7.278389122264181,-7.2095012622641805,7.2095012622641805,0.06888786
robust_main_per_million_lag1_3_mean,Per-million target with lag1-3 mean predictors,robustness_target,linear_robustness,alternative_target,env_patents_per_million,lag1_3_mean,LAO,Lao PDR,2023,,elastic_net_alpha_1_l1_0.8,0.06523163,-0.5592281982281477,0.6244598282281477,0.6244598282281477,0.06523163
robust_main_per_million_lag1_3_mean,Per-million target with lag1-3 mean predictors,robustness_target,linear_robustness,alternative_target,env_patents_per_million,lag1_3_mean,LBN,Lebanon,2023,,elastic_net_alpha_1_l1_0.8,0.8413582,-1.6134346038836993,2.4547928038836995,2.4547928038836995,0.8413582
robust_main_per_million_lag1_3_mean,Per-million target with lag1-3 mean predictors,robustness_target,linear_robustness,alternative_target,env_patents_per_million,lag1_3_mean,LKA,Sri Lanka,2023,,elastic_net_alpha_1_l1_0.8,0.1378513,2.571032102760336,-2.433180802760336,2.433180802760336,0.1378513
robust_main_per_million_lag1_3_mean,Per-million target with lag1-3 mean predictors,robustness_target,linear_robustness,alternative_target,env_patents_per_million,lag1_3_mean,LTU,Lithuania,2023,,elastic_net_alpha_1_l1_0.8,1.05112,11.19564531110365,-10.14452531110365,10.14452531110365,1.05112
robust_main_per_million_lag1_3_mean,Per-million target with lag1-3 mean predictors,robustness_target,linear_robustness,alternative_target,env_patents_per_million,lag1_3_mean,LUX,Luxembourg,2023,,elastic_net_alpha_1_l1_0.8,16.9148,16.532535737712227,0.382264262287773,0.382264262287773,16.9148
robust_main_per_million_lag1_3_mean,Per-million target with lag1-3 mean predictors,robustness_target,linear_robustness,alternative_target,env_patents_per_million,lag1_3_mean,LVA,Latvia,2023,,elastic_net_alpha_1_l1_0.8,1.062476,10.623732105820743,-9.561256105820743,9.561256105820743,1.062476
robust_main_per_million_lag1_3_mean,Per-million target with lag1-3 mean predictors,robustness_target,linear_robustness,alternative_target,env_patents_per_million,lag1_3_mean,MAR,Morocco,2023,,elastic_net_alpha_1_l1_0.8,0.2307042,4.245249749250364,-4.014545549250364,4.014545549250364,0.2307042
robust_main_per_million_lag1_3_mean,Per-million target with lag1-3 mean predictors,robustness_target,linear_robustness,alternative_target,env_patents_per_million,lag1_3_mean,MEX,Mexico,2023,,elastic_net_alpha_1_l1_0.8,0.1837011,4.524742809348728,-4.341041709348728,4.341041709348728,0.1837011
robust_main_per_million_lag1_3_mean,Per-million target with lag1-3 mean predictors,robustness_target,linear_robustness,alternative_target,env_patents_per_million,lag1_3_mean,MKD,North Macedonia,2023,,elastic_net_alpha_1_l1_0.8,0.5459105,5.921050980972262,-5.375140480972262,5.375140480972262,0.5459105
robust_main_per_million_lag1_3_mean,Per-million target with lag1-3 mean predictors,robustness_target,linear_robustness,alternative_target,env_patents_per_million,lag1_3_mean,MLT,Malta,2023,,elastic_net_alpha_1_l1_0.8,2.814491,9.184976802187812,-6.370485802187812,6.370485802187812,2.814491
robust_main_per_million_lag1_3_mean,Per-million target with lag1-3 mean predictors,robustness_target,linear_robustness,alternative_target,env_patents_per_million,lag1_3_mean,MNE,Montenegro,2023,,elastic_net_alpha_1_l1_0.8,2.367604,5.927547243257365,-3.559943243257365,3.559943243257365,2.367604
robust_main_per_million_lag1_3_mean,Per-million target with lag1-3 mean predictors,robustness_target,linear_robustness,alternative_target,env_patents_per_million,lag1_3_mean,MYS,Malaysia,2023,,elastic_net_alpha_1_l1_0.8,0.679453,9.734356213187361,-9.05490321318736,9.05490321318736,0.679453
robust_main_per_million_lag1_3_mean,Per-million target with lag1-3 mean predictors,robustness_target,linear_robustness,alternative_target,env_patents_per_million,lag1_3_mean,NAM,Namibia,2023,,elastic_net_alpha_1_l1_0.8,0.1687425,4.744093110392117,-4.5753506103921175,4.5753506103921175,0.1687425
robust_main_per_million_lag1_3_mean,Per-million target with lag1-3 mean predictors,robustness_target,linear_robustness,alternative_target,env_patents_per_million,lag1_3_mean,NLD,Netherlands,2023,,elastic_net_alpha_1_l1_0.8,14.22361,16.99306501103325,-2.769455011033248,2.769455011033248,14.22361
robust_main_per_million_lag1_3_mean,Per-million target with lag1-3 mean predictors,robustness_target,linear_robustness,alternative_target,env_patents_per_million,lag1_3_mean,NOR,Norway,2023,,elastic_net_alpha_1_l1_0.8,16.92586,15.425663608262525,1.5001963917374752,1.5001963917374752,16.92586
robust_main_per_million_lag1_3_mean,Per-million target with lag1-3 mean predictors,robustness_target,linear_robustness,alternative_target,env_patents_per_million,lag1_3_mean,NZL,New Zealand,2023,,elastic_net_alpha_1_l1_0.8,5.258237,16.539228609304192,-11.280991609304191,11.280991609304191,5.258237
robust_main_per_million_lag1_3_mean,Per-million target with lag1-3 mean predictors,robustness_target,linear_robustness,alternative_target,env_patents_per_million,lag1_3_mean,PAK,Pakistan,2023,,elastic_net_alpha_1_l1_0.8,0.004946344,0.40847351458499315,-0.40352717058499316,0.40352717058499316,0.004946344
robust_main_per_million_lag1_3_mean,Per-million target with lag1-3 mean predictors,robustness_target,linear_robustness,alternative_target,env_patents_per_million,lag1_3_mean,PAN,Panama,2023,,elastic_net_alpha_1_l1_0.8,0.4934108,5.33626485559933,-4.84285405559933,4.84285405559933,0.4934108
robust_main_per_million_lag1_3_mean,Per-million target with lag1-3 mean predictors,robustness_target,linear_robustness,alternative_target,env_patents_per_million,lag1_3_mean,PER,Peru,2023,,elastic_net_alpha_1_l1_0.8,0.108335,5.127763026442365,-5.019428026442364,5.019428026442364,0.108335
robust_main_per_million_lag1_3_mean,Per-million target with lag1-3 mean predictors,robustness_target,linear_robustness,alternative_target,env_patents_per_million,lag1_3_mean,PHL,Philippines,2023,,elastic_net_alpha_1_l1_0.8,0.008703887,4.45906538199666,-4.45036149499666,4.45036149499666,0.008703887
robust_main_per_million_lag1_3_mean,Per-million target with lag1-3 mean predictors,robustness_target,linear_robustness,alternative_target,env_patents_per_million,lag1_3_mean,POL,Poland,2023,,elastic_net_alpha_1_l1_0.8,1.859169,10.316372902123119,-8.45720390212312,8.45720390212312,1.859169
robust_main_per_million_lag1_3_mean,Per-million target with lag1-3 mean predictors,robustness_target,linear_robustness,alternative_target,env_patents_per_million,lag1_3_mean,PRI,Puerto Rico (US),2023,,elastic_net_alpha_1_l1_0.8,0.6168988,9.220025769513857,-8.603126969513857,8.603126969513857,0.6168988
robust_main_per_million_lag1_3_mean,Per-million target with lag1-3 mean predictors,robustness_target,linear_robustness,alternative_target,env_patents_per_million,lag1_3_mean,PRT,Portugal,2023,,elastic_net_alpha_1_l1_0.8,3.473707,9.820628533592284,-6.346921533592284,6.346921533592284,3.473707
robust_main_per_million_lag1_3_mean,Per-million target with lag1-3 mean predictors,robustness_target,linear_robustness,alternative_target,env_patents_per_million,lag1_3_mean,QAT,Qatar,2023,,elastic_net_alpha_1_l1_0.8,0.3356739,13.611149875148417,-13.275475975148417,13.275475975148417,0.3356739
robust_main_per_million_lag1_3_mean,Per-million target with lag1-3 mean predictors,robustness_target,linear_robustness,alternative_target,env_patents_per_million,lag1_3_mean,ROU,Romania,2023,,elastic_net_alpha_1_l1_0.8,0.7061231,6.835725986813916,-6.129602886813916,6.129602886813916,0.7061231
robust_main_per_million_lag1_3_mean,Per-million target with lag1-3 mean predictors,robustness_target,linear_robustness,alternative_target,env_patents_per_million,lag1_3_mean,RUS,Russian Federation,2023,,elastic_net_alpha_1_l1_0.8,0.3128427,4.97766792340153,-4.66482522340153,4.66482522340153,0.3128427
robust_main_per_million_lag1_3_mean,Per-million target with lag1-3 mean predictors,robustness_target,linear_robustness,alternative_target,env_patents_per_million,lag1_3_mean,SAU,Saudi Arabia,2023,,elastic_net_alpha_1_l1_0.8,1.373846,9.029693099629563,-7.655847099629563,7.655847099629563,1.373846
robust_main_per_million_lag1_3_mean,Per-million target with lag1-3 mean predictors,robustness_target,linear_robustness,alternative_target,env_patents_per_million,lag1_3_mean,SGP,Singapore,2023,,elastic_net_alpha_1_l1_0.8,17.01764,18.377459834184474,-1.3598198341844743,1.3598198341844743,17.01764
robust_main_per_million_lag1_3_mean,Per-million target with lag1-3 mean predictors,robustness_target,linear_robustness,alternative_target,env_patents_per_million,lag1_3_mean,SLV,El Salvador,2023,,elastic_net_alpha_1_l1_0.8,0.1584881,2.572561791036815,-2.414073691036815,2.414073691036815,0.1584881
robust_main_per_million_lag1_3_mean,Per-million target with lag1-3 mean predictors,robustness_target,linear_robustness,alternative_target,env_patents_per_million,lag1_3_mean,SRB,Serbia,2023,,elastic_net_alpha_1_l1_0.8,1.279553,5.019429662197192,-3.739876662197192,3.739876662197192,1.279553
robust_main_per_million_lag1_3_mean,Per-million target with lag1-3 mean predictors,robustness_target,linear_robustness,alternative_target,env_patents_per_million,lag1_3_mean,SVK,Slovak Republic,2023,,elastic_net_alpha_1_l1_0.8,1.540398,9.022756858705508,-7.482358858705508,7.482358858705508,1.540398
robust_main_per_million_lag1_3_mean,Per-million target with lag1-3 mean predictors,robustness_target,linear_robustness,alternative_target,env_patents_per_million,lag1_3_mean,SVN,Slovenia,2023,,elastic_net_alpha_1_l1_0.8,5.7321,9.628426347831248,-3.8963263478312475,3.8963263478312475,5.7321
robust_main_per_million_lag1_3_mean,Per-million target with lag1-3 mean predictors,robustness_target,linear_robustness,alternative_target,env_patents_per_million,lag1_3_mean,SWE,Sweden,2023,,elastic_net_alpha_1_l1_0.8,33.31598,15.516111018074014,17.79986898192599,17.79986898192599,33.31598
robust_main_per_million_lag1_3_mean,Per-million target with lag1-3 mean predictors,robustness_target,linear_robustness,alternative_target,env_patents_per_million,lag1_3_mean,THA,Thailand,2023,,elastic_net_alpha_1_l1_0.8,0.1464385,5.661539743221625,-5.515101243221625,5.515101243221625,0.1464385
robust_main_per_million_lag1_3_mean,Per-million target with lag1-3 mean predictors,robustness_target,linear_robustness,alternative_target,env_patents_per_million,lag1_3_mean,TUN,Tunisia,2023,,elastic_net_alpha_1_l1_0.8,0.09562504,3.0496828192526193,-2.9540577792526195,2.9540577792526195,0.09562504
robust_main_per_million_lag1_3_mean,Per-million target with lag1-3 mean predictors,robustness_target,linear_robustness,alternative_target,env_patents_per_million,lag1_3_mean,TUR,Turkiye,2023,,elastic_net_alpha_1_l1_0.8,1.161141,5.074163366179731,-3.9130223661797316,3.9130223661797316,1.161141
robust_main_per_million_lag1_3_mean,Per-million target with lag1-3 mean predictors,robustness_target,linear_robustness,alternative_target,env_patents_per_million,lag1_3_mean,UGA,Uganda,2023,,elastic_net_alpha_1_l1_0.8,0.03082829,1.0721470054978095,-1.0413187154978094,1.0413187154978094,0.03082829
robust_main_per_million_lag1_3_mean,Per-million target with lag1-3 mean predictors,robustness_target,linear_robustness,alternative_target,env_patents_per_million,lag1_3_mean,UKR,Ukraine,2023,,elastic_net_alpha_1_l1_0.8,0.463787,2.4446334104848555,-1.9808464104848555,1.9808464104848555,0.463787
robust_main_per_million_lag1_3_mean,Per-million target with lag1-3 mean predictors,robustness_target,linear_robustness,alternative_target,env_patents_per_million,lag1_3_mean,USA,United States,2023,,elastic_net_alpha_1_l1_0.8,13.34697,36.75842932194121,-23.41145932194121,23.41145932194121,13.34697
robust_main_per_million_lag1_3_mean,Per-million target with lag1-3 mean predictors,robustness_target,linear_robustness,alternative_target,env_patents_per_million,lag1_3_mean,UZB,Uzbekistan,2023,,elastic_net_alpha_1_l1_0.8,0.01869912,-0.4527918807442797,0.4714910007442797,0.4714910007442797,0.01869912
robust_main_per_million_lag1_3_mean,Per-million target with lag1-3 mean predictors,robustness_target,linear_robustness,alternative_target,env_patents_per_million,lag1_3_mean,VEN,"Venezuela, RB",2023,,elastic_net_alpha_1_l1_0.8,0.01766731,-8.378831845799137,8.396499155799138,8.396499155799138,0.01766731
robust_main_per_million_lag1_3_mean,Per-million target with lag1-3 mean predictors,robustness_target,linear_robustness,alternative_target,env_patents_per_million,lag1_3_mean,VNM,Viet Nam,2023,,elastic_net_alpha_1_l1_0.8,0.0282339,2.840011308772028,-2.811777408772028,2.811777408772028,0.0282339
robust_main_per_million_lag1_3_mean,Per-million target with lag1-3 mean predictors,robustness_target,linear_robustness,alternative_target,env_patents_per_million,lag1_3_mean,ZAF,South Africa,2023,,elastic_net_alpha_1_l1_0.8,0.4139484,5.364715276221042,-4.950766876221042,4.950766876221042,0.4139484
robust_main_per_million_lag1_3_mean,Per-million target with lag1-3 mean predictors,robustness_target,linear_robustness,alternative_target,env_patents_per_million,lag1_3_mean,ZWE,Zimbabwe,2023,,elastic_net_alpha_1_l1_0.8,0.02039881,-5.7085760454555805,5.72897485545558,5.72897485545558,0.02039881
robust_main_per_million_lag1,Per-million target with common-sample lag1 predictors,robustness_target_timing,linear_robustness,alternative_target_common_sample_lag1,env_patents_per_million,lag1,ALB,Albania,2021,,elastic_net_alpha_1_l1_0.8,0.1754611,4.260315922440785,-4.084854822440786,4.084854822440786,0.1754611
robust_main_per_million_lag1,Per-million target with common-sample lag1 predictors,robustness_target_timing,linear_robustness,alternative_target_common_sample_lag1,env_patents_per_million,lag1,ARE,United Arab Emirates,2021,,elastic_net_alpha_1_l1_0.8,2.040829,11.835652424464076,-9.794823424464076,9.794823424464076,2.040829
robust_main_per_million_lag1,Per-million target with common-sample lag1 predictors,robustness_target_timing,linear_robustness,alternative_target_common_sample_lag1,env_patents_per_million,lag1,ARG,Argentina,2021,,elastic_net_alpha_1_l1_0.8,0.09563264,1.8116711842842017,-1.7160385442842017,1.7160385442842017,0.09563264
robust_main_per_million_lag1,Per-million target with common-sample lag1 predictors,robustness_target_timing,linear_robustness,alternative_target_common_sample_lag1,env_patents_per_million,lag1,ARM,Armenia,2021,,elastic_net_alpha_1_l1_0.8,0.1741948,5.609526697017063,-5.435331897017063,5.435331897017063,0.1741948
robust_main_per_million_lag1,Per-million target with common-sample lag1 predictors,robustness_target_timing,linear_robustness,alternative_target_common_sample_lag1,env_patents_per_million,lag1,AUS,Australia,2021,,elastic_net_alpha_1_l1_0.8,12.0529,17.430534726027734,-5.377634726027734,5.377634726027734,12.0529
robust_main_per_million_lag1,Per-million target with common-sample lag1 predictors,robustness_target_timing,linear_robustness,alternative_target_common_sample_lag1,env_patents_per_million,lag1,AUT,Austria,2021,,elastic_net_alpha_1_l1_0.8,34.60568,13.65442542424919,20.95125457575081,20.95125457575081,34.60568
robust_main_per_million_lag1,Per-million target with common-sample lag1 predictors,robustness_target_timing,linear_robustness,alternative_target_common_sample_lag1,env_patents_per_million,lag1,AZE,Azerbaijan,2021,,elastic_net_alpha_1_l1_0.8,0.2279899,3.89954991038568,-3.6715600103856803,3.6715600103856803,0.2279899
robust_main_per_million_lag1,Per-million target with common-sample lag1 predictors,robustness_target_timing,linear_robustness,alternative_target_common_sample_lag1,env_patents_per_million,lag1,BEL,Belgium,2021,,elastic_net_alpha_1_l1_0.8,22.68633,12.954475550640574,9.731854449359428,9.731854449359428,22.68633
robust_main_per_million_lag1,Per-million target with common-sample lag1 predictors,robustness_target_timing,linear_robustness,alternative_target_common_sample_lag1,env_patents_per_million,lag1,BFA,Burkina Faso,2021,,elastic_net_alpha_1_l1_0.8,0.02273219,1.421009804452087,-1.398277614452087,1.398277614452087,0.02273219
robust_main_per_million_lag1,Per-million target with common-sample lag1 predictors,robustness_target_timing,linear_robustness,alternative_target_common_sample_lag1,env_patents_per_million,lag1,BGD,Bangladesh,2021,,elastic_net_alpha_1_l1_0.8,0.007157391,-0.5927053820253185,0.5998627730253185,0.5998627730253185,0.007157391
robust_main_per_million_lag1,Per-million target with common-sample lag1 predictors,robustness_target_timing,linear_robustness,alternative_target_common_sample_lag1,env_patents_per_million,lag1,BGR,Bulgaria,2021,,elastic_net_alpha_1_l1_0.8,1.175377,6.503184013351109,-5.327807013351109,5.327807013351109,1.175377
robust_main_per_million_lag1,Per-million target with common-sample lag1 predictors,robustness_target_timing,linear_robustness,alternative_target_common_sample_lag1,env_patents_per_million,lag1,BHS,"Bahamas, The",2021,,elastic_net_alpha_1_l1_0.8,6.30719,4.366339905689264,1.9408500943107363,1.9408500943107363,6.30719
robust_main_per_million_lag1,Per-million target with common-sample lag1 predictors,robustness_target_timing,linear_robustness,alternative_target_common_sample_lag1,env_patents_per_million,lag1,BLR,Belarus,2021,,elastic_net_alpha_1_l1_0.8,0.6575606,0.74331072161376,-0.08575012161375994,0.08575012161375994,0.6575606
robust_main_per_million_lag1,Per-million target with common-sample lag1 predictors,robustness_target_timing,linear_robustness,alternative_target_common_sample_lag1,env_patents_per_million,lag1,BRA,Brazil,2021,,elastic_net_alpha_1_l1_0.8,0.4989256,6.06756760082222,-5.56864200082222,5.56864200082222,0.4989256
robust_main_per_million_lag1,Per-million target with common-sample lag1 predictors,robustness_target_timing,linear_robustness,alternative_target_common_sample_lag1,env_patents_per_million,lag1,CAN,Canada,2021,,elastic_net_alpha_1_l1_0.8,18.90481,16.58408167516154,2.3207283248384627,2.3207283248384627,18.90481
robust_main_per_million_lag1,Per-million target with common-sample lag1 predictors,robustness_target_timing,linear_robustness,alternative_target_common_sample_lag1,env_patents_per_million,lag1,CHE,Switzerland,2021,,elastic_net_alpha_1_l1_0.8,33.66439,14.867930888507356,18.79645911149264,18.79645911149264,33.66439
robust_main_per_million_lag1,Per-million target with common-sample lag1 predictors,robustness_target_timing,linear_robustness,alternative_target_common_sample_lag1,env_patents_per_million,lag1,CHL,Chile,2021,,elastic_net_alpha_1_l1_0.8,1.25923,9.969854575849565,-8.710624575849565,8.710624575849565,1.25923
robust_main_per_million_lag1,Per-million target with common-sample lag1 predictors,robustness_target_timing,linear_robustness,alternative_target_common_sample_lag1,env_patents_per_million,lag1,CHN,China,2021,,elastic_net_alpha_1_l1_0.8,9.951035,27.881252800997782,-17.93021780099778,17.93021780099778,9.951035
robust_main_per_million_lag1,Per-million target with common-sample lag1 predictors,robustness_target_timing,linear_robustness,alternative_target_common_sample_lag1,env_patents_per_million,lag1,CMR,Cameroon,2021,,elastic_net_alpha_1_l1_0.8,0.01238432,0.03832751901815712,-0.02594319901815712,0.02594319901815712,0.01238432
robust_main_per_million_lag1,Per-million target with common-sample lag1 predictors,robustness_target_timing,linear_robustness,alternative_target_common_sample_lag1,env_patents_per_million,lag1,COL,Colombia,2021,,elastic_net_alpha_1_l1_0.8,0.1725659,5.656232868514453,-5.483666968514453,5.483666968514453,0.1725659
robust_main_per_million_lag1,Per-million target with common-sample lag1 predictors,robustness_target_timing,linear_robustness,alternative_target_common_sample_lag1,env_patents_per_million,lag1,CPV,Cabo Verde,2021,,elastic_net_alpha_1_l1_0.8,0.6451833,4.344220144243895,-3.699036844243895,3.699036844243895,0.6451833
robust_main_per_million_lag1,Per-million target with common-sample lag1 predictors,robustness_target_timing,linear_robustness,alternative_target_common_sample_lag1,env_patents_per_million,lag1,CRI,Costa Rica,2021,,elastic_net_alpha_1_l1_0.8,0.1976289,7.488348777495325,-7.2907198774953255,7.2907198774953255,0.1976289
robust_main_per_million_lag1,Per-million target with common-sample lag1 predictors,robustness_target_timing,linear_robustness,alternative_target_common_sample_lag1,env_patents_per_million,lag1,CYP,Cyprus,2021,,elastic_net_alpha_1_l1_0.8,2.909973,9.762921700674818,-6.852948700674818,6.852948700674818,2.909973
robust_main_per_million_lag1,Per-million target with common-sample lag1 predictors,robustness_target_timing,linear_robustness,alternative_target_common_sample_lag1,env_patents_per_million,lag1,CZE,Czechia,2021,,elastic_net_alpha_1_l1_0.8,5.523542,11.49810091019021,-5.97455891019021,5.97455891019021,5.523542
robust_main_per_million_lag1,Per-million target with common-sample lag1 predictors,robustness_target_timing,linear_robustness,alternative_target_common_sample_lag1,env_patents_per_million,lag1,DEU,Germany,2021,,elastic_net_alpha_1_l1_0.8,37.61422,18.091239836098037,19.522980163901966,19.522980163901966,37.61422
robust_main_per_million_lag1,Per-million target with common-sample lag1 predictors,robustness_target_timing,linear_robustness,alternative_target_common_sample_lag1,env_patents_per_million,lag1,DNK,Denmark,2021,,elastic_net_alpha_1_l1_0.8,77.1215,16.42220461111311,60.69929538888689,60.69929538888689,77.1215
robust_main_per_million_lag1,Per-million target with common-sample lag1 predictors,robustness_target_timing,linear_robustness,alternative_target_common_sample_lag1,env_patents_per_million,lag1,DOM,Dominican Republic,2021,,elastic_net_alpha_1_l1_0.8,0.02996665,3.8790645530011822,-3.8490979030011823,3.8490979030011823,0.02996665
robust_main_per_million_lag1,Per-million target with common-sample lag1 predictors,robustness_target_timing,linear_robustness,alternative_target_common_sample_lag1,env_patents_per_million,lag1,DZA,Algeria,2021,,elastic_net_alpha_1_l1_0.8,0.03797941,-1.5064011935505084,1.5443806035505083,1.5443806035505083,0.03797941
robust_main_per_million_lag1,Per-million target with common-sample lag1 predictors,robustness_target_timing,linear_robustness,alternative_target_common_sample_lag1,env_patents_per_million,lag1,ECU,Ecuador,2021,,elastic_net_alpha_1_l1_0.8,0.0471277,0.26247761097951816,-0.21534991097951817,0.21534991097951817,0.0471277
robust_main_per_million_lag1,Per-million target with common-sample lag1 predictors,robustness_target_timing,linear_robustness,alternative_target_common_sample_lag1,env_patents_per_million,lag1,EGY,"Egypt, Arab Rep.",2021,,elastic_net_alpha_1_l1_0.8,0.06158542,1.3685711068649713,-1.3069856868649712,1.3069856868649712,0.06158542
robust_main_per_million_lag1,Per-million target with common-sample lag1 predictors,robustness_target_timing,linear_robustness,alternative_target_common_sample_lag1,env_patents_per_million,lag1,ESP,Spain,2021,,elastic_net_alpha_1_l1_0.8,6.7513,11.49303942350154,-4.7417394235015395,4.7417394235015395,6.7513
robust_main_per_million_lag1,Per-million target with common-sample lag1 predictors,robustness_target_timing,linear_robustness,alternative_target_common_sample_lag1,env_patents_per_million,lag1,EST,Estonia,2021,,elastic_net_alpha_1_l1_0.8,5.381394,13.404352496094225,-8.022958496094224,8.022958496094224,5.381394
robust_main_per_million_lag1,Per-million target with common-sample lag1 predictors,robustness_target_timing,linear_robustness,alternative_target_common_sample_lag1,env_patents_per_million,lag1,ETH,Ethiopia,2021,,elastic_net_alpha_1_l1_0.8,0.009551991,-0.2759018649752081,0.28545385597520806,0.28545385597520806,0.009551991
robust_main_per_million_lag1,Per-million target with common-sample lag1 predictors,robustness_target_timing,linear_robustness,alternative_target_common_sample_lag1,env_patents_per_million,lag1,FIN,Finland,2021,,elastic_net_alpha_1_l1_0.8,42.22105,16.390587959729242,25.830462040270756,25.830462040270756,42.22105
robust_main_per_million_lag1,Per-million target with common-sample lag1 predictors,robustness_target_timing,linear_robustness,alternative_target_common_sample_lag1,env_patents_per_million,lag1,FRA,France,2021,,elastic_net_alpha_1_l1_0.8,20.01877,14.536220234231623,5.482549765768377,5.482549765768377,20.01877
robust_main_per_million_lag1,Per-million target with common-sample lag1 predictors,robustness_target_timing,linear_robustness,alternative_target_common_sample_lag1,env_patents_per_million,lag1,GBR,United Kingdom,2021,,elastic_net_alpha_1_l1_0.8,14.23576,17.658021133987727,-3.4222611339877265,3.4222611339877265,14.23576
robust_main_per_million_lag1,Per-million target with common-sample lag1 predictors,robustness_target_timing,linear_robustness,alternative_target_common_sample_lag1,env_patents_per_million,lag1,GEO,Georgia,2021,,elastic_net_alpha_1_l1_0.8,1.05584,9.09382672807891,-8.03798672807891,8.03798672807891,1.05584
robust_main_per_million_lag1,Per-million target with common-sample lag1 predictors,robustness_target_timing,linear_robustness,alternative_target_common_sample_lag1,env_patents_per_million,lag1,GRC,Greece,2021,,elastic_net_alpha_1_l1_0.8,1.982859,7.4764158108922825,-5.493556810892283,5.493556810892283,1.982859
robust_main_per_million_lag1,Per-million target with common-sample lag1 predictors,robustness_target_timing,linear_robustness,alternative_target_common_sample_lag1,env_patents_per_million,lag1,HKG,"Hong Kong SAR, China",2021,,elastic_net_alpha_1_l1_0.8,6.540095,15.357711464827986,-8.817616464827985,8.817616464827985,6.540095
robust_main_per_million_lag1,Per-million target with common-sample lag1 predictors,robustness_target_timing,linear_robustness,alternative_target_common_sample_lag1,env_patents_per_million,lag1,HRV,Croatia,2021,,elastic_net_alpha_1_l1_0.8,2.683918,5.815278065357676,-3.131360065357676,3.131360065357676,2.683918
robust_main_per_million_lag1,Per-million target with common-sample lag1 predictors,robustness_target_timing,linear_robustness,alternative_target_common_sample_lag1,env_patents_per_million,lag1,HUN,Hungary,2021,,elastic_net_alpha_1_l1_0.8,2.209552,7.3237450021897965,-5.114193002189797,5.114193002189797,2.209552
robust_main_per_million_lag1,Per-million target with common-sample lag1 predictors,robustness_target_timing,linear_robustness,alternative_target_common_sample_lag1,env_patents_per_million,lag1,IDN,Indonesia,2021,,elastic_net_alpha_1_l1_0.8,0.02541329,6.968088420993701,-6.942675130993701,6.942675130993701,0.02541329
robust_main_per_million_lag1,Per-million target with common-sample lag1 predictors,robustness_target_timing,linear_robustness,alternative_target_common_sample_lag1,env_patents_per_million,lag1,IND,India,2021,,elastic_net_alpha_1_l1_0.8,0.4163905,8.33120092864843,-7.91481042864843,7.91481042864843,0.4163905
robust_main_per_million_lag1,Per-million target with common-sample lag1 predictors,robustness_target_timing,linear_robustness,alternative_target_common_sample_lag1,env_patents_per_million,lag1,IRL,Ireland,2021,,elastic_net_alpha_1_l1_0.8,12.71107,13.470231612211734,-0.7591616122117344,0.7591616122117344,12.71107
robust_main_per_million_lag1,Per-million target with common-sample lag1 predictors,robustness_target_timing,linear_robustness,alternative_target_common_sample_lag1,env_patents_per_million,lag1,IRN,"Iran, Islamic Rep.",2021,,elastic_net_alpha_1_l1_0.8,0.2123479,-1.6772542797541314,1.8896021797541314,1.8896021797541314,0.2123479
robust_main_per_million_lag1,Per-million target with common-sample lag1 predictors,robustness_target_timing,linear_robustness,alternative_target_common_sample_lag1,env_patents_per_million,lag1,ISL,Iceland,2021,,elastic_net_alpha_1_l1_0.8,13.41763,13.191257266320394,0.2263727336796073,0.2263727336796073,13.41763
robust_main_per_million_lag1,Per-million target with common-sample lag1 predictors,robustness_target_timing,linear_robustness,alternative_target_common_sample_lag1,env_patents_per_million,lag1,ISR,Israel,2021,,elastic_net_alpha_1_l1_0.8,24.43272,11.756871862700116,12.675848137299884,12.675848137299884,24.43272
robust_main_per_million_lag1,Per-million target with common-sample lag1 predictors,robustness_target_timing,linear_robustness,alternative_target_common_sample_lag1,env_patents_per_million,lag1,ITA,Italy,2021,,elastic_net_alpha_1_l1_0.8,11.82473,10.191953745942499,1.632776254057502,1.632776254057502,11.82473
robust_main_per_million_lag1,Per-million target with common-sample lag1 predictors,robustness_target_timing,linear_robustness,alternative_target_common_sample_lag1,env_patents_per_million,lag1,JOR,Jordan,2021,,elastic_net_alpha_1_l1_0.8,0.4467997,5.581602898617667,-5.134803198617667,5.134803198617667,0.4467997
robust_main_per_million_lag1,Per-million target with common-sample lag1 predictors,robustness_target_timing,linear_robustness,alternative_target_common_sample_lag1,env_patents_per_million,lag1,JPN,Japan,2021,,elastic_net_alpha_1_l1_0.8,75.37357,17.18301114903469,58.19055885096531,58.19055885096531,75.37357
robust_main_per_million_lag1,Per-million target with common-sample lag1 predictors,robustness_target_timing,linear_robustness,alternative_target_common_sample_lag1,env_patents_per_million,lag1,KAZ,Kazakhstan,2021,,elastic_net_alpha_1_l1_0.8,0.1772726,5.382967626994916,-5.205695026994916,5.205695026994916,0.1772726
robust_main_per_million_lag1,Per-million target with common-sample lag1 predictors,robustness_target_timing,linear_robustness,alternative_target_common_sample_lag1,env_patents_per_million,lag1,KEN,Kenya,2021,,elastic_net_alpha_1_l1_0.8,0.01409267,1.7205879670756126,-1.7064952970756126,1.7064952970756126,0.01409267
robust_main_per_million_lag1,Per-million target with common-sample lag1 predictors,robustness_target_timing,linear_robustness,alternative_target_common_sample_lag1,env_patents_per_million,lag1,KGZ,Kyrgyz Republic,2021,,elastic_net_alpha_1_l1_0.8,0.04887242,1.5611746475941422,-1.5123022275941422,1.5123022275941422,0.04887242
robust_main_per_million_lag1,Per-million target with common-sample lag1 predictors,robustness_target_timing,linear_robustness,alternative_target_common_sample_lag1,env_patents_per_million,lag1,KHM,Cambodia,2021,,elastic_net_alpha_1_l1_0.8,0.03927505,0.3387112059663311,-0.2994361559663311,0.2994361559663311,0.03927505
robust_main_per_million_lag1,Per-million target with common-sample lag1 predictors,robustness_target_timing,linear_robustness,alternative_target_common_sample_lag1,env_patents_per_million,lag1,KOR,"Korea, Rep.",2021,,elastic_net_alpha_1_l1_0.8,137.7657,12.754536022318302,125.0111639776817,125.0111639776817,137.7657
robust_main_per_million_lag1,Per-million target with common-sample lag1 predictors,robustness_target_timing,linear_robustness,alternative_target_common_sample_lag1,env_patents_per_million,lag1,KWT,Kuwait,2021,,elastic_net_alpha_1_l1_0.8,0.9058092,6.294437327531177,-5.3886281275311765,5.3886281275311765,0.9058092
robust_main_per_million_lag1,Per-million target with common-sample lag1 predictors,robustness_target_timing,linear_robustness,alternative_target_common_sample_lag1,env_patents_per_million,lag1,LBN,Lebanon,2021,,elastic_net_alpha_1_l1_0.8,0.6470656,0.4320922233376958,0.2149733766623042,0.2149733766623042,0.6470656
robust_main_per_million_lag1,Per-million target with common-sample lag1 predictors,robustness_target_timing,linear_robustness,alternative_target_common_sample_lag1,env_patents_per_million,lag1,LBY,Libya,2021,,elastic_net_alpha_1_l1_0.8,0.07050676,-6.79215004788763,6.86265680788763,6.86265680788763,0.07050676
robust_main_per_million_lag1,Per-million target with common-sample lag1 predictors,robustness_target_timing,linear_robustness,alternative_target_common_sample_lag1,env_patents_per_million,lag1,LKA,Sri Lanka,2021,,elastic_net_alpha_1_l1_0.8,0.3671012,3.7621180641953065,-3.3950168641953065,3.3950168641953065,0.3671012
robust_main_per_million_lag1,Per-million target with common-sample lag1 predictors,robustness_target_timing,linear_robustness,alternative_target_common_sample_lag1,env_patents_per_million,lag1,LTU,Lithuania,2021,,elastic_net_alpha_1_l1_0.8,1.96816,9.792016390758377,-7.823856390758377,7.823856390758377,1.96816
robust_main_per_million_lag1,Per-million target with common-sample lag1 predictors,robustness_target_timing,linear_robustness,alternative_target_common_sample_lag1,env_patents_per_million,lag1,LUX,Luxembourg,2021,,elastic_net_alpha_1_l1_0.8,40.60762,15.376220636979678,25.23139936302032,25.23139936302032,40.60762
robust_main_per_million_lag1,Per-million target with common-sample lag1 predictors,robustness_target_timing,linear_robustness,alternative_target_common_sample_lag1,env_patents_per_million,lag1,LVA,Latvia,2021,,elastic_net_alpha_1_l1_0.8,5.568558,10.16507337308516,-4.59651537308516,4.59651537308516,5.568558
robust_main_per_million_lag1,Per-million target with common-sample lag1 predictors,robustness_target_timing,linear_robustness,alternative_target_common_sample_lag1,env_patents_per_million,lag1,MAC,"Macao SAR, China",2021,,elastic_net_alpha_1_l1_0.8,2.880176,12.744134543347174,-9.863958543347174,9.863958543347174,2.880176
robust_main_per_million_lag1,Per-million target with common-sample lag1 predictors,robustness_target_timing,linear_robustness,alternative_target_common_sample_lag1,env_patents_per_million,lag1,MAR,Morocco,2021,,elastic_net_alpha_1_l1_0.8,0.2444451,4.947722714883232,-4.703277614883232,4.703277614883232,0.2444451
robust_main_per_million_lag1,Per-million target with common-sample lag1 predictors,robustness_target_timing,linear_robustness,alternative_target_common_sample_lag1,env_patents_per_million,lag1,MDA,Moldova,2021,,elastic_net_alpha_1_l1_0.8,0.1929154,3.5867514109784757,-3.3938360109784758,3.3938360109784758,0.1929154
robust_main_per_million_lag1,Per-million target with common-sample lag1 predictors,robustness_target_timing,linear_robustness,alternative_target_common_sample_lag1,env_patents_per_million,lag1,MEX,Mexico,2021,,elastic_net_alpha_1_l1_0.8,0.3296823,4.821220826080186,-4.491538526080186,4.491538526080186,0.3296823
robust_main_per_million_lag1,Per-million target with common-sample lag1 predictors,robustness_target_timing,linear_robustness,alternative_target_common_sample_lag1,env_patents_per_million,lag1,MLT,Malta,2021,,elastic_net_alpha_1_l1_0.8,7.310276,10.724817979370084,-3.4145419793700835,3.4145419793700835,7.310276
robust_main_per_million_lag1,Per-million target with common-sample lag1 predictors,robustness_target_timing,linear_robustness,alternative_target_common_sample_lag1,env_patents_per_million,lag1,MNE,Montenegro,2021,,elastic_net_alpha_1_l1_0.8,0.8280188,5.956973461063905,-5.128954661063905,5.128954661063905,0.8280188
robust_main_per_million_lag1,Per-million target with common-sample lag1 predictors,robustness_target_timing,linear_robustness,alternative_target_common_sample_lag1,env_patents_per_million,lag1,MRT,Mauritania,2021,,elastic_net_alpha_1_l1_0.8,0.1083429,-0.6993532128250255,0.8076961128250255,0.8076961128250255,0.1083429
robust_main_per_million_lag1,Per-million target with common-sample lag1 predictors,robustness_target_timing,linear_robustness,alternative_target_common_sample_lag1,env_patents_per_million,lag1,MUS,Mauritius,2021,,elastic_net_alpha_1_l1_0.8,0.2604934,10.171453604594147,-9.910960204594147,9.910960204594147,0.2604934
robust_main_per_million_lag1,Per-million target with common-sample lag1 predictors,robustness_target_timing,linear_robustness,alternative_target_common_sample_lag1,env_patents_per_million,lag1,MYS,Malaysia,2021,,elastic_net_alpha_1_l1_0.8,1.312627,9.043791893382991,-7.731164893382991,7.731164893382991,1.312627
robust_main_per_million_lag1,Per-million target with common-sample lag1 predictors,robustness_target_timing,linear_robustness,alternative_target_common_sample_lag1,env_patents_per_million,lag1,NCL,New Caledonia,2021,,elastic_net_alpha_1_l1_0.8,5.259209,7.024032191417992,-1.7648231914179915,1.7648231914179915,5.259209
robust_main_per_million_lag1,Per-million target with common-sample lag1 predictors,robustness_target_timing,linear_robustness,alternative_target_common_sample_lag1,env_patents_per_million,lag1,NER,Niger,2021,,elastic_net_alpha_1_l1_0.8,0.01360425,-0.03522742248439936,0.04883167248439936,0.04883167248439936,0.01360425
robust_main_per_million_lag1,Per-million target with common-sample lag1 predictors,robustness_target_timing,linear_robustness,alternative_target_common_sample_lag1,env_patents_per_million,lag1,NLD,Netherlands,2021,,elastic_net_alpha_1_l1_0.8,24.66175,16.060600118002895,8.601149881997106,8.601149881997106,24.66175
robust_main_per_million_lag1,Per-million target with common-sample lag1 predictors,robustness_target_timing,linear_robustness,alternative_target_common_sample_lag1,env_patents_per_million,lag1,NOR,Norway,2021,,elastic_net_alpha_1_l1_0.8,28.16767,14.996559441655378,13.171110558344623,13.171110558344623,28.16767
robust_main_per_million_lag1,Per-million target with common-sample lag1 predictors,robustness_target_timing,linear_robustness,alternative_target_common_sample_lag1,env_patents_per_million,lag1,NPL,Nepal,2021,,elastic_net_alpha_1_l1_0.8,0.02261803,0.5272916273471013,-0.5046735973471014,0.5046735973471014,0.02261803
robust_main_per_million_lag1,Per-million target with common-sample lag1 predictors,robustness_target_timing,linear_robustness,alternative_target_common_sample_lag1,env_patents_per_million,lag1,NZL,New Zealand,2021,,elastic_net_alpha_1_l1_0.8,8.278356,16.068151965033373,-7.789795965033372,7.789795965033372,8.278356
robust_main_per_million_lag1,Per-million target with common-sample lag1 predictors,robustness_target_timing,linear_robustness,alternative_target_common_sample_lag1,env_patents_per_million,lag1,OMN,Oman,2021,,elastic_net_alpha_1_l1_0.8,0.2777516,8.0478889909883,-7.7701373909883,7.7701373909883,0.2777516
robust_main_per_million_lag1,Per-million target with common-sample lag1 predictors,robustness_target_timing,linear_robustness,alternative_target_common_sample_lag1,env_patents_per_million,lag1,PAK,Pakistan,2021,,elastic_net_alpha_1_l1_0.8,0.01809493,0.871618733498071,-0.853523803498071,0.853523803498071,0.01809493
robust_main_per_million_lag1,Per-million target with common-sample lag1 predictors,robustness_target_timing,linear_robustness,alternative_target_common_sample_lag1,env_patents_per_million,lag1,PAN,Panama,2021,,elastic_net_alpha_1_l1_0.8,0.1725961,5.971292849099381,-5.798696749099381,5.798696749099381,0.1725961
robust_main_per_million_lag1,Per-million target with common-sample lag1 predictors,robustness_target_timing,linear_robustness,alternative_target_common_sample_lag1,env_patents_per_million,lag1,PER,Peru,2021,,elastic_net_alpha_1_l1_0.8,0.1407493,5.7990434860979585,-5.658294186097958,5.658294186097958,0.1407493
robust_main_per_million_lag1,Per-million target with common-sample lag1 predictors,robustness_target_timing,linear_robustness,alternative_target_common_sample_lag1,env_patents_per_million,lag1,PHL,Philippines,2021,,elastic_net_alpha_1_l1_0.8,0.07618563,4.66180105033528,-4.585615420335279,4.585615420335279,0.07618563
robust_main_per_million_lag1,Per-million target with common-sample lag1 predictors,robustness_target_timing,linear_robustness,alternative_target_common_sample_lag1,env_patents_per_million,lag1,POL,Poland,2021,,elastic_net_alpha_1_l1_0.8,2.570519,9.851348029243052,-7.280829029243052,7.280829029243052,2.570519
robust_main_per_million_lag1,Per-million target with common-sample lag1 predictors,robustness_target_timing,linear_robustness,alternative_target_common_sample_lag1,env_patents_per_million,lag1,PRI,Puerto Rico (US),2021,,elastic_net_alpha_1_l1_0.8,0.3073887,9.022860633110398,-8.715471933110397,8.715471933110397,0.3073887
robust_main_per_million_lag1,Per-million target with common-sample lag1 predictors,robustness_target_timing,linear_robustness,alternative_target_common_sample_lag1,env_patents_per_million,lag1,PRT,Portugal,2021,,elastic_net_alpha_1_l1_0.8,2.983364,9.618688162176747,-6.635324162176747,6.635324162176747,2.983364
robust_main_per_million_lag1,Per-million target with common-sample lag1 predictors,robustness_target_timing,linear_robustness,alternative_target_common_sample_lag1,env_patents_per_million,lag1,PRY,Paraguay,2021,,elastic_net_alpha_1_l1_0.8,0.04986898,3.3577039201614234,-3.3078349401614235,3.3078349401614235,0.04986898
robust_main_per_million_lag1,Per-million target with common-sample lag1 predictors,robustness_target_timing,linear_robustness,alternative_target_common_sample_lag1,env_patents_per_million,lag1,PSE,West Bank and Gaza,2021,,elastic_net_alpha_1_l1_0.8,0.1928515,3.678131198632781,-3.4852796986327808,3.4852796986327808,0.1928515
robust_main_per_million_lag1,Per-million target with common-sample lag1 predictors,robustness_target_timing,linear_robustness,alternative_target_common_sample_lag1,env_patents_per_million,lag1,QAT,Qatar,2021,,elastic_net_alpha_1_l1_0.8,2.131452,11.534852670550533,-9.403400670550534,9.403400670550534,2.131452
robust_main_per_million_lag1,Per-million target with common-sample lag1 predictors,robustness_target_timing,linear_robustness,alternative_target_common_sample_lag1,env_patents_per_million,lag1,ROU,Romania,2021,,elastic_net_alpha_1_l1_0.8,0.9455449,6.5730377966906595,-5.62749289669066,5.62749289669066,0.9455449
robust_main_per_million_lag1,Per-million target with common-sample lag1 predictors,robustness_target_timing,linear_robustness,alternative_target_common_sample_lag1,env_patents_per_million,lag1,RUS,Russian Federation,2021,,elastic_net_alpha_1_l1_0.8,0.7498901,5.379256343395765,-4.629366243395765,4.629366243395765,0.7498901
robust_main_per_million_lag1,Per-million target with common-sample lag1 predictors,robustness_target_timing,linear_robustness,alternative_target_common_sample_lag1,env_patents_per_million,lag1,SAU,Saudi Arabia,2021,,elastic_net_alpha_1_l1_0.8,3.136135,7.030830800942637,-3.8946958009426367,3.8946958009426367,3.136135
robust_main_per_million_lag1,Per-million target with common-sample lag1 predictors,robustness_target_timing,linear_robustness,alternative_target_common_sample_lag1,env_patents_per_million,lag1,SDN,Sudan,2021,,elastic_net_alpha_1_l1_0.8,0.005201082,-4.309257705539474,4.314458787539474,4.314458787539474,0.005201082
robust_main_per_million_lag1,Per-million target with common-sample lag1 predictors,robustness_target_timing,linear_robustness,alternative_target_common_sample_lag1,env_patents_per_million,lag1,SGP,Singapore,2021,,elastic_net_alpha_1_l1_0.8,22.89819,17.453000055528918,5.445189944471082,5.445189944471082,22.89819
robust_main_per_million_lag1,Per-million target with common-sample lag1 predictors,robustness_target_timing,linear_robustness,alternative_target_common_sample_lag1,env_patents_per_million,lag1,SRB,Serbia,2021,,elastic_net_alpha_1_l1_0.8,0.7314829,5.043527547294216,-4.312044647294217,4.312044647294217,0.7314829
robust_main_per_million_lag1,Per-million target with common-sample lag1 predictors,robustness_target_timing,linear_robustness,alternative_target_common_sample_lag1,env_patents_per_million,lag1,SVK,Slovak Republic,2021,,elastic_net_alpha_1_l1_0.8,3.567431,8.284118145958793,-4.716687145958793,4.716687145958793,3.567431
robust_main_per_million_lag1,Per-million target with common-sample lag1 predictors,robustness_target_timing,linear_robustness,alternative_target_common_sample_lag1,env_patents_per_million,lag1,SVN,Slovenia,2021,,elastic_net_alpha_1_l1_0.8,7.806977,9.463717019007792,-1.6567400190077919,1.6567400190077919,7.806977
robust_main_per_million_lag1,Per-million target with common-sample lag1 predictors,robustness_target_timing,linear_robustness,alternative_target_common_sample_lag1,env_patents_per_million,lag1,SWE,Sweden,2021,,elastic_net_alpha_1_l1_0.8,45.81836,15.115820097050406,30.702539902949592,30.702539902949592,45.81836
robust_main_per_million_lag1,Per-million target with common-sample lag1 predictors,robustness_target_timing,linear_robustness,alternative_target_common_sample_lag1,env_patents_per_million,lag1,SYC,Seychelles,2021,,elastic_net_alpha_1_l1_0.8,8.13094,6.3056036040900025,1.8253363959099982,1.8253363959099982,8.13094
robust_main_per_million_lag1,Per-million target with common-sample lag1 predictors,robustness_target_timing,linear_robustness,alternative_target_common_sample_lag1,env_patents_per_million,lag1,THA,Thailand,2021,,elastic_net_alpha_1_l1_0.8,0.2474649,5.517857016701695,-5.270392116701696,5.270392116701696,0.2474649
robust_main_per_million_lag1,Per-million target with common-sample lag1 predictors,robustness_target_timing,linear_robustness,alternative_target_common_sample_lag1,env_patents_per_million,lag1,TUN,Tunisia,2021,,elastic_net_alpha_1_l1_0.8,0.1521612,3.9077124602145417,-3.7555512602145416,3.7555512602145416,0.1521612
robust_main_per_million_lag1,Per-million target with common-sample lag1 predictors,robustness_target_timing,linear_robustness,alternative_target_common_sample_lag1,env_patents_per_million,lag1,TUR,Turkiye,2021,,elastic_net_alpha_1_l1_0.8,1.752489,5.0834281472010625,-3.3309391472010628,3.3309391472010628,1.752489
robust_main_per_million_lag1,Per-million target with common-sample lag1 predictors,robustness_target_timing,linear_robustness,alternative_target_common_sample_lag1,env_patents_per_million,lag1,UKR,Ukraine,2021,,elastic_net_alpha_1_l1_0.8,0.3912836,2.888769559507259,-2.497485959507259,2.497485959507259,0.3912836
robust_main_per_million_lag1,Per-million target with common-sample lag1 predictors,robustness_target_timing,linear_robustness,alternative_target_common_sample_lag1,env_patents_per_million,lag1,URY,Uruguay,2021,,elastic_net_alpha_1_l1_0.8,0.1472019,8.447977499250069,-8.300775599250068,8.300775599250068,0.1472019
robust_main_per_million_lag1,Per-million target with common-sample lag1 predictors,robustness_target_timing,linear_robustness,alternative_target_common_sample_lag1,env_patents_per_million,lag1,USA,United States,2021,,elastic_net_alpha_1_l1_0.8,21.77613,32.87929783020371,-11.103167830203713,11.103167830203713,21.77613
robust_main_per_million_lag1,Per-million target with common-sample lag1 predictors,robustness_target_timing,linear_robustness,alternative_target_common_sample_lag1,env_patents_per_million,lag1,VEN,"Venezuela, RB",2021,,elastic_net_alpha_1_l1_0.8,0.01770675,-8.024143940324446,8.041850690324447,8.041850690324447,0.01770675
robust_main_per_million_lag1,Per-million target with common-sample lag1 predictors,robustness_target_timing,linear_robustness,alternative_target_common_sample_lag1,env_patents_per_million,lag1,VNM,Viet Nam,2021,,elastic_net_alpha_1_l1_0.8,0.2067012,3.4593262070383073,-3.2526250070383074,3.2526250070383074,0.2067012
robust_main_per_million_lag1,Per-million target with common-sample lag1 predictors,robustness_target_timing,linear_robustness,alternative_target_common_sample_lag1,env_patents_per_million,lag1,ZAF,South Africa,2021,,elastic_net_alpha_1_l1_0.8,0.4376509,5.737282496951294,-5.2996315969512935,5.2996315969512935,0.4376509
robust_main_per_million_lag1,Per-million target with common-sample lag1 predictors,robustness_target_timing,linear_robustness,alternative_target_common_sample_lag1,env_patents_per_million,lag1,ZWE,Zimbabwe,2021,,elastic_net_alpha_1_l1_0.8,0.02110077,-3.333995394624762,3.355096164624762,3.355096164624762,0.02110077
robust_main_per_million_lag1,Per-million target with common-sample lag1 predictors,robustness_target_timing,linear_robustness,alternative_target_common_sample_lag1,env_patents_per_million,lag1,ALB,Albania,2022,,elastic_net_alpha_1_l1_0.8,0.08841395,4.360369893466121,-4.271955943466121,4.271955943466121,0.08841395
robust_main_per_million_lag1,Per-million target with common-sample lag1 predictors,robustness_target_timing,linear_robustness,alternative_target_common_sample_lag1,env_patents_per_million,lag1,ARE,United Arab Emirates,2022,,elastic_net_alpha_1_l1_0.8,1.008909,11.83532363520411,-10.82641463520411,10.82641463520411,1.008909
robust_main_per_million_lag1,Per-million target with common-sample lag1 predictors,robustness_target_timing,linear_robustness,alternative_target_common_sample_lag1,env_patents_per_million,lag1,ARG,Argentina,2022,,elastic_net_alpha_1_l1_0.8,0.1156186,1.6459120152989657,-1.5302934152989658,1.5302934152989658,0.1156186
robust_main_per_million_lag1,Per-million target with common-sample lag1 predictors,robustness_target_timing,linear_robustness,alternative_target_common_sample_lag1,env_patents_per_million,lag1,ARM,Armenia,2022,,elastic_net_alpha_1_l1_0.8,0.6942338,5.556340804361501,-4.8621070043615005,4.8621070043615005,0.6942338
robust_main_per_million_lag1,Per-million target with common-sample lag1 predictors,robustness_target_timing,linear_robustness,alternative_target_common_sample_lag1,env_patents_per_million,lag1,ATG,Antigua and Barbuda,2022,,elastic_net_alpha_1_l1_0.8,3.590406,7.707979894623277,-4.117573894623277,4.117573894623277,3.590406
robust_main_per_million_lag1,Per-million target with common-sample lag1 predictors,robustness_target_timing,linear_robustness,alternative_target_common_sample_lag1,env_patents_per_million,lag1,AUS,Australia,2022,,elastic_net_alpha_1_l1_0.8,7.104695,17.60371120721973,-10.499016207219732,10.499016207219732,7.104695
robust_main_per_million_lag1,Per-million target with common-sample lag1 predictors,robustness_target_timing,linear_robustness,alternative_target_common_sample_lag1,env_patents_per_million,lag1,AUT,Austria,2022,,elastic_net_alpha_1_l1_0.8,25.96066,13.558915549799245,12.401744450200756,12.401744450200756,25.96066
robust_main_per_million_lag1,Per-million target with common-sample lag1 predictors,robustness_target_timing,linear_robustness,alternative_target_common_sample_lag1,env_patents_per_million,lag1,BEL,Belgium,2022,,elastic_net_alpha_1_l1_0.8,18.20544,13.431383516106223,4.7740564838937765,4.7740564838937765,18.20544
robust_main_per_million_lag1,Per-million target with common-sample lag1 predictors,robustness_target_timing,linear_robustness,alternative_target_common_sample_lag1,env_patents_per_million,lag1,BGD,Bangladesh,2022,,elastic_net_alpha_1_l1_0.8,0.01830151,-0.3877548198127858,0.40605632981278583,0.40605632981278583,0.01830151
robust_main_per_million_lag1,Per-million target with common-sample lag1 predictors,robustness_target_timing,linear_robustness,alternative_target_common_sample_lag1,env_patents_per_million,lag1,BGR,Bulgaria,2022,,elastic_net_alpha_1_l1_0.8,1.316073,6.657280110782762,-5.3412071107827614,5.3412071107827614,1.316073
robust_main_per_million_lag1,Per-million target with common-sample lag1 predictors,robustness_target_timing,linear_robustness,alternative_target_common_sample_lag1,env_patents_per_million,lag1,BHR,Bahrain,2022,,elastic_net_alpha_1_l1_0.8,0.6521205,10.252230900509371,-9.60011040050937,9.60011040050937,0.6521205
robust_main_per_million_lag1,Per-million target with common-sample lag1 predictors,robustness_target_timing,linear_robustness,alternative_target_common_sample_lag1,env_patents_per_million,lag1,BIH,Bosnia and Herzegovina,2022,,elastic_net_alpha_1_l1_0.8,0.07800794,2.5085282056215137,-2.4305202656215137,2.4305202656215137,0.07800794
robust_main_per_million_lag1,Per-million target with common-sample lag1 predictors,robustness_target_timing,linear_robustness,alternative_target_common_sample_lag1,env_patents_per_million,lag1,BLR,Belarus,2022,,elastic_net_alpha_1_l1_0.8,0.1090128,0.11230830350030185,-0.003295503500301847,0.003295503500301847,0.1090128
robust_main_per_million_lag1,Per-million target with common-sample lag1 predictors,robustness_target_timing,linear_robustness,alternative_target_common_sample_lag1,env_patents_per_million,lag1,BOL,Bolivia,2022,,elastic_net_alpha_1_l1_0.8,0.02760032,-2.037609527854646,2.065209847854646,2.065209847854646,0.02760032
robust_main_per_million_lag1,Per-million target with common-sample lag1 predictors,robustness_target_timing,linear_robustness,alternative_target_common_sample_lag1,env_patents_per_million,lag1,BRA,Brazil,2022,,elastic_net_alpha_1_l1_0.8,0.3177903,6.20612117160371,-5.88833087160371,5.88833087160371,0.3177903
robust_main_per_million_lag1,Per-million target with common-sample lag1 predictors,robustness_target_timing,linear_robustness,alternative_target_common_sample_lag1,env_patents_per_million,lag1,BTN,Bhutan,2022,,elastic_net_alpha_1_l1_0.8,0.6425373,4.117192795045918,-3.4746554950459183,3.4746554950459183,0.6425373
robust_main_per_million_lag1,Per-million target with common-sample lag1 predictors,robustness_target_timing,linear_robustness,alternative_target_common_sample_lag1,env_patents_per_million,lag1,CAN,Canada,2022,,elastic_net_alpha_1_l1_0.8,13.7517,16.973948218672795,-3.222248218672796,3.222248218672796,13.7517
robust_main_per_million_lag1,Per-million target with common-sample lag1 predictors,robustness_target_timing,linear_robustness,alternative_target_common_sample_lag1,env_patents_per_million,lag1,CHE,Switzerland,2022,,elastic_net_alpha_1_l1_0.8,21.33745,15.602146639904383,5.735303360095617,5.735303360095617,21.33745
robust_main_per_million_lag1,Per-million target with common-sample lag1 predictors,robustness_target_timing,linear_robustness,alternative_target_common_sample_lag1,env_patents_per_million,lag1,CHL,Chile,2022,,elastic_net_alpha_1_l1_0.8,0.7415728,9.91462091919724,-9.17304811919724,9.17304811919724,0.7415728
robust_main_per_million_lag1,Per-million target with common-sample lag1 predictors,robustness_target_timing,linear_robustness,alternative_target_common_sample_lag1,env_patents_per_million,lag1,CHN,China,2022,,elastic_net_alpha_1_l1_0.8,11.9623,31.035972726392444,-19.073672726392445,19.073672726392445,11.9623
robust_main_per_million_lag1,Per-million target with common-sample lag1 predictors,robustness_target_timing,linear_robustness,alternative_target_common_sample_lag1,env_patents_per_million,lag1,CIV,Cote d'Ivoire,2022,,elastic_net_alpha_1_l1_0.8,0.01645007,2.6705550909918996,-2.6541050209918997,2.6541050209918997,0.01645007
robust_main_per_million_lag1,Per-million target with common-sample lag1 predictors,robustness_target_timing,linear_robustness,alternative_target_common_sample_lag1,env_patents_per_million,lag1,CMR,Cameroon,2022,,elastic_net_alpha_1_l1_0.8,0.03015743,-0.3613583958944302,0.3915158258944302,0.3915158258944302,0.03015743
robust_main_per_million_lag1,Per-million target with common-sample lag1 predictors,robustness_target_timing,linear_robustness,alternative_target_common_sample_lag1,env_patents_per_million,lag1,COL,Colombia,2022,,elastic_net_alpha_1_l1_0.8,0.4477694,6.131724400675669,-5.6839550006756685,5.6839550006756685,0.4477694
robust_main_per_million_lag1,Per-million target with common-sample lag1 predictors,robustness_target_timing,linear_robustness,alternative_target_common_sample_lag1,env_patents_per_million,lag1,CPV,Cabo Verde,2022,,elastic_net_alpha_1_l1_0.8,1.924035,4.711784910829667,-2.7877499108296675,2.7877499108296675,1.924035
robust_main_per_million_lag1,Per-million target with common-sample lag1 predictors,robustness_target_timing,linear_robustness,alternative_target_common_sample_lag1,env_patents_per_million,lag1,CRI,Costa Rica,2022,,elastic_net_alpha_1_l1_0.8,0.393564,7.624504026916783,-7.230940026916784,7.230940026916784,0.393564
robust_main_per_million_lag1,Per-million target with common-sample lag1 predictors,robustness_target_timing,linear_robustness,alternative_target_common_sample_lag1,env_patents_per_million,lag1,CYP,Cyprus,2022,,elastic_net_alpha_1_l1_0.8,8.512535,9.488123668178343,-0.975588668178343,0.975588668178343,8.512535
robust_main_per_million_lag1,Per-million target with common-sample lag1 predictors,robustness_target_timing,linear_robustness,alternative_target_common_sample_lag1,env_patents_per_million,lag1,CZE,Czechia,2022,,elastic_net_alpha_1_l1_0.8,5.288941,12.410051861339813,-7.121110861339813,7.121110861339813,5.288941
robust_main_per_million_lag1,Per-million target with common-sample lag1 predictors,robustness_target_timing,linear_robustness,alternative_target_common_sample_lag1,env_patents_per_million,lag1,DEU,Germany,2022,,elastic_net_alpha_1_l1_0.8,27.84387,18.64850619284847,9.19536380715153,9.19536380715153,27.84387
robust_main_per_million_lag1,Per-million target with common-sample lag1 predictors,robustness_target_timing,linear_robustness,alternative_target_common_sample_lag1,env_patents_per_million,lag1,DNK,Denmark,2022,,elastic_net_alpha_1_l1_0.8,59.43402,16.590746886354207,42.84327311364579,42.84327311364579,59.43402
robust_main_per_million_lag1,Per-million target with common-sample lag1 predictors,robustness_target_timing,linear_robustness,alternative_target_common_sample_lag1,env_patents_per_million,lag1,DZA,Algeria,2022,,elastic_net_alpha_1_l1_0.8,0.02748619,-0.8402725558498956,0.8677587458498955,0.8677587458498955,0.02748619
robust_main_per_million_lag1,Per-million target with common-sample lag1 predictors,robustness_target_timing,linear_robustness,alternative_target_common_sample_lag1,env_patents_per_million,lag1,ECU,Ecuador,2022,,elastic_net_alpha_1_l1_0.8,0.07013056,1.3239739914098356,-1.2538434314098357,1.2538434314098357,0.07013056
robust_main_per_million_lag1,Per-million target with common-sample lag1 predictors,robustness_target_timing,linear_robustness,alternative_target_common_sample_lag1,env_patents_per_million,lag1,EGY,"Egypt, Arab Rep.",2022,,elastic_net_alpha_1_l1_0.8,0.06733663,1.8395567435773872,-1.7722201135773872,1.7722201135773872,0.06733663
robust_main_per_million_lag1,Per-million target with common-sample lag1 predictors,robustness_target_timing,linear_robustness,alternative_target_common_sample_lag1,env_patents_per_million,lag1,ESP,Spain,2022,,elastic_net_alpha_1_l1_0.8,4.989599,12.151493394160042,-7.161894394160042,7.161894394160042,4.989599
robust_main_per_million_lag1,Per-million target with common-sample lag1 predictors,robustness_target_timing,linear_robustness,alternative_target_common_sample_lag1,env_patents_per_million,lag1,EST,Estonia,2022,,elastic_net_alpha_1_l1_0.8,1.481382,13.828367416972894,-12.346985416972894,12.346985416972894,1.481382
robust_main_per_million_lag1,Per-million target with common-sample lag1 predictors,robustness_target_timing,linear_robustness,alternative_target_common_sample_lag1,env_patents_per_million,lag1,ETH,Ethiopia,2022,,elastic_net_alpha_1_l1_0.8,0.007975481,0.037918288534992683,-0.029942807534992684,0.029942807534992684,0.007975481
robust_main_per_million_lag1,Per-million target with common-sample lag1 predictors,robustness_target_timing,linear_robustness,alternative_target_common_sample_lag1,env_patents_per_million,lag1,FIN,Finland,2022,,elastic_net_alpha_1_l1_0.8,26.22113,16.629060671983996,9.592069328016002,9.592069328016002,26.22113
robust_main_per_million_lag1,Per-million target with common-sample lag1 predictors,robustness_target_timing,linear_robustness,alternative_target_common_sample_lag1,env_patents_per_million,lag1,FRA,France,2022,,elastic_net_alpha_1_l1_0.8,11.75568,14.832227768580033,-3.076547768580033,3.076547768580033,11.75568
robust_main_per_million_lag1,Per-million target with common-sample lag1 predictors,robustness_target_timing,linear_robustness,alternative_target_common_sample_lag1,env_patents_per_million,lag1,FRO,Faroe Islands,2022,,elastic_net_alpha_1_l1_0.8,9.257374,5.870869995024322,3.386504004975678,3.386504004975678,9.257374
robust_main_per_million_lag1,Per-million target with common-sample lag1 predictors,robustness_target_timing,linear_robustness,alternative_target_common_sample_lag1,env_patents_per_million,lag1,GBR,United Kingdom,2022,,elastic_net_alpha_1_l1_0.8,11.50585,17.914591714475566,-6.408741714475566,6.408741714475566,11.50585
robust_main_per_million_lag1,Per-million target with common-sample lag1 predictors,robustness_target_timing,linear_robustness,alternative_target_common_sample_lag1,env_patents_per_million,lag1,GHA,Ghana,2022,,elastic_net_alpha_1_l1_0.8,0.05027781,3.3167138264661853,-3.2664360164661854,3.2664360164661854,0.05027781
robust_main_per_million_lag1,Per-million target with common-sample lag1 predictors,robustness_target_timing,linear_robustness,alternative_target_common_sample_lag1,env_patents_per_million,lag1,GRC,Greece,2022,,elastic_net_alpha_1_l1_0.8,1.759107,7.280016873522054,-5.520909873522053,5.520909873522053,1.759107
robust_main_per_million_lag1,Per-million target with common-sample lag1 predictors,robustness_target_timing,linear_robustness,alternative_target_common_sample_lag1,env_patents_per_million,lag1,GTM,Guatemala,2022,,elastic_net_alpha_1_l1_0.8,0.05602907,2.1454328307163255,-2.0894037607163254,2.0894037607163254,0.05602907
robust_main_per_million_lag1,Per-million target with common-sample lag1 predictors,robustness_target_timing,linear_robustness,alternative_target_common_sample_lag1,env_patents_per_million,lag1,HKG,"Hong Kong SAR, China",2022,,elastic_net_alpha_1_l1_0.8,4.79959,14.7657548727721,-9.966164872772099,9.966164872772099,4.79959
robust_main_per_million_lag1,Per-million target with common-sample lag1 predictors,robustness_target_timing,linear_robustness,alternative_target_common_sample_lag1,env_patents_per_million,lag1,HRV,Croatia,2022,,elastic_net_alpha_1_l1_0.8,1.109113,6.590332942548179,-5.481219942548179,5.481219942548179,1.109113
robust_main_per_million_lag1,Per-million target with common-sample lag1 predictors,robustness_target_timing,linear_robustness,alternative_target_common_sample_lag1,env_patents_per_million,lag1,HUN,Hungary,2022,,elastic_net_alpha_1_l1_0.8,1.910307,7.135009733787907,-5.2247027337879075,5.2247027337879075,1.910307
robust_main_per_million_lag1,Per-million target with common-sample lag1 predictors,robustness_target_timing,linear_robustness,alternative_target_common_sample_lag1,env_patents_per_million,lag1,IDN,Indonesia,2022,,elastic_net_alpha_1_l1_0.8,0.02761534,7.828520352095423,-7.8009050120954235,7.8009050120954235,0.02761534
robust_main_per_million_lag1,Per-million target with common-sample lag1 predictors,robustness_target_timing,linear_robustness,alternative_target_common_sample_lag1,env_patents_per_million,lag1,IND,India,2022,,elastic_net_alpha_1_l1_0.8,0.3430911,9.101083264870063,-8.757992164870062,8.757992164870062,0.3430911
robust_main_per_million_lag1,Per-million target with common-sample lag1 predictors,robustness_target_timing,linear_robustness,alternative_target_common_sample_lag1,env_patents_per_million,lag1,IRL,Ireland,2022,,elastic_net_alpha_1_l1_0.8,6.846032,14.435359362704512,-7.589327362704512,7.589327362704512,6.846032
robust_main_per_million_lag1,Per-million target with common-sample lag1 predictors,robustness_target_timing,linear_robustness,alternative_target_common_sample_lag1,env_patents_per_million,lag1,IRN,"Iran, Islamic Rep.",2022,,elastic_net_alpha_1_l1_0.8,0.1578716,-1.5869261660285607,1.7447977660285607,1.7447977660285607,0.1578716
robust_main_per_million_lag1,Per-million target with common-sample lag1 predictors,robustness_target_timing,linear_robustness,alternative_target_common_sample_lag1,env_patents_per_million,lag1,IRQ,Iraq,2022,,elastic_net_alpha_1_l1_0.8,0.004538178,-1.799411355664728,1.803949533664728,1.803949533664728,0.004538178
robust_main_per_million_lag1,Per-million target with common-sample lag1 predictors,robustness_target_timing,linear_robustness,alternative_target_common_sample_lag1,env_patents_per_million,lag1,ISL,Iceland,2022,,elastic_net_alpha_1_l1_0.8,6.134604,14.133148483265625,-7.998544483265625,7.998544483265625,6.134604
robust_main_per_million_lag1,Per-million target with common-sample lag1 predictors,robustness_target_timing,linear_robustness,alternative_target_common_sample_lag1,env_patents_per_million,lag1,ISR,Israel,2022,,elastic_net_alpha_1_l1_0.8,16.59682,11.933469691866662,4.663350308133339,4.663350308133339,16.59682
robust_main_per_million_lag1,Per-million target with common-sample lag1 predictors,robustness_target_timing,linear_robustness,alternative_target_common_sample_lag1,env_patents_per_million,lag1,ITA,Italy,2022,,elastic_net_alpha_1_l1_0.8,7.585561,11.04689050026234,-3.461329500262339,3.461329500262339,7.585561
robust_main_per_million_lag1,Per-million target with common-sample lag1 predictors,robustness_target_timing,linear_robustness,alternative_target_common_sample_lag1,env_patents_per_million,lag1,JOR,Jordan,2022,,elastic_net_alpha_1_l1_0.8,0.207292,5.5938974528056225,-5.386605452805623,5.386605452805623,0.207292
robust_main_per_million_lag1,Per-million target with common-sample lag1 predictors,robustness_target_timing,linear_robustness,alternative_target_common_sample_lag1,env_patents_per_million,lag1,JPN,Japan,2022,,elastic_net_alpha_1_l1_0.8,57.99286,17.56692777831034,40.42593222168966,40.42593222168966,57.99286
robust_main_per_million_lag1,Per-million target with common-sample lag1 predictors,robustness_target_timing,linear_robustness,alternative_target_common_sample_lag1,env_patents_per_million,lag1,KAZ,Kazakhstan,2022,,elastic_net_alpha_1_l1_0.8,0.03743522,5.20052585403589,-5.16309063403589,5.16309063403589,0.03743522
robust_main_per_million_lag1,Per-million target with common-sample lag1 predictors,robustness_target_timing,linear_robustness,alternative_target_common_sample_lag1,env_patents_per_million,lag1,KOR,"Korea, Rep.",2022,,elastic_net_alpha_1_l1_0.8,124.5928,13.379593410768724,111.21320658923128,111.21320658923128,124.5928
robust_main_per_million_lag1,Per-million target with common-sample lag1 predictors,robustness_target_timing,linear_robustness,alternative_target_common_sample_lag1,env_patents_per_million,lag1,KWT,Kuwait,2022,,elastic_net_alpha_1_l1_0.8,0.2178881,6.561426547576422,-6.343538447576423,6.343538447576423,0.2178881
robust_main_per_million_lag1,Per-million target with common-sample lag1 predictors,robustness_target_timing,linear_robustness,alternative_target_common_sample_lag1,env_patents_per_million,lag1,LBN,Lebanon,2022,,elastic_net_alpha_1_l1_0.8,0.5947729,-0.23052486016024343,0.8252977601602435,0.8252977601602435,0.5947729
robust_main_per_million_lag1,Per-million target with common-sample lag1 predictors,robustness_target_timing,linear_robustness,alternative_target_common_sample_lag1,env_patents_per_million,lag1,LKA,Sri Lanka,2022,,elastic_net_alpha_1_l1_0.8,0.03649374,3.4870865002798173,-3.450592760279817,3.450592760279817,0.03649374
robust_main_per_million_lag1,Per-million target with common-sample lag1 predictors,robustness_target_timing,linear_robustness,alternative_target_common_sample_lag1,env_patents_per_million,lag1,LTU,Lithuania,2022,,elastic_net_alpha_1_l1_0.8,0.5324967,11.379043165095386,-10.846546465095386,10.846546465095386,0.5324967
robust_main_per_million_lag1,Per-million target with common-sample lag1 predictors,robustness_target_timing,linear_robustness,alternative_target_common_sample_lag1,env_patents_per_million,lag1,LUX,Luxembourg,2022,,elastic_net_alpha_1_l1_0.8,23.98034,15.718192345710435,8.262147654289567,8.262147654289567,23.98034
robust_main_per_million_lag1,Per-million target with common-sample lag1 predictors,robustness_target_timing,linear_robustness,alternative_target_common_sample_lag1,env_patents_per_million,lag1,LVA,Latvia,2022,,elastic_net_alpha_1_l1_0.8,4.319366,10.886480472847147,-6.567114472847147,6.567114472847147,4.319366
robust_main_per_million_lag1,Per-million target with common-sample lag1 predictors,robustness_target_timing,linear_robustness,alternative_target_common_sample_lag1,env_patents_per_million,lag1,MAC,"Macao SAR, China",2022,,elastic_net_alpha_1_l1_0.8,0.4732455,12.72762830994835,-12.25438280994835,12.25438280994835,0.4732455
robust_main_per_million_lag1,Per-million target with common-sample lag1 predictors,robustness_target_timing,linear_robustness,alternative_target_common_sample_lag1,env_patents_per_million,lag1,MAR,Morocco,2022,,elastic_net_alpha_1_l1_0.8,0.2544934,4.179856522480436,-3.925363122480436,3.925363122480436,0.2544934
robust_main_per_million_lag1,Per-million target with common-sample lag1 predictors,robustness_target_timing,linear_robustness,alternative_target_common_sample_lag1,env_patents_per_million,lag1,MEX,Mexico,2022,,elastic_net_alpha_1_l1_0.8,0.3129541,4.481881637847993,-4.168927537847993,4.168927537847993,0.3129541
robust_main_per_million_lag1,Per-million target with common-sample lag1 predictors,robustness_target_timing,linear_robustness,alternative_target_common_sample_lag1,env_patents_per_million,lag1,MKD,North Macedonia,2022,,elastic_net_alpha_1_l1_0.8,0.1358524,5.7962750304308965,-5.660422630430896,5.660422630430896,0.1358524
robust_main_per_million_lag1,Per-million target with common-sample lag1 predictors,robustness_target_timing,linear_robustness,alternative_target_common_sample_lag1,env_patents_per_million,lag1,MLT,Malta,2022,,elastic_net_alpha_1_l1_0.8,2.839876,8.60357203373395,-5.76369603373395,5.76369603373395,2.839876
robust_main_per_million_lag1,Per-million target with common-sample lag1 predictors,robustness_target_timing,linear_robustness,alternative_target_common_sample_lag1,env_patents_per_million,lag1,MYS,Malaysia,2022,,elastic_net_alpha_1_l1_0.8,0.5903745,9.68678598723891,-9.09641148723891,9.09641148723891,0.5903745
robust_main_per_million_lag1,Per-million target with common-sample lag1 predictors,robustness_target_timing,linear_robustness,alternative_target_common_sample_lag1,env_patents_per_million,lag1,NER,Niger,2022,,elastic_net_alpha_1_l1_0.8,0.0197535,0.28310637185586884,-0.26335287185586886,0.26335287185586886,0.0197535
robust_main_per_million_lag1,Per-million target with common-sample lag1 predictors,robustness_target_timing,linear_robustness,alternative_target_common_sample_lag1,env_patents_per_million,lag1,NLD,Netherlands,2022,,elastic_net_alpha_1_l1_0.8,16.83011,16.483119858990854,0.3469901410091474,0.3469901410091474,16.83011
robust_main_per_million_lag1,Per-million target with common-sample lag1 predictors,robustness_target_timing,linear_robustness,alternative_target_common_sample_lag1,env_patents_per_million,lag1,NOR,Norway,2022,,elastic_net_alpha_1_l1_0.8,22.06726,14.74864188299373,7.31861811700627,7.31861811700627,22.06726
robust_main_per_million_lag1,Per-million target with common-sample lag1 predictors,robustness_target_timing,linear_robustness,alternative_target_common_sample_lag1,env_patents_per_million,lag1,NPL,Nepal,2022,,elastic_net_alpha_1_l1_0.8,0.03365254,0.6880475095995813,-0.6543949695995813,0.6543949695995813,0.03365254
robust_main_per_million_lag1,Per-million target with common-sample lag1 predictors,robustness_target_timing,linear_robustness,alternative_target_common_sample_lag1,env_patents_per_million,lag1,NZL,New Zealand,2022,,elastic_net_alpha_1_l1_0.8,6.49553,15.623079415774452,-9.127549415774453,9.127549415774453,6.49553
robust_main_per_million_lag1,Per-million target with common-sample lag1 predictors,robustness_target_timing,linear_robustness,alternative_target_common_sample_lag1,env_patents_per_million,lag1,OMN,Oman,2022,,elastic_net_alpha_1_l1_0.8,0.4228128,7.862610636006764,-7.439797836006764,7.439797836006764,0.4228128
robust_main_per_million_lag1,Per-million target with common-sample lag1 predictors,robustness_target_timing,linear_robustness,alternative_target_common_sample_lag1,env_patents_per_million,lag1,PAK,Pakistan,2022,,elastic_net_alpha_1_l1_0.8,0.01880722,1.2415228899084,-1.2227156699084,1.2227156699084,0.01880722
robust_main_per_million_lag1,Per-million target with common-sample lag1 predictors,robustness_target_timing,linear_robustness,alternative_target_common_sample_lag1,env_patents_per_million,lag1,PAN,Panama,2022,,elastic_net_alpha_1_l1_0.8,0.1022548,5.652892217865308,-5.550637417865308,5.550637417865308,0.1022548
robust_main_per_million_lag1,Per-million target with common-sample lag1 predictors,robustness_target_timing,linear_robustness,alternative_target_common_sample_lag1,env_patents_per_million,lag1,PER,Peru,2022,,elastic_net_alpha_1_l1_0.8,0.02987265,5.0527476790934465,-5.022875029093447,5.022875029093447,0.02987265
robust_main_per_million_lag1,Per-million target with common-sample lag1 predictors,robustness_target_timing,linear_robustness,alternative_target_common_sample_lag1,env_patents_per_million,lag1,PHL,Philippines,2022,,elastic_net_alpha_1_l1_0.8,0.06171521,4.698832824298013,-4.637117614298013,4.637117614298013,0.06171521
robust_main_per_million_lag1,Per-million target with common-sample lag1 predictors,robustness_target_timing,linear_robustness,alternative_target_common_sample_lag1,env_patents_per_million,lag1,POL,Poland,2022,,elastic_net_alpha_1_l1_0.8,1.96731,9.917885042244288,-7.950575042244289,7.950575042244289,1.96731
robust_main_per_million_lag1,Per-million target with common-sample lag1 predictors,robustness_target_timing,linear_robustness,alternative_target_common_sample_lag1,env_patents_per_million,lag1,PRI,Puerto Rico (US),2022,,elastic_net_alpha_1_l1_0.8,0.4628247,9.02250450686677,-8.55967980686677,8.55967980686677,0.4628247
robust_main_per_million_lag1,Per-million target with common-sample lag1 predictors,robustness_target_timing,linear_robustness,alternative_target_common_sample_lag1,env_patents_per_million,lag1,PRT,Portugal,2022,,elastic_net_alpha_1_l1_0.8,2.927886,9.367887381870514,-6.4400013818705135,6.4400013818705135,2.927886
robust_main_per_million_lag1,Per-million target with common-sample lag1 predictors,robustness_target_timing,linear_robustness,alternative_target_common_sample_lag1,env_patents_per_million,lag1,QAT,Qatar,2022,,elastic_net_alpha_1_l1_0.8,0.6914542,11.870658539117688,-11.179204339117687,11.179204339117687,0.6914542
robust_main_per_million_lag1,Per-million target with common-sample lag1 predictors,robustness_target_timing,linear_robustness,alternative_target_common_sample_lag1,env_patents_per_million,lag1,ROU,Romania,2022,,elastic_net_alpha_1_l1_0.8,0.5739099,6.704323162599778,-6.130413262599777,6.130413262599777,0.5739099
robust_main_per_million_lag1,Per-million target with common-sample lag1 predictors,robustness_target_timing,linear_robustness,alternative_target_common_sample_lag1,env_patents_per_million,lag1,RUS,Russian Federation,2022,,elastic_net_alpha_1_l1_0.8,0.4453454,6.045152159613955,-5.599806759613955,5.599806759613955,0.4453454
robust_main_per_million_lag1,Per-million target with common-sample lag1 predictors,robustness_target_timing,linear_robustness,alternative_target_common_sample_lag1,env_patents_per_million,lag1,SAU,Saudi Arabia,2022,,elastic_net_alpha_1_l1_0.8,1.911401,8.447545089039032,-6.536144089039032,6.536144089039032,1.911401
robust_main_per_million_lag1,Per-million target with common-sample lag1 predictors,robustness_target_timing,linear_robustness,alternative_target_common_sample_lag1,env_patents_per_million,lag1,SGP,Singapore,2022,,elastic_net_alpha_1_l1_0.8,16.19797,17.591153351826176,-1.393183351826174,1.393183351826174,16.19797
robust_main_per_million_lag1,Per-million target with common-sample lag1 predictors,robustness_target_timing,linear_robustness,alternative_target_common_sample_lag1,env_patents_per_million,lag1,SMR,San Marino,2022,,elastic_net_alpha_1_l1_0.8,29.33412,9.5279919399004,19.8061280600996,19.8061280600996,29.33412
robust_main_per_million_lag1,Per-million target with common-sample lag1 predictors,robustness_target_timing,linear_robustness,alternative_target_common_sample_lag1,env_patents_per_million,lag1,SRB,Serbia,2022,,elastic_net_alpha_1_l1_0.8,0.6380794,5.002836023641024,-4.364756623641024,4.364756623641024,0.6380794
robust_main_per_million_lag1,Per-million target with common-sample lag1 predictors,robustness_target_timing,linear_robustness,alternative_target_common_sample_lag1,env_patents_per_million,lag1,SVK,Slovak Republic,2022,,elastic_net_alpha_1_l1_0.8,1.796634,9.089235971248808,-7.292601971248808,7.292601971248808,1.796634
robust_main_per_million_lag1,Per-million target with common-sample lag1 predictors,robustness_target_timing,linear_robustness,alternative_target_common_sample_lag1,env_patents_per_million,lag1,SVN,Slovenia,2022,,elastic_net_alpha_1_l1_0.8,5.870131,9.530711987542357,-3.6605809875423576,3.6605809875423576,5.870131
robust_main_per_million_lag1,Per-million target with common-sample lag1 predictors,robustness_target_timing,linear_robustness,alternative_target_common_sample_lag1,env_patents_per_million,lag1,SWE,Sweden,2022,,elastic_net_alpha_1_l1_0.8,38.35736,14.965682425111702,23.3916775748883,23.3916775748883,38.35736
robust_main_per_million_lag1,Per-million target with common-sample lag1 predictors,robustness_target_timing,linear_robustness,alternative_target_common_sample_lag1,env_patents_per_million,lag1,SYR,Syrian Arab Republic,2022,,elastic_net_alpha_1_l1_0.8,0.04822923,-5.7264407955575605,5.77467002555756,5.77467002555756,0.04822923
robust_main_per_million_lag1,Per-million target with common-sample lag1 predictors,robustness_target_timing,linear_robustness,alternative_target_common_sample_lag1,env_patents_per_million,lag1,THA,Thailand,2022,,elastic_net_alpha_1_l1_0.8,0.1091977,5.680612595813196,-5.571414895813196,5.571414895813196,0.1091977
robust_main_per_million_lag1,Per-million target with common-sample lag1 predictors,robustness_target_timing,linear_robustness,alternative_target_common_sample_lag1,env_patents_per_million,lag1,TKM,Turkmenistan,2022,,elastic_net_alpha_1_l1_0.8,0.2766178,-4.806977347635194,5.083595147635195,5.083595147635195,0.2766178
robust_main_per_million_lag1,Per-million target with common-sample lag1 predictors,robustness_target_timing,linear_robustness,alternative_target_common_sample_lag1,env_patents_per_million,lag1,TUN,Tunisia,2022,,elastic_net_alpha_1_l1_0.8,0.04125639,3.4056965392691527,-3.3644401492691527,3.3644401492691527,0.04125639
robust_main_per_million_lag1,Per-million target with common-sample lag1 predictors,robustness_target_timing,linear_robustness,alternative_target_common_sample_lag1,env_patents_per_million,lag1,TUR,Turkiye,2022,,elastic_net_alpha_1_l1_0.8,1.527135,5.568102507763907,-4.040967507763908,4.040967507763908,1.527135
robust_main_per_million_lag1,Per-million target with common-sample lag1 predictors,robustness_target_timing,linear_robustness,alternative_target_common_sample_lag1,env_patents_per_million,lag1,UKR,Ukraine,2022,,elastic_net_alpha_1_l1_0.8,0.2212815,2.861565984490815,-2.640284484490815,2.640284484490815,0.2212815
robust_main_per_million_lag1,Per-million target with common-sample lag1 predictors,robustness_target_timing,linear_robustness,alternative_target_common_sample_lag1,env_patents_per_million,lag1,URY,Uruguay,2022,,elastic_net_alpha_1_l1_0.8,0.7372646,8.675395668825125,-7.938131068825125,7.938131068825125,0.7372646
robust_main_per_million_lag1,Per-million target with common-sample lag1 predictors,robustness_target_timing,linear_robustness,alternative_target_common_sample_lag1,env_patents_per_million,lag1,USA,United States,2022,,elastic_net_alpha_1_l1_0.8,16.7714,34.92685426623943,-18.15545426623943,18.15545426623943,16.7714
robust_main_per_million_lag1,Per-million target with common-sample lag1 predictors,robustness_target_timing,linear_robustness,alternative_target_common_sample_lag1,env_patents_per_million,lag1,UZB,Uzbekistan,2022,,elastic_net_alpha_1_l1_0.8,0.01431067,0.6048057573149128,-0.5904950873149128,0.5904950873149128,0.01431067
robust_main_per_million_lag1,Per-million target with common-sample lag1 predictors,robustness_target_timing,linear_robustness,alternative_target_common_sample_lag1,env_patents_per_million,lag1,VEN,"Venezuela, RB",2022,,elastic_net_alpha_1_l1_0.8,0.05907439,-7.548696850251869,7.60777124025187,7.60777124025187,0.05907439
robust_main_per_million_lag1,Per-million target with common-sample lag1 predictors,robustness_target_timing,linear_robustness,alternative_target_common_sample_lag1,env_patents_per_million,lag1,VNM,Viet Nam,2022,,elastic_net_alpha_1_l1_0.8,0.1123588,2.8625445844536737,-2.7501857844536737,2.7501857844536737,0.1123588
robust_main_per_million_lag1,Per-million target with common-sample lag1 predictors,robustness_target_timing,linear_robustness,alternative_target_common_sample_lag1,env_patents_per_million,lag1,ZAF,South Africa,2022,,elastic_net_alpha_1_l1_0.8,0.355358,5.330214011880015,-4.974856011880015,4.974856011880015,0.355358
robust_main_per_million_lag1,Per-million target with common-sample lag1 predictors,robustness_target_timing,linear_robustness,alternative_target_common_sample_lag1,env_patents_per_million,lag1,ZWE,Zimbabwe,2022,,elastic_net_alpha_1_l1_0.8,0.0207438,-3.2985056901277305,3.3192494901277305,3.3192494901277305,0.0207438
robust_main_per_million_lag1,Per-million target with common-sample lag1 predictors,robustness_target_timing,linear_robustness,alternative_target_common_sample_lag1,env_patents_per_million,lag1,ALB,Albania,2023,,elastic_net_alpha_1_l1_0.8,0.1185541,4.467109882935016,-4.3485557829350165,4.3485557829350165,0.1185541
robust_main_per_million_lag1,Per-million target with common-sample lag1 predictors,robustness_target_timing,linear_robustness,alternative_target_common_sample_lag1,env_patents_per_million,lag1,ARE,United Arab Emirates,2023,,elastic_net_alpha_1_l1_0.8,1.303003,11.77510915466247,-10.47210615466247,10.47210615466247,1.303003
robust_main_per_million_lag1,Per-million target with common-sample lag1 predictors,robustness_target_timing,linear_robustness,alternative_target_common_sample_lag1,env_patents_per_million,lag1,ARG,Argentina,2023,,elastic_net_alpha_1_l1_0.8,0.1262671,1.679713463271371,-1.553446363271371,1.553446363271371,0.1262671
robust_main_per_million_lag1,Per-million target with common-sample lag1 predictors,robustness_target_timing,linear_robustness,alternative_target_common_sample_lag1,env_patents_per_million,lag1,ARM,Armenia,2023,,elastic_net_alpha_1_l1_0.8,0.8493599,4.880883476873022,-4.031523576873022,4.031523576873022,0.8493599
robust_main_per_million_lag1,Per-million target with common-sample lag1 predictors,robustness_target_timing,linear_robustness,alternative_target_common_sample_lag1,env_patents_per_million,lag1,ATG,Antigua and Barbuda,2023,,elastic_net_alpha_1_l1_0.8,5.358138,7.139183080220809,-1.7810450802208084,1.7810450802208084,5.358138
robust_main_per_million_lag1,Per-million target with common-sample lag1 predictors,robustness_target_timing,linear_robustness,alternative_target_common_sample_lag1,env_patents_per_million,lag1,AUS,Australia,2023,,elastic_net_alpha_1_l1_0.8,7.552294,17.69986663644626,-10.14757263644626,10.14757263644626,7.552294
robust_main_per_million_lag1,Per-million target with common-sample lag1 predictors,robustness_target_timing,linear_robustness,alternative_target_common_sample_lag1,env_patents_per_million,lag1,AUT,Austria,2023,,elastic_net_alpha_1_l1_0.8,22.74529,13.262735048885405,9.482554951114595,9.482554951114595,22.74529
robust_main_per_million_lag1,Per-million target with common-sample lag1 predictors,robustness_target_timing,linear_robustness,alternative_target_common_sample_lag1,env_patents_per_million,lag1,AZE,Azerbaijan,2023,,elastic_net_alpha_1_l1_0.8,0.2907482,4.186534133493163,-3.8957859334931633,3.8957859334931633,0.2907482
robust_main_per_million_lag1,Per-million target with common-sample lag1 predictors,robustness_target_timing,linear_robustness,alternative_target_common_sample_lag1,env_patents_per_million,lag1,BEL,Belgium,2023,,elastic_net_alpha_1_l1_0.8,15.27377,13.461969278182114,1.811800721817887,1.811800721817887,15.27377
robust_main_per_million_lag1,Per-million target with common-sample lag1 predictors,robustness_target_timing,linear_robustness,alternative_target_common_sample_lag1,env_patents_per_million,lag1,BFA,Burkina Faso,2023,,elastic_net_alpha_1_l1_0.8,0.0217148,1.4347297562496255,-1.4130149562496255,1.4130149562496255,0.0217148
robust_main_per_million_lag1,Per-million target with common-sample lag1 predictors,robustness_target_timing,linear_robustness,alternative_target_common_sample_lag1,env_patents_per_million,lag1,BGD,Bangladesh,2023,,elastic_net_alpha_1_l1_0.8,0.002916013,-0.6936135227637665,0.6965295357637665,0.6965295357637665,0.002916013
robust_main_per_million_lag1,Per-million target with common-sample lag1 predictors,robustness_target_timing,linear_robustness,alternative_target_common_sample_lag1,env_patents_per_million,lag1,BGR,Bulgaria,2023,,elastic_net_alpha_1_l1_0.8,0.7651781,6.256592367558592,-5.491414267558592,5.491414267558592,0.7651781
robust_main_per_million_lag1,Per-million target with common-sample lag1 predictors,robustness_target_timing,linear_robustness,alternative_target_common_sample_lag1,env_patents_per_million,lag1,BHS,"Bahamas, The",2023,,elastic_net_alpha_1_l1_0.8,2.503505,4.079117204228391,-1.5756122042283907,1.5756122042283907,2.503505
robust_main_per_million_lag1,Per-million target with common-sample lag1 predictors,robustness_target_timing,linear_robustness,alternative_target_common_sample_lag1,env_patents_per_million,lag1,BOL,Bolivia,2023,,elastic_net_alpha_1_l1_0.8,0.1497313,-2.1479372122456875,2.2976685122456875,2.2976685122456875,0.1497313
robust_main_per_million_lag1,Per-million target with common-sample lag1 predictors,robustness_target_timing,linear_robustness,alternative_target_common_sample_lag1,env_patents_per_million,lag1,BRA,Brazil,2023,,elastic_net_alpha_1_l1_0.8,0.3139296,5.786333449842299,-5.4724038498422996,5.4724038498422996,0.3139296
robust_main_per_million_lag1,Per-million target with common-sample lag1 predictors,robustness_target_timing,linear_robustness,alternative_target_common_sample_lag1,env_patents_per_million,lag1,CAN,Canada,2023,,elastic_net_alpha_1_l1_0.8,9.47053,17.00120567218419,-7.530675672184191,7.530675672184191,9.47053
robust_main_per_million_lag1,Per-million target with common-sample lag1 predictors,robustness_target_timing,linear_robustness,alternative_target_common_sample_lag1,env_patents_per_million,lag1,CHE,Switzerland,2023,,elastic_net_alpha_1_l1_0.8,21.50854,15.583310059573975,5.925229940426025,5.925229940426025,21.50854
robust_main_per_million_lag1,Per-million target with common-sample lag1 predictors,robustness_target_timing,linear_robustness,alternative_target_common_sample_lag1,env_patents_per_million,lag1,CHL,Chile,2023,,elastic_net_alpha_1_l1_0.8,1.220825,9.633251774858069,-8.41242677485807,8.41242677485807,1.220825
robust_main_per_million_lag1,Per-million target with common-sample lag1 predictors,robustness_target_timing,linear_robustness,alternative_target_common_sample_lag1,env_patents_per_million,lag1,CHN,China,2023,,elastic_net_alpha_1_l1_0.8,11.68181,34.137156164796224,-22.455346164796225,22.455346164796225,11.68181
robust_main_per_million_lag1,Per-million target with common-sample lag1 predictors,robustness_target_timing,linear_robustness,alternative_target_common_sample_lag1,env_patents_per_million,lag1,CIV,Cote d'Ivoire,2023,,elastic_net_alpha_1_l1_0.8,0.01069553,3.0963169641213657,-3.0856214341213657,3.0856214341213657,0.01069553
robust_main_per_million_lag1,Per-million target with common-sample lag1 predictors,robustness_target_timing,linear_robustness,alternative_target_common_sample_lag1,env_patents_per_million,lag1,COL,Colombia,2023,,elastic_net_alpha_1_l1_0.8,0.1758371,5.834625371108993,-5.658788271108993,5.658788271108993,0.1758371
robust_main_per_million_lag1,Per-million target with common-sample lag1 predictors,robustness_target_timing,linear_robustness,alternative_target_common_sample_lag1,env_patents_per_million,lag1,CUB,Cuba,2023,,elastic_net_alpha_1_l1_0.8,0.09074467,-2.280789451312514,2.371534121312514,2.371534121312514,0.09074467
robust_main_per_million_lag1,Per-million target with common-sample lag1 predictors,robustness_target_timing,linear_robustness,alternative_target_common_sample_lag1,env_patents_per_million,lag1,CYP,Cyprus,2023,,elastic_net_alpha_1_l1_0.8,12.45375,8.838671411926388,3.6150785880736116,3.6150785880736116,12.45375
robust_main_per_million_lag1,Per-million target with common-sample lag1 predictors,robustness_target_timing,linear_robustness,alternative_target_common_sample_lag1,env_patents_per_million,lag1,CZE,Czechia,2023,,elastic_net_alpha_1_l1_0.8,4.748814,12.863093077922706,-8.114279077922706,8.114279077922706,4.748814
robust_main_per_million_lag1,Per-million target with common-sample lag1 predictors,robustness_target_timing,linear_robustness,alternative_target_common_sample_lag1,env_patents_per_million,lag1,DEU,Germany,2023,,elastic_net_alpha_1_l1_0.8,27.23425,18.25096185566873,8.983288144331269,8.983288144331269,27.23425
robust_main_per_million_lag1,Per-million target with common-sample lag1 predictors,robustness_target_timing,linear_robustness,alternative_target_common_sample_lag1,env_patents_per_million,lag1,DNK,Denmark,2023,,elastic_net_alpha_1_l1_0.8,53.13429,16.709168386445853,36.42512161355415,36.42512161355415,53.13429
robust_main_per_million_lag1,Per-million target with common-sample lag1 predictors,robustness_target_timing,linear_robustness,alternative_target_common_sample_lag1,env_patents_per_million,lag1,DZA,Algeria,2023,,elastic_net_alpha_1_l1_0.8,0.02707725,-0.27294089594599136,0.30001814594599135,0.30001814594599135,0.02707725
robust_main_per_million_lag1,Per-million target with common-sample lag1 predictors,robustness_target_timing,linear_robustness,alternative_target_common_sample_lag1,env_patents_per_million,lag1,EGY,"Egypt, Arab Rep.",2023,,elastic_net_alpha_1_l1_0.8,0.03565116,1.3486537310427194,-1.3130025710427193,1.3130025710427193,0.03565116
robust_main_per_million_lag1,Per-million target with common-sample lag1 predictors,robustness_target_timing,linear_robustness,alternative_target_common_sample_lag1,env_patents_per_million,lag1,ESP,Spain,2023,,elastic_net_alpha_1_l1_0.8,4.387447,11.637854776422992,-7.250407776422993,7.250407776422993,4.387447
robust_main_per_million_lag1,Per-million target with common-sample lag1 predictors,robustness_target_timing,linear_robustness,alternative_target_common_sample_lag1,env_patents_per_million,lag1,EST,Estonia,2023,,elastic_net_alpha_1_l1_0.8,4.022832,13.799587086383255,-9.776755086383254,9.776755086383254,4.022832
robust_main_per_million_lag1,Per-million target with common-sample lag1 predictors,robustness_target_timing,linear_robustness,alternative_target_common_sample_lag1,env_patents_per_million,lag1,ETH,Ethiopia,2023,,elastic_net_alpha_1_l1_0.8,0.01942627,-0.0004676128341447594,0.01989388283414476,0.01989388283414476,0.01942627
robust_main_per_million_lag1,Per-million target with common-sample lag1 predictors,robustness_target_timing,linear_robustness,alternative_target_common_sample_lag1,env_patents_per_million,lag1,FIN,Finland,2023,,elastic_net_alpha_1_l1_0.8,29.23326,16.026888736409955,13.206371263590047,13.206371263590047,29.23326
robust_main_per_million_lag1,Per-million target with common-sample lag1 predictors,robustness_target_timing,linear_robustness,alternative_target_common_sample_lag1,env_patents_per_million,lag1,FRA,France,2023,,elastic_net_alpha_1_l1_0.8,14.2768,14.680423576117878,-0.40362357611787836,0.40362357611787836,14.2768
robust_main_per_million_lag1,Per-million target with common-sample lag1 predictors,robustness_target_timing,linear_robustness,alternative_target_common_sample_lag1,env_patents_per_million,lag1,GBR,United Kingdom,2023,,elastic_net_alpha_1_l1_0.8,10.50891,18.150021401987637,-7.6411114019876365,7.6411114019876365,10.50891
robust_main_per_million_lag1,Per-million target with common-sample lag1 predictors,robustness_target_timing,linear_robustness,alternative_target_common_sample_lag1,env_patents_per_million,lag1,GEO,Georgia,2023,,elastic_net_alpha_1_l1_0.8,0.2626401,8.933714492948237,-8.671074392948237,8.671074392948237,0.2626401
robust_main_per_million_lag1,Per-million target with common-sample lag1 predictors,robustness_target_timing,linear_robustness,alternative_target_common_sample_lag1,env_patents_per_million,lag1,GHA,Ghana,2023,,elastic_net_alpha_1_l1_0.8,0.04439457,3.4778103069072532,-3.433415736907253,3.433415736907253,0.04439457
robust_main_per_million_lag1,Per-million target with common-sample lag1 predictors,robustness_target_timing,linear_robustness,alternative_target_common_sample_lag1,env_patents_per_million,lag1,GRC,Greece,2023,,elastic_net_alpha_1_l1_0.8,1.563684,7.44851370334452,-5.884829703344519,5.884829703344519,1.563684
robust_main_per_million_lag1,Per-million target with common-sample lag1 predictors,robustness_target_timing,linear_robustness,alternative_target_common_sample_lag1,env_patents_per_million,lag1,GTM,Guatemala,2023,,elastic_net_alpha_1_l1_0.8,0.05517291,2.166761049409243,-2.111588139409243,2.111588139409243,0.05517291
robust_main_per_million_lag1,Per-million target with common-sample lag1 predictors,robustness_target_timing,linear_robustness,alternative_target_common_sample_lag1,env_patents_per_million,lag1,HKG,"Hong Kong SAR, China",2023,,elastic_net_alpha_1_l1_0.8,4.724966,14.6143774449601,-9.8894114449601,9.8894114449601,4.724966
robust_main_per_million_lag1,Per-million target with common-sample lag1 predictors,robustness_target_timing,linear_robustness,alternative_target_common_sample_lag1,env_patents_per_million,lag1,HRV,Croatia,2023,,elastic_net_alpha_1_l1_0.8,2.438384,6.407302944169127,-3.9689189441691273,3.9689189441691273,2.438384
robust_main_per_million_lag1,Per-million target with common-sample lag1 predictors,robustness_target_timing,linear_robustness,alternative_target_common_sample_lag1,env_patents_per_million,lag1,HUN,Hungary,2023,,elastic_net_alpha_1_l1_0.8,2.228195,6.484874633555515,-4.256679633555516,4.256679633555516,2.228195
robust_main_per_million_lag1,Per-million target with common-sample lag1 predictors,robustness_target_timing,linear_robustness,alternative_target_common_sample_lag1,env_patents_per_million,lag1,IDN,Indonesia,2023,,elastic_net_alpha_1_l1_0.8,0.0343777,7.337396093697827,-7.303018393697827,7.303018393697827,0.0343777
robust_main_per_million_lag1,Per-million target with common-sample lag1 predictors,robustness_target_timing,linear_robustness,alternative_target_common_sample_lag1,env_patents_per_million,lag1,IND,India,2023,,elastic_net_alpha_1_l1_0.8,0.28602,10.355597443339555,-10.069577443339554,10.069577443339554,0.28602
robust_main_per_million_lag1,Per-million target with common-sample lag1 predictors,robustness_target_timing,linear_robustness,alternative_target_common_sample_lag1,env_patents_per_million,lag1,IRL,Ireland,2023,,elastic_net_alpha_1_l1_0.8,9.458053,15.268932504881349,-5.810879504881349,5.810879504881349,9.458053
robust_main_per_million_lag1,Per-million target with common-sample lag1 predictors,robustness_target_timing,linear_robustness,alternative_target_common_sample_lag1,env_patents_per_million,lag1,IRN,"Iran, Islamic Rep.",2023,,elastic_net_alpha_1_l1_0.8,0.1041107,-1.5630570791155654,1.6671677791155655,1.6671677791155655,0.1041107
robust_main_per_million_lag1,Per-million target with common-sample lag1 predictors,robustness_target_timing,linear_robustness,alternative_target_common_sample_lag1,env_patents_per_million,lag1,IRQ,Iraq,2023,,elastic_net_alpha_1_l1_0.8,0.008874286,-2.061455118215405,2.0703294042154052,2.0703294042154052,0.008874286
robust_main_per_million_lag1,Per-million target with common-sample lag1 predictors,robustness_target_timing,linear_robustness,alternative_target_common_sample_lag1,env_patents_per_million,lag1,ISL,Iceland,2023,,elastic_net_alpha_1_l1_0.8,8.600863,12.956343263385097,-4.355480263385097,4.355480263385097,8.600863
robust_main_per_million_lag1,Per-million target with common-sample lag1 predictors,robustness_target_timing,linear_robustness,alternative_target_common_sample_lag1,env_patents_per_million,lag1,ISR,Israel,2023,,elastic_net_alpha_1_l1_0.8,12.33752,11.655561697472276,0.6819583025277236,0.6819583025277236,12.33752
robust_main_per_million_lag1,Per-million target with common-sample lag1 predictors,robustness_target_timing,linear_robustness,alternative_target_common_sample_lag1,env_patents_per_million,lag1,ITA,Italy,2023,,elastic_net_alpha_1_l1_0.8,6.913516,11.194852441149028,-4.281336441149027,4.281336441149027,6.913516
robust_main_per_million_lag1,Per-million target with common-sample lag1 predictors,robustness_target_timing,linear_robustness,alternative_target_common_sample_lag1,env_patents_per_million,lag1,JOR,Jordan,2023,,elastic_net_alpha_1_l1_0.8,0.1507309,5.744014544998914,-5.593283644998914,5.593283644998914,0.1507309
robust_main_per_million_lag1,Per-million target with common-sample lag1 predictors,robustness_target_timing,linear_robustness,alternative_target_common_sample_lag1,env_patents_per_million,lag1,JPN,Japan,2023,,elastic_net_alpha_1_l1_0.8,42.96649,17.532328936418498,25.434161063581502,25.434161063581502,42.96649
robust_main_per_million_lag1,Per-million target with common-sample lag1 predictors,robustness_target_timing,linear_robustness,alternative_target_common_sample_lag1,env_patents_per_million,lag1,KAZ,Kazakhstan,2023,,elastic_net_alpha_1_l1_0.8,0.02459407,4.768491239794642,-4.743897169794642,4.743897169794642,0.02459407
robust_main_per_million_lag1,Per-million target with common-sample lag1 predictors,robustness_target_timing,linear_robustness,alternative_target_common_sample_lag1,env_patents_per_million,lag1,KEN,Kenya,2023,,elastic_net_alpha_1_l1_0.8,0.01807044,2.131329699167374,-2.113259259167374,2.113259259167374,0.01807044
robust_main_per_million_lag1,Per-million target with common-sample lag1 predictors,robustness_target_timing,linear_robustness,alternative_target_common_sample_lag1,env_patents_per_million,lag1,KOR,"Korea, Rep.",2023,,elastic_net_alpha_1_l1_0.8,147.4819,13.530200690709357,133.95169930929063,133.95169930929063,147.4819
robust_main_per_million_lag1,Per-million target with common-sample lag1 predictors,robustness_target_timing,linear_robustness,alternative_target_common_sample_lag1,env_patents_per_million,lag1,KWT,Kuwait,2023,,elastic_net_alpha_1_l1_0.8,0.06888786,7.009569326732684,-6.940681466732684,6.940681466732684,0.06888786
robust_main_per_million_lag1,Per-million target with common-sample lag1 predictors,robustness_target_timing,linear_robustness,alternative_target_common_sample_lag1,env_patents_per_million,lag1,LAO,Lao PDR,2023,,elastic_net_alpha_1_l1_0.8,0.06523163,-0.25858108832043225,0.32381271832043224,0.32381271832043224,0.06523163
robust_main_per_million_lag1,Per-million target with common-sample lag1 predictors,robustness_target_timing,linear_robustness,alternative_target_common_sample_lag1,env_patents_per_million,lag1,LBN,Lebanon,2023,,elastic_net_alpha_1_l1_0.8,0.8413582,-0.9939647314818787,1.8353229314818786,1.8353229314818786,0.8413582
robust_main_per_million_lag1,Per-million target with common-sample lag1 predictors,robustness_target_timing,linear_robustness,alternative_target_common_sample_lag1,env_patents_per_million,lag1,LKA,Sri Lanka,2023,,elastic_net_alpha_1_l1_0.8,0.1378513,1.7904078892389208,-1.652556589238921,1.652556589238921,0.1378513
robust_main_per_million_lag1,Per-million target with common-sample lag1 predictors,robustness_target_timing,linear_robustness,alternative_target_common_sample_lag1,env_patents_per_million,lag1,LTU,Lithuania,2023,,elastic_net_alpha_1_l1_0.8,1.05112,11.438111808545866,-10.386991808545865,10.386991808545865,1.05112
robust_main_per_million_lag1,Per-million target with common-sample lag1 predictors,robustness_target_timing,linear_robustness,alternative_target_common_sample_lag1,env_patents_per_million,lag1,LUX,Luxembourg,2023,,elastic_net_alpha_1_l1_0.8,16.9148,15.678013508302058,1.2367864916979414,1.2367864916979414,16.9148
robust_main_per_million_lag1,Per-million target with common-sample lag1 predictors,robustness_target_timing,linear_robustness,alternative_target_common_sample_lag1,env_patents_per_million,lag1,LVA,Latvia,2023,,elastic_net_alpha_1_l1_0.8,1.062476,10.0377985435536,-8.9753225435536,8.9753225435536,1.062476
robust_main_per_million_lag1,Per-million target with common-sample lag1 predictors,robustness_target_timing,linear_robustness,alternative_target_common_sample_lag1,env_patents_per_million,lag1,MAR,Morocco,2023,,elastic_net_alpha_1_l1_0.8,0.2307042,4.169532856223293,-3.9388286562232935,3.9388286562232935,0.2307042
robust_main_per_million_lag1,Per-million target with common-sample lag1 predictors,robustness_target_timing,linear_robustness,alternative_target_common_sample_lag1,env_patents_per_million,lag1,MEX,Mexico,2023,,elastic_net_alpha_1_l1_0.8,0.1837011,4.685658569313505,-4.5019574693135045,4.5019574693135045,0.1837011
robust_main_per_million_lag1,Per-million target with common-sample lag1 predictors,robustness_target_timing,linear_robustness,alternative_target_common_sample_lag1,env_patents_per_million,lag1,MKD,North Macedonia,2023,,elastic_net_alpha_1_l1_0.8,0.5459105,5.809264547466034,-5.263354047466034,5.263354047466034,0.5459105
robust_main_per_million_lag1,Per-million target with common-sample lag1 predictors,robustness_target_timing,linear_robustness,alternative_target_common_sample_lag1,env_patents_per_million,lag1,MLT,Malta,2023,,elastic_net_alpha_1_l1_0.8,2.814491,7.716023123883636,-4.901532123883635,4.901532123883635,2.814491
robust_main_per_million_lag1,Per-million target with common-sample lag1 predictors,robustness_target_timing,linear_robustness,alternative_target_common_sample_lag1,env_patents_per_million,lag1,MNE,Montenegro,2023,,elastic_net_alpha_1_l1_0.8,2.367604,6.0301217507243585,-3.6625177507243585,3.6625177507243585,2.367604
robust_main_per_million_lag1,Per-million target with common-sample lag1 predictors,robustness_target_timing,linear_robustness,alternative_target_common_sample_lag1,env_patents_per_million,lag1,MYS,Malaysia,2023,,elastic_net_alpha_1_l1_0.8,0.679453,9.308056892510495,-8.628603892510494,8.628603892510494,0.679453
robust_main_per_million_lag1,Per-million target with common-sample lag1 predictors,robustness_target_timing,linear_robustness,alternative_target_common_sample_lag1,env_patents_per_million,lag1,NAM,Namibia,2023,,elastic_net_alpha_1_l1_0.8,0.1687425,4.812562604583375,-4.643820104583376,4.643820104583376,0.1687425
robust_main_per_million_lag1,Per-million target with common-sample lag1 predictors,robustness_target_timing,linear_robustness,alternative_target_common_sample_lag1,env_patents_per_million,lag1,NLD,Netherlands,2023,,elastic_net_alpha_1_l1_0.8,14.22361,15.863665527249466,-1.6400555272494657,1.6400555272494657,14.22361
robust_main_per_million_lag1,Per-million target with common-sample lag1 predictors,robustness_target_timing,linear_robustness,alternative_target_common_sample_lag1,env_patents_per_million,lag1,NOR,Norway,2023,,elastic_net_alpha_1_l1_0.8,16.92586,14.300698416240191,2.625161583759809,2.625161583759809,16.92586
robust_main_per_million_lag1,Per-million target with common-sample lag1 predictors,robustness_target_timing,linear_robustness,alternative_target_common_sample_lag1,env_patents_per_million,lag1,NZL,New Zealand,2023,,elastic_net_alpha_1_l1_0.8,5.258237,15.640332678767763,-10.382095678767762,10.382095678767762,5.258237
robust_main_per_million_lag1,Per-million target with common-sample lag1 predictors,robustness_target_timing,linear_robustness,alternative_target_common_sample_lag1,env_patents_per_million,lag1,PAK,Pakistan,2023,,elastic_net_alpha_1_l1_0.8,0.004946344,0.6585264313942547,-0.6535800873942547,0.6535800873942547,0.004946344
robust_main_per_million_lag1,Per-million target with common-sample lag1 predictors,robustness_target_timing,linear_robustness,alternative_target_common_sample_lag1,env_patents_per_million,lag1,PAN,Panama,2023,,elastic_net_alpha_1_l1_0.8,0.4934108,4.67586515619589,-4.18245435619589,4.18245435619589,0.4934108
robust_main_per_million_lag1,Per-million target with common-sample lag1 predictors,robustness_target_timing,linear_robustness,alternative_target_common_sample_lag1,env_patents_per_million,lag1,PER,Peru,2023,,elastic_net_alpha_1_l1_0.8,0.108335,4.998349183203061,-4.890014183203061,4.890014183203061,0.108335
robust_main_per_million_lag1,Per-million target with common-sample lag1 predictors,robustness_target_timing,linear_robustness,alternative_target_common_sample_lag1,env_patents_per_million,lag1,PHL,Philippines,2023,,elastic_net_alpha_1_l1_0.8,0.008703887,4.654925397223348,-4.646221510223348,4.646221510223348,0.008703887
robust_main_per_million_lag1,Per-million target with common-sample lag1 predictors,robustness_target_timing,linear_robustness,alternative_target_common_sample_lag1,env_patents_per_million,lag1,POL,Poland,2023,,elastic_net_alpha_1_l1_0.8,1.859169,9.892583642859591,-8.033414642859592,8.033414642859592,1.859169
robust_main_per_million_lag1,Per-million target with common-sample lag1 predictors,robustness_target_timing,linear_robustness,alternative_target_common_sample_lag1,env_patents_per_million,lag1,PRI,Puerto Rico (US),2023,,elastic_net_alpha_1_l1_0.8,0.6168988,9.032818280010773,-8.415919480010773,8.415919480010773,0.6168988
robust_main_per_million_lag1,Per-million target with common-sample lag1 predictors,robustness_target_timing,linear_robustness,alternative_target_common_sample_lag1,env_patents_per_million,lag1,PRT,Portugal,2023,,elastic_net_alpha_1_l1_0.8,3.473707,9.711683387901154,-6.237976387901154,6.237976387901154,3.473707
robust_main_per_million_lag1,Per-million target with common-sample lag1 predictors,robustness_target_timing,linear_robustness,alternative_target_common_sample_lag1,env_patents_per_million,lag1,QAT,Qatar,2023,,elastic_net_alpha_1_l1_0.8,0.3356739,11.996867579291091,-11.661193679291092,11.661193679291092,0.3356739
robust_main_per_million_lag1,Per-million target with common-sample lag1 predictors,robustness_target_timing,linear_robustness,alternative_target_common_sample_lag1,env_patents_per_million,lag1,ROU,Romania,2023,,elastic_net_alpha_1_l1_0.8,0.7061231,7.141339884317134,-6.4352167843171335,6.4352167843171335,0.7061231
robust_main_per_million_lag1,Per-million target with common-sample lag1 predictors,robustness_target_timing,linear_robustness,alternative_target_common_sample_lag1,env_patents_per_million,lag1,RUS,Russian Federation,2023,,elastic_net_alpha_1_l1_0.8,0.3128427,2.6261055780052285,-2.3132628780052285,2.3132628780052285,0.3128427
robust_main_per_million_lag1,Per-million target with common-sample lag1 predictors,robustness_target_timing,linear_robustness,alternative_target_common_sample_lag1,env_patents_per_million,lag1,SAU,Saudi Arabia,2023,,elastic_net_alpha_1_l1_0.8,1.373846,9.557994763113996,-8.184148763113996,8.184148763113996,1.373846
robust_main_per_million_lag1,Per-million target with common-sample lag1 predictors,robustness_target_timing,linear_robustness,alternative_target_common_sample_lag1,env_patents_per_million,lag1,SGP,Singapore,2023,,elastic_net_alpha_1_l1_0.8,17.01764,17.093419160819526,-0.07577916081952552,0.07577916081952552,17.01764
robust_main_per_million_lag1,Per-million target with common-sample lag1 predictors,robustness_target_timing,linear_robustness,alternative_target_common_sample_lag1,env_patents_per_million,lag1,SLV,El Salvador,2023,,elastic_net_alpha_1_l1_0.8,0.1584881,2.132997018709906,-1.974508918709906,1.974508918709906,0.1584881
robust_main_per_million_lag1,Per-million target with common-sample lag1 predictors,robustness_target_timing,linear_robustness,alternative_target_common_sample_lag1,env_patents_per_million,lag1,SRB,Serbia,2023,,elastic_net_alpha_1_l1_0.8,1.279553,5.199480156317971,-3.9199271563179714,3.9199271563179714,1.279553
robust_main_per_million_lag1,Per-million target with common-sample lag1 predictors,robustness_target_timing,linear_robustness,alternative_target_common_sample_lag1,env_patents_per_million,lag1,SVK,Slovak Republic,2023,,elastic_net_alpha_1_l1_0.8,1.540398,8.957720186318578,-7.417322186318579,7.417322186318579,1.540398
robust_main_per_million_lag1,Per-million target with common-sample lag1 predictors,robustness_target_timing,linear_robustness,alternative_target_common_sample_lag1,env_patents_per_million,lag1,SVN,Slovenia,2023,,elastic_net_alpha_1_l1_0.8,5.7321,8.978107047127331,-3.246007047127331,3.246007047127331,5.7321
robust_main_per_million_lag1,Per-million target with common-sample lag1 predictors,robustness_target_timing,linear_robustness,alternative_target_common_sample_lag1,env_patents_per_million,lag1,SWE,Sweden,2023,,elastic_net_alpha_1_l1_0.8,33.31598,14.618207677170133,18.69777232282987,18.69777232282987,33.31598
robust_main_per_million_lag1,Per-million target with common-sample lag1 predictors,robustness_target_timing,linear_robustness,alternative_target_common_sample_lag1,env_patents_per_million,lag1,THA,Thailand,2023,,elastic_net_alpha_1_l1_0.8,0.1464385,5.801409711690476,-5.654971211690476,5.654971211690476,0.1464385
robust_main_per_million_lag1,Per-million target with common-sample lag1 predictors,robustness_target_timing,linear_robustness,alternative_target_common_sample_lag1,env_patents_per_million,lag1,TUN,Tunisia,2023,,elastic_net_alpha_1_l1_0.8,0.09562504,2.645605715769044,-2.549980675769044,2.549980675769044,0.09562504
robust_main_per_million_lag1,Per-million target with common-sample lag1 predictors,robustness_target_timing,linear_robustness,alternative_target_common_sample_lag1,env_patents_per_million,lag1,TUR,Turkiye,2023,,elastic_net_alpha_1_l1_0.8,1.161141,5.098171535541725,-3.9370305355417257,3.9370305355417257,1.161141
robust_main_per_million_lag1,Per-million target with common-sample lag1 predictors,robustness_target_timing,linear_robustness,alternative_target_common_sample_lag1,env_patents_per_million,lag1,UGA,Uganda,2023,,elastic_net_alpha_1_l1_0.8,0.03082829,1.5842924095255446,-1.5534641195255445,1.5534641195255445,0.03082829
robust_main_per_million_lag1,Per-million target with common-sample lag1 predictors,robustness_target_timing,linear_robustness,alternative_target_common_sample_lag1,env_patents_per_million,lag1,UKR,Ukraine,2023,,elastic_net_alpha_1_l1_0.8,0.463787,2.4098130814231196,-1.9460260814231196,1.9460260814231196,0.463787
robust_main_per_million_lag1,Per-million target with common-sample lag1 predictors,robustness_target_timing,linear_robustness,alternative_target_common_sample_lag1,env_patents_per_million,lag1,USA,United States,2023,,elastic_net_alpha_1_l1_0.8,13.34697,34.78154634525493,-21.434576345254932,21.434576345254932,13.34697
robust_main_per_million_lag1,Per-million target with common-sample lag1 predictors,robustness_target_timing,linear_robustness,alternative_target_common_sample_lag1,env_patents_per_million,lag1,UZB,Uzbekistan,2023,,elastic_net_alpha_1_l1_0.8,0.01869912,0.8523308867579518,-0.8336317667579518,0.8336317667579518,0.01869912
robust_main_per_million_lag1,Per-million target with common-sample lag1 predictors,robustness_target_timing,linear_robustness,alternative_target_common_sample_lag1,env_patents_per_million,lag1,VEN,"Venezuela, RB",2023,,elastic_net_alpha_1_l1_0.8,0.01766731,-6.593583597095646,6.611250907095646,6.611250907095646,0.01766731
robust_main_per_million_lag1,Per-million target with common-sample lag1 predictors,robustness_target_timing,linear_robustness,alternative_target_common_sample_lag1,env_patents_per_million,lag1,VNM,Viet Nam,2023,,elastic_net_alpha_1_l1_0.8,0.0282339,2.886191722484379,-2.857957822484379,2.857957822484379,0.0282339
robust_main_per_million_lag1,Per-million target with common-sample lag1 predictors,robustness_target_timing,linear_robustness,alternative_target_common_sample_lag1,env_patents_per_million,lag1,ZAF,South Africa,2023,,elastic_net_alpha_1_l1_0.8,0.4139484,4.864305508310084,-4.450357108310084,4.450357108310084,0.4139484
robust_main_per_million_lag1,Per-million target with common-sample lag1 predictors,robustness_target_timing,linear_robustness,alternative_target_common_sample_lag1,env_patents_per_million,lag1,ZWE,Zimbabwe,2023,,elastic_net_alpha_1_l1_0.8,0.02039881,-3.325752856430701,3.346151666430701,3.346151666430701,0.02039881
robust_main_share_skew_transformed_lag1_3_mean,Share target with skew-transformed lag1-3 mean predictors,robustness_transform,linear_robustness,skew_transformed_main_predictors,env_patent_share_inventions,lag1_3_mean,ALB,Albania,2021,0.0009673051,lasso_alpha_1,0.0009673051,0.0726852532241451,-0.0717179481241451,0.0717179481241451,
robust_main_share_skew_transformed_lag1_3_mean,Share target with skew-transformed lag1-3 mean predictors,robustness_transform,linear_robustness,skew_transformed_main_predictors,env_patent_share_inventions,lag1_3_mean,ARE,United Arab Emirates,2021,0.03864921,lasso_alpha_1,0.03864921,1.4849198234825844,-1.4462706134825845,1.4462706134825845,
robust_main_share_skew_transformed_lag1_3_mean,Share target with skew-transformed lag1-3 mean predictors,robustness_transform,linear_robustness,skew_transformed_main_predictors,env_patent_share_inventions,lag1_3_mean,ARG,Argentina,2021,0.00838331,lasso_alpha_1,0.00838331,1.623782935241009,-1.615399625241009,1.615399625241009,
robust_main_share_skew_transformed_lag1_3_mean,Share target with skew-transformed lag1-3 mean predictors,robustness_transform,linear_robustness,skew_transformed_main_predictors,env_patent_share_inventions,lag1_3_mean,ARM,Armenia,2021,0.0009673051,lasso_alpha_1,0.0009673051,0.05503270601593435,-0.05406540091593435,0.05406540091593435,
robust_main_share_skew_transformed_lag1_3_mean,Share target with skew-transformed lag1-3 mean predictors,robustness_transform,linear_robustness,skew_transformed_main_predictors,env_patent_share_inventions,lag1_3_mean,AUS,Australia,2021,0.6052428,lasso_alpha_1,0.6052428,2.0281450289482224,-1.4229022289482223,1.4229022289482223,
robust_main_share_skew_transformed_lag1_3_mean,Share target with skew-transformed lag1-3 mean predictors,robustness_transform,linear_robustness,skew_transformed_main_predictors,env_patent_share_inventions,lag1_3_mean,AUT,Austria,2021,0.600331,lasso_alpha_1,0.600331,1.4903783474758234,-0.8900473474758235,0.8900473474758235,
robust_main_share_skew_transformed_lag1_3_mean,Share target with skew-transformed lag1-3 mean predictors,robustness_transform,linear_robustness,skew_transformed_main_predictors,env_patent_share_inventions,lag1_3_mean,AZE,Azerbaijan,2021,0.00451409,lasso_alpha_1,0.00451409,0.6525110517279695,-0.6479969617279695,0.6479969617279695,
robust_main_share_skew_transformed_lag1_3_mean,Share target with skew-transformed lag1-3 mean predictors,robustness_transform,linear_robustness,skew_transformed_main_predictors,env_patent_share_inventions,lag1_3_mean,BEL,Belgium,2021,0.5078351,lasso_alpha_1,0.5078351,1.564944296938807,-1.0571091969388071,1.0571091969388071,
robust_main_share_skew_transformed_lag1_3_mean,Share target with skew-transformed lag1-3 mean predictors,robustness_transform,linear_robustness,skew_transformed_main_predictors,env_patent_share_inventions,lag1_3_mean,BFA,Burkina Faso,2021,0.0009673051,lasso_alpha_1,0.0009673051,0.13403663755250816,-0.13306933245250815,0.13306933245250815,
robust_main_share_skew_transformed_lag1_3_mean,Share target with skew-transformed lag1-3 mean predictors,robustness_transform,linear_robustness,skew_transformed_main_predictors,env_patent_share_inventions,lag1_3_mean,BGD,Bangladesh,2021,0.002321532,lasso_alpha_1,0.002321532,1.3023649269760766,-1.3000433949760766,1.3000433949760766,
robust_main_share_skew_transformed_lag1_3_mean,Share target with skew-transformed lag1-3 mean predictors,robustness_transform,linear_robustness,skew_transformed_main_predictors,env_patent_share_inventions,lag1_3_mean,BGR,Bulgaria,2021,0.0156381,lasso_alpha_1,0.0156381,0.6781179109637389,-0.6624798109637389,0.6624798109637389,
robust_main_share_skew_transformed_lag1_3_mean,Share target with skew-transformed lag1-3 mean predictors,robustness_transform,linear_robustness,skew_transformed_main_predictors,env_patent_share_inventions,lag1_3_mean,BHS,"Bahamas, The",2021,0.004836525,lasso_alpha_1,0.004836525,0.028635028375464833,-0.02379850337546483,0.02379850337546483,
robust_main_share_skew_transformed_lag1_3_mean,Share target with skew-transformed lag1-3 mean predictors,robustness_transform,linear_robustness,skew_transformed_main_predictors,env_patent_share_inventions,lag1_3_mean,BLR,Belarus,2021,0.01176888,lasso_alpha_1,0.01176888,0.6985488559467462,-0.6867799759467462,0.6867799759467462,
robust_main_share_skew_transformed_lag1_3_mean,Share target with skew-transformed lag1-3 mean predictors,robustness_transform,linear_robustness,skew_transformed_main_predictors,env_patent_share_inventions,lag1_3_mean,BRA,Brazil,2021,0.2022635,lasso_alpha_1,0.2022635,2.104701610741772,-1.9024381107417723,1.9024381107417723,
robust_main_share_skew_transformed_lag1_3_mean,Share target with skew-transformed lag1-3 mean predictors,robustness_transform,linear_robustness,skew_transformed_main_predictors,env_patent_share_inventions,lag1_3_mean,CAN,Canada,2021,1.406397,lasso_alpha_1,1.406397,2.0725163822571577,-0.6661193822571578,0.6661193822571578,
robust_main_share_skew_transformed_lag1_3_mean,Share target with skew-transformed lag1-3 mean predictors,robustness_transform,linear_robustness,skew_transformed_main_predictors,env_patent_share_inventions,lag1_3_mean,CHE,Switzerland,2021,0.5670665,lasso_alpha_1,0.5670665,1.7403880739863689,-1.1733215739863687,1.1733215739863687,
robust_main_share_skew_transformed_lag1_3_mean,Share target with skew-transformed lag1-3 mean predictors,robustness_transform,linear_robustness,skew_transformed_main_predictors,env_patent_share_inventions,lag1_3_mean,CHL,Chile,2021,0.04739795,lasso_alpha_1,0.04739795,1.304180824084666,-1.256782874084666,1.256782874084666,
robust_main_share_skew_transformed_lag1_3_mean,Share target with skew-transformed lag1-3 mean predictors,robustness_transform,linear_robustness,skew_transformed_main_predictors,env_patent_share_inventions,lag1_3_mean,CHN,China,2021,27.46088,lasso_alpha_1,27.46088,2.9617822950542267,24.499097704945772,24.499097704945772,
robust_main_share_skew_transformed_lag1_3_mean,Share target with skew-transformed lag1-3 mean predictors,robustness_transform,linear_robustness,skew_transformed_main_predictors,env_patent_share_inventions,lag1_3_mean,CMR,Cameroon,2021,0.00064487,lasso_alpha_1,0.00064487,0.5105810543572343,-0.5099361843572343,0.5099361843572343,
robust_main_share_skew_transformed_lag1_3_mean,Share target with skew-transformed lag1-3 mean predictors,robustness_transform,linear_robustness,skew_transformed_main_predictors,env_patent_share_inventions,lag1_3_mean,COL,Colombia,2021,0.01708906,lasso_alpha_1,0.01708906,1.3837705908739253,-1.3666815308739253,1.3666815308739253,
robust_main_share_skew_transformed_lag1_3_mean,Share target with skew-transformed lag1-3 mean predictors,robustness_transform,linear_robustness,skew_transformed_main_predictors,env_patent_share_inventions,lag1_3_mean,CPV,Cabo Verde,2021,0.00064487,lasso_alpha_1,0.00064487,-0.7063438431940423,0.7069887131940423,0.7069887131940423,
robust_main_share_skew_transformed_lag1_3_mean,Share target with skew-transformed lag1-3 mean predictors,robustness_transform,linear_robustness,skew_transformed_main_predictors,env_patent_share_inventions,lag1_3_mean,CRI,Costa Rica,2021,0.00193461,lasso_alpha_1,0.00193461,0.7278531751906084,-0.7259185651906085,0.7259185651906085,
robust_main_share_skew_transformed_lag1_3_mean,Share target with skew-transformed lag1-3 mean predictors,robustness_transform,linear_robustness,skew_transformed_main_predictors,env_patent_share_inventions,lag1_3_mean,CYP,Cyprus,2021,0.007416006,lasso_alpha_1,0.007416006,0.33996175872833456,-0.3325457527283346,0.3325457527283346,
robust_main_share_skew_transformed_lag1_3_mean,Share target with skew-transformed lag1-3 mean predictors,robustness_transform,linear_robustness,skew_transformed_main_predictors,env_patent_share_inventions,lag1_3_mean,CZE,Czechia,2021,0.1125298,lasso_alpha_1,0.1125298,1.2249637847667219,-1.112433984766722,1.112433984766722,
robust_main_share_skew_transformed_lag1_3_mean,Share target with skew-transformed lag1-3 mean predictors,robustness_transform,linear_robustness,skew_transformed_main_predictors,env_patent_share_inventions,lag1_3_mean,DEU,Germany,2021,6.09054,lasso_alpha_1,6.09054,2.3928976248939673,3.6976423751060326,3.6976423751060326,
robust_main_share_skew_transformed_lag1_3_mean,Share target with skew-transformed lag1-3 mean predictors,robustness_transform,linear_robustness,skew_transformed_main_predictors,env_patent_share_inventions,lag1_3_mean,DNK,Denmark,2021,0.8738312,lasso_alpha_1,0.8738312,1.4067680147273998,-0.5329368147273997,0.5329368147273997,
robust_main_share_skew_transformed_lag1_3_mean,Share target with skew-transformed lag1-3 mean predictors,robustness_transform,linear_robustness,skew_transformed_main_predictors,env_patent_share_inventions,lag1_3_mean,DOM,Dominican Republic,2021,0.00064487,lasso_alpha_1,0.00064487,0.8498836553130739,-0.8492387853130738,0.8492387853130738,
robust_main_share_skew_transformed_lag1_3_mean,Share target with skew-transformed lag1-3 mean predictors,robustness_transform,linear_robustness,skew_transformed_main_predictors,env_patent_share_inventions,lag1_3_mean,DZA,Algeria,2021,0.003288837,lasso_alpha_1,0.003288837,1.1996079404109294,-1.1963191034109295,1.1963191034109295,
robust_main_share_skew_transformed_lag1_3_mean,Share target with skew-transformed lag1-3 mean predictors,robustness_transform,linear_robustness,skew_transformed_main_predictors,env_patent_share_inventions,lag1_3_mean,ECU,Ecuador,2021,0.001612175,lasso_alpha_1,0.001612175,0.919297380790762,-0.917685205790762,0.917685205790762,
robust_main_share_skew_transformed_lag1_3_mean,Share target with skew-transformed lag1-3 mean predictors,robustness_transform,linear_robustness,skew_transformed_main_predictors,env_patent_share_inventions,lag1_3_mean,EGY,"Egypt, Arab Rep.",2021,0.01321984,lasso_alpha_1,0.01321984,1.4837107906459106,-1.4704909506459105,1.4704909506459105,
robust_main_share_skew_transformed_lag1_3_mean,Share target with skew-transformed lag1-3 mean predictors,robustness_transform,linear_robustness,skew_transformed_main_predictors,env_patent_share_inventions,lag1_3_mean,ESP,Spain,2021,0.6234819,lasso_alpha_1,0.6234819,1.965076011487712,-1.341594111487712,1.341594111487712,
robust_main_share_skew_transformed_lag1_3_mean,Share target with skew-transformed lag1-3 mean predictors,robustness_transform,linear_robustness,skew_transformed_main_predictors,env_patent_share_inventions,lag1_3_mean,EST,Estonia,2021,0.01386471,lasso_alpha_1,0.01386471,0.37544790095941105,-0.36158319095941105,0.36158319095941105,
robust_main_share_skew_transformed_lag1_3_mean,Share target with skew-transformed lag1-3 mean predictors,robustness_transform,linear_robustness,skew_transformed_main_predictors,env_patent_share_inventions,lag1_3_mean,ETH,Ethiopia,2021,0.002257045,lasso_alpha_1,0.002257045,0.8547001592447875,-0.8524431142447875,0.8524431142447875,
robust_main_share_skew_transformed_lag1_3_mean,Share target with skew-transformed lag1-3 mean predictors,robustness_transform,linear_robustness,skew_transformed_main_predictors,env_patent_share_inventions,lag1_3_mean,FIN,Finland,2021,0.4526021,lasso_alpha_1,0.4526021,1.2951386612913167,-0.8425365612913167,0.8425365612913167,
robust_main_share_skew_transformed_lag1_3_mean,Share target with skew-transformed lag1-3 mean predictors,robustness_transform,linear_robustness,skew_transformed_main_predictors,env_patent_share_inventions,lag1_3_mean,FRA,France,2021,2.559317,lasso_alpha_1,2.559317,2.2457464018020428,0.3135705981979573,0.3135705981979573,
robust_main_share_skew_transformed_lag1_3_mean,Share target with skew-transformed lag1-3 mean predictors,robustness_transform,linear_robustness,skew_transformed_main_predictors,env_patent_share_inventions,lag1_3_mean,GBR,United Kingdom,2021,1.863642,lasso_alpha_1,1.863642,2.3258243257727,-0.4621823257726998,0.4621823257726998,
robust_main_share_skew_transformed_lag1_3_mean,Share target with skew-transformed lag1-3 mean predictors,robustness_transform,linear_robustness,skew_transformed_main_predictors,env_patent_share_inventions,lag1_3_mean,GEO,Georgia,2021,0.007738441,lasso_alpha_1,0.007738441,0.20864734123321016,-0.20090890023321015,0.20090890023321015,
robust_main_share_skew_transformed_lag1_3_mean,Share target with skew-transformed lag1-3 mean predictors,robustness_transform,linear_robustness,skew_transformed_main_predictors,env_patent_share_inventions,lag1_3_mean,GRC,Greece,2021,0.04058382,lasso_alpha_1,0.04058382,1.1993188794374585,-1.1587350594374586,1.1587350594374586,
robust_main_share_skew_transformed_lag1_3_mean,Share target with skew-transformed lag1-3 mean predictors,robustness_transform,linear_robustness,skew_transformed_main_predictors,env_patent_share_inventions,lag1_3_mean,HKG,"Hong Kong SAR, China",2021,0.09469917,lasso_alpha_1,0.09469917,1.4045082103074353,-1.3098090403074354,1.3098090403074354,
robust_main_share_skew_transformed_lag1_3_mean,Share target with skew-transformed lag1-3 mean predictors,robustness_transform,linear_robustness,skew_transformed_main_predictors,env_patent_share_inventions,lag1_3_mean,HRV,Croatia,2021,0.02037789,lasso_alpha_1,0.02037789,0.677074009247558,-0.656696119247558,0.656696119247558,
robust_main_share_skew_transformed_lag1_3_mean,Share target with skew-transformed lag1-3 mean predictors,robustness_transform,linear_robustness,skew_transformed_main_predictors,env_patent_share_inventions,lag1_3_mean,HUN,Hungary,2021,0.04149739,lasso_alpha_1,0.04149739,1.0671716070087145,-1.0256742170087145,1.0256742170087145,
robust_main_share_skew_transformed_lag1_3_mean,Share target with skew-transformed lag1-3 mean predictors,robustness_transform,linear_robustness,skew_transformed_main_predictors,env_patent_share_inventions,lag1_3_mean,IDN,Indonesia,2021,0.01360676,lasso_alpha_1,0.01360676,1.8750671172310005,-1.8614603572310005,1.8614603572310005,
robust_main_share_skew_transformed_lag1_3_mean,Share target with skew-transformed lag1-3 mean predictors,robustness_transform,linear_robustness,skew_transformed_main_predictors,env_patent_share_inventions,lag1_3_mean,IND,India,2021,1.139217,lasso_alpha_1,1.139217,2.258237881658725,-1.119020881658725,1.119020881658725,
robust_main_share_skew_transformed_lag1_3_mean,Share target with skew-transformed lag1-3 mean predictors,robustness_transform,linear_robustness,skew_transformed_main_predictors,env_patent_share_inventions,lag1_3_mean,IRL,Ireland,2021,0.1236538,lasso_alpha_1,0.1236538,1.4709264438150305,-1.3472726438150304,1.3472726438150304,
robust_main_share_skew_transformed_lag1_3_mean,Share target with skew-transformed lag1-3 mean predictors,robustness_transform,linear_robustness,skew_transformed_main_predictors,env_patent_share_inventions,lag1_3_mean,IRN,"Iran, Islamic Rep.",2021,0.03633843,lasso_alpha_1,0.03633843,1.5281370910801577,-1.4917986610801577,1.4917986610801577,
robust_main_share_skew_transformed_lag1_3_mean,Share target with skew-transformed lag1-3 mean predictors,robustness_transform,linear_robustness,skew_transformed_main_predictors,env_patent_share_inventions,lag1_3_mean,ISL,Iceland,2021,0.009673051,lasso_alpha_1,0.009673051,0.2576437306780488,-0.2479706796780488,0.2479706796780488,
robust_main_share_skew_transformed_lag1_3_mean,Share target with skew-transformed lag1-3 mean predictors,robustness_transform,linear_robustness,skew_transformed_main_predictors,env_patent_share_inventions,lag1_3_mean,ISR,Israel,2021,0.4227123,lasso_alpha_1,0.4227123,1.4332954932705648,-1.010583193270565,1.010583193270565,
robust_main_share_skew_transformed_lag1_3_mean,Share target with skew-transformed lag1-3 mean predictors,robustness_transform,linear_robustness,skew_transformed_main_predictors,env_patent_share_inventions,lag1_3_mean,ITA,Italy,2021,1.366383,lasso_alpha_1,1.366383,2.1204646704953385,-0.7540816704953386,0.7540816704953386,
robust_main_share_skew_transformed_lag1_3_mean,Share target with skew-transformed lag1-3 mean predictors,robustness_transform,linear_robustness,skew_transformed_main_predictors,env_patent_share_inventions,lag1_3_mean,JOR,Jordan,2021,0.009565572,lasso_alpha_1,0.009565572,0.555803847859963,-0.546238275859963,0.546238275859963,
robust_main_share_skew_transformed_lag1_3_mean,Share target with skew-transformed lag1-3 mean predictors,robustness_transform,linear_robustness,skew_transformed_main_predictors,env_patent_share_inventions,lag1_3_mean,JPN,Japan,2021,18.32637,lasso_alpha_1,18.32637,2.483784637932722,15.842585362067279,15.842585362067279,
robust_main_share_skew_transformed_lag1_3_mean,Share target with skew-transformed lag1-3 mean predictors,robustness_transform,linear_robustness,skew_transformed_main_predictors,env_patent_share_inventions,lag1_3_mean,KAZ,Kazakhstan,2021,0.006771136,lasso_alpha_1,0.006771136,1.2158459548380391,-1.2090748188380391,1.2090748188380391,
robust_main_share_skew_transformed_lag1_3_mean,Share target with skew-transformed lag1-3 mean predictors,robustness_transform,linear_robustness,skew_transformed_main_predictors,env_patent_share_inventions,lag1_3_mean,KEN,Kenya,2021,0.001450958,lasso_alpha_1,0.001450958,0.8405910479991681,-0.8391400899991681,0.8391400899991681,
robust_main_share_skew_transformed_lag1_3_mean,Share target with skew-transformed lag1-3 mean predictors,robustness_transform,linear_robustness,skew_transformed_main_predictors,env_patent_share_inventions,lag1_3_mean,KGZ,Kyrgyz Republic,2021,0.00064487,lasso_alpha_1,0.00064487,-0.14057566425554024,0.14122053425554024,0.14122053425554024,
robust_main_share_skew_transformed_lag1_3_mean,Share target with skew-transformed lag1-3 mean predictors,robustness_transform,linear_robustness,skew_transformed_main_predictors,env_patent_share_inventions,lag1_3_mean,KHM,Cambodia,2021,0.00128974,lasso_alpha_1,0.00128974,0.4482816093692034,-0.44699186936920343,0.44699186936920343,
robust_main_share_skew_transformed_lag1_3_mean,Share target with skew-transformed lag1-3 mean predictors,robustness_transform,linear_robustness,skew_transformed_main_predictors,env_patent_share_inventions,lag1_3_mean,KOR,"Korea, Rep.",2021,13.81879,lasso_alpha_1,13.81879,2.0869662224077046,11.731823777592295,11.731823777592295,
robust_main_share_skew_transformed_lag1_3_mean,Share target with skew-transformed lag1-3 mean predictors,robustness_transform,linear_robustness,skew_transformed_main_predictors,env_patent_share_inventions,lag1_3_mean,KWT,Kuwait,2021,0.00764171,lasso_alpha_1,0.00764171,0.976651302112364,-0.9690095921123639,0.9690095921123639,
robust_main_share_skew_transformed_lag1_3_mean,Share target with skew-transformed lag1-3 mean predictors,robustness_transform,linear_robustness,skew_transformed_main_predictors,env_patent_share_inventions,lag1_3_mean,LBN,Lebanon,2021,0.007158058,lasso_alpha_1,0.007158058,0.5856696928878097,-0.5785116348878097,0.5785116348878097,
robust_main_share_skew_transformed_lag1_3_mean,Share target with skew-transformed lag1-3 mean predictors,robustness_transform,linear_robustness,skew_transformed_main_predictors,env_patent_share_inventions,lag1_3_mean,LBY,Libya,2021,0.0009673051,lasso_alpha_1,0.0009673051,0.6907552684144754,-0.6897879633144754,0.6897879633144754,
robust_main_share_skew_transformed_lag1_3_mean,Share target with skew-transformed lag1-3 mean predictors,robustness_transform,linear_robustness,skew_transformed_main_predictors,env_patent_share_inventions,lag1_3_mean,LKA,Sri Lanka,2021,0.01612175,lasso_alpha_1,0.01612175,0.9001120762833363,-0.8839903262833363,0.8839903262833363,
robust_main_share_skew_transformed_lag1_3_mean,Share target with skew-transformed lag1-3 mean predictors,robustness_transform,linear_robustness,skew_transformed_main_predictors,env_patent_share_inventions,lag1_3_mean,LTU,Lithuania,2021,0.01064036,lasso_alpha_1,0.01064036,0.6187050157381697,-0.6080646557381697,0.6080646557381697,
robust_main_share_skew_transformed_lag1_3_mean,Share target with skew-transformed lag1-3 mean predictors,robustness_transform,linear_robustness,skew_transformed_main_predictors,env_patent_share_inventions,lag1_3_mean,LUX,Luxembourg,2021,0.05029986,lasso_alpha_1,0.05029986,0.7472402122257378,-0.6969403522257378,0.6969403522257378,
robust_main_share_skew_transformed_lag1_3_mean,Share target with skew-transformed lag1-3 mean predictors,robustness_transform,linear_robustness,skew_transformed_main_predictors,env_patent_share_inventions,lag1_3_mean,LVA,Latvia,2021,0.02031341,lasso_alpha_1,0.02031341,0.4081660788856941,-0.38785266888569414,0.38785266888569414,
robust_main_share_skew_transformed_lag1_3_mean,Share target with skew-transformed lag1-3 mean predictors,robustness_transform,linear_robustness,skew_transformed_main_predictors,env_patent_share_inventions,lag1_3_mean,MAC,"Macao SAR, China",2021,0.00386922,lasso_alpha_1,0.00386922,0.5622714997274998,-0.5584022797274998,0.5584022797274998,
robust_main_share_skew_transformed_lag1_3_mean,Share target with skew-transformed lag1-3 mean predictors,robustness_transform,linear_robustness,skew_transformed_main_predictors,env_patent_share_inventions,lag1_3_mean,MAR,Morocco,2021,0.01747598,lasso_alpha_1,0.01747598,0.9914452447023856,-0.9739692647023857,0.9739692647023857,
robust_main_share_skew_transformed_lag1_3_mean,Share target with skew-transformed lag1-3 mean predictors,robustness_transform,linear_robustness,skew_transformed_main_predictors,env_patent_share_inventions,lag1_3_mean,MDA,Moldova,2021,0.001128523,lasso_alpha_1,0.001128523,-0.08096992016062265,0.08209844316062266,0.08209844316062266,
robust_main_share_skew_transformed_lag1_3_mean,Share target with skew-transformed lag1-3 mean predictors,robustness_transform,linear_robustness,skew_transformed_main_predictors,env_patent_share_inventions,lag1_3_mean,MEX,Mexico,2021,0.08141485,lasso_alpha_1,0.08141485,1.9544515388069639,-1.8730366888069638,1.8730366888069638,
robust_main_share_skew_transformed_lag1_3_mean,Share target with skew-transformed lag1-3 mean predictors,robustness_transform,linear_robustness,skew_transformed_main_predictors,env_patent_share_inventions,lag1_3_mean,MLT,Malta,2021,0.007416006,lasso_alpha_1,0.007416006,0.12447247891543312,-0.11705647291543311,0.11705647291543311,
robust_main_share_skew_transformed_lag1_3_mean,Share target with skew-transformed lag1-3 mean predictors,robustness_transform,linear_robustness,skew_transformed_main_predictors,env_patent_share_inventions,lag1_3_mean,MNE,Montenegro,2021,0.0009673051,lasso_alpha_1,0.0009673051,-0.3677831694992433,0.36875047459924326,0.36875047459924326,
robust_main_share_skew_transformed_lag1_3_mean,Share target with skew-transformed lag1-3 mean predictors,robustness_transform,linear_robustness,skew_transformed_main_predictors,env_patent_share_inventions,lag1_3_mean,MRT,Mauritania,2021,0.0009673051,lasso_alpha_1,0.0009673051,-0.16999392167901917,0.17096122677901918,0.17096122677901918,
robust_main_share_skew_transformed_lag1_3_mean,Share target with skew-transformed lag1-3 mean predictors,robustness_transform,linear_robustness,skew_transformed_main_predictors,env_patent_share_inventions,lag1_3_mean,MUS,Mauritius,2021,0.00064487,lasso_alpha_1,0.00064487,0.08671254610872592,-0.08606767610872591,0.08606767610872591,
robust_main_share_skew_transformed_lag1_3_mean,Share target with skew-transformed lag1-3 mean predictors,robustness_transform,linear_robustness,skew_transformed_main_predictors,env_patent_share_inventions,lag1_3_mean,MYS,Malaysia,2021,0.08705746,lasso_alpha_1,0.08705746,1.4364538379966285,-1.3493963779966285,1.3493963779966285,
robust_main_share_skew_transformed_lag1_3_mean,Share target with skew-transformed lag1-3 mean predictors,robustness_transform,linear_robustness,skew_transformed_main_predictors,env_patent_share_inventions,lag1_3_mean,NCL,New Caledonia,2021,0.002901915,lasso_alpha_1,0.002901915,0.9691840616480837,-0.9662821466480837,0.9662821466480837,
robust_main_share_skew_transformed_lag1_3_mean,Share target with skew-transformed lag1-3 mean predictors,robustness_transform,linear_robustness,skew_transformed_main_predictors,env_patent_share_inventions,lag1_3_mean,NER,Niger,2021,0.00064487,lasso_alpha_1,0.00064487,0.0507517267789227,-0.0501068567789227,0.0501068567789227,
robust_main_share_skew_transformed_lag1_3_mean,Share target with skew-transformed lag1-3 mean predictors,robustness_transform,linear_robustness,skew_transformed_main_predictors,env_patent_share_inventions,lag1_3_mean,NLD,Netherlands,2021,0.8459405,lasso_alpha_1,0.8459405,1.7915499169608387,-0.9456094169608387,0.9456094169608387,
robust_main_share_skew_transformed_lag1_3_mean,Share target with skew-transformed lag1-3 mean predictors,robustness_transform,linear_robustness,skew_transformed_main_predictors,env_patent_share_inventions,lag1_3_mean,NOR,Norway,2021,0.2947056,lasso_alpha_1,0.2947056,1.4951527292096198,-1.20044712920962,1.20044712920962,
robust_main_share_skew_transformed_lag1_3_mean,Share target with skew-transformed lag1-3 mean predictors,robustness_transform,linear_robustness,skew_transformed_main_predictors,env_patent_share_inventions,lag1_3_mean,NPL,Nepal,2021,0.00128974,lasso_alpha_1,0.00128974,0.41932305101391043,-0.41803331101391045,0.41803331101391045,
robust_main_share_skew_transformed_lag1_3_mean,Share target with skew-transformed lag1-3 mean predictors,robustness_transform,linear_robustness,skew_transformed_main_predictors,env_patent_share_inventions,lag1_3_mean,NZL,New Zealand,2021,0.08180176,lasso_alpha_1,0.08180176,1.204484578827426,-1.122682818827426,1.122682818827426,
robust_main_share_skew_transformed_lag1_3_mean,Share target with skew-transformed lag1-3 mean predictors,robustness_transform,linear_robustness,skew_transformed_main_predictors,env_patent_share_inventions,lag1_3_mean,OMN,Oman,2021,0.002418263,lasso_alpha_1,0.002418263,0.8386616394529336,-0.8362433764529336,0.8362433764529336,
robust_main_share_skew_transformed_lag1_3_mean,Share target with skew-transformed lag1-3 mean predictors,robustness_transform,linear_robustness,skew_transformed_main_predictors,env_patent_share_inventions,lag1_3_mean,PAK,Pakistan,2021,0.00838331,lasso_alpha_1,0.00838331,1.4432896249807916,-1.4349063149807917,1.4349063149807917,
robust_main_share_skew_transformed_lag1_3_mean,Share target with skew-transformed lag1-3 mean predictors,robustness_transform,linear_robustness,skew_transformed_main_predictors,env_patent_share_inventions,lag1_3_mean,PAN,Panama,2021,0.001450958,lasso_alpha_1,0.001450958,0.7181094766331197,-0.7166585186331198,0.7166585186331198,
robust_main_share_skew_transformed_lag1_3_mean,Share target with skew-transformed lag1-3 mean predictors,robustness_transform,linear_robustness,skew_transformed_main_predictors,env_patent_share_inventions,lag1_3_mean,PER,Peru,2021,0.009028181,lasso_alpha_1,0.009028181,1.2144350166690083,-1.2054068356690084,1.2054068356690084,
robust_main_share_skew_transformed_lag1_3_mean,Share target with skew-transformed lag1-3 mean predictors,robustness_transform,linear_robustness,skew_transformed_main_predictors,env_patent_share_inventions,lag1_3_mean,PHL,Philippines,2021,0.01666989,lasso_alpha_1,0.01666989,1.4626408254330596,-1.4459709354330597,1.4459709354330597,
robust_main_share_skew_transformed_lag1_3_mean,Share target with skew-transformed lag1-3 mean predictors,robustness_transform,linear_robustness,skew_transformed_main_predictors,env_patent_share_inventions,lag1_3_mean,POL,Poland,2021,0.1891726,lasso_alpha_1,0.1891726,1.6304119976349507,-1.4412393976349507,1.4412393976349507,
robust_main_share_skew_transformed_lag1_3_mean,Share target with skew-transformed lag1-3 mean predictors,robustness_transform,linear_robustness,skew_transformed_main_predictors,env_patent_share_inventions,lag1_3_mean,PRI,Puerto Rico (US),2021,0.00193461,lasso_alpha_1,0.00193461,0.8948958248721272,-0.8929612148721272,0.8929612148721272,
robust_main_share_skew_transformed_lag1_3_mean,Share target with skew-transformed lag1-3 mean predictors,robustness_transform,linear_robustness,skew_transformed_main_predictors,env_patent_share_inventions,lag1_3_mean,PRT,Portugal,2021,0.05997292,lasso_alpha_1,0.05997292,1.2305354301018407,-1.1705625101018406,1.1705625101018406,
robust_main_share_skew_transformed_lag1_3_mean,Share target with skew-transformed lag1-3 mean predictors,robustness_transform,linear_robustness,skew_transformed_main_predictors,env_patent_share_inventions,lag1_3_mean,PRY,Paraguay,2021,0.00064487,lasso_alpha_1,0.00064487,0.5476902275300828,-0.5470453575300828,0.5470453575300828,
robust_main_share_skew_transformed_lag1_3_mean,Share target with skew-transformed lag1-3 mean predictors,robustness_transform,linear_robustness,skew_transformed_main_predictors,env_patent_share_inventions,lag1_3_mean,PSE,West Bank and Gaza,2021,0.00193461,lasso_alpha_1,0.00193461,0.14249158587358657,-0.14055697587358656,0.14055697587358656,
robust_main_share_skew_transformed_lag1_3_mean,Share target with skew-transformed lag1-3 mean predictors,robustness_transform,linear_robustness,skew_transformed_main_predictors,env_patent_share_inventions,lag1_3_mean,QAT,Qatar,2021,0.01160766,lasso_alpha_1,0.01160766,1.1239811413600036,-1.1123734813600037,1.1123734813600037,
robust_main_share_skew_transformed_lag1_3_mean,Share target with skew-transformed lag1-3 mean predictors,robustness_transform,linear_robustness,skew_transformed_main_predictors,env_patent_share_inventions,lag1_3_mean,ROU,Romania,2021,0.03520991,lasso_alpha_1,0.03520991,1.2261519726430112,-1.1909420626430112,1.1909420626430112,
robust_main_share_skew_transformed_lag1_3_mean,Share target with skew-transformed lag1-3 mean predictors,robustness_transform,linear_robustness,skew_transformed_main_predictors,env_patent_share_inventions,lag1_3_mean,RUS,Russian Federation,2021,0.2115711,lasso_alpha_1,0.2115711,2.01414753313367,-1.80257643313367,1.80257643313367,
robust_main_share_skew_transformed_lag1_3_mean,Share target with skew-transformed lag1-3 mean predictors,robustness_transform,linear_robustness,skew_transformed_main_predictors,env_patent_share_inventions,lag1_3_mean,SAU,Saudi Arabia,2021,0.1900755,lasso_alpha_1,0.1900755,1.73829269723166,-1.5482171972316598,1.5482171972316598,
robust_main_share_skew_transformed_lag1_3_mean,Share target with skew-transformed lag1-3 mean predictors,robustness_transform,linear_robustness,skew_transformed_main_predictors,env_patent_share_inventions,lag1_3_mean,SDN,Sudan,2021,0.0004836525,lasso_alpha_1,0.0004836525,0.6418286619895028,-0.6413450094895028,0.6413450094895028,
robust_main_share_skew_transformed_lag1_3_mean,Share target with skew-transformed lag1-3 mean predictors,robustness_transform,linear_robustness,skew_transformed_main_predictors,env_patent_share_inventions,lag1_3_mean,SGP,Singapore,2021,0.2456955,lasso_alpha_1,0.2456955,1.4259501478680376,-1.1802546478680376,1.1802546478680376,
robust_main_share_skew_transformed_lag1_3_mean,Share target with skew-transformed lag1-3 mean predictors,robustness_transform,linear_robustness,skew_transformed_main_predictors,env_patent_share_inventions,lag1_3_mean,SRB,Serbia,2021,0.009673051,lasso_alpha_1,0.009673051,0.6063200525344018,-0.5966470015344018,0.5966470015344018,
robust_main_share_skew_transformed_lag1_3_mean,Share target with skew-transformed lag1-3 mean predictors,robustness_transform,linear_robustness,skew_transformed_main_predictors,env_patent_share_inventions,lag1_3_mean,SVK,Slovak Republic,2021,0.03756368,lasso_alpha_1,0.03756368,0.9095543748764077,-0.8719906948764077,0.8719906948764077,
robust_main_share_skew_transformed_lag1_3_mean,Share target with skew-transformed lag1-3 mean predictors,robustness_transform,linear_robustness,skew_transformed_main_predictors,env_patent_share_inventions,lag1_3_mean,SVN,Slovenia,2021,0.03192107,lasso_alpha_1,0.03192107,0.622755532450138,-0.590834462450138,0.590834462450138,
robust_main_share_skew_transformed_lag1_3_mean,Share target with skew-transformed lag1-3 mean predictors,robustness_transform,linear_robustness,skew_transformed_main_predictors,env_patent_share_inventions,lag1_3_mean,SWE,Sweden,2021,0.9232927,lasso_alpha_1,0.9232927,1.6090558934017896,-0.6857631934017896,0.6857631934017896,
robust_main_share_skew_transformed_lag1_3_mean,Share target with skew-transformed lag1-3 mean predictors,robustness_transform,linear_robustness,skew_transformed_main_predictors,env_patent_share_inventions,lag1_3_mean,SYC,Seychelles,2021,0.00193461,lasso_alpha_1,0.00193461,-0.7349080521445193,0.7368426621445192,0.7368426621445192,
robust_main_share_skew_transformed_lag1_3_mean,Share target with skew-transformed lag1-3 mean predictors,robustness_transform,linear_robustness,skew_transformed_main_predictors,env_patent_share_inventions,lag1_3_mean,THA,Thailand,2021,0.03433933,lasso_alpha_1,0.03433933,1.5344072315339328,-1.5000679015339329,1.5000679015339329,
robust_main_share_skew_transformed_lag1_3_mean,Share target with skew-transformed lag1-3 mean predictors,robustness_transform,linear_robustness,skew_transformed_main_predictors,env_patent_share_inventions,lag1_3_mean,TUN,Tunisia,2021,0.003546785,lasso_alpha_1,0.003546785,0.612828186883531,-0.609281401883531,0.609281401883531,
robust_main_share_skew_transformed_lag1_3_mean,Share target with skew-transformed lag1-3 mean predictors,robustness_transform,linear_robustness,skew_transformed_main_predictors,env_patent_share_inventions,lag1_3_mean,TUR,Turkiye,2021,0.2938995,lasso_alpha_1,0.2938995,1.8698167953105547,-1.5759172953105547,1.5759172953105547,
robust_main_share_skew_transformed_lag1_3_mean,Share target with skew-transformed lag1-3 mean predictors,robustness_transform,linear_robustness,skew_transformed_main_predictors,env_patent_share_inventions,lag1_3_mean,UKR,Ukraine,2021,0.03353324,lasso_alpha_1,0.03353324,0.9164972088333803,-0.8829639688333802,0.8829639688333802,
robust_main_share_skew_transformed_lag1_3_mean,Share target with skew-transformed lag1-3 mean predictors,robustness_transform,linear_robustness,skew_transformed_main_predictors,env_patent_share_inventions,lag1_3_mean,URY,Uruguay,2021,0.0009673051,lasso_alpha_1,0.0009673051,0.6988083980627781,-0.6978410929627781,0.6978410929627781,
robust_main_share_skew_transformed_lag1_3_mean,Share target with skew-transformed lag1-3 mean predictors,robustness_transform,linear_robustness,skew_transformed_main_predictors,env_patent_share_inventions,lag1_3_mean,USA,United States,2021,14.33043,lasso_alpha_1,14.33043,3.0912122352620157,11.239217764737983,11.239217764737983,
robust_main_share_skew_transformed_lag1_3_mean,Share target with skew-transformed lag1-3 mean predictors,robustness_transform,linear_robustness,skew_transformed_main_predictors,env_patent_share_inventions,lag1_3_mean,VEN,"Venezuela, RB",2021,0.0009673051,lasso_alpha_1,0.0009673051,0.6524595602443335,-0.6514922551443335,0.6514922551443335,
robust_main_share_skew_transformed_lag1_3_mean,Share target with skew-transformed lag1-3 mean predictors,robustness_transform,linear_robustness,skew_transformed_main_predictors,env_patent_share_inventions,lag1_3_mean,VNM,Viet Nam,2021,0.03956278,lasso_alpha_1,0.03956278,1.3842488915781668,-1.3446861115781668,1.3446861115781668,
robust_main_share_skew_transformed_lag1_3_mean,Share target with skew-transformed lag1-3 mean predictors,robustness_transform,linear_robustness,skew_transformed_main_predictors,env_patent_share_inventions,lag1_3_mean,ZAF,South Africa,2021,0.05207326,lasso_alpha_1,0.05207326,1.4352253605824257,-1.3831521005824257,1.3831521005824257,
robust_main_share_skew_transformed_lag1_3_mean,Share target with skew-transformed lag1-3 mean predictors,robustness_transform,linear_robustness,skew_transformed_main_predictors,env_patent_share_inventions,lag1_3_mean,ZWE,Zimbabwe,2021,0.00064487,lasso_alpha_1,0.00064487,0.26969821112465386,-0.26905334112465384,0.26905334112465384,
robust_main_share_skew_transformed_lag1_3_mean,Share target with skew-transformed lag1-3 mean predictors,robustness_transform,linear_robustness,skew_transformed_main_predictors,env_patent_share_inventions,lag1_3_mean,ALB,Albania,2022,0.0005390487,lasso_alpha_1,0.0005390487,0.08285478968437521,-0.0823157409843752,0.0823157409843752,
robust_main_share_skew_transformed_lag1_3_mean,Share target with skew-transformed lag1-3 mean predictors,robustness_transform,linear_robustness,skew_transformed_main_predictors,env_patent_share_inventions,lag1_3_mean,ARE,United Arab Emirates,2022,0.02228068,lasso_alpha_1,0.02228068,1.4802425497318072,-1.4579618697318073,1.4579618697318073,
robust_main_share_skew_transformed_lag1_3_mean,Share target with skew-transformed lag1-3 mean predictors,robustness_transform,linear_robustness,skew_transformed_main_predictors,env_patent_share_inventions,lag1_3_mean,ARG,Argentina,2022,0.01132002,lasso_alpha_1,0.01132002,1.6202009750905706,-1.6088809550905705,1.6088809550905705,
robust_main_share_skew_transformed_lag1_3_mean,Share target with skew-transformed lag1-3 mean predictors,robustness_transform,linear_robustness,skew_transformed_main_predictors,env_patent_share_inventions,lag1_3_mean,ARM,Armenia,2022,0.00431239,lasso_alpha_1,0.00431239,0.06251197034546307,-0.058199580345463076,0.058199580345463076,
robust_main_share_skew_transformed_lag1_3_mean,Share target with skew-transformed lag1-3 mean predictors,robustness_transform,linear_robustness,skew_transformed_main_predictors,env_patent_share_inventions,lag1_3_mean,ATG,Antigua and Barbuda,2022,0.0007187316,lasso_alpha_1,0.0007187316,-0.8039266747078957,0.8046454063078957,0.8046454063078957,
robust_main_share_skew_transformed_lag1_3_mean,Share target with skew-transformed lag1-3 mean predictors,robustness_transform,linear_robustness,skew_transformed_main_predictors,env_patent_share_inventions,lag1_3_mean,AUS,Australia,2022,0.4013757,lasso_alpha_1,0.4013757,2.0336561142876546,-1.6322804142876546,1.6322804142876546,
robust_main_share_skew_transformed_lag1_3_mean,Share target with skew-transformed lag1-3 mean predictors,robustness_transform,linear_robustness,skew_transformed_main_predictors,env_patent_share_inventions,lag1_3_mean,AUT,Austria,2022,0.5074065,lasso_alpha_1,0.5074065,1.4904043860243679,-0.9829978860243679,0.9829978860243679,
robust_main_share_skew_transformed_lag1_3_mean,Share target with skew-transformed lag1-3 mean predictors,robustness_transform,linear_robustness,skew_transformed_main_predictors,env_patent_share_inventions,lag1_3_mean,BEL,Belgium,2022,0.4569935,lasso_alpha_1,0.4569935,1.5698936117896851,-1.112900111789685,1.112900111789685,
robust_main_share_skew_transformed_lag1_3_mean,Share target with skew-transformed lag1-3 mean predictors,robustness_transform,linear_robustness,skew_transformed_main_predictors,env_patent_share_inventions,lag1_3_mean,BGD,Bangladesh,2022,0.006684204,lasso_alpha_1,0.006684204,1.3265354853212636,-1.3198512813212637,1.3198512813212637,
robust_main_share_skew_transformed_lag1_3_mean,Share target with skew-transformed lag1-3 mean predictors,robustness_transform,linear_robustness,skew_transformed_main_predictors,env_patent_share_inventions,lag1_3_mean,BGR,Bulgaria,2022,0.01936982,lasso_alpha_1,0.01936982,0.6893274745320064,-0.6699576545320064,0.6699576545320064,
robust_main_share_skew_transformed_lag1_3_mean,Share target with skew-transformed lag1-3 mean predictors,robustness_transform,linear_robustness,skew_transformed_main_predictors,env_patent_share_inventions,lag1_3_mean,BHR,Bahrain,2022,0.002156195,lasso_alpha_1,0.002156195,0.49753492149427614,-0.4953787264942761,0.4953787264942761,
robust_main_share_skew_transformed_lag1_3_mean,Share target with skew-transformed lag1-3 mean predictors,robustness_transform,linear_robustness,skew_transformed_main_predictors,env_patent_share_inventions,lag1_3_mean,BIH,Bosnia and Herzegovina,2022,0.0005390487,lasso_alpha_1,0.0005390487,0.22984833735951382,-0.22930928865951383,0.22930928865951383,
robust_main_share_skew_transformed_lag1_3_mean,Share target with skew-transformed lag1-3 mean predictors,robustness_transform,linear_robustness,skew_transformed_main_predictors,env_patent_share_inventions,lag1_3_mean,BLR,Belarus,2022,0.002156195,lasso_alpha_1,0.002156195,0.7029082623133964,-0.7007520673133965,0.7007520673133965,
robust_main_share_skew_transformed_lag1_3_mean,Share target with skew-transformed lag1-3 mean predictors,robustness_transform,linear_robustness,skew_transformed_main_predictors,env_patent_share_inventions,lag1_3_mean,BOL,Bolivia,2022,0.0007187316,lasso_alpha_1,0.0007187316,0.49058233591110195,-0.48986360431110193,0.48986360431110193,
robust_main_share_skew_transformed_lag1_3_mean,Share target with skew-transformed lag1-3 mean predictors,robustness_transform,linear_robustness,skew_transformed_main_predictors,env_patent_share_inventions,lag1_3_mean,BRA,Brazil,2022,0.1441057,lasso_alpha_1,0.1441057,2.1082145365078624,-1.9641088365078625,1.9641088365078625,
robust_main_share_skew_transformed_lag1_3_mean,Share target with skew-transformed lag1-3 mean predictors,robustness_transform,linear_robustness,skew_transformed_main_predictors,env_patent_share_inventions,lag1_3_mean,BTN,Bhutan,2022,0.0007187316,lasso_alpha_1,0.0007187316,-0.5975057352296878,0.5982244668296878,0.5982244668296878,
robust_main_share_skew_transformed_lag1_3_mean,Share target with skew-transformed lag1-3 mean predictors,robustness_transform,linear_robustness,skew_transformed_main_predictors,env_patent_share_inventions,lag1_3_mean,CAN,Canada,2022,1.151103,lasso_alpha_1,1.151103,2.0759878320032072,-0.9248848320032073,0.9248848320032073,
robust_main_share_skew_transformed_lag1_3_mean,Share target with skew-transformed lag1-3 mean predictors,robustness_transform,linear_robustness,skew_transformed_main_predictors,env_patent_share_inventions,lag1_3_mean,CHE,Switzerland,2022,0.4045081,lasso_alpha_1,0.4045081,1.746477880010254,-1.3419697800102541,1.3419697800102541,
robust_main_share_skew_transformed_lag1_3_mean,Share target with skew-transformed lag1-3 mean predictors,robustness_transform,linear_robustness,skew_transformed_main_predictors,env_patent_share_inventions,lag1_3_mean,CHL,Chile,2022,0.03126482,lasso_alpha_1,0.03126482,1.3112793503589972,-1.2800145303589971,1.2800145303589971,
robust_main_share_skew_transformed_lag1_3_mean,Share target with skew-transformed lag1-3 mean predictors,robustness_transform,linear_robustness,skew_transformed_main_predictors,env_patent_share_inventions,lag1_3_mean,CHN,China,2022,36.75972,lasso_alpha_1,36.75972,2.9844749977995324,33.77524500220047,33.77524500220047,
robust_main_share_skew_transformed_lag1_3_mean,Share target with skew-transformed lag1-3 mean predictors,robustness_transform,linear_robustness,skew_transformed_main_predictors,env_patent_share_inventions,lag1_3_mean,CIV,Cote d'Ivoire,2022,0.001078097,lasso_alpha_1,0.001078097,0.712730837476138,-0.7116527404761379,0.7116527404761379,
robust_main_share_skew_transformed_lag1_3_mean,Share target with skew-transformed lag1-3 mean predictors,robustness_transform,linear_robustness,skew_transformed_main_predictors,env_patent_share_inventions,lag1_3_mean,CMR,Cameroon,2022,0.001796829,lasso_alpha_1,0.001796829,0.520115619114053,-0.518318790114053,0.518318790114053,
robust_main_share_skew_transformed_lag1_3_mean,Share target with skew-transformed lag1-3 mean predictors,robustness_transform,linear_robustness,skew_transformed_main_predictors,env_patent_share_inventions,lag1_3_mean,COL,Colombia,2022,0.04995184,lasso_alpha_1,0.04995184,1.3920972250737347,-1.3421453850737346,1.3421453850737346,
robust_main_share_skew_transformed_lag1_3_mean,Share target with skew-transformed lag1-3 mean predictors,robustness_transform,linear_robustness,skew_transformed_main_predictors,env_patent_share_inventions,lag1_3_mean,CPV,Cabo Verde,2022,0.002156195,lasso_alpha_1,0.002156195,-0.719734457512764,0.721890652512764,0.721890652512764,
robust_main_share_skew_transformed_lag1_3_mean,Share target with skew-transformed lag1-3 mean predictors,robustness_transform,linear_robustness,skew_transformed_main_predictors,env_patent_share_inventions,lag1_3_mean,CRI,Costa Rica,2022,0.00431239,lasso_alpha_1,0.00431239,0.7357424388084776,-0.7314300488084775,0.7314300488084775,
robust_main_share_skew_transformed_lag1_3_mean,Share target with skew-transformed lag1-3 mean predictors,robustness_transform,linear_robustness,skew_transformed_main_predictors,env_patent_share_inventions,lag1_3_mean,CYP,Cyprus,2022,0.02443687,lasso_alpha_1,0.02443687,0.35840177132533513,-0.33396490132533513,0.33396490132533513,
robust_main_share_skew_transformed_lag1_3_mean,Share target with skew-transformed lag1-3 mean predictors,robustness_transform,linear_robustness,skew_transformed_main_predictors,env_patent_share_inventions,lag1_3_mean,CZE,Czechia,2022,0.1217172,lasso_alpha_1,0.1217172,1.2277120495187273,-1.1059948495187273,1.1059948495187273,
robust_main_share_skew_transformed_lag1_3_mean,Share target with skew-transformed lag1-3 mean predictors,robustness_transform,linear_robustness,skew_transformed_main_predictors,env_patent_share_inventions,lag1_3_mean,DEU,Germany,2022,5.048269,lasso_alpha_1,5.048269,2.393712114389518,2.654556885610482,2.654556885610482,
robust_main_share_skew_transformed_lag1_3_mean,Share target with skew-transformed lag1-3 mean predictors,robustness_transform,linear_robustness,skew_transformed_main_predictors,env_patent_share_inventions,lag1_3_mean,DNK,Denmark,2022,0.756465,lasso_alpha_1,0.756465,1.4153936232542985,-0.6589286232542985,0.6589286232542985,
robust_main_share_skew_transformed_lag1_3_mean,Share target with skew-transformed lag1-3 mean predictors,robustness_transform,linear_robustness,skew_transformed_main_predictors,env_patent_share_inventions,lag1_3_mean,DZA,Algeria,2022,0.002695243,lasso_alpha_1,0.002695243,1.1989111518250841,-1.196215908825084,1.196215908825084,
robust_main_share_skew_transformed_lag1_3_mean,Share target with skew-transformed lag1-3 mean predictors,robustness_transform,linear_robustness,skew_transformed_main_predictors,env_patent_share_inventions,lag1_3_mean,ECU,Ecuador,2022,0.002695243,lasso_alpha_1,0.002695243,0.9185480588639405,-0.9158528158639405,0.9158528158639405,
robust_main_share_skew_transformed_lag1_3_mean,Share target with skew-transformed lag1-3 mean predictors,robustness_transform,linear_robustness,skew_transformed_main_predictors,env_patent_share_inventions,lag1_3_mean,EGY,"Egypt, Arab Rep.",2022,0.01635114,lasso_alpha_1,0.01635114,1.5002148377281554,-1.4838636977281554,1.4838636977281554,
robust_main_share_skew_transformed_lag1_3_mean,Share target with skew-transformed lag1-3 mean predictors,robustness_transform,linear_robustness,skew_transformed_main_predictors,env_patent_share_inventions,lag1_3_mean,ESP,Spain,2022,0.5145639,lasso_alpha_1,0.5145639,1.9606643580988894,-1.4461004580988894,1.4461004580988894,
robust_main_share_skew_transformed_lag1_3_mean,Share target with skew-transformed lag1-3 mean predictors,robustness_transform,linear_robustness,skew_transformed_main_predictors,env_patent_share_inventions,lag1_3_mean,EST,Estonia,2022,0.00431239,lasso_alpha_1,0.00431239,0.3874919093333352,-0.3831795193333352,0.3831795193333352,
robust_main_share_skew_transformed_lag1_3_mean,Share target with skew-transformed lag1-3 mean predictors,robustness_transform,linear_robustness,skew_transformed_main_predictors,env_patent_share_inventions,lag1_3_mean,ETH,Ethiopia,2022,0.002156195,lasso_alpha_1,0.002156195,0.8810689381459892,-0.8789127431459892,0.8789127431459892,
robust_main_share_skew_transformed_lag1_3_mean,Share target with skew-transformed lag1-3 mean predictors,robustness_transform,linear_robustness,skew_transformed_main_predictors,env_patent_share_inventions,lag1_3_mean,FIN,Finland,2022,0.3148763,lasso_alpha_1,0.3148763,1.2971471193170585,-0.9822708193170585,0.9822708193170585,
robust_main_share_skew_transformed_lag1_3_mean,Share target with skew-transformed lag1-3 mean predictors,robustness_transform,linear_robustness,skew_transformed_main_predictors,env_patent_share_inventions,lag1_3_mean,FRA,France,2022,1.679969,lasso_alpha_1,1.679969,2.2470415024850743,-0.5670725024850742,0.5670725024850742,
robust_main_share_skew_transformed_lag1_3_mean,Share target with skew-transformed lag1-3 mean predictors,robustness_transform,linear_robustness,skew_transformed_main_predictors,env_patent_share_inventions,lag1_3_mean,FRO,Faroe Islands,2022,0.001078097,lasso_alpha_1,0.001078097,-0.5349299877699532,0.5360080847699531,0.5360080847699531,
robust_main_share_skew_transformed_lag1_3_mean,Share target with skew-transformed lag1-3 mean predictors,robustness_transform,linear_robustness,skew_transformed_main_predictors,env_patent_share_inventions,lag1_3_mean,GBR,United Kingdom,2022,1.691451,lasso_alpha_1,1.691451,2.3242227587619038,-0.6327717587619037,0.6327717587619037,
robust_main_share_skew_transformed_lag1_3_mean,Share target with skew-transformed lag1-3 mean predictors,robustness_transform,linear_robustness,skew_transformed_main_predictors,env_patent_share_inventions,lag1_3_mean,GHA,Ghana,2022,0.003593658,lasso_alpha_1,0.003593658,0.733188686806844,-0.729595028806844,0.729595028806844,
robust_main_share_skew_transformed_lag1_3_mean,Share target with skew-transformed lag1-3 mean predictors,robustness_transform,linear_robustness,skew_transformed_main_predictors,env_patent_share_inventions,lag1_3_mean,GRC,Greece,2022,0.0394943,lasso_alpha_1,0.0394943,1.2005832921085506,-1.1610889921085505,1.1610889921085505,
robust_main_share_skew_transformed_lag1_3_mean,Share target with skew-transformed lag1-3 mean predictors,robustness_transform,linear_robustness,skew_transformed_main_predictors,env_patent_share_inventions,lag1_3_mean,GTM,Guatemala,2022,0.002156195,lasso_alpha_1,0.002156195,0.7819686243204602,-0.7798124293204602,0.7798124293204602,
robust_main_share_skew_transformed_lag1_3_mean,Share target with skew-transformed lag1-3 mean predictors,robustness_transform,linear_robustness,skew_transformed_main_predictors,env_patent_share_inventions,lag1_3_mean,HKG,"Hong Kong SAR, China",2022,0.07726365,lasso_alpha_1,0.07726365,1.4014130449298094,-1.3241493949298095,1.3241493949298095,
robust_main_share_skew_transformed_lag1_3_mean,Share target with skew-transformed lag1-3 mean predictors,robustness_transform,linear_robustness,skew_transformed_main_predictors,env_patent_share_inventions,lag1_3_mean,HRV,Croatia,2022,0.00934351,lasso_alpha_1,0.00934351,0.6859216651117399,-0.6765781551117399,0.6765781551117399,
robust_main_share_skew_transformed_lag1_3_mean,Share target with skew-transformed lag1-3 mean predictors,robustness_transform,linear_robustness,skew_transformed_main_predictors,env_patent_share_inventions,lag1_3_mean,HUN,Hungary,2022,0.0398896,lasso_alpha_1,0.0398896,1.0775055730122225,-1.0376159730122225,1.0376159730122225,
robust_main_share_skew_transformed_lag1_3_mean,Share target with skew-transformed lag1-3 mean predictors,robustness_transform,linear_robustness,skew_transformed_main_predictors,env_patent_share_inventions,lag1_3_mean,IDN,Indonesia,2022,0.0166027,lasso_alpha_1,0.0166027,1.8838642915634187,-1.8672615915634188,1.8672615915634188,
robust_main_share_skew_transformed_lag1_3_mean,Share target with skew-transformed lag1-3 mean predictors,robustness_transform,linear_robustness,skew_transformed_main_predictors,env_patent_share_inventions,lag1_3_mean,IND,India,2022,1.054487,lasso_alpha_1,1.054487,2.2681368805247133,-1.2136498805247133,1.2136498805247133,
robust_main_share_skew_transformed_lag1_3_mean,Share target with skew-transformed lag1-3 mean predictors,robustness_transform,linear_robustness,skew_transformed_main_predictors,env_patent_share_inventions,lag1_3_mean,IRL,Ireland,2022,0.07543088,lasso_alpha_1,0.07543088,1.5089617096876025,-1.4335308296876024,1.4335308296876024,
robust_main_share_skew_transformed_lag1_3_mean,Share target with skew-transformed lag1-3 mean predictors,robustness_transform,linear_robustness,skew_transformed_main_predictors,env_patent_share_inventions,lag1_3_mean,IRN,"Iran, Islamic Rep.",2022,0.03047422,lasso_alpha_1,0.03047422,1.5365418799152315,-1.5060676599152314,1.5060676599152314,
robust_main_share_skew_transformed_lag1_3_mean,Share target with skew-transformed lag1-3 mean predictors,robustness_transform,linear_robustness,skew_transformed_main_predictors,env_patent_share_inventions,lag1_3_mean,IRQ,Iraq,2022,0.0004312389,lasso_alpha_1,0.0004312389,1.1742465613870494,-1.1738153224870493,1.1738153224870493,
robust_main_share_skew_transformed_lag1_3_mean,Share target with skew-transformed lag1-3 mean predictors,robustness_transform,linear_robustness,skew_transformed_main_predictors,env_patent_share_inventions,lag1_3_mean,ISL,Iceland,2022,0.005031121,lasso_alpha_1,0.005031121,0.25668000347086084,-0.2516488824708608,0.2516488824708608,
robust_main_share_skew_transformed_lag1_3_mean,Share target with skew-transformed lag1-3 mean predictors,robustness_transform,linear_robustness,skew_transformed_main_predictors,env_patent_share_inventions,lag1_3_mean,ISR,Israel,2022,0.3257651,lasso_alpha_1,0.3257651,1.4480468436378957,-1.1222817436378958,1.1222817436378958,
robust_main_share_skew_transformed_lag1_3_mean,Share target with skew-transformed lag1-3 mean predictors,robustness_transform,linear_robustness,skew_transformed_main_predictors,env_patent_share_inventions,lag1_3_mean,ITA,Italy,2022,0.9751271,lasso_alpha_1,0.9751271,2.120037539249652,-1.144910439249652,1.144910439249652,
robust_main_share_skew_transformed_lag1_3_mean,Share target with skew-transformed lag1-3 mean predictors,robustness_transform,linear_robustness,skew_transformed_main_predictors,env_patent_share_inventions,lag1_3_mean,JOR,Jordan,2022,0.005031121,lasso_alpha_1,0.005031121,0.5616197226103179,-0.5565886016103179,0.5565886016103179,
robust_main_share_skew_transformed_lag1_3_mean,Share target with skew-transformed lag1-3 mean predictors,robustness_transform,linear_robustness,skew_transformed_main_predictors,env_patent_share_inventions,lag1_3_mean,JPN,Japan,2022,15.63018,lasso_alpha_1,15.63018,2.4810156897589613,13.149164310241037,13.149164310241037,
robust_main_share_skew_transformed_lag1_3_mean,Share target with skew-transformed lag1-3 mean predictors,robustness_transform,linear_robustness,skew_transformed_main_predictors,env_patent_share_inventions,lag1_3_mean,KAZ,Kazakhstan,2022,0.001617146,lasso_alpha_1,0.001617146,1.2241728835252799,-1.2225557375252798,1.2225557375252798,
robust_main_share_skew_transformed_lag1_3_mean,Share target with skew-transformed lag1-3 mean predictors,robustness_transform,linear_robustness,skew_transformed_main_predictors,env_patent_share_inventions,lag1_3_mean,KOR,"Korea, Rep.",2022,13.91118,lasso_alpha_1,13.91118,2.0953806566818853,11.815799343318115,11.815799343318115,
robust_main_share_skew_transformed_lag1_3_mean,Share target with skew-transformed lag1-3 mean predictors,robustness_transform,linear_robustness,skew_transformed_main_predictors,env_patent_share_inventions,lag1_3_mean,KWT,Kuwait,2022,0.002156195,lasso_alpha_1,0.002156195,0.9752286091140131,-0.9730724141140131,0.9730724141140131,
robust_main_share_skew_transformed_lag1_3_mean,Share target with skew-transformed lag1-3 mean predictors,robustness_transform,linear_robustness,skew_transformed_main_predictors,env_patent_share_inventions,lag1_3_mean,LBN,Lebanon,2022,0.007366999,lasso_alpha_1,0.007366999,0.5330995467982602,-0.5257325477982602,0.5257325477982602,
robust_main_share_skew_transformed_lag1_3_mean,Share target with skew-transformed lag1-3 mean predictors,robustness_transform,linear_robustness,skew_transformed_main_predictors,env_patent_share_inventions,lag1_3_mean,LKA,Sri Lanka,2022,0.001796829,lasso_alpha_1,0.001796829,0.898952423143334,-0.897155594143334,0.897155594143334,
robust_main_share_skew_transformed_lag1_3_mean,Share target with skew-transformed lag1-3 mean predictors,robustness_transform,linear_robustness,skew_transformed_main_predictors,env_patent_share_inventions,lag1_3_mean,LTU,Lithuania,2022,0.003234292,lasso_alpha_1,0.003234292,0.6335856135411735,-0.6303513215411735,0.6303513215411735,
robust_main_share_skew_transformed_lag1_3_mean,Share target with skew-transformed lag1-3 mean predictors,robustness_transform,linear_robustness,skew_transformed_main_predictors,env_patent_share_inventions,lag1_3_mean,LUX,Luxembourg,2022,0.03378038,lasso_alpha_1,0.03378038,0.7596022143132284,-0.7258218343132283,0.7258218343132283,
robust_main_share_skew_transformed_lag1_3_mean,Share target with skew-transformed lag1-3 mean predictors,robustness_transform,linear_robustness,skew_transformed_main_predictors,env_patent_share_inventions,lag1_3_mean,LVA,Latvia,2022,0.01751908,lasso_alpha_1,0.01751908,0.4135547711006098,-0.39603569110060977,0.39603569110060977,
robust_main_share_skew_transformed_lag1_3_mean,Share target with skew-transformed lag1-3 mean predictors,robustness_transform,linear_robustness,skew_transformed_main_predictors,env_patent_share_inventions,lag1_3_mean,MAC,"Macao SAR, China",2022,0.0007187316,lasso_alpha_1,0.0007187316,0.4765766163027002,-0.4758578847027002,0.4758578847027002,
robust_main_share_skew_transformed_lag1_3_mean,Share target with skew-transformed lag1-3 mean predictors,robustness_transform,linear_robustness,skew_transformed_main_predictors,env_patent_share_inventions,lag1_3_mean,MAR,Morocco,2022,0.02048385,lasso_alpha_1,0.02048385,0.9959581737056962,-0.9754743237056962,0.9754743237056962,
robust_main_share_skew_transformed_lag1_3_mean,Share target with skew-transformed lag1-3 mean predictors,robustness_transform,linear_robustness,skew_transformed_main_predictors,env_patent_share_inventions,lag1_3_mean,MEX,Mexico,2022,0.08678684,lasso_alpha_1,0.08678684,1.9499144525215837,-1.8631276125215837,1.8631276125215837,
robust_main_share_skew_transformed_lag1_3_mean,Share target with skew-transformed lag1-3 mean predictors,robustness_transform,linear_robustness,skew_transformed_main_predictors,env_patent_share_inventions,lag1_3_mean,MKD,North Macedonia,2022,0.0005390487,lasso_alpha_1,0.0005390487,0.010446662669280848,-0.00990761396928085,0.00990761396928085,
robust_main_share_skew_transformed_lag1_3_mean,Share target with skew-transformed lag1-3 mean predictors,robustness_transform,linear_robustness,skew_transformed_main_predictors,env_patent_share_inventions,lag1_3_mean,MLT,Malta,2022,0.003234292,lasso_alpha_1,0.003234292,0.14290229266489407,-0.13966800066489407,0.13966800066489407,
robust_main_share_skew_transformed_lag1_3_mean,Share target with skew-transformed lag1-3 mean predictors,robustness_transform,linear_robustness,skew_transformed_main_predictors,env_patent_share_inventions,lag1_3_mean,MYS,Malaysia,2022,0.04416605,lasso_alpha_1,0.04416605,1.4391417647053855,-1.3949757147053854,1.3949757147053854,
robust_main_share_skew_transformed_lag1_3_mean,Share target with skew-transformed lag1-3 mean predictors,robustness_transform,linear_robustness,skew_transformed_main_predictors,env_patent_share_inventions,lag1_3_mean,NER,Niger,2022,0.001078097,lasso_alpha_1,0.001078097,0.0651115452703479,-0.0640334482703479,0.0640334482703479,
robust_main_share_skew_transformed_lag1_3_mean,Share target with skew-transformed lag1-3 mean predictors,robustness_transform,linear_robustness,skew_transformed_main_predictors,env_patent_share_inventions,lag1_3_mean,NLD,Netherlands,2022,0.6497334,lasso_alpha_1,0.6497334,1.7976797391541566,-1.1479463391541564,1.1479463391541564,
robust_main_share_skew_transformed_lag1_3_mean,Share target with skew-transformed lag1-3 mean predictors,robustness_transform,linear_robustness,skew_transformed_main_predictors,env_patent_share_inventions,lag1_3_mean,NOR,Norway,2022,0.2596418,lasso_alpha_1,0.2596418,1.5002214463557118,-1.2405796463557117,1.2405796463557117,
robust_main_share_skew_transformed_lag1_3_mean,Share target with skew-transformed lag1-3 mean predictors,robustness_transform,linear_robustness,skew_transformed_main_predictors,env_patent_share_inventions,lag1_3_mean,NPL,Nepal,2022,0.002156195,lasso_alpha_1,0.002156195,0.43127540050855107,-0.42911920550855104,0.42911920550855104,
robust_main_share_skew_transformed_lag1_3_mean,Share target with skew-transformed lag1-3 mean predictors,robustness_transform,linear_robustness,skew_transformed_main_predictors,env_patent_share_inventions,lag1_3_mean,NZL,New Zealand,2022,0.07187316,lasso_alpha_1,0.07187316,1.2133446787932045,-1.1414715187932045,1.1414715187932045,
robust_main_share_skew_transformed_lag1_3_mean,Share target with skew-transformed lag1-3 mean predictors,robustness_transform,linear_robustness,skew_transformed_main_predictors,env_patent_share_inventions,lag1_3_mean,OMN,Oman,2022,0.00431239,lasso_alpha_1,0.00431239,0.8358541952026635,-0.8315418052026634,0.8315418052026634,
robust_main_share_skew_transformed_lag1_3_mean,Share target with skew-transformed lag1-3 mean predictors,robustness_transform,linear_robustness,skew_transformed_main_predictors,env_patent_share_inventions,lag1_3_mean,PAK,Pakistan,2022,0.009882559,lasso_alpha_1,0.009882559,1.4536938698379314,-1.4438113108379313,1.4438113108379313,
robust_main_share_skew_transformed_lag1_3_mean,Share target with skew-transformed lag1-3 mean predictors,robustness_transform,linear_robustness,skew_transformed_main_predictors,env_patent_share_inventions,lag1_3_mean,PAN,Panama,2022,0.0009702877,lasso_alpha_1,0.0009702877,0.7162214356661847,-0.7152511479661847,0.7152511479661847,
robust_main_share_skew_transformed_lag1_3_mean,Share target with skew-transformed lag1-3 mean predictors,robustness_transform,linear_robustness,skew_transformed_main_predictors,env_patent_share_inventions,lag1_3_mean,PER,Peru,2022,0.002156195,lasso_alpha_1,0.002156195,1.2189388420903648,-1.2167826470903649,1.2167826470903649,
robust_main_share_skew_transformed_lag1_3_mean,Share target with skew-transformed lag1-3 mean predictors,robustness_transform,linear_robustness,skew_transformed_main_predictors,env_patent_share_inventions,lag1_3_mean,PHL,Philippines,2022,0.01516524,lasso_alpha_1,0.01516524,1.4646837153011494,-1.4495184753011494,1.4495184753011494,
robust_main_share_skew_transformed_lag1_3_mean,Share target with skew-transformed lag1-3 mean predictors,robustness_transform,linear_robustness,skew_transformed_main_predictors,env_patent_share_inventions,lag1_3_mean,POL,Poland,2022,0.1628286,lasso_alpha_1,0.1628286,1.6430035092232522,-1.4801749092232521,1.4801749092232521,
robust_main_share_skew_transformed_lag1_3_mean,Share target with skew-transformed lag1-3 mean predictors,robustness_transform,linear_robustness,skew_transformed_main_predictors,env_patent_share_inventions,lag1_3_mean,PRI,Puerto Rico (US),2022,0.003234292,lasso_alpha_1,0.003234292,0.8918603537736876,-0.8886260617736875,0.8886260617736875,
robust_main_share_skew_transformed_lag1_3_mean,Share target with skew-transformed lag1-3 mean predictors,robustness_transform,linear_robustness,skew_transformed_main_predictors,env_patent_share_inventions,lag1_3_mean,PRT,Portugal,2022,0.06576394,lasso_alpha_1,0.06576394,1.2299240229198873,-1.1641600829198873,1.1641600829198873,
robust_main_share_skew_transformed_lag1_3_mean,Share target with skew-transformed lag1-3 mean predictors,robustness_transform,linear_robustness,skew_transformed_main_predictors,env_patent_share_inventions,lag1_3_mean,QAT,Qatar,2022,0.00431239,lasso_alpha_1,0.00431239,1.1221631846041518,-1.1178507946041518,1.1178507946041518,
robust_main_share_skew_transformed_lag1_3_mean,Share target with skew-transformed lag1-3 mean predictors,robustness_transform,linear_robustness,skew_transformed_main_predictors,env_patent_share_inventions,lag1_3_mean,ROU,Romania,2022,0.02371814,lasso_alpha_1,0.02371814,1.2339433173476024,-1.2102251773476025,1.2102251773476025,
robust_main_share_skew_transformed_lag1_3_mean,Share target with skew-transformed lag1-3 mean predictors,robustness_transform,linear_robustness,skew_transformed_main_predictors,env_patent_share_inventions,lag1_3_mean,RUS,Russian Federation,2022,0.1397933,lasso_alpha_1,0.1397933,2.021337735839674,-1.881544435839674,1.881544435839674,
robust_main_share_skew_transformed_lag1_3_mean,Share target with skew-transformed lag1-3 mean predictors,robustness_transform,linear_robustness,skew_transformed_main_predictors,env_patent_share_inventions,lag1_3_mean,SAU,Saudi Arabia,2022,0.132606,lasso_alpha_1,0.132606,1.7439639838919723,-1.6113579838919723,1.6113579838919723,
robust_main_share_skew_transformed_lag1_3_mean,Share target with skew-transformed lag1-3 mean predictors,robustness_transform,linear_robustness,skew_transformed_main_predictors,env_patent_share_inventions,lag1_3_mean,SGP,Singapore,2022,0.1973278,lasso_alpha_1,0.1973278,1.4354061428951446,-1.2380783428951445,1.2380783428951445,
robust_main_share_skew_transformed_lag1_3_mean,Share target with skew-transformed lag1-3 mean predictors,robustness_transform,linear_robustness,skew_transformed_main_predictors,env_patent_share_inventions,lag1_3_mean,SMR,San Marino,2022,0.002156195,lasso_alpha_1,0.002156195,-0.8066295440126106,0.8087857390126105,0.8087857390126105,
robust_main_share_skew_transformed_lag1_3_mean,Share target with skew-transformed lag1-3 mean predictors,robustness_transform,linear_robustness,skew_transformed_main_predictors,env_patent_share_inventions,lag1_3_mean,SRB,Serbia,2022,0.00934351,lasso_alpha_1,0.00934351,0.6220122900180235,-0.6126687800180235,0.6126687800180235,
robust_main_share_skew_transformed_lag1_3_mean,Share target with skew-transformed lag1-3 mean predictors,robustness_transform,linear_robustness,skew_transformed_main_predictors,env_patent_share_inventions,lag1_3_mean,SVK,Slovak Republic,2022,0.02120258,lasso_alpha_1,0.02120258,0.9166645301191148,-0.8954619501191148,0.8954619501191148,
robust_main_share_skew_transformed_lag1_3_mean,Share target with skew-transformed lag1-3 mean predictors,robustness_transform,linear_robustness,skew_transformed_main_predictors,env_patent_share_inventions,lag1_3_mean,SVN,Slovenia,2022,0.02677275,lasso_alpha_1,0.02677275,0.6329917154162241,-0.6062189654162241,0.6062189654162241,
robust_main_share_skew_transformed_lag1_3_mean,Share target with skew-transformed lag1-3 mean predictors,robustness_transform,linear_robustness,skew_transformed_main_predictors,env_patent_share_inventions,lag1_3_mean,SWE,Sweden,2022,0.8673653,lasso_alpha_1,0.8673653,1.6169552521525046,-0.7495899521525046,0.7495899521525046,
robust_main_share_skew_transformed_lag1_3_mean,Share target with skew-transformed lag1-3 mean predictors,robustness_transform,linear_robustness,skew_transformed_main_predictors,env_patent_share_inventions,lag1_3_mean,SYR,Syrian Arab Republic,2022,0.002335878,lasso_alpha_1,0.002335878,0.15755212914738936,-0.15521625114738935,0.15521625114738935,
robust_main_share_skew_transformed_lag1_3_mean,Share target with skew-transformed lag1-3 mean predictors,robustness_transform,linear_robustness,skew_transformed_main_predictors,env_patent_share_inventions,lag1_3_mean,THA,Thailand,2022,0.01689019,lasso_alpha_1,0.01689019,1.5308407501810573,-1.5139505601810572,1.5139505601810572,
robust_main_share_skew_transformed_lag1_3_mean,Share target with skew-transformed lag1-3 mean predictors,robustness_transform,linear_robustness,skew_transformed_main_predictors,env_patent_share_inventions,lag1_3_mean,TKM,Turkmenistan,2022,0.00431239,lasso_alpha_1,0.00431239,0.6206514119970097,-0.6163390219970096,0.6163390219970096,
robust_main_share_skew_transformed_lag1_3_mean,Share target with skew-transformed lag1-3 mean predictors,robustness_transform,linear_robustness,skew_transformed_main_predictors,env_patent_share_inventions,lag1_3_mean,TUN,Tunisia,2022,0.001078097,lasso_alpha_1,0.001078097,0.6083477638455872,-0.6072696668455873,0.6072696668455873,
robust_main_share_skew_transformed_lag1_3_mean,Share target with skew-transformed lag1-3 mean predictors,robustness_transform,linear_robustness,skew_transformed_main_predictors,env_patent_share_inventions,lag1_3_mean,TUR,Turkiye,2022,0.2866661,lasso_alpha_1,0.2866661,1.8899884098285573,-1.6033223098285574,1.6033223098285574,
robust_main_share_skew_transformed_lag1_3_mean,Share target with skew-transformed lag1-3 mean predictors,robustness_transform,linear_robustness,skew_transformed_main_predictors,env_patent_share_inventions,lag1_3_mean,UKR,Ukraine,2022,0.01958544,lasso_alpha_1,0.01958544,0.9202163071569691,-0.9006308671569692,0.9006308671569692,
robust_main_share_skew_transformed_lag1_3_mean,Share target with skew-transformed lag1-3 mean predictors,robustness_transform,linear_robustness,skew_transformed_main_predictors,env_patent_share_inventions,lag1_3_mean,URY,Uruguay,2022,0.005390487,lasso_alpha_1,0.005390487,0.6973637918147548,-0.6919733048147548,0.6919733048147548,
robust_main_share_skew_transformed_lag1_3_mean,Share target with skew-transformed lag1-3 mean predictors,robustness_transform,linear_robustness,skew_transformed_main_predictors,env_patent_share_inventions,lag1_3_mean,USA,United States,2022,12.35069,lasso_alpha_1,12.35069,3.0998632010131524,9.250826798986848,9.250826798986848,
robust_main_share_skew_transformed_lag1_3_mean,Share target with skew-transformed lag1-3 mean predictors,robustness_transform,linear_robustness,skew_transformed_main_predictors,env_patent_share_inventions,lag1_3_mean,UZB,Uzbekistan,2022,0.001078097,lasso_alpha_1,0.001078097,0.9627862105800544,-0.9617081135800545,0.9617081135800545,
robust_main_share_skew_transformed_lag1_3_mean,Share target with skew-transformed lag1-3 mean predictors,robustness_transform,linear_robustness,skew_transformed_main_predictors,env_patent_share_inventions,lag1_3_mean,VEN,"Venezuela, RB",2022,0.003593658,lasso_alpha_1,0.003593658,0.5507342554843899,-0.5471405974843899,0.5471405974843899,
robust_main_share_skew_transformed_lag1_3_mean,Share target with skew-transformed lag1-3 mean predictors,robustness_transform,linear_robustness,skew_transformed_main_predictors,env_patent_share_inventions,lag1_3_mean,VNM,Viet Nam,2022,0.02414938,lasso_alpha_1,0.02414938,1.4010501056859974,-1.3769007256859973,1.3769007256859973,
robust_main_share_skew_transformed_lag1_3_mean,Share target with skew-transformed lag1-3 mean predictors,robustness_transform,linear_robustness,skew_transformed_main_predictors,env_patent_share_inventions,lag1_3_mean,ZAF,South Africa,2022,0.04779565,lasso_alpha_1,0.04779565,1.4333293414967463,-1.3855336914967462,1.3855336914967462,
robust_main_share_skew_transformed_lag1_3_mean,Share target with skew-transformed lag1-3 mean predictors,robustness_transform,linear_robustness,skew_transformed_main_predictors,env_patent_share_inventions,lag1_3_mean,ZWE,Zimbabwe,2022,0.0007187316,lasso_alpha_1,0.0007187316,0.2602783730229181,-0.2595596414229181,0.2595596414229181,
robust_main_share_skew_transformed_lag1_3_mean,Share target with skew-transformed lag1-3 mean predictors,robustness_transform,linear_robustness,skew_transformed_main_predictors,env_patent_share_inventions,lag1_3_mean,ALB,Albania,2023,0.0007706951,lasso_alpha_1,0.0007706951,0.09683072840505325,-0.09606003330505325,0.09606003330505325,
robust_main_share_skew_transformed_lag1_3_mean,Share target with skew-transformed lag1-3 mean predictors,robustness_transform,linear_robustness,skew_transformed_main_predictors,env_patent_share_inventions,lag1_3_mean,ARE,United Arab Emirates,2023,0.03206092,lasso_alpha_1,0.03206092,1.4840061183891002,-1.4519451983891003,1.4519451983891003,
robust_main_share_skew_transformed_lag1_3_mean,Share target with skew-transformed lag1-3 mean predictors,robustness_transform,linear_robustness,skew_transformed_main_predictors,env_patent_share_inventions,lag1_3_mean,ARG,Argentina,2023,0.01329449,lasso_alpha_1,0.01329449,1.6279338564049493,-1.6146393664049492,1.6146393664049492,
robust_main_share_skew_transformed_lag1_3_mean,Share target with skew-transformed lag1-3 mean predictors,robustness_transform,linear_robustness,skew_transformed_main_predictors,env_patent_share_inventions,lag1_3_mean,ARM,Armenia,2023,0.005780213,lasso_alpha_1,0.005780213,0.07715909295751011,-0.0713788799575101,0.0713788799575101,
robust_main_share_skew_transformed_lag1_3_mean,Share target with skew-transformed lag1-3 mean predictors,robustness_transform,linear_robustness,skew_transformed_main_predictors,env_patent_share_inventions,lag1_3_mean,ATG,Antigua and Barbuda,2023,0.001156043,lasso_alpha_1,0.001156043,-0.8104688010416154,0.8116248440416155,0.8116248440416155,
robust_main_share_skew_transformed_lag1_3_mean,Share target with skew-transformed lag1-3 mean predictors,robustness_transform,linear_robustness,skew_transformed_main_predictors,env_patent_share_inventions,lag1_3_mean,AUS,Australia,2023,0.4618776,lasso_alpha_1,0.4618776,2.0420228683170834,-1.5801452683170834,1.5801452683170834,
robust_main_share_skew_transformed_lag1_3_mean,Share target with skew-transformed lag1-3 mean predictors,robustness_transform,linear_robustness,skew_transformed_main_predictors,env_patent_share_inventions,lag1_3_mean,AUT,Austria,2023,0.4801606,lasso_alpha_1,0.4801606,1.4953505167760088,-1.0151899167760088,1.0151899167760088,
robust_main_share_skew_transformed_lag1_3_mean,Share target with skew-transformed lag1-3 mean predictors,robustness_transform,linear_robustness,skew_transformed_main_predictors,env_patent_share_inventions,lag1_3_mean,AZE,Azerbaijan,2023,0.006936256,lasso_alpha_1,0.006936256,0.6656857023403281,-0.6587494463403281,0.6587494463403281,
robust_main_share_skew_transformed_lag1_3_mean,Share target with skew-transformed lag1-3 mean predictors,robustness_transform,linear_robustness,skew_transformed_main_predictors,env_patent_share_inventions,lag1_3_mean,BEL,Belgium,2023,0.4136321,lasso_alpha_1,0.4136321,1.5769955209024045,-1.1633634209024044,1.1633634209024044,
robust_main_share_skew_transformed_lag1_3_mean,Share target with skew-transformed lag1-3 mean predictors,robustness_transform,linear_robustness,skew_transformed_main_predictors,env_patent_share_inventions,lag1_3_mean,BFA,Burkina Faso,2023,0.001156043,lasso_alpha_1,0.001156043,0.16799102809452415,-0.16683498509452416,0.16683498509452416,
robust_main_share_skew_transformed_lag1_3_mean,Share target with skew-transformed lag1-3 mean predictors,robustness_transform,linear_robustness,skew_transformed_main_predictors,env_patent_share_inventions,lag1_3_mean,BGD,Bangladesh,2023,0.001156043,lasso_alpha_1,0.001156043,1.3500419147608786,-1.3488858717608787,1.3488858717608787,
robust_main_share_skew_transformed_lag1_3_mean,Share target with skew-transformed lag1-3 mean predictors,robustness_transform,linear_robustness,skew_transformed_main_predictors,env_patent_share_inventions,lag1_3_mean,BGR,Bulgaria,2023,0.01202284,lasso_alpha_1,0.01202284,0.7010504250086531,-0.6890275850086531,0.6890275850086531,
robust_main_share_skew_transformed_lag1_3_mean,Share target with skew-transformed lag1-3 mean predictors,robustness_transform,linear_robustness,skew_transformed_main_predictors,env_patent_share_inventions,lag1_3_mean,BHS,"Bahamas, The",2023,0.002312085,lasso_alpha_1,0.002312085,0.02466687734725992,-0.02235479234725992,0.02235479234725992,
robust_main_share_skew_transformed_lag1_3_mean,Share target with skew-transformed lag1-3 mean predictors,robustness_transform,linear_robustness,skew_transformed_main_predictors,env_patent_share_inventions,lag1_3_mean,BOL,Bolivia,2023,0.004238823,lasso_alpha_1,0.004238823,0.49004902121890975,-0.48581019821890975,0.48581019821890975,
robust_main_share_skew_transformed_lag1_3_mean,Share target with skew-transformed lag1-3 mean predictors,robustness_transform,linear_robustness,skew_transformed_main_predictors,env_patent_share_inventions,lag1_3_mean,BRA,Brazil,2023,0.1532527,lasso_alpha_1,0.1532527,2.114221349430712,-1.9609686494307121,1.9609686494307121,
robust_main_share_skew_transformed_lag1_3_mean,Share target with skew-transformed lag1-3 mean predictors,robustness_transform,linear_robustness,skew_transformed_main_predictors,env_patent_share_inventions,lag1_3_mean,CAN,Canada,2023,0.8605196,lasso_alpha_1,0.8605196,2.082648096118386,-1.222128496118386,1.222128496118386,
robust_main_share_skew_transformed_lag1_3_mean,Share target with skew-transformed lag1-3 mean predictors,robustness_transform,linear_robustness,skew_transformed_main_predictors,env_patent_share_inventions,lag1_3_mean,CHE,Switzerland,2023,0.4411294,lasso_alpha_1,0.4411294,1.7551814209286873,-1.3140520209286874,1.3140520209286874,
robust_main_share_skew_transformed_lag1_3_mean,Share target with skew-transformed lag1-3 mean predictors,robustness_transform,linear_robustness,skew_transformed_main_predictors,env_patent_share_inventions,lag1_3_mean,CHL,Chile,2023,0.05549005,lasso_alpha_1,0.05549005,1.3204465883720768,-1.2649565383720769,1.2649565383720769,
robust_main_share_skew_transformed_lag1_3_mean,Share target with skew-transformed lag1-3 mean predictors,robustness_transform,linear_robustness,skew_transformed_main_predictors,env_patent_share_inventions,lag1_3_mean,CHN,China,2023,38.42308,lasso_alpha_1,38.42308,3.0031839715782107,35.41989602842179,35.41989602842179,
robust_main_share_skew_transformed_lag1_3_mean,Share target with skew-transformed lag1-3 mean predictors,robustness_transform,linear_robustness,skew_transformed_main_predictors,env_patent_share_inventions,lag1_3_mean,CIV,Cote d'Ivoire,2023,0.0007706951,lasso_alpha_1,0.0007706951,0.7318840209559517,-0.7311133258559517,0.7311133258559517,
robust_main_share_skew_transformed_lag1_3_mean,Share target with skew-transformed lag1-3 mean predictors,robustness_transform,linear_robustness,skew_transformed_main_predictors,env_patent_share_inventions,lag1_3_mean,COL,Colombia,2023,0.02127118,lasso_alpha_1,0.02127118,1.4062779906303973,-1.3850068106303972,1.3850068106303972,
robust_main_share_skew_transformed_lag1_3_mean,Share target with skew-transformed lag1-3 mean predictors,robustness_transform,linear_robustness,skew_transformed_main_predictors,env_patent_share_inventions,lag1_3_mean,CUB,Cuba,2023,0.002312085,lasso_alpha_1,0.002312085,0.8375803819510101,-0.8352682969510101,0.8352682969510101,
robust_main_share_skew_transformed_lag1_3_mean,Share target with skew-transformed lag1-3 mean predictors,robustness_transform,linear_robustness,skew_transformed_main_predictors,env_patent_share_inventions,lag1_3_mean,CYP,Cyprus,2023,0.03872743,lasso_alpha_1,0.03872743,0.3803853605355445,-0.3416579305355445,0.3416579305355445,
robust_main_share_skew_transformed_lag1_3_mean,Share target with skew-transformed lag1-3 mean predictors,robustness_transform,linear_robustness,skew_transformed_main_predictors,env_patent_share_inventions,lag1_3_mean,CZE,Czechia,2023,0.118687,lasso_alpha_1,0.118687,1.2295520664168218,-1.1108650664168218,1.1108650664168218,
robust_main_share_skew_transformed_lag1_3_mean,Share target with skew-transformed lag1-3 mean predictors,robustness_transform,linear_robustness,skew_transformed_main_predictors,env_patent_share_inventions,lag1_3_mean,DEU,Germany,2023,5.323825,lasso_alpha_1,5.323825,2.3956815723784137,2.9281434276215865,2.9281434276215865,
robust_main_share_skew_transformed_lag1_3_mean,Share target with skew-transformed lag1-3 mean predictors,robustness_transform,linear_robustness,skew_transformed_main_predictors,env_patent_share_inventions,lag1_3_mean,DNK,Denmark,2023,0.7307345,lasso_alpha_1,0.7307345,1.4222183169524234,-0.6914838169524234,0.6914838169524234,
robust_main_share_skew_transformed_lag1_3_mean,Share target with skew-transformed lag1-3 mean predictors,robustness_transform,linear_robustness,skew_transformed_main_predictors,env_patent_share_inventions,lag1_3_mean,DZA,Algeria,2023,0.002890107,lasso_alpha_1,0.002890107,1.201924634378402,-1.199034527378402,1.199034527378402,
robust_main_share_skew_transformed_lag1_3_mean,Share target with skew-transformed lag1-3 mean predictors,robustness_transform,linear_robustness,skew_transformed_main_predictors,env_patent_share_inventions,lag1_3_mean,EGY,"Egypt, Arab Rep.",2023,0.009441015,lasso_alpha_1,0.009441015,1.5183510617009,-1.5089100467009,1.5089100467009,
robust_main_share_skew_transformed_lag1_3_mean,Share target with skew-transformed lag1-3 mean predictors,robustness_transform,linear_robustness,skew_transformed_main_predictors,env_patent_share_inventions,lag1_3_mean,ESP,Spain,2023,0.4860224,lasso_alpha_1,0.4860224,1.9622021199324373,-1.4761797199324374,1.4761797199324374,
robust_main_share_skew_transformed_lag1_3_mean,Share target with skew-transformed lag1-3 mean predictors,robustness_transform,linear_robustness,skew_transformed_main_predictors,env_patent_share_inventions,lag1_3_mean,EST,Estonia,2023,0.01271647,lasso_alpha_1,0.01271647,0.3926876470777989,-0.3799711770777989,0.3799711770777989,
robust_main_share_skew_transformed_lag1_3_mean,Share target with skew-transformed lag1-3 mean predictors,robustness_transform,linear_robustness,skew_transformed_main_predictors,env_patent_share_inventions,lag1_3_mean,ETH,Ethiopia,2023,0.005780213,lasso_alpha_1,0.005780213,0.9037057573328006,-0.8979255443328006,0.8979255443328006,
robust_main_share_skew_transformed_lag1_3_mean,Share target with skew-transformed lag1-3 mean predictors,robustness_transform,linear_robustness,skew_transformed_main_predictors,env_patent_share_inventions,lag1_3_mean,FIN,Finland,2023,0.378583,lasso_alpha_1,0.378583,1.2983645057677888,-0.9197815057677888,0.9197815057677888,
robust_main_share_skew_transformed_lag1_3_mean,Share target with skew-transformed lag1-3 mean predictors,robustness_transform,linear_robustness,skew_transformed_main_predictors,env_patent_share_inventions,lag1_3_mean,FRA,France,2023,2.193091,lasso_alpha_1,2.193091,2.2493163304079595,-0.05622533040795963,0.05622533040795963,
robust_main_share_skew_transformed_lag1_3_mean,Share target with skew-transformed lag1-3 mean predictors,robustness_transform,linear_robustness,skew_transformed_main_predictors,env_patent_share_inventions,lag1_3_mean,GBR,United Kingdom,2023,1.668825,lasso_alpha_1,1.668825,2.328014839483548,-0.659189839483548,0.659189839483548,
robust_main_share_skew_transformed_lag1_3_mean,Share target with skew-transformed lag1-3 mean predictors,robustness_transform,linear_robustness,skew_transformed_main_predictors,env_patent_share_inventions,lag1_3_mean,GEO,Georgia,2023,0.002312085,lasso_alpha_1,0.002312085,0.24127477615169346,-0.23896269115169347,0.23896269115169347,
robust_main_share_skew_transformed_lag1_3_mean,Share target with skew-transformed lag1-3 mean predictors,robustness_transform,linear_robustness,skew_transformed_main_predictors,env_patent_share_inventions,lag1_3_mean,GHA,Ghana,2023,0.003468128,lasso_alpha_1,0.003468128,0.7459292106351105,-0.7424610826351106,0.7424610826351106,
robust_main_share_skew_transformed_lag1_3_mean,Share target with skew-transformed lag1-3 mean predictors,robustness_transform,linear_robustness,skew_transformed_main_predictors,env_patent_share_inventions,lag1_3_mean,GRC,Greece,2023,0.0370319,lasso_alpha_1,0.0370319,1.2063804875268465,-1.1693485875268466,1.1693485875268466,
robust_main_share_skew_transformed_lag1_3_mean,Share target with skew-transformed lag1-3 mean predictors,robustness_transform,linear_robustness,skew_transformed_main_predictors,env_patent_share_inventions,lag1_3_mean,GTM,Guatemala,2023,0.002312085,lasso_alpha_1,0.002312085,0.7959836196556709,-0.7936715346556709,0.7936715346556709,
robust_main_share_skew_transformed_lag1_3_mean,Share target with skew-transformed lag1-3 mean predictors,robustness_transform,linear_robustness,skew_transformed_main_predictors,env_patent_share_inventions,lag1_3_mean,HKG,"Hong Kong SAR, China",2023,0.08130834,lasso_alpha_1,0.08130834,1.3955075656980696,-1.3141992256980695,1.3141992256980695,
robust_main_share_skew_transformed_lag1_3_mean,Share target with skew-transformed lag1-3 mean predictors,robustness_transform,linear_robustness,skew_transformed_main_predictors,env_patent_share_inventions,lag1_3_mean,HRV,Croatia,2023,0.02196481,lasso_alpha_1,0.02196481,0.7007125990559523,-0.6787477890559523,0.6787477890559523,
robust_main_share_skew_transformed_lag1_3_mean,Share target with skew-transformed lag1-3 mean predictors,robustness_transform,linear_robustness,skew_transformed_main_predictors,env_patent_share_inventions,lag1_3_mean,HUN,Hungary,2023,0.04990251,lasso_alpha_1,0.04990251,1.086814993436273,-1.036912483436273,1.036912483436273,
robust_main_share_skew_transformed_lag1_3_mean,Share target with skew-transformed lag1-3 mean predictors,robustness_transform,linear_robustness,skew_transformed_main_predictors,env_patent_share_inventions,lag1_3_mean,IDN,Indonesia,2023,0.02235016,lasso_alpha_1,0.02235016,1.8932972374414987,-1.8709470774414987,1.8709470774414987,
robust_main_share_skew_transformed_lag1_3_mean,Share target with skew-transformed lag1-3 mean predictors,robustness_transform,linear_robustness,skew_transformed_main_predictors,env_patent_share_inventions,lag1_3_mean,IND,India,2023,0.9509992,lasso_alpha_1,0.9509992,2.2833489284127673,-1.3323497284127672,1.3323497284127672,
robust_main_share_skew_transformed_lag1_3_mean,Share target with skew-transformed lag1-3 mean predictors,robustness_transform,linear_robustness,skew_transformed_main_predictors,env_patent_share_inventions,lag1_3_mean,IRL,Ireland,2023,0.113639,lasso_alpha_1,0.113639,1.5490016053319526,-1.4353626053319526,1.4353626053319526,
robust_main_share_skew_transformed_lag1_3_mean,Share target with skew-transformed lag1-3 mean predictors,robustness_transform,linear_robustness,skew_transformed_main_predictors,env_patent_share_inventions,lag1_3_mean,IRN,"Iran, Islamic Rep.",2023,0.02181067,lasso_alpha_1,0.02181067,1.5538797045727364,-1.5320690345727364,1.5320690345727364,
robust_main_share_skew_transformed_lag1_3_mean,Share target with skew-transformed lag1-3 mean predictors,robustness_transform,linear_robustness,skew_transformed_main_predictors,env_patent_share_inventions,lag1_3_mean,IRQ,Iraq,2023,0.0009248341,lasso_alpha_1,0.0009248341,1.1688592196393046,-1.1679343855393045,1.1679343855393045,
robust_main_share_skew_transformed_lag1_3_mean,Share target with skew-transformed lag1-3 mean predictors,robustness_transform,linear_robustness,skew_transformed_main_predictors,env_patent_share_inventions,lag1_3_mean,ISL,Iceland,2023,0.007706951,lasso_alpha_1,0.007706951,0.26623018674395715,-0.25852323574395714,0.25852323574395714,
robust_main_share_skew_transformed_lag1_3_mean,Share target with skew-transformed lag1-3 mean predictors,robustness_transform,linear_robustness,skew_transformed_main_predictors,env_patent_share_inventions,lag1_3_mean,ISR,Israel,2023,0.2640401,lasso_alpha_1,0.2640401,1.4663471371206467,-1.2023070371206468,1.2023070371206468,
robust_main_share_skew_transformed_lag1_3_mean,Share target with skew-transformed lag1-3 mean predictors,robustness_transform,linear_robustness,skew_transformed_main_predictors,env_patent_share_inventions,lag1_3_mean,ITA,Italy,2023,0.9510773,lasso_alpha_1,0.9510773,2.1257412485100726,-1.1746639485100725,1.1746639485100725,
robust_main_share_skew_transformed_lag1_3_mean,Share target with skew-transformed lag1-3 mean predictors,robustness_transform,linear_robustness,skew_transformed_main_predictors,env_patent_share_inventions,lag1_3_mean,JOR,Jordan,2023,0.003986596,lasso_alpha_1,0.003986596,0.5686878476394235,-0.5647012516394235,0.5647012516394235,
robust_main_share_skew_transformed_lag1_3_mean,Share target with skew-transformed lag1-3 mean predictors,robustness_transform,linear_robustness,skew_transformed_main_predictors,env_patent_share_inventions,lag1_3_mean,JPN,Japan,2023,12.35528,lasso_alpha_1,12.35528,2.480095922726556,9.875184077273445,9.875184077273445,
robust_main_share_skew_transformed_lag1_3_mean,Share target with skew-transformed lag1-3 mean predictors,robustness_transform,linear_robustness,skew_transformed_main_predictors,env_patent_share_inventions,lag1_3_mean,KAZ,Kazakhstan,2023,0.001156043,lasso_alpha_1,0.001156043,1.2309147798591429,-1.229758736859143,1.229758736859143,
robust_main_share_skew_transformed_lag1_3_mean,Share target with skew-transformed lag1-3 mean predictors,robustness_transform,linear_robustness,skew_transformed_main_predictors,env_patent_share_inventions,lag1_3_mean,KEN,Kenya,2023,0.002312085,lasso_alpha_1,0.002312085,0.8736310284664072,-0.8713189434664071,0.8713189434664071,
robust_main_share_skew_transformed_lag1_3_mean,Share target with skew-transformed lag1-3 mean predictors,robustness_transform,linear_robustness,skew_transformed_main_predictors,env_patent_share_inventions,lag1_3_mean,KOR,"Korea, Rep.",2023,17.64583,lasso_alpha_1,17.64583,2.1043858080374362,15.541444191962563,15.541444191962563,
robust_main_share_skew_transformed_lag1_3_mean,Share target with skew-transformed lag1-3 mean predictors,robustness_transform,linear_robustness,skew_transformed_main_predictors,env_patent_share_inventions,lag1_3_mean,KWT,Kuwait,2023,0.0007706951,lasso_alpha_1,0.0007706951,0.9798704024379873,-0.9790997073379872,0.9790997073379872,
robust_main_share_skew_transformed_lag1_3_mean,Share target with skew-transformed lag1-3 mean predictors,robustness_transform,linear_robustness,skew_transformed_main_predictors,env_patent_share_inventions,lag1_3_mean,LAO,Lao PDR,2023,0.001156043,lasso_alpha_1,0.001156043,0.23680783399533478,-0.2356517909953348,0.2356517909953348,
robust_main_share_skew_transformed_lag1_3_mean,Share target with skew-transformed lag1-3 mean predictors,robustness_transform,linear_robustness,skew_transformed_main_predictors,env_patent_share_inventions,lag1_3_mean,LBN,Lebanon,2023,0.01123113,lasso_alpha_1,0.01123113,0.4857922919344846,-0.4745611619344846,0.4745611619344846,
robust_main_share_skew_transformed_lag1_3_mean,Share target with skew-transformed lag1-3 mean predictors,robustness_transform,linear_robustness,skew_transformed_main_predictors,env_patent_share_inventions,lag1_3_mean,LKA,Sri Lanka,2023,0.007321603,lasso_alpha_1,0.007321603,0.8877604167807568,-0.8804388137807568,0.8804388137807568,
robust_main_share_skew_transformed_lag1_3_mean,Share target with skew-transformed lag1-3 mean predictors,robustness_transform,linear_robustness,skew_transformed_main_predictors,env_patent_share_inventions,lag1_3_mean,LTU,Lithuania,2023,0.006936256,lasso_alpha_1,0.006936256,0.6456498645180442,-0.6387136085180442,0.6387136085180442,
robust_main_share_skew_transformed_lag1_3_mean,Share target with skew-transformed lag1-3 mean predictors,robustness_transform,linear_robustness,skew_transformed_main_predictors,env_patent_share_inventions,lag1_3_mean,LUX,Luxembourg,2023,0.02601096,lasso_alpha_1,0.02601096,0.7665552571606793,-0.7405442971606793,0.7405442971606793,
robust_main_share_skew_transformed_lag1_3_mean,Share target with skew-transformed lag1-3 mean predictors,robustness_transform,linear_robustness,skew_transformed_main_predictors,env_patent_share_inventions,lag1_3_mean,LVA,Latvia,2023,0.004624171,lasso_alpha_1,0.004624171,0.42062924295314397,-0.41600507195314396,0.41600507195314396,
robust_main_share_skew_transformed_lag1_3_mean,Share target with skew-transformed lag1-3 mean predictors,robustness_transform,linear_robustness,skew_transformed_main_predictors,env_patent_share_inventions,lag1_3_mean,MAR,Morocco,2023,0.02011614,lasso_alpha_1,0.02011614,0.9990466906387627,-0.9789305506387628,0.9789305506387628,
robust_main_share_skew_transformed_lag1_3_mean,Share target with skew-transformed lag1-3 mean predictors,robustness_transform,linear_robustness,skew_transformed_main_predictors,env_patent_share_inventions,lag1_3_mean,MEX,Mexico,2023,0.0551047,lasso_alpha_1,0.0551047,1.9510440118718748,-1.8959393118718748,1.8959393118718748,
robust_main_share_skew_transformed_lag1_3_mean,Share target with skew-transformed lag1-3 mean predictors,robustness_transform,linear_robustness,skew_transformed_main_predictors,env_patent_share_inventions,lag1_3_mean,MKD,North Macedonia,2023,0.002312085,lasso_alpha_1,0.002312085,0.013722000449559069,-0.011409915449559068,0.011409915449559068,
robust_main_share_skew_transformed_lag1_3_mean,Share target with skew-transformed lag1-3 mean predictors,robustness_transform,linear_robustness,skew_transformed_main_predictors,env_patent_share_inventions,lag1_3_mean,MLT,Malta,2023,0.003468128,lasso_alpha_1,0.003468128,0.1589862502485806,-0.1555181222485806,0.1555181222485806,
robust_main_share_skew_transformed_lag1_3_mean,Share target with skew-transformed lag1-3 mean predictors,robustness_transform,linear_robustness,skew_transformed_main_predictors,env_patent_share_inventions,lag1_3_mean,MNE,Montenegro,2023,0.003468128,lasso_alpha_1,0.003468128,-0.36219620361638194,0.36566433161638195,0.36566433161638195,
robust_main_share_skew_transformed_lag1_3_mean,Share target with skew-transformed lag1-3 mean predictors,robustness_transform,linear_robustness,skew_transformed_main_predictors,env_patent_share_inventions,lag1_3_mean,MYS,Malaysia,2023,0.05518177,lasso_alpha_1,0.05518177,1.448186056015585,-1.3930042860155851,1.3930042860155851,
robust_main_share_skew_transformed_lag1_3_mean,Share target with skew-transformed lag1-3 mean predictors,robustness_transform,linear_robustness,skew_transformed_main_predictors,env_patent_share_inventions,lag1_3_mean,NAM,Namibia,2023,0.001156043,lasso_alpha_1,0.001156043,0.002138123751660448,-0.0009820807516604478,0.0009820807516604478,
robust_main_share_skew_transformed_lag1_3_mean,Share target with skew-transformed lag1-3 mean predictors,robustness_transform,linear_robustness,skew_transformed_main_predictors,env_patent_share_inventions,lag1_3_mean,NLD,Netherlands,2023,0.5949941,lasso_alpha_1,0.5949941,1.8075955044570857,-1.2126014044570859,1.2126014044570859,
robust_main_share_skew_transformed_lag1_3_mean,Share target with skew-transformed lag1-3 mean predictors,robustness_transform,linear_robustness,skew_transformed_main_predictors,env_patent_share_inventions,lag1_3_mean,NOR,Norway,2023,0.2159873,lasso_alpha_1,0.2159873,1.5082085030428742,-1.2922212030428741,1.2922212030428741,
robust_main_share_skew_transformed_lag1_3_mean,Share target with skew-transformed lag1-3 mean predictors,robustness_transform,linear_robustness,skew_transformed_main_predictors,env_patent_share_inventions,lag1_3_mean,NZL,New Zealand,2023,0.06288872,lasso_alpha_1,0.06288872,1.223840109048494,-1.1609513890484942,1.1609513890484942,
robust_main_share_skew_transformed_lag1_3_mean,Share target with skew-transformed lag1-3 mean predictors,robustness_transform,linear_robustness,skew_transformed_main_predictors,env_patent_share_inventions,lag1_3_mean,PAK,Pakistan,2023,0.002830553,lasso_alpha_1,0.002830553,1.4672429033864915,-1.4644123503864916,1.4644123503864916,
robust_main_share_skew_transformed_lag1_3_mean,Share target with skew-transformed lag1-3 mean predictors,robustness_transform,linear_robustness,skew_transformed_main_predictors,env_patent_share_inventions,lag1_3_mean,PAN,Panama,2023,0.005086588,lasso_alpha_1,0.005086588,0.725403999195632,-0.7203174111956321,0.7203174111956321,
robust_main_share_skew_transformed_lag1_3_mean,Share target with skew-transformed lag1-3 mean predictors,robustness_transform,linear_robustness,skew_transformed_main_predictors,env_patent_share_inventions,lag1_3_mean,PER,Peru,2023,0.008477646,lasso_alpha_1,0.008477646,1.224296921341924,-1.215819275341924,1.215819275341924,
robust_main_share_skew_transformed_lag1_3_mean,Share target with skew-transformed lag1-3 mean predictors,robustness_transform,linear_robustness,skew_transformed_main_predictors,env_patent_share_inventions,lag1_3_mean,PHL,Philippines,2023,0.002312085,lasso_alpha_1,0.002312085,1.468835191379796,-1.4665231063797959,1.4665231063797959,
robust_main_share_skew_transformed_lag1_3_mean,Share target with skew-transformed lag1-3 mean predictors,robustness_transform,linear_robustness,skew_transformed_main_predictors,env_patent_share_inventions,lag1_3_mean,POL,Poland,2023,0.1666243,lasso_alpha_1,0.1666243,1.6567017241219189,-1.4900774241219188,1.4900774241219188,
robust_main_share_skew_transformed_lag1_3_mean,Share target with skew-transformed lag1-3 mean predictors,robustness_transform,linear_robustness,skew_transformed_main_predictors,env_patent_share_inventions,lag1_3_mean,PRI,Puerto Rico (US),2023,0.004624171,lasso_alpha_1,0.004624171,0.8904960547129717,-0.8858718837129717,0.8858718837129717,
robust_main_share_skew_transformed_lag1_3_mean,Share target with skew-transformed lag1-3 mean predictors,robustness_transform,linear_robustness,skew_transformed_main_predictors,env_patent_share_inventions,lag1_3_mean,PRT,Portugal,2023,0.08377456,lasso_alpha_1,0.08377456,1.2351136898670116,-1.1513391298670117,1.1513391298670117,
robust_main_share_skew_transformed_lag1_3_mean,Share target with skew-transformed lag1-3 mean predictors,robustness_transform,linear_robustness,skew_transformed_main_predictors,env_patent_share_inventions,lag1_3_mean,QAT,Qatar,2023,0.002312085,lasso_alpha_1,0.002312085,1.1251033925603873,-1.1227913075603873,1.1227913075603873,
robust_main_share_skew_transformed_lag1_3_mean,Share target with skew-transformed lag1-3 mean predictors,robustness_transform,linear_robustness,skew_transformed_main_predictors,env_patent_share_inventions,lag1_3_mean,ROU,Romania,2023,0.03121315,lasso_alpha_1,0.03121315,1.2422026093254064,-1.2109894593254065,1.2109894593254065,
robust_main_share_skew_transformed_lag1_3_mean,Share target with skew-transformed lag1-3 mean predictors,robustness_transform,linear_robustness,skew_transformed_main_predictors,env_patent_share_inventions,lag1_3_mean,RUS,Russian Federation,2023,0.1051999,lasso_alpha_1,0.1051999,2.0234909162120074,-1.9182910162120075,1.9182910162120075,
robust_main_share_skew_transformed_lag1_3_mean,Share target with skew-transformed lag1-3 mean predictors,robustness_transform,linear_robustness,skew_transformed_main_predictors,env_patent_share_inventions,lag1_3_mean,SAU,Saudi Arabia,2023,0.1056623,lasso_alpha_1,0.1056623,1.763800827803313,-1.658138527803313,1.658138527803313,
robust_main_share_skew_transformed_lag1_3_mean,Share target with skew-transformed lag1-3 mean predictors,robustness_transform,linear_robustness,skew_transformed_main_predictors,env_patent_share_inventions,lag1_3_mean,SGP,Singapore,2023,0.2277789,lasso_alpha_1,0.2277789,1.4486870546405273,-1.2209081546405272,1.2209081546405272,
robust_main_share_skew_transformed_lag1_3_mean,Share target with skew-transformed lag1-3 mean predictors,robustness_transform,linear_robustness,skew_transformed_main_predictors,env_patent_share_inventions,lag1_3_mean,SLV,El Salvador,2023,0.002312085,lasso_alpha_1,0.002312085,0.3625256061328458,-0.36021352113284577,0.36021352113284577,
robust_main_share_skew_transformed_lag1_3_mean,Share target with skew-transformed lag1-3 mean predictors,robustness_transform,linear_robustness,skew_transformed_main_predictors,env_patent_share_inventions,lag1_3_mean,SRB,Serbia,2023,0.02003807,lasso_alpha_1,0.02003807,0.6349925185595477,-0.6149544485595477,0.6149544485595477,
robust_main_share_skew_transformed_lag1_3_mean,Share target with skew-transformed lag1-3 mean predictors,robustness_transform,linear_robustness,skew_transformed_main_predictors,env_patent_share_inventions,lag1_3_mean,SVK,Slovak Republic,2023,0.01965272,lasso_alpha_1,0.01965272,0.9214072179683116,-0.9017544979683116,0.9017544979683116,
robust_main_share_skew_transformed_lag1_3_mean,Share target with skew-transformed lag1-3 mean predictors,robustness_transform,linear_robustness,skew_transformed_main_predictors,env_patent_share_inventions,lag1_3_mean,SVN,Slovenia,2023,0.02807532,lasso_alpha_1,0.02807532,0.6421600625657238,-0.6140847425657238,0.6140847425657238,
robust_main_share_skew_transformed_lag1_3_mean,Share target with skew-transformed lag1-3 mean predictors,robustness_transform,linear_robustness,skew_transformed_main_predictors,env_patent_share_inventions,lag1_3_mean,SWE,Sweden,2023,0.812775,lasso_alpha_1,0.812775,1.6230330085450533,-0.8102580085450533,0.8102580085450533,
robust_main_share_skew_transformed_lag1_3_mean,Share target with skew-transformed lag1-3 mean predictors,robustness_transform,linear_robustness,skew_transformed_main_predictors,env_patent_share_inventions,lag1_3_mean,THA,Thailand,2023,0.0242769,lasso_alpha_1,0.0242769,1.5278032928479193,-1.5035263928479192,1.5035263928479192,
robust_main_share_skew_transformed_lag1_3_mean,Share target with skew-transformed lag1-3 mean predictors,robustness_transform,linear_robustness,skew_transformed_main_predictors,env_patent_share_inventions,lag1_3_mean,TUN,Tunisia,2023,0.002697433,lasso_alpha_1,0.002697433,0.6054080464312044,-0.6027106134312044,0.6027106134312044,
robust_main_share_skew_transformed_lag1_3_mean,Share target with skew-transformed lag1-3 mean predictors,robustness_transform,linear_robustness,skew_transformed_main_predictors,env_patent_share_inventions,lag1_3_mean,TUR,Turkiye,2023,0.2342913,lasso_alpha_1,0.2342913,1.9152734837296292,-1.6809821837296293,1.6809821837296293,
robust_main_share_skew_transformed_lag1_3_mean,Share target with skew-transformed lag1-3 mean predictors,robustness_transform,linear_robustness,skew_transformed_main_predictors,env_patent_share_inventions,lag1_3_mean,UGA,Uganda,2023,0.003468128,lasso_alpha_1,0.003468128,0.5650799715855899,-0.5616118435855899,0.5616118435855899,
robust_main_share_skew_transformed_lag1_3_mean,Share target with skew-transformed lag1-3 mean predictors,robustness_transform,linear_robustness,skew_transformed_main_predictors,env_patent_share_inventions,lag1_3_mean,UKR,Ukraine,2023,0.04046149,lasso_alpha_1,0.04046149,0.877687882922047,-0.837226392922047,0.837226392922047,
robust_main_share_skew_transformed_lag1_3_mean,Share target with skew-transformed lag1-3 mean predictors,robustness_transform,linear_robustness,skew_transformed_main_predictors,env_patent_share_inventions,lag1_3_mean,USA,United States,2023,10.59949,lasso_alpha_1,10.59949,3.1084535417457873,7.491036458254213,7.491036458254213,
robust_main_share_skew_transformed_lag1_3_mean,Share target with skew-transformed lag1-3 mean predictors,robustness_transform,linear_robustness,skew_transformed_main_predictors,env_patent_share_inventions,lag1_3_mean,UZB,Uzbekistan,2023,0.00154139,lasso_alpha_1,0.00154139,0.9837806601727109,-0.982239270172711,0.982239270172711,
robust_main_share_skew_transformed_lag1_3_mean,Share target with skew-transformed lag1-3 mean predictors,robustness_transform,linear_robustness,skew_transformed_main_predictors,env_patent_share_inventions,lag1_3_mean,VEN,"Venezuela, RB",2023,0.001156043,lasso_alpha_1,0.001156043,0.5081594416134819,-0.5070033986134819,0.5070033986134819,
robust_main_share_skew_transformed_lag1_3_mean,Share target with skew-transformed lag1-3 mean predictors,robustness_transform,linear_robustness,skew_transformed_main_predictors,env_patent_share_inventions,lag1_3_mean,VNM,Viet Nam,2023,0.006550908,lasso_alpha_1,0.006550908,1.419940708280237,-1.4133898002802372,1.4133898002802372,
robust_main_share_skew_transformed_lag1_3_mean,Share target with skew-transformed lag1-3 mean predictors,robustness_transform,linear_robustness,skew_transformed_main_predictors,env_patent_share_inventions,lag1_3_mean,ZAF,South Africa,2023,0.06049956,lasso_alpha_1,0.06049956,1.433912814296491,-1.373413254296491,1.373413254296491,
robust_main_share_skew_transformed_lag1_3_mean,Share target with skew-transformed lag1-3 mean predictors,robustness_transform,linear_robustness,skew_transformed_main_predictors,env_patent_share_inventions,lag1_3_mean,ZWE,Zimbabwe,2023,0.0007706951,lasso_alpha_1,0.0007706951,0.2688119599597195,-0.2680412648597195,0.2680412648597195,
