fold_id,panel_id,panel_label,panel_role,comparison_group,feature_set_role,target_column,lag_suffix,country_code,country_name,year,env_patent_share_inventions,model,observed,prediction,error,absolute_error
fold_1,main_fold_1,Main v2 model rolling-origin fold_1,rolling_origin_confirmatory,main,feature_only,env_patent_share_inventions,lag1_3_mean,ABW,Aruba,2007,0.003339344,elastic_net_alpha_1_l1_0.2,0.003339344,0.25802552000262813,-0.2546861760026281,0.2546861760026281
fold_1,main_fold_1,Main v2 model rolling-origin fold_1,rolling_origin_confirmatory,main,feature_only,env_patent_share_inventions,lag1_3_mean,ALB,Albania,2007,0.001669672,elastic_net_alpha_1_l1_0.2,0.001669672,0.23932914823303408,-0.23765947623303407,0.23765947623303407
fold_1,main_fold_1,Main v2 model rolling-origin fold_1,rolling_origin_confirmatory,main,feature_only,env_patent_share_inventions,lag1_3_mean,ARE,United Arab Emirates,2007,0.008626639,elastic_net_alpha_1_l1_0.2,0.008626639,0.9902590691344209,-0.9816324301344208,0.9816324301344208
fold_1,main_fold_1,Main v2 model rolling-origin fold_1,rolling_origin_confirmatory,main,feature_only,env_patent_share_inventions,lag1_3_mean,ARG,Argentina,2007,0.04591598,elastic_net_alpha_1_l1_0.2,0.04591598,0.8974965119375173,-0.8515805319375174,0.8515805319375174
fold_1,main_fold_1,Main v2 model rolling-origin fold_1,rolling_origin_confirmatory,main,feature_only,env_patent_share_inventions,lag1_3_mean,ARM,Armenia,2007,0.005009016,elastic_net_alpha_1_l1_0.2,0.005009016,0.338158876243869,-0.333149860243869,0.333149860243869
fold_1,main_fold_1,Main v2 model rolling-origin fold_1,rolling_origin_confirmatory,main,feature_only,env_patent_share_inventions,lag1_3_mean,AUS,Australia,2007,0.9699681,elastic_net_alpha_1_l1_0.2,0.9699681,2.415237203699403,-1.445269103699403,1.445269103699403
fold_1,main_fold_1,Main v2 model rolling-origin fold_1,rolling_origin_confirmatory,main,feature_only,env_patent_share_inventions,lag1_3_mean,AUT,Austria,2007,0.9418064,elastic_net_alpha_1_l1_0.2,0.9418064,1.0432871336349925,-0.10148073363499244,0.10148073363499244
fold_1,main_fold_1,Main v2 model rolling-origin fold_1,rolling_origin_confirmatory,main,feature_only,env_patent_share_inventions,lag1_3_mean,AZE,Azerbaijan,2007,0.002782787,elastic_net_alpha_1_l1_0.2,0.002782787,0.3205525869455462,-0.3177697999455462,0.3177697999455462
fold_1,main_fold_1,Main v2 model rolling-origin fold_1,rolling_origin_confirmatory,main,feature_only,env_patent_share_inventions,lag1_3_mean,BEL,Belgium,2007,0.5841626,elastic_net_alpha_1_l1_0.2,0.5841626,1.2645187229557597,-0.6803561229557598,0.6803561229557598
fold_1,main_fold_1,Main v2 model rolling-origin fold_1,rolling_origin_confirmatory,main,feature_only,env_patent_share_inventions,lag1_3_mean,BGD,Bangladesh,2007,0.00417418,elastic_net_alpha_1_l1_0.2,0.00417418,0.33941239990576444,-0.3352382199057644,0.3352382199057644
fold_1,main_fold_1,Main v2 model rolling-origin fold_1,rolling_origin_confirmatory,main,feature_only,env_patent_share_inventions,lag1_3_mean,BGR,Bulgaria,2007,0.0266591,elastic_net_alpha_1_l1_0.2,0.0266591,0.4562666003768394,-0.4296075003768394,0.4296075003768394
fold_1,main_fold_1,Main v2 model rolling-origin fold_1,rolling_origin_confirmatory,main,feature_only,env_patent_share_inventions,lag1_3_mean,BHS,"Bahamas, The",2007,0.009183196,elastic_net_alpha_1_l1_0.2,0.009183196,0.34549647412613216,-0.33631327812613215,0.33631327812613215
fold_1,main_fold_1,Main v2 model rolling-origin fold_1,rolling_origin_confirmatory,main,feature_only,env_patent_share_inventions,lag1_3_mean,BIH,Bosnia and Herzegovina,2007,0.002782787,elastic_net_alpha_1_l1_0.2,0.002782787,0.32678409229466865,-0.32400130529466864,0.32400130529466864
fold_1,main_fold_1,Main v2 model rolling-origin fold_1,rolling_origin_confirmatory,main,feature_only,env_patent_share_inventions,lag1_3_mean,BLR,Belarus,2007,0.03116721,elastic_net_alpha_1_l1_0.2,0.03116721,0.332072714327426,-0.300905504327426,0.300905504327426
fold_1,main_fold_1,Main v2 model rolling-origin fold_1,rolling_origin_confirmatory,main,feature_only,env_patent_share_inventions,lag1_3_mean,BRA,Brazil,2007,0.336582,elastic_net_alpha_1_l1_0.2,0.336582,1.9833773072917724,-1.6467953072917725,1.6467953072917725
fold_1,main_fold_1,Main v2 model rolling-origin fold_1,rolling_origin_confirmatory,main,feature_only,env_patent_share_inventions,lag1_3_mean,CAF,Central African Republic,2007,0.001113115,elastic_net_alpha_1_l1_0.2,0.001113115,0.10740837718185181,-0.10629526218185181,0.10629526218185181
fold_1,main_fold_1,Main v2 model rolling-origin fold_1,rolling_origin_confirmatory,main,feature_only,env_patent_share_inventions,lag1_3_mean,CAN,Canada,2007,2.134234,elastic_net_alpha_1_l1_0.2,2.134234,2.9793301104408507,-0.8450961104408505,0.8450961104408505
fold_1,main_fold_1,Main v2 model rolling-origin fold_1,rolling_origin_confirmatory,main,feature_only,env_patent_share_inventions,lag1_3_mean,CHE,Switzerland,2007,0.8126016,elastic_net_alpha_1_l1_0.2,0.8126016,1.2455953540763132,-0.43299375407631313,0.43299375407631313
fold_1,main_fold_1,Main v2 model rolling-origin fold_1,rolling_origin_confirmatory,main,feature_only,env_patent_share_inventions,lag1_3_mean,CHL,Chile,2007,0.04341147,elastic_net_alpha_1_l1_0.2,0.04341147,0.4938580666614707,-0.4504465966614707,0.4504465966614707
fold_1,main_fold_1,Main v2 model rolling-origin fold_1,rolling_origin_confirmatory,main,feature_only,env_patent_share_inventions,lag1_3_mean,CHN,China,2007,2.814546,elastic_net_alpha_1_l1_0.2,2.814546,8.44135965479341,-5.626813654793411,5.626813654793411
fold_1,main_fold_1,Main v2 model rolling-origin fold_1,rolling_origin_confirmatory,main,feature_only,env_patent_share_inventions,lag1_3_mean,COL,Colombia,2007,0.01725328,elastic_net_alpha_1_l1_0.2,0.01725328,0.5283518114585066,-0.5110985314585066,0.5110985314585066
fold_1,main_fold_1,Main v2 model rolling-origin fold_1,rolling_origin_confirmatory,main,feature_only,env_patent_share_inventions,lag1_3_mean,CRI,Costa Rica,2007,0.008348361,elastic_net_alpha_1_l1_0.2,0.008348361,0.2031861475976514,-0.1948377865976514,0.1948377865976514
fold_1,main_fold_1,Main v2 model rolling-origin fold_1,rolling_origin_confirmatory,main,feature_only,env_patent_share_inventions,lag1_3_mean,CUB,Cuba,2007,0.003339344,elastic_net_alpha_1_l1_0.2,0.003339344,0.4355686082252004,-0.43222926422520036,0.43222926422520036
fold_1,main_fold_1,Main v2 model rolling-origin fold_1,rolling_origin_confirmatory,main,feature_only,env_patent_share_inventions,lag1_3_mean,CYP,Cyprus,2007,0.009461476,elastic_net_alpha_1_l1_0.2,0.009461476,0.3824722807916898,-0.3730108047916898,0.3730108047916898
fold_1,main_fold_1,Main v2 model rolling-origin fold_1,rolling_origin_confirmatory,main,feature_only,env_patent_share_inventions,lag1_3_mean,CZE,Czechia,2007,0.1876711,elastic_net_alpha_1_l1_0.2,0.1876711,0.8028585737094094,-0.6151874737094094,0.6151874737094094
fold_1,main_fold_1,Main v2 model rolling-origin fold_1,rolling_origin_confirmatory,main,feature_only,env_patent_share_inventions,lag1_3_mean,DEU,Germany,2007,13.3251,elastic_net_alpha_1_l1_0.2,13.3251,5.053969054331903,8.271130945668098,8.271130945668098
fold_1,main_fold_1,Main v2 model rolling-origin fold_1,rolling_origin_confirmatory,main,feature_only,env_patent_share_inventions,lag1_3_mean,DNK,Denmark,2007,1.052227,elastic_net_alpha_1_l1_0.2,1.052227,0.8514346579258177,0.20079234207418228,0.20079234207418228
fold_1,main_fold_1,Main v2 model rolling-origin fold_1,rolling_origin_confirmatory,main,feature_only,env_patent_share_inventions,lag1_3_mean,DOM,Dominican Republic,2007,0.003339344,elastic_net_alpha_1_l1_0.2,0.003339344,0.3308881836807701,-0.3275488396807701,0.3275488396807701
fold_1,main_fold_1,Main v2 model rolling-origin fold_1,rolling_origin_confirmatory,main,feature_only,env_patent_share_inventions,lag1_3_mean,DZA,Algeria,2007,0.01057459,elastic_net_alpha_1_l1_0.2,0.01057459,0.5163777434321764,-0.5058031534321763,0.5058031534321763
fold_1,main_fold_1,Main v2 model rolling-origin fold_1,rolling_origin_confirmatory,main,feature_only,env_patent_share_inventions,lag1_3_mean,ECU,Ecuador,2007,0.01001803,elastic_net_alpha_1_l1_0.2,0.01001803,0.37581765571383774,-0.36579962571383773,0.36579962571383773
fold_1,main_fold_1,Main v2 model rolling-origin fold_1,rolling_origin_confirmatory,main,feature_only,env_patent_share_inventions,lag1_3_mean,EGY,"Egypt, Arab Rep.",2007,0.01864467,elastic_net_alpha_1_l1_0.2,0.01864467,0.6406420577492378,-0.6219973877492377,0.6219973877492377
fold_1,main_fold_1,Main v2 model rolling-origin fold_1,rolling_origin_confirmatory,main,feature_only,env_patent_share_inventions,lag1_3_mean,ESP,Spain,2007,0.8876534,elastic_net_alpha_1_l1_0.2,0.8876534,2.4432723891917445,-1.5556189891917445,1.5556189891917445
fold_1,main_fold_1,Main v2 model rolling-origin fold_1,rolling_origin_confirmatory,main,feature_only,env_patent_share_inventions,lag1_3_mean,EST,Estonia,2007,0.01335738,elastic_net_alpha_1_l1_0.2,0.01335738,0.4367358384524136,-0.4233784584524136,0.4233784584524136
fold_1,main_fold_1,Main v2 model rolling-origin fold_1,rolling_origin_confirmatory,main,feature_only,env_patent_share_inventions,lag1_3_mean,FIN,Finland,2007,0.6373695,elastic_net_alpha_1_l1_0.2,0.6373695,0.9043596716591319,-0.26699017165913186,0.26699017165913186
fold_1,main_fold_1,Main v2 model rolling-origin fold_1,rolling_origin_confirmatory,main,feature_only,env_patent_share_inventions,lag1_3_mean,FRA,France,2007,4.115853,elastic_net_alpha_1_l1_0.2,4.115853,3.988801797749993,0.1270512022500072,0.1270512022500072
fold_1,main_fold_1,Main v2 model rolling-origin fold_1,rolling_origin_confirmatory,main,feature_only,env_patent_share_inventions,lag1_3_mean,FRO,Faroe Islands,2007,0.002504508,elastic_net_alpha_1_l1_0.2,0.002504508,0.3611226586405112,-0.35861815064051117,0.35861815064051117
fold_1,main_fold_1,Main v2 model rolling-origin fold_1,rolling_origin_confirmatory,main,feature_only,env_patent_share_inventions,lag1_3_mean,GBR,United Kingdom,2007,2.990303,elastic_net_alpha_1_l1_0.2,2.990303,5.83138828621325,-2.84108528621325,2.84108528621325
fold_1,main_fold_1,Main v2 model rolling-origin fold_1,rolling_origin_confirmatory,main,feature_only,env_patent_share_inventions,lag1_3_mean,GEO,Georgia,2007,0.008348361,elastic_net_alpha_1_l1_0.2,0.008348361,0.178409660933198,-0.170061299933198,0.170061299933198
fold_1,main_fold_1,Main v2 model rolling-origin fold_1,rolling_origin_confirmatory,main,feature_only,env_patent_share_inventions,lag1_3_mean,GHA,Ghana,2007,0.001669672,elastic_net_alpha_1_l1_0.2,0.001669672,0.09884101120660815,-0.09717133920660816,0.09717133920660816
fold_1,main_fold_1,Main v2 model rolling-origin fold_1,rolling_origin_confirmatory,main,feature_only,env_patent_share_inventions,lag1_3_mean,GRC,Greece,2007,0.1174336,elastic_net_alpha_1_l1_0.2,0.1174336,0.9650979290471245,-0.8476643290471245,0.8476643290471245
fold_1,main_fold_1,Main v2 model rolling-origin fold_1,rolling_origin_confirmatory,main,feature_only,env_patent_share_inventions,lag1_3_mean,GTM,Guatemala,2007,0.004452459,elastic_net_alpha_1_l1_0.2,0.004452459,0.1530534784511146,-0.14860101945111462,0.14860101945111462
fold_1,main_fold_1,Main v2 model rolling-origin fold_1,rolling_origin_confirmatory,main,feature_only,env_patent_share_inventions,lag1_3_mean,HKG,"Hong Kong SAR, China",2007,0.1174376,elastic_net_alpha_1_l1_0.2,0.1174376,0.16305164506210768,-0.04561404506210767,0.04561404506210767
fold_1,main_fold_1,Main v2 model rolling-origin fold_1,rolling_origin_confirmatory,main,feature_only,env_patent_share_inventions,lag1_3_mean,HRV,Croatia,2007,0.02059262,elastic_net_alpha_1_l1_0.2,0.02059262,0.43097782099221704,-0.41038520099221704,0.41038520099221704
fold_1,main_fold_1,Main v2 model rolling-origin fold_1,rolling_origin_confirmatory,main,feature_only,env_patent_share_inventions,lag1_3_mean,HUN,Hungary,2007,0.1489904,elastic_net_alpha_1_l1_0.2,0.1489904,0.5881881904793709,-0.4391977904793709,0.4391977904793709
fold_1,main_fold_1,Main v2 model rolling-origin fold_1,rolling_origin_confirmatory,main,feature_only,env_patent_share_inventions,lag1_3_mean,IDN,Indonesia,2007,0.01819943,elastic_net_alpha_1_l1_0.2,0.01819943,0.6130162822068668,-0.5948168522068668,0.5948168522068668
fold_1,main_fold_1,Main v2 model rolling-origin fold_1,rolling_origin_confirmatory,main,feature_only,env_patent_share_inventions,lag1_3_mean,IND,India,2007,0.716015,elastic_net_alpha_1_l1_0.2,0.716015,1.965888355925106,-1.2498733559251058,1.2498733559251058
fold_1,main_fold_1,Main v2 model rolling-origin fold_1,rolling_origin_confirmatory,main,feature_only,env_patent_share_inventions,lag1_3_mean,IRL,Ireland,2007,0.1430352,elastic_net_alpha_1_l1_0.2,0.1430352,0.7261753030565444,-0.5831401030565444,0.5831401030565444
fold_1,main_fold_1,Main v2 model rolling-origin fold_1,rolling_origin_confirmatory,main,feature_only,env_patent_share_inventions,lag1_3_mean,IRN,"Iran, Islamic Rep.",2007,0.01836639,elastic_net_alpha_1_l1_0.2,0.01836639,0.9331055693353707,-0.9147391793353707,0.9147391793353707
fold_1,main_fold_1,Main v2 model rolling-origin fold_1,rolling_origin_confirmatory,main,feature_only,env_patent_share_inventions,lag1_3_mean,ISL,Iceland,2007,0.01614016,elastic_net_alpha_1_l1_0.2,0.01614016,0.3575615306987505,-0.3414213706987505,0.3414213706987505
fold_1,main_fold_1,Main v2 model rolling-origin fold_1,rolling_origin_confirmatory,main,feature_only,env_patent_share_inventions,lag1_3_mean,ISR,Israel,2007,0.7943465,elastic_net_alpha_1_l1_0.2,0.7943465,0.9437745113237219,-0.14942801132372197,0.14942801132372197
fold_1,main_fold_1,Main v2 model rolling-origin fold_1,rolling_origin_confirmatory,main,feature_only,env_patent_share_inventions,lag1_3_mean,ITA,Italy,2007,1.774472,elastic_net_alpha_1_l1_0.2,1.774472,3.371582121508037,-1.597110121508037,1.597110121508037
fold_1,main_fold_1,Main v2 model rolling-origin fold_1,rolling_origin_confirmatory,main,feature_only,env_patent_share_inventions,lag1_3_mean,JOR,Jordan,2007,0.01486008,elastic_net_alpha_1_l1_0.2,0.01486008,0.24484817158470618,-0.22998809158470618,0.22998809158470618
fold_1,main_fold_1,Main v2 model rolling-origin fold_1,rolling_origin_confirmatory,main,feature_only,env_patent_share_inventions,lag1_3_mean,JPN,Japan,2007,26.02139,elastic_net_alpha_1_l1_0.2,26.02139,6.440635478895685,19.580754521104314,19.580754521104314
fold_1,main_fold_1,Main v2 model rolling-origin fold_1,rolling_origin_confirmatory,main,feature_only,env_patent_share_inventions,lag1_3_mean,KAZ,Kazakhstan,2007,0.02671475,elastic_net_alpha_1_l1_0.2,0.02671475,0.6022094426978856,-0.5754946926978856,0.5754946926978856
fold_1,main_fold_1,Main v2 model rolling-origin fold_1,rolling_origin_confirmatory,main,feature_only,env_patent_share_inventions,lag1_3_mean,KOR,"Korea, Rep.",2007,6.720601,elastic_net_alpha_1_l1_0.2,6.720601,2.214999742175233,4.505601257824767,4.505601257824767
fold_1,main_fold_1,Main v2 model rolling-origin fold_1,rolling_origin_confirmatory,main,feature_only,env_patent_share_inventions,lag1_3_mean,KWT,Kuwait,2007,0.01502705,elastic_net_alpha_1_l1_0.2,0.01502705,1.029814775505788,-1.014787725505788,1.014787725505788
fold_1,main_fold_1,Main v2 model rolling-origin fold_1,rolling_origin_confirmatory,main,feature_only,env_patent_share_inventions,lag1_3_mean,LBN,Lebanon,2007,0.004007213,elastic_net_alpha_1_l1_0.2,0.004007213,0.36243112676271594,-0.35842391376271593,0.35842391376271593
fold_1,main_fold_1,Main v2 model rolling-origin fold_1,rolling_origin_confirmatory,main,feature_only,env_patent_share_inventions,lag1_3_mean,LKA,Sri Lanka,2007,0.007513524,elastic_net_alpha_1_l1_0.2,0.007513524,0.15448857887569178,-0.1469750548756918,0.1469750548756918
fold_1,main_fold_1,Main v2 model rolling-origin fold_1,rolling_origin_confirmatory,main,feature_only,env_patent_share_inventions,lag1_3_mean,LTU,Lithuania,2007,0.004452459,elastic_net_alpha_1_l1_0.2,0.004452459,0.29681898372946103,-0.292366524729461,0.292366524729461
fold_1,main_fold_1,Main v2 model rolling-origin fold_1,rolling_origin_confirmatory,main,feature_only,env_patent_share_inventions,lag1_3_mean,LUX,Luxembourg,2007,0.03478483,elastic_net_alpha_1_l1_0.2,0.03478483,0.4156625405983432,-0.3808777105983432,0.3808777105983432
fold_1,main_fold_1,Main v2 model rolling-origin fold_1,rolling_origin_confirmatory,main,feature_only,env_patent_share_inventions,lag1_3_mean,LVA,Latvia,2007,0.01280082,elastic_net_alpha_1_l1_0.2,0.01280082,0.2208565150009768,-0.20805569500097681,0.20805569500097681
fold_1,main_fold_1,Main v2 model rolling-origin fold_1,rolling_origin_confirmatory,main,feature_only,env_patent_share_inventions,lag1_3_mean,MAR,Morocco,2007,0.01235557,elastic_net_alpha_1_l1_0.2,0.01235557,0.3869077518547622,-0.37455218185476225,0.37455218185476225
fold_1,main_fold_1,Main v2 model rolling-origin fold_1,rolling_origin_confirmatory,main,feature_only,env_patent_share_inventions,lag1_3_mean,MDA,Moldova,2007,0.00640041,elastic_net_alpha_1_l1_0.2,0.00640041,0.19125280545237222,-0.18485239545237223,0.18485239545237223
fold_1,main_fold_1,Main v2 model rolling-origin fold_1,rolling_origin_confirmatory,main,feature_only,env_patent_share_inventions,lag1_3_mean,MEX,Mexico,2007,0.09993385,elastic_net_alpha_1_l1_0.2,0.09993385,1.4671304420651876,-1.3671965920651876,1.3671965920651876
fold_1,main_fold_1,Main v2 model rolling-origin fold_1,rolling_origin_confirmatory,main,feature_only,env_patent_share_inventions,lag1_3_mean,MKD,North Macedonia,2007,0.000834836,elastic_net_alpha_1_l1_0.2,0.000834836,0.31815219650996907,-0.31731736050996906,0.31731736050996906
fold_1,main_fold_1,Main v2 model rolling-origin fold_1,rolling_origin_confirmatory,main,feature_only,env_patent_share_inventions,lag1_3_mean,MLI,Mali,2007,0.001113115,elastic_net_alpha_1_l1_0.2,0.001113115,0.11630128201153334,-0.11518816701153334,0.11518816701153334
fold_1,main_fold_1,Main v2 model rolling-origin fold_1,rolling_origin_confirmatory,main,feature_only,env_patent_share_inventions,lag1_3_mean,MLT,Malta,2007,0.01113115,elastic_net_alpha_1_l1_0.2,0.01113115,0.3304062754472693,-0.3192751254472693,0.3192751254472693
fold_1,main_fold_1,Main v2 model rolling-origin fold_1,rolling_origin_confirmatory,main,feature_only,env_patent_share_inventions,lag1_3_mean,MUS,Mauritius,2007,0.01029631,elastic_net_alpha_1_l1_0.2,0.01029631,0.19042032075587656,-0.18012401075587656,0.18012401075587656
fold_1,main_fold_1,Main v2 model rolling-origin fold_1,rolling_origin_confirmatory,main,feature_only,env_patent_share_inventions,lag1_3_mean,MYS,Malaysia,2007,0.08813483,elastic_net_alpha_1_l1_0.2,0.08813483,0.3275396292273074,-0.2394047992273074,0.2394047992273074
fold_1,main_fold_1,Main v2 model rolling-origin fold_1,rolling_origin_confirmatory,main,feature_only,env_patent_share_inventions,lag1_3_mean,NCL,New Caledonia,2007,0.00417418,elastic_net_alpha_1_l1_0.2,0.00417418,0.6584960279217582,-0.6543218479217582,0.6543218479217582
fold_1,main_fold_1,Main v2 model rolling-origin fold_1,rolling_origin_confirmatory,main,feature_only,env_patent_share_inventions,lag1_3_mean,NLD,Netherlands,2007,1.327031,elastic_net_alpha_1_l1_0.2,1.327031,3.127576662188449,-1.8005456621884488,1.8005456621884488
fold_1,main_fold_1,Main v2 model rolling-origin fold_1,rolling_origin_confirmatory,main,feature_only,env_patent_share_inventions,lag1_3_mean,NOR,Norway,2007,0.4164162,elastic_net_alpha_1_l1_0.2,0.4164162,0.7861335737752586,-0.3697173737752586,0.3697173737752586
fold_1,main_fold_1,Main v2 model rolling-origin fold_1,rolling_origin_confirmatory,main,feature_only,env_patent_share_inventions,lag1_3_mean,NPL,Nepal,2007,0.001669672,elastic_net_alpha_1_l1_0.2,0.001669672,0.10087700237815445,-0.09920733037815445,0.09920733037815445
fold_1,main_fold_1,Main v2 model rolling-origin fold_1,rolling_origin_confirmatory,main,feature_only,env_patent_share_inventions,lag1_3_mean,NZL,New Zealand,2007,0.1821056,elastic_net_alpha_1_l1_0.2,0.1821056,0.692182062121077,-0.510076462121077,0.510076462121077
fold_1,main_fold_1,Main v2 model rolling-origin fold_1,rolling_origin_confirmatory,main,feature_only,env_patent_share_inventions,lag1_3_mean,PAK,Pakistan,2007,0.001669672,elastic_net_alpha_1_l1_0.2,0.001669672,0.49565596675649337,-0.49398629475649336,0.49398629475649336
fold_1,main_fold_1,Main v2 model rolling-origin fold_1,rolling_origin_confirmatory,main,feature_only,env_patent_share_inventions,lag1_3_mean,PER,Peru,2007,0.006122131,elastic_net_alpha_1_l1_0.2,0.006122131,0.36713559425563236,-0.3610134632556324,0.3610134632556324
fold_1,main_fold_1,Main v2 model rolling-origin fold_1,rolling_origin_confirmatory,main,feature_only,env_patent_share_inventions,lag1_3_mean,PHL,Philippines,2007,0.02969631,elastic_net_alpha_1_l1_0.2,0.02969631,0.3317605787158764,-0.3020642687158764,0.3020642687158764
fold_1,main_fold_1,Main v2 model rolling-origin fold_1,rolling_origin_confirmatory,main,feature_only,env_patent_share_inventions,lag1_3_mean,POL,Poland,2007,0.1199938,elastic_net_alpha_1_l1_0.2,0.1199938,1.3432810994844941,-1.223287299484494,1.223287299484494
fold_1,main_fold_1,Main v2 model rolling-origin fold_1,rolling_origin_confirmatory,main,feature_only,env_patent_share_inventions,lag1_3_mean,PRI,Puerto Rico (US),2007,0.001669672,elastic_net_alpha_1_l1_0.2,0.001669672,0.4200565746770305,-0.4183869026770305,0.4183869026770305
fold_1,main_fold_1,Main v2 model rolling-origin fold_1,rolling_origin_confirmatory,main,feature_only,env_patent_share_inventions,lag1_3_mean,PRT,Portugal,2007,0.08793607,elastic_net_alpha_1_l1_0.2,0.08793607,0.7343460321596358,-0.6464099621596358,0.6464099621596358
fold_1,main_fold_1,Main v2 model rolling-origin fold_1,rolling_origin_confirmatory,main,feature_only,env_patent_share_inventions,lag1_3_mean,ROU,Romania,2007,0.06266836,elastic_net_alpha_1_l1_0.2,0.06266836,0.6149568673764771,-0.5522885073764772,0.5522885073764772
fold_1,main_fold_1,Main v2 model rolling-origin fold_1,rolling_origin_confirmatory,main,feature_only,env_patent_share_inventions,lag1_3_mean,RUS,Russian Federation,2007,0.3998308,elastic_net_alpha_1_l1_0.2,0.3998308,2.356232402493059,-1.9564016024930593,1.9564016024930593
fold_1,main_fold_1,Main v2 model rolling-origin fold_1,rolling_origin_confirmatory,main,feature_only,env_patent_share_inventions,lag1_3_mean,SAU,Saudi Arabia,2007,0.04491418,elastic_net_alpha_1_l1_0.2,0.04491418,0.9953771147689026,-0.9504629347689025,0.9504629347689025
fold_1,main_fold_1,Main v2 model rolling-origin fold_1,rolling_origin_confirmatory,main,feature_only,env_patent_share_inventions,lag1_3_mean,SDN,Sudan,2007,0.00222623,elastic_net_alpha_1_l1_0.2,0.00222623,0.22158079808144593,-0.21935456808144593,0.21935456808144593
fold_1,main_fold_1,Main v2 model rolling-origin fold_1,rolling_origin_confirmatory,main,feature_only,env_patent_share_inventions,lag1_3_mean,SGP,Singapore,2007,0.1799906,elastic_net_alpha_1_l1_0.2,0.1799906,0.15107106927200797,0.028919530727992027,0.028919530727992027
fold_1,main_fold_1,Main v2 model rolling-origin fold_1,rolling_origin_confirmatory,main,feature_only,env_patent_share_inventions,lag1_3_mean,SLE,Sierra Leone,2007,0.000834836,elastic_net_alpha_1_l1_0.2,0.000834836,0.11572958228291297,-0.11489474628291296,0.11489474628291296
fold_1,main_fold_1,Main v2 model rolling-origin fold_1,rolling_origin_confirmatory,main,feature_only,env_patent_share_inventions,lag1_3_mean,SMR,San Marino,2007,0.003339344,elastic_net_alpha_1_l1_0.2,0.003339344,0.3982966691522857,-0.39495732515228565,0.39495732515228565
fold_1,main_fold_1,Main v2 model rolling-origin fold_1,rolling_origin_confirmatory,main,feature_only,env_patent_share_inventions,lag1_3_mean,SRB,Serbia,2007,0.02515639,elastic_net_alpha_1_l1_0.2,0.02515639,0.4130550217943515,-0.38789863179435147,0.38789863179435147
fold_1,main_fold_1,Main v2 model rolling-origin fold_1,rolling_origin_confirmatory,main,feature_only,env_patent_share_inventions,lag1_3_mean,SVK,Slovak Republic,2007,0.03673279,elastic_net_alpha_1_l1_0.2,0.03673279,0.3840976185738252,-0.34736482857382517,0.34736482857382517
fold_1,main_fold_1,Main v2 model rolling-origin fold_1,rolling_origin_confirmatory,main,feature_only,env_patent_share_inventions,lag1_3_mean,SVN,Slovenia,2007,0.01235557,elastic_net_alpha_1_l1_0.2,0.01235557,0.3968179851702328,-0.38446241517023283,0.38446241517023283
fold_1,main_fold_1,Main v2 model rolling-origin fold_1,rolling_origin_confirmatory,main,feature_only,env_patent_share_inventions,lag1_3_mean,SWE,Sweden,2007,0.9201006,elastic_net_alpha_1_l1_0.2,0.9201006,1.1389992134071665,-0.21889861340716643,0.21889861340716643
fold_1,main_fold_1,Main v2 model rolling-origin fold_1,rolling_origin_confirmatory,main,feature_only,env_patent_share_inventions,lag1_3_mean,SWZ,Eswatini,2007,0.00222623,elastic_net_alpha_1_l1_0.2,0.00222623,0.11583132201324986,-0.11360509201324986,0.11360509201324986
fold_1,main_fold_1,Main v2 model rolling-origin fold_1,rolling_origin_confirmatory,main,feature_only,env_patent_share_inventions,lag1_3_mean,TGO,Togo,2007,0.001113115,elastic_net_alpha_1_l1_0.2,0.001113115,0.09073136708794738,-0.08961825208794738,0.08961825208794738
fold_1,main_fold_1,Main v2 model rolling-origin fold_1,rolling_origin_confirmatory,main,feature_only,env_patent_share_inventions,lag1_3_mean,THA,Thailand,2007,0.05509918,elastic_net_alpha_1_l1_0.2,0.05509918,0.4967657510216654,-0.4416665710216654,0.4416665710216654
fold_1,main_fold_1,Main v2 model rolling-origin fold_1,rolling_origin_confirmatory,main,feature_only,env_patent_share_inventions,lag1_3_mean,TUN,Tunisia,2007,0.008904918,elastic_net_alpha_1_l1_0.2,0.008904918,0.34092117188635596,-0.33201625388635597,0.33201625388635597
fold_1,main_fold_1,Main v2 model rolling-origin fold_1,rolling_origin_confirmatory,main,feature_only,env_patent_share_inventions,lag1_3_mean,TUR,Turkiye,2007,0.1313475,elastic_net_alpha_1_l1_0.2,0.1313475,1.2998933407230955,-1.1685458407230955,1.1685458407230955
fold_1,main_fold_1,Main v2 model rolling-origin fold_1,rolling_origin_confirmatory,main,feature_only,env_patent_share_inventions,lag1_3_mean,UGA,Uganda,2007,0.000834836,elastic_net_alpha_1_l1_0.2,0.000834836,0.10196316717003018,-0.10112833117003017,0.10112833117003017
fold_1,main_fold_1,Main v2 model rolling-origin fold_1,rolling_origin_confirmatory,main,feature_only,env_patent_share_inventions,lag1_3_mean,UKR,Ukraine,2007,0.1419221,elastic_net_alpha_1_l1_0.2,0.1419221,0.6556525125394952,-0.5137304125394953,0.5137304125394953
fold_1,main_fold_1,Main v2 model rolling-origin fold_1,rolling_origin_confirmatory,main,feature_only,env_patent_share_inventions,lag1_3_mean,URY,Uruguay,2007,0.01001803,elastic_net_alpha_1_l1_0.2,0.01001803,0.2839482131214577,-0.27393018312145767,0.27393018312145767
fold_1,main_fold_1,Main v2 model rolling-origin fold_1,rolling_origin_confirmatory,main,feature_only,env_patent_share_inventions,lag1_3_mean,USA,United States,2007,24.51205,elastic_net_alpha_1_l1_0.2,24.51205,22.936081418672806,1.5759685813271922,1.5759685813271922
fold_1,main_fold_1,Main v2 model rolling-origin fold_1,rolling_origin_confirmatory,main,feature_only,env_patent_share_inventions,lag1_3_mean,UZB,Uzbekistan,2007,0.003061065,elastic_net_alpha_1_l1_0.2,0.003061065,0.4472350140307192,-0.4441739490307192,0.4441739490307192
fold_1,main_fold_1,Main v2 model rolling-origin fold_1,rolling_origin_confirmatory,main,feature_only,env_patent_share_inventions,lag1_3_mean,VEN,"Venezuela, RB",2007,0.02114918,elastic_net_alpha_1_l1_0.2,0.02114918,0.5274379194084718,-0.5062887394084719,0.5062887394084719
fold_1,main_fold_1,Main v2 model rolling-origin fold_1,rolling_origin_confirmatory,main,feature_only,env_patent_share_inventions,lag1_3_mean,VNM,Viet Nam,2007,0.02421024,elastic_net_alpha_1_l1_0.2,0.02421024,0.13589277888045015,-0.11168253888045016,0.11168253888045016
fold_1,main_fold_1,Main v2 model rolling-origin fold_1,rolling_origin_confirmatory,main,feature_only,env_patent_share_inventions,lag1_3_mean,ZAF,South Africa,2007,0.1804359,elastic_net_alpha_1_l1_0.2,0.1804359,0.8576307831207931,-0.6771948831207931,0.6771948831207931
fold_1,main_fold_1,Main v2 model rolling-origin fold_1,rolling_origin_confirmatory,main,feature_only,env_patent_share_inventions,lag1_3_mean,ARE,United Arab Emirates,2008,0.01763329,elastic_net_alpha_1_l1_0.2,0.01763329,0.9834807290007626,-0.9658474390007625,0.9658474390007625
fold_1,main_fold_1,Main v2 model rolling-origin fold_1,rolling_origin_confirmatory,main,feature_only,env_patent_share_inventions,lag1_3_mean,ARG,Argentina,2008,0.05503725,elastic_net_alpha_1_l1_0.2,0.05503725,0.9420622835428589,-0.8870250335428589,0.8870250335428589
fold_1,main_fold_1,Main v2 model rolling-origin fold_1,rolling_origin_confirmatory,main,feature_only,env_patent_share_inventions,lag1_3_mean,AUS,Australia,2008,0.9654495,elastic_net_alpha_1_l1_0.2,0.9654495,2.5126318061452695,-1.5471823061452694,1.5471823061452694
fold_1,main_fold_1,Main v2 model rolling-origin fold_1,rolling_origin_confirmatory,main,feature_only,env_patent_share_inventions,lag1_3_mean,AUT,Austria,2008,1.004082,elastic_net_alpha_1_l1_0.2,1.004082,1.1934658620573537,-0.1893838620573538,0.1893838620573538
fold_1,main_fold_1,Main v2 model rolling-origin fold_1,rolling_origin_confirmatory,main,feature_only,env_patent_share_inventions,lag1_3_mean,AZE,Azerbaijan,2008,0.008549475,elastic_net_alpha_1_l1_0.2,0.008549475,0.34449239763220185,-0.3359429226322018,0.3359429226322018
fold_1,main_fold_1,Main v2 model rolling-origin fold_1,rolling_origin_confirmatory,main,feature_only,env_patent_share_inventions,lag1_3_mean,BEL,Belgium,2008,0.5461512,elastic_net_alpha_1_l1_0.2,0.5461512,1.3848842978125087,-0.8387330978125087,0.8387330978125087
fold_1,main_fold_1,Main v2 model rolling-origin fold_1,rolling_origin_confirmatory,main,feature_only,env_patent_share_inventions,lag1_3_mean,BFA,Burkina Faso,2008,0.006412106,elastic_net_alpha_1_l1_0.2,0.006412106,0.13675200168220092,-0.13033989568220092,0.13033989568220092
fold_1,main_fold_1,Main v2 model rolling-origin fold_1,rolling_origin_confirmatory,main,feature_only,env_patent_share_inventions,lag1_3_mean,BGD,Bangladesh,2008,0.004167869,elastic_net_alpha_1_l1_0.2,0.004167869,0.34209619808954705,-0.33792832908954706,0.33792832908954706
fold_1,main_fold_1,Main v2 model rolling-origin fold_1,rolling_origin_confirmatory,main,feature_only,env_patent_share_inventions,lag1_3_mean,BGR,Bulgaria,2008,0.03804516,elastic_net_alpha_1_l1_0.2,0.03804516,0.46919556006832586,-0.43115040006832583,0.43115040006832583
fold_1,main_fold_1,Main v2 model rolling-origin fold_1,rolling_origin_confirmatory,main,feature_only,env_patent_share_inventions,lag1_3_mean,BHS,"Bahamas, The",2008,0.00480908,elastic_net_alpha_1_l1_0.2,0.00480908,0.34222336572083467,-0.33741428572083465,0.33741428572083465
fold_1,main_fold_1,Main v2 model rolling-origin fold_1,rolling_origin_confirmatory,main,feature_only,env_patent_share_inventions,lag1_3_mean,BIH,Bosnia and Herzegovina,2008,0.005076251,elastic_net_alpha_1_l1_0.2,0.005076251,0.3419433730954725,-0.33686712209547254,0.33686712209547254
fold_1,main_fold_1,Main v2 model rolling-origin fold_1,rolling_origin_confirmatory,main,feature_only,env_patent_share_inventions,lag1_3_mean,BLR,Belarus,2008,0.0304575,elastic_net_alpha_1_l1_0.2,0.0304575,0.35126932768004027,-0.32081182768004024,0.32081182768004024
fold_1,main_fold_1,Main v2 model rolling-origin fold_1,rolling_origin_confirmatory,main,feature_only,env_patent_share_inventions,lag1_3_mean,BOL,Bolivia,2008,0.001068684,elastic_net_alpha_1_l1_0.2,0.001068684,0.2695679621642706,-0.2684992781642706,0.2684992781642706
fold_1,main_fold_1,Main v2 model rolling-origin fold_1,rolling_origin_confirmatory,main,feature_only,env_patent_share_inventions,lag1_3_mean,BRA,Brazil,2008,0.2526675,elastic_net_alpha_1_l1_0.2,0.2526675,2.187349180729055,-1.934681680729055,1.934681680729055
fold_1,main_fold_1,Main v2 model rolling-origin fold_1,rolling_origin_confirmatory,main,feature_only,env_patent_share_inventions,lag1_3_mean,CAN,Canada,2008,1.922557,elastic_net_alpha_1_l1_0.2,1.922557,3.358872029661399,-1.436315029661399,1.436315029661399
fold_1,main_fold_1,Main v2 model rolling-origin fold_1,rolling_origin_confirmatory,main,feature_only,env_patent_share_inventions,lag1_3_mean,CHE,Switzerland,2008,0.8038771,elastic_net_alpha_1_l1_0.2,0.8038771,1.3580485467868348,-0.5541714467868348,0.5541714467868348
fold_1,main_fold_1,Main v2 model rolling-origin fold_1,rolling_origin_confirmatory,main,feature_only,env_patent_share_inventions,lag1_3_mean,CHL,Chile,2008,0.04354889,elastic_net_alpha_1_l1_0.2,0.04354889,0.5200488344421973,-0.4764999444421973,0.4764999444421973
fold_1,main_fold_1,Main v2 model rolling-origin fold_1,rolling_origin_confirmatory,main,feature_only,env_patent_share_inventions,lag1_3_mean,CHN,China,2008,3.424677,elastic_net_alpha_1_l1_0.2,3.424677,9.880906721229252,-6.456229721229252,6.456229721229252
fold_1,main_fold_1,Main v2 model rolling-origin fold_1,rolling_origin_confirmatory,main,feature_only,env_patent_share_inventions,lag1_3_mean,CMR,Cameroon,2008,0.001603027,elastic_net_alpha_1_l1_0.2,0.001603027,0.12247263200548719,-0.12086960500548719,0.12086960500548719
fold_1,main_fold_1,Main v2 model rolling-origin fold_1,rolling_origin_confirmatory,main,feature_only,env_patent_share_inventions,lag1_3_mean,COG,"Congo, Rep.",2008,0.001603027,elastic_net_alpha_1_l1_0.2,0.001603027,-0.017176567308512247,0.018779594308512247,0.018779594308512247
fold_1,main_fold_1,Main v2 model rolling-origin fold_1,rolling_origin_confirmatory,main,feature_only,env_patent_share_inventions,lag1_3_mean,COL,Colombia,2008,0.03259487,elastic_net_alpha_1_l1_0.2,0.03259487,0.5518013943308038,-0.5192065243308037,0.5192065243308037
fold_1,main_fold_1,Main v2 model rolling-origin fold_1,rolling_origin_confirmatory,main,feature_only,env_patent_share_inventions,lag1_3_mean,CRI,Costa Rica,2008,0.006412106,elastic_net_alpha_1_l1_0.2,0.006412106,0.20626320778422036,-0.19985110178422036,0.19985110178422036
fold_1,main_fold_1,Main v2 model rolling-origin fold_1,rolling_origin_confirmatory,main,feature_only,env_patent_share_inventions,lag1_3_mean,CUB,Cuba,2008,0.003206053,elastic_net_alpha_1_l1_0.2,0.003206053,0.45458417842638965,-0.45137812542638966,0.45137812542638966
fold_1,main_fold_1,Main v2 model rolling-origin fold_1,rolling_origin_confirmatory,main,feature_only,env_patent_share_inventions,lag1_3_mean,CYP,Cyprus,2008,0.01763329,elastic_net_alpha_1_l1_0.2,0.01763329,0.3891267948869186,-0.37149350488691857,0.37149350488691857
fold_1,main_fold_1,Main v2 model rolling-origin fold_1,rolling_origin_confirmatory,main,feature_only,env_patent_share_inventions,lag1_3_mean,CZE,Czechia,2008,0.1478525,elastic_net_alpha_1_l1_0.2,0.1478525,0.8374536926273297,-0.6896011926273298,0.6896011926273298
fold_1,main_fold_1,Main v2 model rolling-origin fold_1,rolling_origin_confirmatory,main,feature_only,env_patent_share_inventions,lag1_3_mean,DEU,Germany,2008,13.98602,elastic_net_alpha_1_l1_0.2,13.98602,5.364647582874079,8.62137241712592,8.62137241712592
fold_1,main_fold_1,Main v2 model rolling-origin fold_1,rolling_origin_confirmatory,main,feature_only,env_patent_share_inventions,lag1_3_mean,DNK,Denmark,2008,1.301604,elastic_net_alpha_1_l1_0.2,1.301604,0.891733301241068,0.409870698758932,0.409870698758932
fold_1,main_fold_1,Main v2 model rolling-origin fold_1,rolling_origin_confirmatory,main,feature_only,env_patent_share_inventions,lag1_3_mean,DZA,Algeria,2008,0.00545029,elastic_net_alpha_1_l1_0.2,0.00545029,0.522781752684177,-0.5173314626841771,0.5173314626841771
fold_1,main_fold_1,Main v2 model rolling-origin fold_1,rolling_origin_confirmatory,main,feature_only,env_patent_share_inventions,lag1_3_mean,ECU,Ecuador,2008,0.00748079,elastic_net_alpha_1_l1_0.2,0.00748079,0.36799795189233886,-0.36051716189233884,0.36051716189233884
fold_1,main_fold_1,Main v2 model rolling-origin fold_1,rolling_origin_confirmatory,main,feature_only,env_patent_share_inventions,lag1_3_mean,EGY,"Egypt, Arab Rep.",2008,0.009083817,elastic_net_alpha_1_l1_0.2,0.009083817,0.6784462436656797,-0.6693624266656797,0.6693624266656797
fold_1,main_fold_1,Main v2 model rolling-origin fold_1,rolling_origin_confirmatory,main,feature_only,env_patent_share_inventions,lag1_3_mean,ERI,Eritrea,2008,0.0005343422,elastic_net_alpha_1_l1_0.2,0.0005343422,0.12501141260732906,-0.12447707040732907,0.12447707040732907
fold_1,main_fold_1,Main v2 model rolling-origin fold_1,rolling_origin_confirmatory,main,feature_only,env_patent_share_inventions,lag1_3_mean,ESP,Spain,2008,0.8389707,elastic_net_alpha_1_l1_0.2,0.8389707,2.6631923812669753,-1.8242216812669754,1.8242216812669754
fold_1,main_fold_1,Main v2 model rolling-origin fold_1,rolling_origin_confirmatory,main,feature_only,env_patent_share_inventions,lag1_3_mean,EST,Estonia,2008,0.01923632,elastic_net_alpha_1_l1_0.2,0.01923632,0.4614147224980618,-0.44217840249806184,0.44217840249806184
fold_1,main_fold_1,Main v2 model rolling-origin fold_1,rolling_origin_confirmatory,main,feature_only,env_patent_share_inventions,lag1_3_mean,ETH,Ethiopia,2008,0.001603027,elastic_net_alpha_1_l1_0.2,0.001603027,0.03113460429517434,-0.02953157729517434,0.02953157729517434
fold_1,main_fold_1,Main v2 model rolling-origin fold_1,rolling_origin_confirmatory,main,feature_only,env_patent_share_inventions,lag1_3_mean,FIN,Finland,2008,0.7192246,elastic_net_alpha_1_l1_0.2,0.7192246,0.9348010492133005,-0.21557644921330055,0.21557644921330055
fold_1,main_fold_1,Main v2 model rolling-origin fold_1,rolling_origin_confirmatory,main,feature_only,env_patent_share_inventions,lag1_3_mean,FRA,France,2008,4.111313,elastic_net_alpha_1_l1_0.2,4.111313,4.2010141064569915,-0.08970110645699148,0.08970110645699148
fold_1,main_fold_1,Main v2 model rolling-origin fold_1,rolling_origin_confirmatory,main,feature_only,env_patent_share_inventions,lag1_3_mean,FRO,Faroe Islands,2008,0.003206053,elastic_net_alpha_1_l1_0.2,0.003206053,0.3546908039298331,-0.3514847509298331,0.3514847509298331
fold_1,main_fold_1,Main v2 model rolling-origin fold_1,rolling_origin_confirmatory,main,feature_only,env_patent_share_inventions,lag1_3_mean,GBR,United Kingdom,2008,3.09139,elastic_net_alpha_1_l1_0.2,3.09139,6.251584256661933,-3.1601942566619328,3.1601942566619328
fold_1,main_fold_1,Main v2 model rolling-origin fold_1,rolling_origin_confirmatory,main,feature_only,env_patent_share_inventions,lag1_3_mean,GEO,Georgia,2008,0.003206053,elastic_net_alpha_1_l1_0.2,0.003206053,0.1988577342954504,-0.1956516812954504,0.1956516812954504
fold_1,main_fold_1,Main v2 model rolling-origin fold_1,rolling_origin_confirmatory,main,feature_only,env_patent_share_inventions,lag1_3_mean,GHA,Ghana,2008,0.002671711,elastic_net_alpha_1_l1_0.2,0.002671711,0.14183789653722323,-0.13916618553722324,0.13916618553722324
fold_1,main_fold_1,Main v2 model rolling-origin fold_1,rolling_origin_confirmatory,main,feature_only,env_patent_share_inventions,lag1_3_mean,GRC,Greece,2008,0.04798393,elastic_net_alpha_1_l1_0.2,0.04798393,0.9978633445372078,-0.9498794145372078,0.9498794145372078
fold_1,main_fold_1,Main v2 model rolling-origin fold_1,rolling_origin_confirmatory,main,feature_only,env_patent_share_inventions,lag1_3_mean,GTM,Guatemala,2008,0.003206053,elastic_net_alpha_1_l1_0.2,0.003206053,0.16041391715425768,-0.1572078641542577,0.1572078641542577
fold_1,main_fold_1,Main v2 model rolling-origin fold_1,rolling_origin_confirmatory,main,feature_only,env_patent_share_inventions,lag1_3_mean,HKG,"Hong Kong SAR, China",2008,0.07730913,elastic_net_alpha_1_l1_0.2,0.07730913,0.23451771167646274,-0.15720858167646273,0.15720858167646273
fold_1,main_fold_1,Main v2 model rolling-origin fold_1,rolling_origin_confirmatory,main,feature_only,env_patent_share_inventions,lag1_3_mean,HRV,Croatia,2008,0.02543469,elastic_net_alpha_1_l1_0.2,0.02543469,0.4548215118774209,-0.42938682187742094,0.42938682187742094
fold_1,main_fold_1,Main v2 model rolling-origin fold_1,rolling_origin_confirmatory,main,feature_only,env_patent_share_inventions,lag1_3_mean,HUN,Hungary,2008,0.1012578,elastic_net_alpha_1_l1_0.2,0.1012578,0.7134280753520783,-0.6121702753520784,0.6121702753520784
fold_1,main_fold_1,Main v2 model rolling-origin fold_1,rolling_origin_confirmatory,main,feature_only,env_patent_share_inventions,lag1_3_mean,IDN,Indonesia,2008,0.006412106,elastic_net_alpha_1_l1_0.2,0.006412106,0.6517161930579165,-0.6453040870579165,0.6453040870579165
fold_1,main_fold_1,Main v2 model rolling-origin fold_1,rolling_origin_confirmatory,main,feature_only,env_patent_share_inventions,lag1_3_mean,IND,India,2008,0.9446343,elastic_net_alpha_1_l1_0.2,0.9446343,2.188516925004972,-1.243882625004972,1.243882625004972
fold_1,main_fold_1,Main v2 model rolling-origin fold_1,rolling_origin_confirmatory,main,feature_only,env_patent_share_inventions,lag1_3_mean,IRL,Ireland,2008,0.2000577,elastic_net_alpha_1_l1_0.2,0.2000577,0.8960352538181858,-0.6959775538181858,0.6959775538181858
fold_1,main_fold_1,Main v2 model rolling-origin fold_1,rolling_origin_confirmatory,main,feature_only,env_patent_share_inventions,lag1_3_mean,IRN,"Iran, Islamic Rep.",2008,0.02666367,elastic_net_alpha_1_l1_0.2,0.02666367,1.0225339592667406,-0.9958702892667406,0.9958702892667406
fold_1,main_fold_1,Main v2 model rolling-origin fold_1,rolling_origin_confirmatory,main,feature_only,env_patent_share_inventions,lag1_3_mean,ISL,Iceland,2008,0.003206053,elastic_net_alpha_1_l1_0.2,0.003206053,0.36489764807773895,-0.36169159507773896,0.36169159507773896
fold_1,main_fold_1,Main v2 model rolling-origin fold_1,rolling_origin_confirmatory,main,feature_only,env_patent_share_inventions,lag1_3_mean,ISR,Israel,2008,0.874624,elastic_net_alpha_1_l1_0.2,0.874624,0.9680934578517988,-0.09346945785179883,0.09346945785179883
fold_1,main_fold_1,Main v2 model rolling-origin fold_1,rolling_origin_confirmatory,main,feature_only,env_patent_share_inventions,lag1_3_mean,ITA,Italy,2008,1.871724,elastic_net_alpha_1_l1_0.2,1.871724,3.56902192950656,-1.69729792950656,1.69729792950656
fold_1,main_fold_1,Main v2 model rolling-origin fold_1,rolling_origin_confirmatory,main,feature_only,env_patent_share_inventions,lag1_3_mean,JOR,Jordan,2008,0.01242346,elastic_net_alpha_1_l1_0.2,0.01242346,0.24158490861694704,-0.22916144861694704,0.22916144861694704
fold_1,main_fold_1,Main v2 model rolling-origin fold_1,rolling_origin_confirmatory,main,feature_only,env_patent_share_inventions,lag1_3_mean,JPN,Japan,2008,23.21695,elastic_net_alpha_1_l1_0.2,23.21695,6.557178180032115,16.659771819967887,16.659771819967887
fold_1,main_fold_1,Main v2 model rolling-origin fold_1,rolling_origin_confirmatory,main,feature_only,env_patent_share_inventions,lag1_3_mean,KAZ,Kazakhstan,2008,0.01923632,elastic_net_alpha_1_l1_0.2,0.01923632,0.6441795265610892,-0.6249432065610893,0.6249432065610893
fold_1,main_fold_1,Main v2 model rolling-origin fold_1,rolling_origin_confirmatory,main,feature_only,env_patent_share_inventions,lag1_3_mean,KEN,Kenya,2008,0.003206053,elastic_net_alpha_1_l1_0.2,0.003206053,0.1379585891634546,-0.13475253616345462,0.13475253616345462
fold_1,main_fold_1,Main v2 model rolling-origin fold_1,rolling_origin_confirmatory,main,feature_only,env_patent_share_inventions,lag1_3_mean,KHM,Cambodia,2008,0.001603027,elastic_net_alpha_1_l1_0.2,0.001603027,-0.09315685891969427,0.09475988591969428,0.09475988591969428
fold_1,main_fold_1,Main v2 model rolling-origin fold_1,rolling_origin_confirmatory,main,feature_only,env_patent_share_inventions,lag1_3_mean,KOR,"Korea, Rep.",2008,7.318363,elastic_net_alpha_1_l1_0.2,7.318363,2.3652413915881256,4.953121608411874,4.953121608411874
fold_1,main_fold_1,Main v2 model rolling-origin fold_1,rolling_origin_confirmatory,main,feature_only,env_patent_share_inventions,lag1_3_mean,LBN,Lebanon,2008,0.006091501,elastic_net_alpha_1_l1_0.2,0.006091501,0.35706611337591043,-0.35097461237591043,0.35097461237591043
fold_1,main_fold_1,Main v2 model rolling-origin fold_1,rolling_origin_confirmatory,main,feature_only,env_patent_share_inventions,lag1_3_mean,LKA,Sri Lanka,2008,0.003206053,elastic_net_alpha_1_l1_0.2,0.003206053,0.17007215017998367,-0.16686609717998369,0.16686609717998369
fold_1,main_fold_1,Main v2 model rolling-origin fold_1,rolling_origin_confirmatory,main,feature_only,env_patent_share_inventions,lag1_3_mean,LTU,Lithuania,2008,0.02885448,elastic_net_alpha_1_l1_0.2,0.02885448,0.3036163970270148,-0.2747619170270148,0.2747619170270148
fold_1,main_fold_1,Main v2 model rolling-origin fold_1,rolling_origin_confirmatory,main,feature_only,env_patent_share_inventions,lag1_3_mean,LUX,Luxembourg,2008,0.03312922,elastic_net_alpha_1_l1_0.2,0.03312922,0.2857255547072365,-0.25259633470723647,0.25259633470723647
fold_1,main_fold_1,Main v2 model rolling-origin fold_1,rolling_origin_confirmatory,main,feature_only,env_patent_share_inventions,lag1_3_mean,LVA,Latvia,2008,0.008015133,elastic_net_alpha_1_l1_0.2,0.008015133,0.23301097098487233,-0.22499583798487233,0.22499583798487233
fold_1,main_fold_1,Main v2 model rolling-origin fold_1,rolling_origin_confirmatory,main,feature_only,env_patent_share_inventions,lag1_3_mean,MAR,Morocco,2008,0.01709895,elastic_net_alpha_1_l1_0.2,0.01709895,0.387133080649273,-0.370034130649273,0.370034130649273
fold_1,main_fold_1,Main v2 model rolling-origin fold_1,rolling_origin_confirmatory,main,feature_only,env_patent_share_inventions,lag1_3_mean,MDA,Moldova,2008,0.00748079,elastic_net_alpha_1_l1_0.2,0.00748079,0.18467367988573968,-0.1771928898857397,0.1771928898857397
fold_1,main_fold_1,Main v2 model rolling-origin fold_1,rolling_origin_confirmatory,main,feature_only,env_patent_share_inventions,lag1_3_mean,MDG,Madagascar,2008,0.001175553,elastic_net_alpha_1_l1_0.2,0.001175553,0.062434123465813895,-0.06125857046581389,0.06125857046581389
fold_1,main_fold_1,Main v2 model rolling-origin fold_1,rolling_origin_confirmatory,main,feature_only,env_patent_share_inventions,lag1_3_mean,MEX,Mexico,2008,0.1208415,elastic_net_alpha_1_l1_0.2,0.1208415,1.5205232872700147,-1.3996817872700147,1.3996817872700147
fold_1,main_fold_1,Main v2 model rolling-origin fold_1,rolling_origin_confirmatory,main,feature_only,env_patent_share_inventions,lag1_3_mean,MKD,North Macedonia,2008,0.003206053,elastic_net_alpha_1_l1_0.2,0.003206053,0.30611685993665494,-0.30291080693665495,0.30291080693665495
fold_1,main_fold_1,Main v2 model rolling-origin fold_1,rolling_origin_confirmatory,main,feature_only,env_patent_share_inventions,lag1_3_mean,MLT,Malta,2008,0.005343422,elastic_net_alpha_1_l1_0.2,0.005343422,0.3700069750251367,-0.3646635530251367,0.3646635530251367
fold_1,main_fold_1,Main v2 model rolling-origin fold_1,rolling_origin_confirmatory,main,feature_only,env_patent_share_inventions,lag1_3_mean,MNG,Mongolia,2008,0.001603027,elastic_net_alpha_1_l1_0.2,0.001603027,0.2814957727421775,-0.27989274574217754,0.27989274574217754
fold_1,main_fold_1,Main v2 model rolling-origin fold_1,rolling_origin_confirmatory,main,feature_only,env_patent_share_inventions,lag1_3_mean,MOZ,Mozambique,2008,0.001068684,elastic_net_alpha_1_l1_0.2,0.001068684,0.02730529087329825,-0.02623660687329825,0.02623660687329825
fold_1,main_fold_1,Main v2 model rolling-origin fold_1,rolling_origin_confirmatory,main,feature_only,env_patent_share_inventions,lag1_3_mean,MUS,Mauritius,2008,0.002671711,elastic_net_alpha_1_l1_0.2,0.002671711,0.1883741220117967,-0.18570241101179671,0.18570241101179671
fold_1,main_fold_1,Main v2 model rolling-origin fold_1,rolling_origin_confirmatory,main,feature_only,env_patent_share_inventions,lag1_3_mean,MYS,Malaysia,2008,0.09270836,elastic_net_alpha_1_l1_0.2,0.09270836,0.3822968362917075,-0.28958847629170753,0.28958847629170753
fold_1,main_fold_1,Main v2 model rolling-origin fold_1,rolling_origin_confirmatory,main,feature_only,env_patent_share_inventions,lag1_3_mean,NLD,Netherlands,2008,1.390091,elastic_net_alpha_1_l1_0.2,1.390091,4.485731456899224,-3.0956404568992237,3.0956404568992237
fold_1,main_fold_1,Main v2 model rolling-origin fold_1,rolling_origin_confirmatory,main,feature_only,env_patent_share_inventions,lag1_3_mean,NOR,Norway,2008,0.3769784,elastic_net_alpha_1_l1_0.2,0.3769784,0.8493953476320851,-0.47241694763208514,0.47241694763208514
fold_1,main_fold_1,Main v2 model rolling-origin fold_1,rolling_origin_confirmatory,main,feature_only,env_patent_share_inventions,lag1_3_mean,NPL,Nepal,2008,0.009671593,elastic_net_alpha_1_l1_0.2,0.009671593,0.10294626584113331,-0.0932746728411333,0.0932746728411333
fold_1,main_fold_1,Main v2 model rolling-origin fold_1,rolling_origin_confirmatory,main,feature_only,env_patent_share_inventions,lag1_3_mean,NZL,New Zealand,2008,0.1503639,elastic_net_alpha_1_l1_0.2,0.1503639,0.7096316377624403,-0.5592677377624403,0.5592677377624403
fold_1,main_fold_1,Main v2 model rolling-origin fold_1,rolling_origin_confirmatory,main,feature_only,env_patent_share_inventions,lag1_3_mean,PAK,Pakistan,2008,0.002671711,elastic_net_alpha_1_l1_0.2,0.002671711,0.5273821275242332,-0.5247104165242332,0.5247104165242332
fold_1,main_fold_1,Main v2 model rolling-origin fold_1,rolling_origin_confirmatory,main,feature_only,env_patent_share_inventions,lag1_3_mean,PAN,Panama,2008,0.004007566,elastic_net_alpha_1_l1_0.2,0.004007566,0.13126986956011366,-0.12726230356011367,0.12726230356011367
fold_1,main_fold_1,Main v2 model rolling-origin fold_1,rolling_origin_confirmatory,main,feature_only,env_patent_share_inventions,lag1_3_mean,PER,Peru,2008,0.005877764,elastic_net_alpha_1_l1_0.2,0.005877764,0.3729719906760992,-0.3670942266760992,0.3670942266760992
fold_1,main_fold_1,Main v2 model rolling-origin fold_1,rolling_origin_confirmatory,main,feature_only,env_patent_share_inventions,lag1_3_mean,PHL,Philippines,2008,0.02083934,elastic_net_alpha_1_l1_0.2,0.02083934,0.35346487554841444,-0.33262553554841445,0.33262553554841445
fold_1,main_fold_1,Main v2 model rolling-origin fold_1,rolling_origin_confirmatory,main,feature_only,env_patent_share_inventions,lag1_3_mean,POL,Poland,2008,0.2195078,elastic_net_alpha_1_l1_0.2,0.2195078,1.4034331249033118,-1.183925324903312,1.183925324903312
fold_1,main_fold_1,Main v2 model rolling-origin fold_1,rolling_origin_confirmatory,main,feature_only,env_patent_share_inventions,lag1_3_mean,PRT,Portugal,2008,0.08896797,elastic_net_alpha_1_l1_0.2,0.08896797,0.7552537858245932,-0.6662858158245932,0.6662858158245932
fold_1,main_fold_1,Main v2 model rolling-origin fold_1,rolling_origin_confirmatory,main,feature_only,env_patent_share_inventions,lag1_3_mean,ROU,Romania,2008,0.06941105,elastic_net_alpha_1_l1_0.2,0.06941105,0.6481778637938093,-0.5787668137938092,0.5787668137938092
fold_1,main_fold_1,Main v2 model rolling-origin fold_1,rolling_origin_confirmatory,main,feature_only,env_patent_share_inventions,lag1_3_mean,RUS,Russian Federation,2008,0.4281226,elastic_net_alpha_1_l1_0.2,0.4281226,2.4687773338537298,-2.0406547338537298,2.0406547338537298
fold_1,main_fold_1,Main v2 model rolling-origin fold_1,rolling_origin_confirmatory,main,feature_only,env_patent_share_inventions,lag1_3_mean,SAU,Saudi Arabia,2008,0.03526658,elastic_net_alpha_1_l1_0.2,0.03526658,1.01136611658803,-0.9760995365880301,0.9760995365880301
fold_1,main_fold_1,Main v2 model rolling-origin fold_1,rolling_origin_confirmatory,main,feature_only,env_patent_share_inventions,lag1_3_mean,SEN,Senegal,2008,0.001603027,elastic_net_alpha_1_l1_0.2,0.001603027,0.23951858980065532,-0.23791556280065532,0.23791556280065532
fold_1,main_fold_1,Main v2 model rolling-origin fold_1,rolling_origin_confirmatory,main,feature_only,env_patent_share_inventions,lag1_3_mean,SGP,Singapore,2008,0.2822395,elastic_net_alpha_1_l1_0.2,0.2822395,0.21553161567657675,0.06670788432342323,0.06670788432342323
fold_1,main_fold_1,Main v2 model rolling-origin fold_1,rolling_origin_confirmatory,main,feature_only,env_patent_share_inventions,lag1_3_mean,SLE,Sierra Leone,2008,0.001709895,elastic_net_alpha_1_l1_0.2,0.001709895,0.13710346648353033,-0.13539357148353034,0.13539357148353034
fold_1,main_fold_1,Main v2 model rolling-origin fold_1,rolling_origin_confirmatory,main,feature_only,env_patent_share_inventions,lag1_3_mean,SLV,El Salvador,2008,0.003206053,elastic_net_alpha_1_l1_0.2,0.003206053,0.2415058213575244,-0.23829976835752442,0.23829976835752442
fold_1,main_fold_1,Main v2 model rolling-origin fold_1,rolling_origin_confirmatory,main,feature_only,env_patent_share_inventions,lag1_3_mean,SMR,San Marino,2008,0.006412106,elastic_net_alpha_1_l1_0.2,0.006412106,0.39835663355251527,-0.3919445275525153,0.3919445275525153
fold_1,main_fold_1,Main v2 model rolling-origin fold_1,rolling_origin_confirmatory,main,feature_only,env_patent_share_inventions,lag1_3_mean,SRB,Serbia,2008,0.0302972,elastic_net_alpha_1_l1_0.2,0.0302972,0.4496982452059699,-0.4194010452059699,0.4194010452059699
fold_1,main_fold_1,Main v2 model rolling-origin fold_1,rolling_origin_confirmatory,main,feature_only,env_patent_share_inventions,lag1_3_mean,SVK,Slovak Republic,2008,0.0238851,elastic_net_alpha_1_l1_0.2,0.0238851,0.3694206859966839,-0.3455355859966839,0.3455355859966839
fold_1,main_fold_1,Main v2 model rolling-origin fold_1,rolling_origin_confirmatory,main,feature_only,env_patent_share_inventions,lag1_3_mean,SVN,Slovenia,2008,0.03019033,elastic_net_alpha_1_l1_0.2,0.03019033,0.387069203523817,-0.35687887352381703,0.35687887352381703
fold_1,main_fold_1,Main v2 model rolling-origin fold_1,rolling_origin_confirmatory,main,feature_only,env_patent_share_inventions,lag1_3_mean,SWE,Sweden,2008,0.912977,elastic_net_alpha_1_l1_0.2,0.912977,1.2062631798727639,-0.29328617987276384,0.29328617987276384
fold_1,main_fold_1,Main v2 model rolling-origin fold_1,rolling_origin_confirmatory,main,feature_only,env_patent_share_inventions,lag1_3_mean,THA,Thailand,2008,0.02778579,elastic_net_alpha_1_l1_0.2,0.02778579,0.5271509871213289,-0.49936519712132893,0.49936519712132893
fold_1,main_fold_1,Main v2 model rolling-origin fold_1,rolling_origin_confirmatory,main,feature_only,env_patent_share_inventions,lag1_3_mean,TON,Tonga,2008,0.001603027,elastic_net_alpha_1_l1_0.2,0.001603027,0.3304703132879955,-0.3288672862879955,0.3288672862879955
fold_1,main_fold_1,Main v2 model rolling-origin fold_1,rolling_origin_confirmatory,main,feature_only,env_patent_share_inventions,lag1_3_mean,TUN,Tunisia,2008,0.009618159,elastic_net_alpha_1_l1_0.2,0.009618159,0.33877635832911657,-0.32915819932911655,0.32915819932911655
fold_1,main_fold_1,Main v2 model rolling-origin fold_1,rolling_origin_confirmatory,main,feature_only,env_patent_share_inventions,lag1_3_mean,TUR,Turkiye,2008,0.1397432,elastic_net_alpha_1_l1_0.2,0.1397432,1.4299108566601917,-1.2901676566601916,1.2901676566601916
fold_1,main_fold_1,Main v2 model rolling-origin fold_1,rolling_origin_confirmatory,main,feature_only,env_patent_share_inventions,lag1_3_mean,TZA,Tanzania,2008,0.001068684,elastic_net_alpha_1_l1_0.2,0.001068684,0.11951458580252994,-0.11844590180252994,0.11844590180252994
fold_1,main_fold_1,Main v2 model rolling-origin fold_1,rolling_origin_confirmatory,main,feature_only,env_patent_share_inventions,lag1_3_mean,UKR,Ukraine,2008,0.1288833,elastic_net_alpha_1_l1_0.2,0.1288833,0.6928137432593522,-0.5639304432593522,0.5639304432593522
fold_1,main_fold_1,Main v2 model rolling-origin fold_1,rolling_origin_confirmatory,main,feature_only,env_patent_share_inventions,lag1_3_mean,URY,Uruguay,2008,0.008015133,elastic_net_alpha_1_l1_0.2,0.008015133,0.2867074527750568,-0.2786923197750568,0.2786923197750568
fold_1,main_fold_1,Main v2 model rolling-origin fold_1,rolling_origin_confirmatory,main,feature_only,env_patent_share_inventions,lag1_3_mean,USA,United States,2008,24.44589,elastic_net_alpha_1_l1_0.2,24.44589,23.83288854029565,0.6130014597043498,0.6130014597043498
fold_1,main_fold_1,Main v2 model rolling-origin fold_1,rolling_origin_confirmatory,main,feature_only,env_patent_share_inventions,lag1_3_mean,UZB,Uzbekistan,2008,0.002671711,elastic_net_alpha_1_l1_0.2,0.002671711,0.4505247575001714,-0.4478530465001714,0.4478530465001714
fold_1,main_fold_1,Main v2 model rolling-origin fold_1,rolling_origin_confirmatory,main,feature_only,env_patent_share_inventions,lag1_3_mean,VEN,"Venezuela, RB",2008,0.02644994,elastic_net_alpha_1_l1_0.2,0.02644994,0.5399271953276178,-0.5134772553276178,0.5134772553276178
fold_1,main_fold_1,Main v2 model rolling-origin fold_1,rolling_origin_confirmatory,main,feature_only,env_patent_share_inventions,lag1_3_mean,VNM,Viet Nam,2008,0.01106088,elastic_net_alpha_1_l1_0.2,0.01106088,0.14235370011834203,-0.13129282011834204,0.13129282011834204
fold_1,main_fold_1,Main v2 model rolling-origin fold_1,rolling_origin_confirmatory,main,feature_only,env_patent_share_inventions,lag1_3_mean,WSM,Samoa,2008,0.001603027,elastic_net_alpha_1_l1_0.2,0.001603027,0.1598125207105462,-0.15820949371054618,0.15820949371054618
fold_1,main_fold_1,Main v2 model rolling-origin fold_1,rolling_origin_confirmatory,main,feature_only,env_patent_share_inventions,lag1_3_mean,YEM,"Yemen, Rep.",2008,0.001603027,elastic_net_alpha_1_l1_0.2,0.001603027,0.3470971859733678,-0.3454941589733678,0.3454941589733678
fold_1,main_fold_1,Main v2 model rolling-origin fold_1,rolling_origin_confirmatory,main,feature_only,env_patent_share_inventions,lag1_3_mean,ZAF,South Africa,2008,0.2016378,elastic_net_alpha_1_l1_0.2,0.2016378,0.8852379530641484,-0.6836001530641485,0.6836001530641485
fold_1,main_fold_1,Main v2 model rolling-origin fold_1,rolling_origin_confirmatory,main,feature_only,env_patent_share_inventions,lag1_3_mean,ALB,Albania,2009,0.003449664,elastic_net_alpha_1_l1_0.2,0.003449664,0.23070475401498503,-0.22725509001498503,0.22725509001498503
fold_1,main_fold_1,Main v2 model rolling-origin fold_1,rolling_origin_confirmatory,main,feature_only,env_patent_share_inventions,lag1_3_mean,ARE,United Arab Emirates,2009,0.0143736,elastic_net_alpha_1_l1_0.2,0.0143736,0.9555522890911123,-0.9411786890911124,0.9411786890911124
fold_1,main_fold_1,Main v2 model rolling-origin fold_1,rolling_origin_confirmatory,main,feature_only,env_patent_share_inventions,lag1_3_mean,ARG,Argentina,2009,0.0215604,elastic_net_alpha_1_l1_0.2,0.0215604,0.9916037037053589,-0.9700433037053589,0.9700433037053589
fold_1,main_fold_1,Main v2 model rolling-origin fold_1,rolling_origin_confirmatory,main,feature_only,env_patent_share_inventions,lag1_3_mean,ARM,Armenia,2009,0.005749439,elastic_net_alpha_1_l1_0.2,0.005749439,0.3775401113783273,-0.3717906723783273,0.3717906723783273
fold_1,main_fold_1,Main v2 model rolling-origin fold_1,rolling_origin_confirmatory,main,feature_only,env_patent_share_inventions,lag1_3_mean,AUS,Australia,2009,0.9164881,elastic_net_alpha_1_l1_0.2,0.9164881,2.7425546484657084,-1.8260665484657084,1.8260665484657084
fold_1,main_fold_1,Main v2 model rolling-origin fold_1,rolling_origin_confirmatory,main,feature_only,env_patent_share_inventions,lag1_3_mean,AUT,Austria,2009,0.9144483,elastic_net_alpha_1_l1_0.2,0.9144483,1.0285371068303972,-0.11408880683039724,0.11408880683039724
fold_1,main_fold_1,Main v2 model rolling-origin fold_1,rolling_origin_confirmatory,main,feature_only,env_patent_share_inventions,lag1_3_mean,AZE,Azerbaijan,2009,0.007665919,elastic_net_alpha_1_l1_0.2,0.007665919,0.3716825313179676,-0.36401661231796756,0.36401661231796756
fold_1,main_fold_1,Main v2 model rolling-origin fold_1,rolling_origin_confirmatory,main,feature_only,env_patent_share_inventions,lag1_3_mean,BEL,Belgium,2009,0.6133693,elastic_net_alpha_1_l1_0.2,0.6133693,1.7336642061455945,-1.1202949061455945,1.1202949061455945
fold_1,main_fold_1,Main v2 model rolling-origin fold_1,rolling_origin_confirmatory,main,feature_only,env_patent_share_inventions,lag1_3_mean,BFA,Burkina Faso,2009,0.00287472,elastic_net_alpha_1_l1_0.2,0.00287472,0.13874262804060955,-0.13586790804060955,0.13586790804060955
fold_1,main_fold_1,Main v2 model rolling-origin fold_1,rolling_origin_confirmatory,main,feature_only,env_patent_share_inventions,lag1_3_mean,BGD,Bangladesh,2009,0.01255294,elastic_net_alpha_1_l1_0.2,0.01255294,0.3517405932068931,-0.3391876532068931,0.3391876532068931
fold_1,main_fold_1,Main v2 model rolling-origin fold_1,rolling_origin_confirmatory,main,feature_only,env_patent_share_inventions,lag1_3_mean,BGR,Bulgaria,2009,0.02917841,elastic_net_alpha_1_l1_0.2,0.02917841,0.46907895705297487,-0.4399005470529749,0.4399005470529749
fold_1,main_fold_1,Main v2 model rolling-origin fold_1,rolling_origin_confirmatory,main,feature_only,env_patent_share_inventions,lag1_3_mean,BIH,Bosnia and Herzegovina,2009,0.00503076,elastic_net_alpha_1_l1_0.2,0.00503076,0.35846814257065407,-0.35343738257065405,0.35343738257065405
fold_1,main_fold_1,Main v2 model rolling-origin fold_1,rolling_origin_confirmatory,main,feature_only,env_patent_share_inventions,lag1_3_mean,BLR,Belarus,2009,0.02822017,elastic_net_alpha_1_l1_0.2,0.02822017,0.3500808275958045,-0.3218606575958045,0.3218606575958045
fold_1,main_fold_1,Main v2 model rolling-origin fold_1,rolling_origin_confirmatory,main,feature_only,env_patent_share_inventions,lag1_3_mean,BOL,Bolivia,2009,0.00143736,elastic_net_alpha_1_l1_0.2,0.00143736,0.2644487675738936,-0.2630114075738936,0.2630114075738936
fold_1,main_fold_1,Main v2 model rolling-origin fold_1,rolling_origin_confirmatory,main,feature_only,env_patent_share_inventions,lag1_3_mean,BRA,Brazil,2009,0.2035302,elastic_net_alpha_1_l1_0.2,0.2035302,2.4340664740440756,-2.2305362740440757,2.2305362740440757
fold_1,main_fold_1,Main v2 model rolling-origin fold_1,rolling_origin_confirmatory,main,feature_only,env_patent_share_inventions,lag1_3_mean,BRN,Brunei Darussalam,2009,0.0007186799,elastic_net_alpha_1_l1_0.2,0.0007186799,0.7665103515896646,-0.7657916716896647,0.7657916716896647
fold_1,main_fold_1,Main v2 model rolling-origin fold_1,rolling_origin_confirmatory,main,feature_only,env_patent_share_inventions,lag1_3_mean,CAN,Canada,2009,1.890474,elastic_net_alpha_1_l1_0.2,1.890474,3.52659189671927,-1.6361178967192702,1.6361178967192702
fold_1,main_fold_1,Main v2 model rolling-origin fold_1,rolling_origin_confirmatory,main,feature_only,env_patent_share_inventions,lag1_3_mean,CHE,Switzerland,2009,0.9433461,elastic_net_alpha_1_l1_0.2,0.9433461,1.3745279754116713,-0.4311818754116713,0.4311818754116713
fold_1,main_fold_1,Main v2 model rolling-origin fold_1,rolling_origin_confirmatory,main,feature_only,env_patent_share_inventions,lag1_3_mean,CHL,Chile,2009,0.05184078,elastic_net_alpha_1_l1_0.2,0.05184078,0.5640689215646278,-0.5122281415646278,0.5122281415646278
fold_1,main_fold_1,Main v2 model rolling-origin fold_1,rolling_origin_confirmatory,main,feature_only,env_patent_share_inventions,lag1_3_mean,CHN,China,2009,3.919571,elastic_net_alpha_1_l1_0.2,3.919571,11.208170816775935,-7.288599816775935,7.288599816775935
fold_1,main_fold_1,Main v2 model rolling-origin fold_1,rolling_origin_confirmatory,main,feature_only,env_patent_share_inventions,lag1_3_mean,COL,Colombia,2009,0.0371318,elastic_net_alpha_1_l1_0.2,0.0371318,0.5682973037550405,-0.5311655037550405,0.5311655037550405
fold_1,main_fold_1,Main v2 model rolling-origin fold_1,rolling_origin_confirmatory,main,feature_only,env_patent_share_inventions,lag1_3_mean,CUB,Cuba,2009,0.00287472,elastic_net_alpha_1_l1_0.2,0.00287472,0.4634229615033447,-0.4605482415033447,0.4605482415033447
fold_1,main_fold_1,Main v2 model rolling-origin fold_1,rolling_origin_confirmatory,main,feature_only,env_patent_share_inventions,lag1_3_mean,CYP,Cyprus,2009,0.009582399,elastic_net_alpha_1_l1_0.2,0.009582399,0.4141648218570708,-0.4045824228570708,0.4045824228570708
fold_1,main_fold_1,Main v2 model rolling-origin fold_1,rolling_origin_confirmatory,main,feature_only,env_patent_share_inventions,lag1_3_mean,CZE,Czechia,2009,0.1274459,elastic_net_alpha_1_l1_0.2,0.1274459,0.8509752638644461,-0.7235293638644461,0.7235293638644461
fold_1,main_fold_1,Main v2 model rolling-origin fold_1,rolling_origin_confirmatory,main,feature_only,env_patent_share_inventions,lag1_3_mean,DEU,Germany,2009,13.47375,elastic_net_alpha_1_l1_0.2,13.47375,5.414909553142902,8.058840446857099,8.058840446857099
fold_1,main_fold_1,Main v2 model rolling-origin fold_1,rolling_origin_confirmatory,main,feature_only,env_patent_share_inventions,lag1_3_mean,DNK,Denmark,2009,1.108252,elastic_net_alpha_1_l1_0.2,1.108252,0.8618090149115896,0.24644298508841045,0.24644298508841045
fold_1,main_fold_1,Main v2 model rolling-origin fold_1,rolling_origin_confirmatory,main,feature_only,env_patent_share_inventions,lag1_3_mean,DOM,Dominican Republic,2009,0.005749439,elastic_net_alpha_1_l1_0.2,0.005749439,0.36706906148291607,-0.36131962248291605,0.36131962248291605
fold_1,main_fold_1,Main v2 model rolling-origin fold_1,rolling_origin_confirmatory,main,feature_only,env_patent_share_inventions,lag1_3_mean,DZA,Algeria,2009,0.006707679,elastic_net_alpha_1_l1_0.2,0.006707679,0.5347277736608285,-0.5280200946608284,0.5280200946608284
fold_1,main_fold_1,Main v2 model rolling-origin fold_1,rolling_origin_confirmatory,main,feature_only,env_patent_share_inventions,lag1_3_mean,ECU,Ecuador,2009,0.009342839,elastic_net_alpha_1_l1_0.2,0.009342839,0.362502915671024,-0.353160076671024,0.353160076671024
fold_1,main_fold_1,Main v2 model rolling-origin fold_1,rolling_origin_confirmatory,main,feature_only,env_patent_share_inventions,lag1_3_mean,EGY,"Egypt, Arab Rep.",2009,0.02884302,elastic_net_alpha_1_l1_0.2,0.02884302,0.7037911086772621,-0.6749480886772621,0.6749480886772621
fold_1,main_fold_1,Main v2 model rolling-origin fold_1,rolling_origin_confirmatory,main,feature_only,env_patent_share_inventions,lag1_3_mean,ESP,Spain,2009,0.9902246,elastic_net_alpha_1_l1_0.2,0.9902246,2.8462762552155048,-1.8560516552155049,1.8560516552155049
fold_1,main_fold_1,Main v2 model rolling-origin fold_1,rolling_origin_confirmatory,main,feature_only,env_patent_share_inventions,lag1_3_mean,EST,Estonia,2009,0.02012304,elastic_net_alpha_1_l1_0.2,0.02012304,0.4665508518448561,-0.44642781184485614,0.44642781184485614
fold_1,main_fold_1,Main v2 model rolling-origin fold_1,rolling_origin_confirmatory,main,feature_only,env_patent_share_inventions,lag1_3_mean,ETH,Ethiopia,2009,0.00287472,elastic_net_alpha_1_l1_0.2,0.00287472,0.0346143237267158,-0.031739603726715804,0.031739603726715804
fold_1,main_fold_1,Main v2 model rolling-origin fold_1,rolling_origin_confirmatory,main,feature_only,env_patent_share_inventions,lag1_3_mean,FIN,Finland,2009,0.6034516,elastic_net_alpha_1_l1_0.2,0.6034516,0.9523166613178248,-0.3488650613178248,0.3488650613178248
fold_1,main_fold_1,Main v2 model rolling-origin fold_1,rolling_origin_confirmatory,main,feature_only,env_patent_share_inventions,lag1_3_mean,FRA,France,2009,4.211981,elastic_net_alpha_1_l1_0.2,4.211981,4.245324565574133,-0.03334356557413365,0.03334356557413365
fold_1,main_fold_1,Main v2 model rolling-origin fold_1,rolling_origin_confirmatory,main,feature_only,env_patent_share_inventions,lag1_3_mean,GAB,Gabon,2009,0.0009582399,elastic_net_alpha_1_l1_0.2,0.0009582399,0.06563125492883937,-0.06467301502883936,0.06467301502883936
fold_1,main_fold_1,Main v2 model rolling-origin fold_1,rolling_origin_confirmatory,main,feature_only,env_patent_share_inventions,lag1_3_mean,GBR,United Kingdom,2009,3.020571,elastic_net_alpha_1_l1_0.2,3.020571,6.3329347026737794,-3.3123637026737796,3.3123637026737796
fold_1,main_fold_1,Main v2 model rolling-origin fold_1,rolling_origin_confirmatory,main,feature_only,env_patent_share_inventions,lag1_3_mean,GEO,Georgia,2009,0.00215604,elastic_net_alpha_1_l1_0.2,0.00215604,0.20738141770623575,-0.20522537770623575,0.20522537770623575
fold_1,main_fold_1,Main v2 model rolling-origin fold_1,rolling_origin_confirmatory,main,feature_only,env_patent_share_inventions,lag1_3_mean,GRC,Greece,2009,0.08413346,elastic_net_alpha_1_l1_0.2,0.08413346,1.030252510117795,-0.9461190501177951,0.9461190501177951
fold_1,main_fold_1,Main v2 model rolling-origin fold_1,rolling_origin_confirmatory,main,feature_only,env_patent_share_inventions,lag1_3_mean,GTM,Guatemala,2009,0.00287472,elastic_net_alpha_1_l1_0.2,0.00287472,0.16196500132051117,-0.15909028132051117,0.15909028132051117
fold_1,main_fold_1,Main v2 model rolling-origin fold_1,rolling_origin_confirmatory,main,feature_only,env_patent_share_inventions,lag1_3_mean,HKG,"Hong Kong SAR, China",2009,0.08928742,elastic_net_alpha_1_l1_0.2,0.08928742,0.27048262151407065,-0.18119520151407065,0.18119520151407065
fold_1,main_fold_1,Main v2 model rolling-origin fold_1,rolling_origin_confirmatory,main,feature_only,env_patent_share_inventions,lag1_3_mean,HRV,Croatia,2009,0.02568083,elastic_net_alpha_1_l1_0.2,0.02568083,0.4736324678842404,-0.4479516378842404,0.4479516378842404
fold_1,main_fold_1,Main v2 model rolling-origin fold_1,rolling_origin_confirmatory,main,feature_only,env_patent_share_inventions,lag1_3_mean,HUN,Hungary,2009,0.1140305,elastic_net_alpha_1_l1_0.2,0.1140305,0.7979301890193023,-0.6838996890193023,0.6838996890193023
fold_1,main_fold_1,Main v2 model rolling-origin fold_1,rolling_origin_confirmatory,main,feature_only,env_patent_share_inventions,lag1_3_mean,IDN,Indonesia,2009,0.01552349,elastic_net_alpha_1_l1_0.2,0.01552349,0.6818169325298251,-0.6662934425298251,0.6662934425298251
fold_1,main_fold_1,Main v2 model rolling-origin fold_1,rolling_origin_confirmatory,main,feature_only,env_patent_share_inventions,lag1_3_mean,IND,India,2009,1.050156,elastic_net_alpha_1_l1_0.2,1.050156,2.45180481049778,-1.40164881049778,1.40164881049778
fold_1,main_fold_1,Main v2 model rolling-origin fold_1,rolling_origin_confirmatory,main,feature_only,env_patent_share_inventions,lag1_3_mean,IRL,Ireland,2009,0.1210736,elastic_net_alpha_1_l1_0.2,0.1210736,0.8361316953661729,-0.7150580953661729,0.7150580953661729
fold_1,main_fold_1,Main v2 model rolling-origin fold_1,rolling_origin_confirmatory,main,feature_only,env_patent_share_inventions,lag1_3_mean,IRN,"Iran, Islamic Rep.",2009,0.02869928,elastic_net_alpha_1_l1_0.2,0.02869928,1.1317068882900978,-1.1030076082900977,1.1030076082900977
fold_1,main_fold_1,Main v2 model rolling-origin fold_1,rolling_origin_confirmatory,main,feature_only,env_patent_share_inventions,lag1_3_mean,ISL,Iceland,2009,0.01461316,elastic_net_alpha_1_l1_0.2,0.01461316,0.34962176405127565,-0.33500860405127564,0.33500860405127564
fold_1,main_fold_1,Main v2 model rolling-origin fold_1,rolling_origin_confirmatory,main,feature_only,env_patent_share_inventions,lag1_3_mean,ISR,Israel,2009,0.6287217,elastic_net_alpha_1_l1_0.2,0.6287217,0.9977616766220289,-0.3690399766220288,0.3690399766220288
fold_1,main_fold_1,Main v2 model rolling-origin fold_1,rolling_origin_confirmatory,main,feature_only,env_patent_share_inventions,lag1_3_mean,ITA,Italy,2009,1.908739,elastic_net_alpha_1_l1_0.2,1.908739,3.538877884554806,-1.6301388845548062,1.6301388845548062
fold_1,main_fold_1,Main v2 model rolling-origin fold_1,rolling_origin_confirmatory,main,feature_only,env_patent_share_inventions,lag1_3_mean,JOR,Jordan,2009,0.008624159,elastic_net_alpha_1_l1_0.2,0.008624159,0.25003989700937934,-0.24141573800937935,0.24141573800937935
fold_1,main_fold_1,Main v2 model rolling-origin fold_1,rolling_origin_confirmatory,main,feature_only,env_patent_share_inventions,lag1_3_mean,JPN,Japan,2009,22.33887,elastic_net_alpha_1_l1_0.2,22.33887,6.561538820869025,15.777331179130975,15.777331179130975
fold_1,main_fold_1,Main v2 model rolling-origin fold_1,rolling_origin_confirmatory,main,feature_only,env_patent_share_inventions,lag1_3_mean,KAZ,Kazakhstan,2009,0.023956,elastic_net_alpha_1_l1_0.2,0.023956,0.7090323967350953,-0.6850763967350953,0.6850763967350953
fold_1,main_fold_1,Main v2 model rolling-origin fold_1,rolling_origin_confirmatory,main,feature_only,env_patent_share_inventions,lag1_3_mean,KEN,Kenya,2009,0.007186799,elastic_net_alpha_1_l1_0.2,0.007186799,0.1478202256385639,-0.1406334266385639,0.1406334266385639
fold_1,main_fold_1,Main v2 model rolling-origin fold_1,rolling_origin_confirmatory,main,feature_only,env_patent_share_inventions,lag1_3_mean,KGZ,Kyrgyz Republic,2009,0.00287472,elastic_net_alpha_1_l1_0.2,0.00287472,0.09769058475609149,-0.0948158647560915,0.0948158647560915
fold_1,main_fold_1,Main v2 model rolling-origin fold_1,rolling_origin_confirmatory,main,feature_only,env_patent_share_inventions,lag1_3_mean,KOR,"Korea, Rep.",2009,9.315892,elastic_net_alpha_1_l1_0.2,9.315892,2.484243358979791,6.831648641020209,6.831648641020209
fold_1,main_fold_1,Main v2 model rolling-origin fold_1,rolling_origin_confirmatory,main,feature_only,env_patent_share_inventions,lag1_3_mean,LBN,Lebanon,2009,0.005366143,elastic_net_alpha_1_l1_0.2,0.005366143,0.3544988208320837,-0.34913267783208374,0.34913267783208374
fold_1,main_fold_1,Main v2 model rolling-origin fold_1,rolling_origin_confirmatory,main,feature_only,env_patent_share_inventions,lag1_3_mean,LBY,Libya,2009,0.00287472,elastic_net_alpha_1_l1_0.2,0.00287472,0.4946642477526514,-0.4917895277526514,0.4917895277526514
fold_1,main_fold_1,Main v2 model rolling-origin fold_1,rolling_origin_confirmatory,main,feature_only,env_patent_share_inventions,lag1_3_mean,LKA,Sri Lanka,2009,0.00143736,elastic_net_alpha_1_l1_0.2,0.00143736,0.1816320659745716,-0.1801947059745716,0.1801947059745716
fold_1,main_fold_1,Main v2 model rolling-origin fold_1,rolling_origin_confirmatory,main,feature_only,env_patent_share_inventions,lag1_3_mean,LTU,Lithuania,2009,0.01149888,elastic_net_alpha_1_l1_0.2,0.01149888,0.3117323492764603,-0.30023346927646033,0.30023346927646033
fold_1,main_fold_1,Main v2 model rolling-origin fold_1,rolling_origin_confirmatory,main,feature_only,env_patent_share_inventions,lag1_3_mean,LUX,Luxembourg,2009,0.04321662,elastic_net_alpha_1_l1_0.2,0.04321662,0.2634751615751352,-0.2202585415751352,0.2202585415751352
fold_1,main_fold_1,Main v2 model rolling-origin fold_1,rolling_origin_confirmatory,main,feature_only,env_patent_share_inventions,lag1_3_mean,LVA,Latvia,2009,0.03401752,elastic_net_alpha_1_l1_0.2,0.03401752,0.2497139853065068,-0.2156964653065068,0.2156964653065068
fold_1,main_fold_1,Main v2 model rolling-origin fold_1,rolling_origin_confirmatory,main,feature_only,env_patent_share_inventions,lag1_3_mean,MAC,"Macao SAR, China",2009,0.0009582399,elastic_net_alpha_1_l1_0.2,0.0009582399,0.31147979914642665,-0.31052155924642666,0.31052155924642666
fold_1,main_fold_1,Main v2 model rolling-origin fold_1,rolling_origin_confirmatory,main,feature_only,env_patent_share_inventions,lag1_3_mean,MAR,Morocco,2009,0.03028722,elastic_net_alpha_1_l1_0.2,0.03028722,0.38708758192044435,-0.35680036192044434,0.35680036192044434
fold_1,main_fold_1,Main v2 model rolling-origin fold_1,rolling_origin_confirmatory,main,feature_only,env_patent_share_inventions,lag1_3_mean,MDA,Moldova,2009,0.0023956,elastic_net_alpha_1_l1_0.2,0.0023956,0.19157620697564937,-0.18918060697564937,0.18918060697564937
fold_1,main_fold_1,Main v2 model rolling-origin fold_1,rolling_origin_confirmatory,main,feature_only,env_patent_share_inventions,lag1_3_mean,MDG,Madagascar,2009,0.0008213485,elastic_net_alpha_1_l1_0.2,0.0008213485,0.050591378204633664,-0.049770029704633664,0.049770029704633664
fold_1,main_fold_1,Main v2 model rolling-origin fold_1,rolling_origin_confirmatory,main,feature_only,env_patent_share_inventions,lag1_3_mean,MEX,Mexico,2009,0.06851415,elastic_net_alpha_1_l1_0.2,0.06851415,1.5648155287975625,-1.4963013787975625,1.4963013787975625
fold_1,main_fold_1,Main v2 model rolling-origin fold_1,rolling_origin_confirmatory,main,feature_only,env_patent_share_inventions,lag1_3_mean,MKD,North Macedonia,2009,0.0009582399,elastic_net_alpha_1_l1_0.2,0.0009582399,0.29241374912136986,-0.29145550922136987,0.29145550922136987
fold_1,main_fold_1,Main v2 model rolling-origin fold_1,rolling_origin_confirmatory,main,feature_only,env_patent_share_inventions,lag1_3_mean,MLT,Malta,2009,0.0007186799,elastic_net_alpha_1_l1_0.2,0.0007186799,0.3322834708384558,-0.33156479093845576,0.33156479093845576
fold_1,main_fold_1,Main v2 model rolling-origin fold_1,rolling_origin_confirmatory,main,feature_only,env_patent_share_inventions,lag1_3_mean,MOZ,Mozambique,2009,0.0009582399,elastic_net_alpha_1_l1_0.2,0.0009582399,0.04130264099730785,-0.04034440109730785,0.04034440109730785
fold_1,main_fold_1,Main v2 model rolling-origin fold_1,rolling_origin_confirmatory,main,feature_only,env_patent_share_inventions,lag1_3_mean,MUS,Mauritius,2009,0.00215604,elastic_net_alpha_1_l1_0.2,0.00215604,0.20434157056689772,-0.20218553056689773,0.20218553056689773
fold_1,main_fold_1,Main v2 model rolling-origin fold_1,rolling_origin_confirmatory,main,feature_only,env_patent_share_inventions,lag1_3_mean,MYS,Malaysia,2009,0.1120182,elastic_net_alpha_1_l1_0.2,0.1120182,0.45755995447862396,-0.34554175447862395,0.34554175447862395
fold_1,main_fold_1,Main v2 model rolling-origin fold_1,rolling_origin_confirmatory,main,feature_only,env_patent_share_inventions,lag1_3_mean,NER,Niger,2009,0.00383296,elastic_net_alpha_1_l1_0.2,0.00383296,0.11943882395998351,-0.11560586395998351,0.11560586395998351
fold_1,main_fold_1,Main v2 model rolling-origin fold_1,rolling_origin_confirmatory,main,feature_only,env_patent_share_inventions,lag1_3_mean,NLD,Netherlands,2009,1.440768,elastic_net_alpha_1_l1_0.2,1.440768,4.480835250946187,-3.040067250946187,3.040067250946187
fold_1,main_fold_1,Main v2 model rolling-origin fold_1,rolling_origin_confirmatory,main,feature_only,env_patent_share_inventions,lag1_3_mean,NOR,Norway,2009,0.441557,elastic_net_alpha_1_l1_0.2,0.441557,0.8878669311415524,-0.4463099311415524,0.4463099311415524
fold_1,main_fold_1,Main v2 model rolling-origin fold_1,rolling_origin_confirmatory,main,feature_only,env_patent_share_inventions,lag1_3_mean,NPL,Nepal,2009,0.005749439,elastic_net_alpha_1_l1_0.2,0.005749439,0.10107838311441486,-0.09532894411441487,0.09532894411441487
fold_1,main_fold_1,Main v2 model rolling-origin fold_1,rolling_origin_confirmatory,main,feature_only,env_patent_share_inventions,lag1_3_mean,NZL,New Zealand,2009,0.1912715,elastic_net_alpha_1_l1_0.2,0.1912715,0.7153846358094531,-0.5241131358094531,0.5241131358094531
fold_1,main_fold_1,Main v2 model rolling-origin fold_1,rolling_origin_confirmatory,main,feature_only,env_patent_share_inventions,lag1_3_mean,PAK,Pakistan,2009,0.01281646,elastic_net_alpha_1_l1_0.2,0.01281646,0.5545836048981121,-0.5417671448981121,0.5417671448981121
fold_1,main_fold_1,Main v2 model rolling-origin fold_1,rolling_origin_confirmatory,main,feature_only,env_patent_share_inventions,lag1_3_mean,PAN,Panama,2009,0.00167692,elastic_net_alpha_1_l1_0.2,0.00167692,0.11365177252953029,-0.1119748525295303,0.1119748525295303
fold_1,main_fold_1,Main v2 model rolling-origin fold_1,rolling_origin_confirmatory,main,feature_only,env_patent_share_inventions,lag1_3_mean,PER,Peru,2009,0.006707679,elastic_net_alpha_1_l1_0.2,0.006707679,0.38723714203501525,-0.3805294630350152,0.3805294630350152
fold_1,main_fold_1,Main v2 model rolling-origin fold_1,rolling_origin_confirmatory,main,feature_only,env_patent_share_inventions,lag1_3_mean,PHL,Philippines,2009,0.0339696,elastic_net_alpha_1_l1_0.2,0.0339696,0.3708691940475126,-0.33689959404751263,0.33689959404751263
fold_1,main_fold_1,Main v2 model rolling-origin fold_1,rolling_origin_confirmatory,main,feature_only,env_patent_share_inventions,lag1_3_mean,POL,Poland,2009,0.1866172,elastic_net_alpha_1_l1_0.2,0.1866172,1.4483289825327144,-1.2617117825327144,1.2617117825327144
fold_1,main_fold_1,Main v2 model rolling-origin fold_1,rolling_origin_confirmatory,main,feature_only,env_patent_share_inventions,lag1_3_mean,PRI,Puerto Rico (US),2009,0.00143736,elastic_net_alpha_1_l1_0.2,0.00143736,0.3842098155681337,-0.3827724555681337,0.3827724555681337
fold_1,main_fold_1,Main v2 model rolling-origin fold_1,rolling_origin_confirmatory,main,feature_only,env_patent_share_inventions,lag1_3_mean,PRT,Portugal,2009,0.07977347,elastic_net_alpha_1_l1_0.2,0.07977347,0.7735560739133711,-0.6937826039133711,0.6937826039133711
fold_1,main_fold_1,Main v2 model rolling-origin fold_1,rolling_origin_confirmatory,main,feature_only,env_patent_share_inventions,lag1_3_mean,QAT,Qatar,2009,0.005749439,elastic_net_alpha_1_l1_0.2,0.005749439,1.298861042429576,-1.293111603429576,1.293111603429576
fold_1,main_fold_1,Main v2 model rolling-origin fold_1,rolling_origin_confirmatory,main,feature_only,env_patent_share_inventions,lag1_3_mean,ROU,Romania,2009,0.08638532,elastic_net_alpha_1_l1_0.2,0.08638532,0.7002823948860935,-0.6138970748860935,0.6138970748860935
fold_1,main_fold_1,Main v2 model rolling-origin fold_1,rolling_origin_confirmatory,main,feature_only,env_patent_share_inventions,lag1_3_mean,RUS,Russian Federation,2009,0.4332511,elastic_net_alpha_1_l1_0.2,0.4332511,2.642715311199405,-2.2094642111994047,2.2094642111994047
fold_1,main_fold_1,Main v2 model rolling-origin fold_1,rolling_origin_confirmatory,main,feature_only,env_patent_share_inventions,lag1_3_mean,SAU,Saudi Arabia,2009,0.04791199,elastic_net_alpha_1_l1_0.2,0.04791199,1.0262764577951469,-0.9783644677951469,0.9783644677951469
fold_1,main_fold_1,Main v2 model rolling-origin fold_1,rolling_origin_confirmatory,main,feature_only,env_patent_share_inventions,lag1_3_mean,SDN,Sudan,2009,0.00191648,elastic_net_alpha_1_l1_0.2,0.00191648,0.24428353414500348,-0.24236705414500348,0.24236705414500348
fold_1,main_fold_1,Main v2 model rolling-origin fold_1,rolling_origin_confirmatory,main,feature_only,env_patent_share_inventions,lag1_3_mean,SEN,Senegal,2009,0.00287472,elastic_net_alpha_1_l1_0.2,0.00287472,0.23441850300344325,-0.23154378300344325,0.23154378300344325
fold_1,main_fold_1,Main v2 model rolling-origin fold_1,rolling_origin_confirmatory,main,feature_only,env_patent_share_inventions,lag1_3_mean,SGP,Singapore,2009,0.3219686,elastic_net_alpha_1_l1_0.2,0.3219686,0.19570017876974588,0.1262684212302541,0.1262684212302541
fold_1,main_fold_1,Main v2 model rolling-origin fold_1,rolling_origin_confirmatory,main,feature_only,env_patent_share_inventions,lag1_3_mean,SLE,Sierra Leone,2009,0.0009582399,elastic_net_alpha_1_l1_0.2,0.0009582399,0.1621354257879547,-0.1611771858879547,0.1611771858879547
fold_1,main_fold_1,Main v2 model rolling-origin fold_1,rolling_origin_confirmatory,main,feature_only,env_patent_share_inventions,lag1_3_mean,SMR,San Marino,2009,0.005749439,elastic_net_alpha_1_l1_0.2,0.005749439,0.39841998322430516,-0.39267054422430514,0.39267054422430514
fold_1,main_fold_1,Main v2 model rolling-origin fold_1,rolling_origin_confirmatory,main,feature_only,env_patent_share_inventions,lag1_3_mean,SRB,Serbia,2009,0.01964392,elastic_net_alpha_1_l1_0.2,0.01964392,0.481318998723297,-0.461675078723297,0.461675078723297
fold_1,main_fold_1,Main v2 model rolling-origin fold_1,rolling_origin_confirmatory,main,feature_only,env_patent_share_inventions,lag1_3_mean,SUR,Suriname,2009,0.004312079,elastic_net_alpha_1_l1_0.2,0.004312079,0.20732279192383396,-0.20301071292383396,0.20301071292383396
fold_1,main_fold_1,Main v2 model rolling-origin fold_1,rolling_origin_confirmatory,main,feature_only,env_patent_share_inventions,lag1_3_mean,SVK,Slovak Republic,2009,0.02587248,elastic_net_alpha_1_l1_0.2,0.02587248,0.3674414977564985,-0.3415690177564985,0.3415690177564985
fold_1,main_fold_1,Main v2 model rolling-origin fold_1,rolling_origin_confirmatory,main,feature_only,env_patent_share_inventions,lag1_3_mean,SVN,Slovenia,2009,0.03329884,elastic_net_alpha_1_l1_0.2,0.03329884,0.3875807890215933,-0.3542819490215933,0.3542819490215933
fold_1,main_fold_1,Main v2 model rolling-origin fold_1,rolling_origin_confirmatory,main,feature_only,env_patent_share_inventions,lag1_3_mean,SWE,Sweden,2009,0.9291608,elastic_net_alpha_1_l1_0.2,0.9291608,1.2453318324724778,-0.3161710324724778,0.3161710324724778
fold_1,main_fold_1,Main v2 model rolling-origin fold_1,rolling_origin_confirmatory,main,feature_only,env_patent_share_inventions,lag1_3_mean,TCD,Chad,2009,0.00143736,elastic_net_alpha_1_l1_0.2,0.00143736,0.04098133507640345,-0.03954397507640345,0.03954397507640345
fold_1,main_fold_1,Main v2 model rolling-origin fold_1,rolling_origin_confirmatory,main,feature_only,env_patent_share_inventions,lag1_3_mean,THA,Thailand,2009,0.04048564,elastic_net_alpha_1_l1_0.2,0.04048564,0.5481027147003188,-0.5076170747003188,0.5076170747003188
fold_1,main_fold_1,Main v2 model rolling-origin fold_1,rolling_origin_confirmatory,main,feature_only,env_patent_share_inventions,lag1_3_mean,TUN,Tunisia,2009,0.00910328,elastic_net_alpha_1_l1_0.2,0.00910328,0.33358723624185904,-0.32448395624185905,0.32448395624185905
fold_1,main_fold_1,Main v2 model rolling-origin fold_1,rolling_origin_confirmatory,main,feature_only,env_patent_share_inventions,lag1_3_mean,TUR,Turkiye,2009,0.1374732,elastic_net_alpha_1_l1_0.2,0.1374732,1.5093986290298471,-1.371925429029847,1.371925429029847
fold_1,main_fold_1,Main v2 model rolling-origin fold_1,rolling_origin_confirmatory,main,feature_only,env_patent_share_inventions,lag1_3_mean,TZA,Tanzania,2009,0.00143736,elastic_net_alpha_1_l1_0.2,0.00143736,0.11194790489647699,-0.11051054489647699,0.11051054489647699
fold_1,main_fold_1,Main v2 model rolling-origin fold_1,rolling_origin_confirmatory,main,feature_only,env_patent_share_inventions,lag1_3_mean,UKR,Ukraine,2009,0.123014,elastic_net_alpha_1_l1_0.2,0.123014,0.7009370317372389,-0.5779230317372389,0.5779230317372389
fold_1,main_fold_1,Main v2 model rolling-origin fold_1,rolling_origin_confirmatory,main,feature_only,env_patent_share_inventions,lag1_3_mean,URY,Uruguay,2009,0.00143736,elastic_net_alpha_1_l1_0.2,0.00143736,0.2882824571593685,-0.2868450971593685,0.2868450971593685
fold_1,main_fold_1,Main v2 model rolling-origin fold_1,rolling_origin_confirmatory,main,feature_only,env_patent_share_inventions,lag1_3_mean,USA,United States,2009,23.26648,elastic_net_alpha_1_l1_0.2,23.26648,24.51174862198647,-1.2452686219864688,1.2452686219864688
fold_1,main_fold_1,Main v2 model rolling-origin fold_1,rolling_origin_confirmatory,main,feature_only,env_patent_share_inventions,lag1_3_mean,UZB,Uzbekistan,2009,0.00143736,elastic_net_alpha_1_l1_0.2,0.00143736,0.4470740871481036,-0.4456367271481036,0.4456367271481036
fold_1,main_fold_1,Main v2 model rolling-origin fold_1,rolling_origin_confirmatory,main,feature_only,env_patent_share_inventions,lag1_3_mean,VEN,"Venezuela, RB",2009,0.005509879,elastic_net_alpha_1_l1_0.2,0.005509879,0.5527353796534314,-0.5472255006534315,0.5472255006534315
fold_1,main_fold_1,Main v2 model rolling-origin fold_1,rolling_origin_confirmatory,main,feature_only,env_patent_share_inventions,lag1_3_mean,VNM,Viet Nam,2009,0.003791892,elastic_net_alpha_1_l1_0.2,0.003791892,0.1554793064093003,-0.1516874144093003,0.1516874144093003
fold_1,main_fold_1,Main v2 model rolling-origin fold_1,rolling_origin_confirmatory,main,feature_only,env_patent_share_inventions,lag1_3_mean,YEM,"Yemen, Rep.",2009,0.00287472,elastic_net_alpha_1_l1_0.2,0.00287472,0.3489316050432174,-0.3460568850432174,0.3460568850432174
fold_1,main_fold_1,Main v2 model rolling-origin fold_1,rolling_origin_confirmatory,main,feature_only,env_patent_share_inventions,lag1_3_mean,ZAF,South Africa,2009,0.1322029,elastic_net_alpha_1_l1_0.2,0.1322029,0.900850127390183,-0.768647227390183,0.768647227390183
fold_1,main_fold_1,Main v2 model rolling-origin fold_1,rolling_origin_confirmatory,main,feature_only,env_patent_share_inventions,lag1_3_mean,ZMB,Zambia,2009,0.0009582399,elastic_net_alpha_1_l1_0.2,0.0009582399,0.060390674103164343,-0.059432434203164346,0.059432434203164346
fold_1,main_fold_1,Main v2 model rolling-origin fold_1,rolling_origin_confirmatory,main,feature_only,env_patent_share_inventions,lag1_3_mean,ZWE,Zimbabwe,2009,0.004168344,elastic_net_alpha_1_l1_0.2,0.004168344,0.023005771549259313,-0.018837427549259312,0.018837427549259312
fold_2,main_fold_2,Main v2 model rolling-origin fold_2,rolling_origin_confirmatory,main,feature_only,env_patent_share_inventions,lag1_3_mean,ARE,United Arab Emirates,2010,0.0162435,lasso_alpha_1,0.0162435,0.7231641068530472,-0.7069206068530473,0.7069206068530473
fold_2,main_fold_2,Main v2 model rolling-origin fold_2,rolling_origin_confirmatory,main,feature_only,env_patent_share_inventions,lag1_3_mean,ARG,Argentina,2010,0.0220745,lasso_alpha_1,0.0220745,1.0237008491662205,-1.0016263491662205,1.0016263491662205
fold_2,main_fold_2,Main v2 model rolling-origin fold_2,rolling_origin_confirmatory,main,feature_only,env_patent_share_inventions,lag1_3_mean,ARM,Armenia,2010,0.002499,lasso_alpha_1,0.002499,0.3385290701362482,-0.33603007013624825,0.33603007013624825
fold_2,main_fold_2,Main v2 model rolling-origin fold_2,rolling_origin_confirmatory,main,feature_only,env_patent_share_inventions,lag1_3_mean,AUS,Australia,2010,0.8050808,lasso_alpha_1,0.8050808,1.8546862685178196,-1.0496054685178196,1.0496054685178196
fold_2,main_fold_2,Main v2 model rolling-origin fold_2,rolling_origin_confirmatory,main,feature_only,env_patent_share_inventions,lag1_3_mean,AUT,Austria,2010,1.000171,lasso_alpha_1,1.000171,0.8135677451061595,0.18660325489384044,0.18660325489384044
fold_2,main_fold_2,Main v2 model rolling-origin fold_2,rolling_origin_confirmatory,main,feature_only,env_patent_share_inventions,lag1_3_mean,AZE,Azerbaijan,2010,0.004581501,lasso_alpha_1,0.004581501,0.38286990907153895,-0.37828840807153896,0.37828840807153896
fold_2,main_fold_2,Main v2 model rolling-origin fold_2,rolling_origin_confirmatory,main,feature_only,env_patent_share_inventions,lag1_3_mean,BEL,Belgium,2010,0.5677313,lasso_alpha_1,0.5677313,0.9062019527269357,-0.33847065272693566,0.33847065272693566
fold_2,main_fold_2,Main v2 model rolling-origin fold_2,rolling_origin_confirmatory,main,feature_only,env_patent_share_inventions,lag1_3_mean,BFA,Burkina Faso,2010,0.0012495,lasso_alpha_1,0.0012495,0.33722928247283157,-0.33597978247283156,0.33597978247283156
fold_2,main_fold_2,Main v2 model rolling-origin fold_2,rolling_origin_confirmatory,main,feature_only,env_patent_share_inventions,lag1_3_mean,BGD,Bangladesh,2010,0.0139349,lasso_alpha_1,0.0139349,0.5009824768220146,-0.4870475768220146,0.4870475768220146
fold_2,main_fold_2,Main v2 model rolling-origin fold_2,rolling_origin_confirmatory,main,feature_only,env_patent_share_inventions,lag1_3_mean,BGR,Bulgaria,2010,0.02486505,lasso_alpha_1,0.02486505,0.3897902139453715,-0.3649251639453715,0.3649251639453715
fold_2,main_fold_2,Main v2 model rolling-origin fold_2,rolling_origin_confirmatory,main,feature_only,env_patent_share_inventions,lag1_3_mean,BHS,"Bahamas, The",2010,0.00312375,lasso_alpha_1,0.00312375,0.34187541849082037,-0.3387516684908204,0.3387516684908204
fold_2,main_fold_2,Main v2 model rolling-origin fold_2,rolling_origin_confirmatory,main,feature_only,env_patent_share_inventions,lag1_3_mean,BIH,Bosnia and Herzegovina,2010,0.004581501,lasso_alpha_1,0.004581501,0.34671154098622203,-0.34213003998622205,0.34213003998622205
fold_2,main_fold_2,Main v2 model rolling-origin fold_2,rolling_origin_confirmatory,main,feature_only,env_patent_share_inventions,lag1_3_mean,BLR,Belarus,2010,0.01353625,lasso_alpha_1,0.01353625,0.3909780650160254,-0.37744181501602536,0.37744181501602536
fold_2,main_fold_2,Main v2 model rolling-origin fold_2,rolling_origin_confirmatory,main,feature_only,env_patent_share_inventions,lag1_3_mean,BRA,Brazil,2010,0.2253265,lasso_alpha_1,0.2253265,2.4340223215677614,-2.2086958215677615,2.2086958215677615
fold_2,main_fold_2,Main v2 model rolling-origin fold_2,rolling_origin_confirmatory,main,feature_only,env_patent_share_inventions,lag1_3_mean,CAN,Canada,2010,1.959972,lasso_alpha_1,1.959972,2.1918905297238416,-0.23191852972384153,0.23191852972384153
fold_2,main_fold_2,Main v2 model rolling-origin fold_2,rolling_origin_confirmatory,main,feature_only,env_patent_share_inventions,lag1_3_mean,CHE,Switzerland,2010,0.9102609,lasso_alpha_1,0.9102609,1.1644944543645392,-0.2542335543645392,0.2542335543645392
fold_2,main_fold_2,Main v2 model rolling-origin fold_2,rolling_origin_confirmatory,main,feature_only,env_patent_share_inventions,lag1_3_mean,CHL,Chile,2010,0.05167576,lasso_alpha_1,0.05167576,0.5806393184759894,-0.5289635584759894,0.5289635584759894
fold_2,main_fold_2,Main v2 model rolling-origin fold_2,rolling_origin_confirmatory,main,feature_only,env_patent_share_inventions,lag1_3_mean,CHN,China,2010,4.744965,lasso_alpha_1,4.744965,8.9564775535538,-4.2115125535538,4.2115125535538
fold_2,main_fold_2,Main v2 model rolling-origin fold_2,rolling_origin_confirmatory,main,feature_only,env_patent_share_inventions,lag1_3_mean,CIV,Cote d'Ivoire,2010,0.0004998001,lasso_alpha_1,0.0004998001,0.36847940339691343,-0.3679796032969134,0.3679796032969134
fold_2,main_fold_2,Main v2 model rolling-origin fold_2,rolling_origin_confirmatory,main,feature_only,env_patent_share_inventions,lag1_3_mean,CMR,Cameroon,2010,0.002499,lasso_alpha_1,0.002499,0.35880777587858403,-0.35630877587858406,0.35630877587858406
fold_2,main_fold_2,Main v2 model rolling-origin fold_2,rolling_origin_confirmatory,main,feature_only,env_patent_share_inventions,lag1_3_mean,COG,"Congo, Rep.",2010,0.0012495,lasso_alpha_1,0.0012495,0.3379997876573704,-0.33675028765737036,0.33675028765737036
fold_2,main_fold_2,Main v2 model rolling-origin fold_2,rolling_origin_confirmatory,main,feature_only,env_patent_share_inventions,lag1_3_mean,COL,Colombia,2010,0.02361555,lasso_alpha_1,0.02361555,0.6228475894301915,-0.5992320394301914,0.5992320394301914
fold_2,main_fold_2,Main v2 model rolling-origin fold_2,rolling_origin_confirmatory,main,feature_only,env_patent_share_inventions,lag1_3_mean,CRI,Costa Rica,2010,0.0012495,lasso_alpha_1,0.0012495,0.38586403008063064,-0.3846145300806306,0.3846145300806306
fold_2,main_fold_2,Main v2 model rolling-origin fold_2,rolling_origin_confirmatory,main,feature_only,env_patent_share_inventions,lag1_3_mean,CUB,Cuba,2010,0.0002776667,lasso_alpha_1,0.0002776667,0.4242158017482871,-0.4239381350482871,0.4239381350482871
fold_2,main_fold_2,Main v2 model rolling-origin fold_2,rolling_origin_confirmatory,main,feature_only,env_patent_share_inventions,lag1_3_mean,CYP,Cyprus,2010,0.008746501,lasso_alpha_1,0.008746501,0.35496370161781954,-0.3462172006178195,0.3462172006178195
fold_2,main_fold_2,Main v2 model rolling-origin fold_2,rolling_origin_confirmatory,main,feature_only,env_patent_share_inventions,lag1_3_mean,CZE,Czechia,2010,0.114478,lasso_alpha_1,0.114478,0.5616689298038384,-0.44719092980383846,0.44719092980383846
fold_2,main_fold_2,Main v2 model rolling-origin fold_2,rolling_origin_confirmatory,main,feature_only,env_patent_share_inventions,lag1_3_mean,DEU,Germany,2010,12.84875,lasso_alpha_1,12.84875,4.562366597876697,8.286383402123302,8.286383402123302
fold_2,main_fold_2,Main v2 model rolling-origin fold_2,rolling_origin_confirmatory,main,feature_only,env_patent_share_inventions,lag1_3_mean,DNK,Denmark,2010,1.200936,lasso_alpha_1,1.200936,0.7180154011564119,0.48292059884358807,0.48292059884358807
fold_2,main_fold_2,Main v2 model rolling-origin fold_2,rolling_origin_confirmatory,main,feature_only,env_patent_share_inventions,lag1_3_mean,DOM,Dominican Republic,2010,0.0012495,lasso_alpha_1,0.0012495,0.3945100848564346,-0.39326058485643456,0.39326058485643456
fold_2,main_fold_2,Main v2 model rolling-origin fold_2,rolling_origin_confirmatory,main,feature_only,env_patent_share_inventions,lag1_3_mean,DZA,Algeria,2010,0.005622751,lasso_alpha_1,0.005622751,0.5309773511876099,-0.5253546001876099,0.5253546001876099
fold_2,main_fold_2,Main v2 model rolling-origin fold_2,rolling_origin_confirmatory,main,feature_only,env_patent_share_inventions,lag1_3_mean,ECU,Ecuador,2010,0.006247501,lasso_alpha_1,0.006247501,0.42197976726240294,-0.41573226626240295,0.41573226626240295
fold_2,main_fold_2,Main v2 model rolling-origin fold_2,rolling_origin_confirmatory,main,feature_only,env_patent_share_inventions,lag1_3_mean,EGY,"Egypt, Arab Rep.",2010,0.02603125,lasso_alpha_1,0.02603125,0.6781324455600163,-0.6521011955600163,0.6521011955600163
fold_2,main_fold_2,Main v2 model rolling-origin fold_2,rolling_origin_confirmatory,main,feature_only,env_patent_share_inventions,lag1_3_mean,ESP,Spain,2010,0.7937123,lasso_alpha_1,0.7937123,1.9846808426442406,-1.1909685426442405,1.1909685426442405
fold_2,main_fold_2,Main v2 model rolling-origin fold_2,rolling_origin_confirmatory,main,feature_only,env_patent_share_inventions,lag1_3_mean,EST,Estonia,2010,0.03977576,lasso_alpha_1,0.03977576,0.355550408821909,-0.31577464882190903,0.31577464882190903
fold_2,main_fold_2,Main v2 model rolling-origin fold_2,rolling_origin_confirmatory,main,feature_only,env_patent_share_inventions,lag1_3_mean,ETH,Ethiopia,2010,0.005206251,lasso_alpha_1,0.005206251,0.36834471773182087,-0.3631384667318209,0.3631384667318209
fold_2,main_fold_2,Main v2 model rolling-origin fold_2,rolling_origin_confirmatory,main,feature_only,env_patent_share_inventions,lag1_3_mean,FIN,Finland,2010,0.667358,lasso_alpha_1,0.667358,0.6493903146196456,0.017967685380354426,0.017967685380354426
fold_2,main_fold_2,Main v2 model rolling-origin fold_2,rolling_origin_confirmatory,main,feature_only,env_patent_share_inventions,lag1_3_mean,FRA,France,2010,3.883665,lasso_alpha_1,3.883665,3.4469604154713203,0.4367045845286799,0.4367045845286799
fold_2,main_fold_2,Main v2 model rolling-origin fold_2,rolling_origin_confirmatory,main,feature_only,env_patent_share_inventions,lag1_3_mean,FRO,Faroe Islands,2010,0.0012495,lasso_alpha_1,0.0012495,0.4806596616739175,-0.4794101616739175,0.4794101616739175
fold_2,main_fold_2,Main v2 model rolling-origin fold_2,rolling_origin_confirmatory,main,feature_only,env_patent_share_inventions,lag1_3_mean,GBR,United Kingdom,2010,2.889065,lasso_alpha_1,2.889065,3.9877481872255522,-1.0986831872255522,1.0986831872255522
fold_2,main_fold_2,Main v2 model rolling-origin fold_2,rolling_origin_confirmatory,main,feature_only,env_patent_share_inventions,lag1_3_mean,GEO,Georgia,2010,0.007080501,lasso_alpha_1,0.007080501,0.3414591557738159,-0.3343786547738159,0.3343786547738159
fold_2,main_fold_2,Main v2 model rolling-origin fold_2,rolling_origin_confirmatory,main,feature_only,env_patent_share_inventions,lag1_3_mean,GHA,Ghana,2010,0.002499,lasso_alpha_1,0.002499,0.3678600788700771,-0.3653610788700771,0.3653610788700771
fold_2,main_fold_2,Main v2 model rolling-origin fold_2,rolling_origin_confirmatory,main,feature_only,env_patent_share_inventions,lag1_3_mean,GRC,Greece,2010,0.07366498,lasso_alpha_1,0.07366498,0.6794958683794072,-0.6058308883794072,0.6058308883794072
fold_2,main_fold_2,Main v2 model rolling-origin fold_2,rolling_origin_confirmatory,main,feature_only,env_patent_share_inventions,lag1_3_mean,GUY,Guyana,2010,0.0017493,lasso_alpha_1,0.0017493,0.33091097685433446,-0.32916167685433445,0.32916167685433445
fold_2,main_fold_2,Main v2 model rolling-origin fold_2,rolling_origin_confirmatory,main,feature_only,env_patent_share_inventions,lag1_3_mean,HKG,"Hong Kong SAR, China",2010,0.1002516,lasso_alpha_1,0.1002516,0.6682588007547656,-0.5680072007547656,0.5680072007547656
fold_2,main_fold_2,Main v2 model rolling-origin fold_2,rolling_origin_confirmatory,main,feature_only,env_patent_share_inventions,lag1_3_mean,HRV,Croatia,2010,0.02236605,lasso_alpha_1,0.02236605,0.3996617405783852,-0.3772956905783852,0.3772956905783852
fold_2,main_fold_2,Main v2 model rolling-origin fold_2,rolling_origin_confirmatory,main,feature_only,env_patent_share_inventions,lag1_3_mean,HUN,Hungary,2010,0.09482318,lasso_alpha_1,0.09482318,0.4839914741131829,-0.3891682941131829,0.3891682941131829
fold_2,main_fold_2,Main v2 model rolling-origin fold_2,rolling_origin_confirmatory,main,feature_only,env_patent_share_inventions,lag1_3_mean,IDN,Indonesia,2010,0.0206584,lasso_alpha_1,0.0206584,1.1234374567309826,-1.1027790567309825,1.1027790567309825
fold_2,main_fold_2,Main v2 model rolling-origin fold_2,rolling_origin_confirmatory,main,feature_only,env_patent_share_inventions,lag1_3_mean,IND,India,2010,1.157959,lasso_alpha_1,1.157959,2.128740280895263,-0.9707812808952632,0.9707812808952632
fold_2,main_fold_2,Main v2 model rolling-origin fold_2,rolling_origin_confirmatory,main,feature_only,env_patent_share_inventions,lag1_3_mean,IRL,Ireland,2010,0.123284,lasso_alpha_1,0.123284,0.626014538443538,-0.5027305384435381,0.5027305384435381
fold_2,main_fold_2,Main v2 model rolling-origin fold_2,rolling_origin_confirmatory,main,feature_only,env_patent_share_inventions,lag1_3_mean,IRN,"Iran, Islamic Rep.",2010,0.0264894,lasso_alpha_1,0.0264894,0.8415445451699323,-0.8150551451699323,0.8150551451699323
fold_2,main_fold_2,Main v2 model rolling-origin fold_2,rolling_origin_confirmatory,main,feature_only,env_patent_share_inventions,lag1_3_mean,IRQ,Iraq,2010,0.0012495,lasso_alpha_1,0.0012495,0.4723018056187621,-0.4710523056187621,0.4710523056187621
fold_2,main_fold_2,Main v2 model rolling-origin fold_2,rolling_origin_confirmatory,main,feature_only,env_patent_share_inventions,lag1_3_mean,ISL,Iceland,2010,0.01062075,lasso_alpha_1,0.01062075,0.34927803900573406,-0.33865728900573405,0.33865728900573405
fold_2,main_fold_2,Main v2 model rolling-origin fold_2,rolling_origin_confirmatory,main,feature_only,env_patent_share_inventions,lag1_3_mean,ISR,Israel,2010,0.5349944,lasso_alpha_1,0.5349944,0.6458478344471595,-0.11085343444715956,0.11085343444715956
fold_2,main_fold_2,Main v2 model rolling-origin fold_2,rolling_origin_confirmatory,main,feature_only,env_patent_share_inventions,lag1_3_mean,ITA,Italy,2010,1.603133,lasso_alpha_1,1.603133,2.972796998081321,-1.369663998081321,1.369663998081321
fold_2,main_fold_2,Main v2 model rolling-origin fold_2,rolling_origin_confirmatory,main,feature_only,env_patent_share_inventions,lag1_3_mean,JOR,Jordan,2010,0.0037485,lasso_alpha_1,0.0037485,0.3684929373772331,-0.3647444373772331,0.3647444373772331
fold_2,main_fold_2,Main v2 model rolling-origin fold_2,rolling_origin_confirmatory,main,feature_only,env_patent_share_inventions,lag1_3_mean,JPN,Japan,2010,24.26209,lasso_alpha_1,24.26209,6.047832399968331,18.21425760003167,18.21425760003167
fold_2,main_fold_2,Main v2 model rolling-origin fold_2,rolling_origin_confirmatory,main,feature_only,env_patent_share_inventions,lag1_3_mean,KAZ,Kazakhstan,2010,0.0138278,lasso_alpha_1,0.0138278,0.5075088523381602,-0.49368105233816023,0.49368105233816023
fold_2,main_fold_2,Main v2 model rolling-origin fold_2,rolling_origin_confirmatory,main,feature_only,env_patent_share_inventions,lag1_3_mean,KEN,Kenya,2010,0.01062075,lasso_alpha_1,0.01062075,0.39450328098836973,-0.3838825309883697,0.3838825309883697
fold_2,main_fold_2,Main v2 model rolling-origin fold_2,rolling_origin_confirmatory,main,feature_only,env_patent_share_inventions,lag1_3_mean,KHM,Cambodia,2010,0.002499,lasso_alpha_1,0.002499,0.34683490321351107,-0.3443359032135111,0.3443359032135111
fold_2,main_fold_2,Main v2 model rolling-origin fold_2,rolling_origin_confirmatory,main,feature_only,env_patent_share_inventions,lag1_3_mean,KOR,"Korea, Rep.",2010,9.919116,lasso_alpha_1,9.919116,1.9677697707107564,7.9513462292892445,7.9513462292892445
fold_2,main_fold_2,Main v2 model rolling-origin fold_2,rolling_origin_confirmatory,main,feature_only,env_patent_share_inventions,lag1_3_mean,KWT,Kuwait,2010,0.008330001,lasso_alpha_1,0.008330001,0.46460066783076626,-0.4562706668307663,0.4562706668307663
fold_2,main_fold_2,Main v2 model rolling-origin fold_2,rolling_origin_confirmatory,main,feature_only,env_patent_share_inventions,lag1_3_mean,LBN,Lebanon,2010,0.01270325,lasso_alpha_1,0.01270325,0.3779106940067022,-0.3652074440067022,0.3652074440067022
fold_2,main_fold_2,Main v2 model rolling-origin fold_2,rolling_origin_confirmatory,main,feature_only,env_patent_share_inventions,lag1_3_mean,LKA,Sri Lanka,2010,0.004998001,lasso_alpha_1,0.004998001,0.4013113574988493,-0.3963133564988493,0.3963133564988493
fold_2,main_fold_2,Main v2 model rolling-origin fold_2,rolling_origin_confirmatory,main,feature_only,env_patent_share_inventions,lag1_3_mean,LTU,Lithuania,2010,0.023324,lasso_alpha_1,0.023324,0.3765053844465003,-0.35318138444650027,0.35318138444650027
fold_2,main_fold_2,Main v2 model rolling-origin fold_2,rolling_origin_confirmatory,main,feature_only,env_patent_share_inventions,lag1_3_mean,LUX,Luxembourg,2010,0.0370685,lasso_alpha_1,0.0370685,0.39831308242618546,-0.36124458242618546,0.36124458242618546
fold_2,main_fold_2,Main v2 model rolling-origin fold_2,rolling_origin_confirmatory,main,feature_only,env_patent_share_inventions,lag1_3_mean,LVA,Latvia,2010,0.007497001,lasso_alpha_1,0.007497001,0.36158483498963156,-0.35408783398963156,0.35408783398963156
fold_2,main_fold_2,Main v2 model rolling-origin fold_2,rolling_origin_confirmatory,main,feature_only,env_patent_share_inventions,lag1_3_mean,MAC,"Macao SAR, China",2010,0.003332,lasso_alpha_1,0.003332,0.36852898180654503,-0.36519698180654503,0.36519698180654503
fold_2,main_fold_2,Main v2 model rolling-origin fold_2,rolling_origin_confirmatory,main,feature_only,env_patent_share_inventions,lag1_3_mean,MAR,Morocco,2010,0.0137683,lasso_alpha_1,0.0137683,0.44019330788672284,-0.42642500788672283,0.42642500788672283
fold_2,main_fold_2,Main v2 model rolling-origin fold_2,rolling_origin_confirmatory,main,feature_only,env_patent_share_inventions,lag1_3_mean,MEX,Mexico,2010,0.1220583,lasso_alpha_1,0.1220583,1.756719386566008,-1.634661086566008,1.634661086566008
fold_2,main_fold_2,Main v2 model rolling-origin fold_2,rolling_origin_confirmatory,main,feature_only,env_patent_share_inventions,lag1_3_mean,MLT,Malta,2010,0.002499,lasso_alpha_1,0.002499,0.33721404969804425,-0.3347150496980443,0.3347150496980443
fold_2,main_fold_2,Main v2 model rolling-origin fold_2,rolling_origin_confirmatory,main,feature_only,env_patent_share_inventions,lag1_3_mean,MRT,Mauritania,2010,0.0012495,lasso_alpha_1,0.0012495,0.33284505690875454,-0.33159555690875453,0.33159555690875453
fold_2,main_fold_2,Main v2 model rolling-origin fold_2,rolling_origin_confirmatory,main,feature_only,env_patent_share_inventions,lag1_3_mean,MYS,Malaysia,2010,0.1064574,lasso_alpha_1,0.1064574,0.6174371220433996,-0.5109797220433996,0.5109797220433996
fold_2,main_fold_2,Main v2 model rolling-origin fold_2,rolling_origin_confirmatory,main,feature_only,env_patent_share_inventions,lag1_3_mean,NCL,New Caledonia,2010,0.0008330001,lasso_alpha_1,0.0008330001,0.4806596616739175,-0.4798266615739175,0.4798266615739175
fold_2,main_fold_2,Main v2 model rolling-origin fold_2,rolling_origin_confirmatory,main,feature_only,env_patent_share_inventions,lag1_3_mean,NLD,Netherlands,2010,1.175554,lasso_alpha_1,1.175554,1.3340678046542385,-0.15851380465423848,0.15851380465423848
fold_2,main_fold_2,Main v2 model rolling-origin fold_2,rolling_origin_confirmatory,main,feature_only,env_patent_share_inventions,lag1_3_mean,NOR,Norway,2010,0.3431544,lasso_alpha_1,0.3431544,0.8091344267607128,-0.46598002676071276,0.46598002676071276
fold_2,main_fold_2,Main v2 model rolling-origin fold_2,rolling_origin_confirmatory,main,feature_only,env_patent_share_inventions,lag1_3_mean,NPL,Nepal,2010,0.0029155,lasso_alpha_1,0.0029155,0.3505463705936953,-0.3476308705936953,0.3476308705936953
fold_2,main_fold_2,Main v2 model rolling-origin fold_2,rolling_origin_confirmatory,main,feature_only,env_patent_share_inventions,lag1_3_mean,NZL,New Zealand,2010,0.1398429,lasso_alpha_1,0.1398429,0.532744498807279,-0.39290159880727904,0.39290159880727904
fold_2,main_fold_2,Main v2 model rolling-origin fold_2,rolling_origin_confirmatory,main,feature_only,env_patent_share_inventions,lag1_3_mean,PAK,Pakistan,2010,0.012495,lasso_alpha_1,0.012495,0.6499997317887405,-0.6375047317887405,0.6375047317887405
fold_2,main_fold_2,Main v2 model rolling-origin fold_2,rolling_origin_confirmatory,main,feature_only,env_patent_share_inventions,lag1_3_mean,PAN,Panama,2010,0.0012495,lasso_alpha_1,0.0012495,0.37375340775324184,-0.3725039077532418,0.3725039077532418
fold_2,main_fold_2,Main v2 model rolling-origin fold_2,rolling_origin_confirmatory,main,feature_only,env_patent_share_inventions,lag1_3_mean,PER,Peru,2010,0.009579501,lasso_alpha_1,0.009579501,0.5072908070891626,-0.49771130608916264,0.49771130608916264
fold_2,main_fold_2,Main v2 model rolling-origin fold_2,rolling_origin_confirmatory,main,feature_only,env_patent_share_inventions,lag1_3_mean,PHL,Philippines,2010,0.03873451,lasso_alpha_1,0.03873451,0.6074960790198141,-0.568761569019814,0.568761569019814
fold_2,main_fold_2,Main v2 model rolling-origin fold_2,rolling_origin_confirmatory,main,feature_only,env_patent_share_inventions,lag1_3_mean,POL,Poland,2010,0.1504398,lasso_alpha_1,0.1504398,0.8484348954514355,-0.6979950954514355,0.6979950954514355
fold_2,main_fold_2,Main v2 model rolling-origin fold_2,rolling_origin_confirmatory,main,feature_only,env_patent_share_inventions,lag1_3_mean,PRI,Puerto Rico (US),2010,0.0017493,lasso_alpha_1,0.0017493,0.47355710796032147,-0.47180780796032146,0.47180780796032146
fold_2,main_fold_2,Main v2 model rolling-origin fold_2,rolling_origin_confirmatory,main,feature_only,env_patent_share_inventions,lag1_3_mean,PRT,Portugal,2010,0.08792316,lasso_alpha_1,0.08792316,0.6086243866634728,-0.5207012266634728,0.5207012266634728
fold_2,main_fold_2,Main v2 model rolling-origin fold_2,rolling_origin_confirmatory,main,feature_only,env_patent_share_inventions,lag1_3_mean,PRY,Paraguay,2010,0.007497001,lasso_alpha_1,0.007497001,0.3618794404051242,-0.3543824394051242,0.3543824394051242
fold_2,main_fold_2,Main v2 model rolling-origin fold_2,rolling_origin_confirmatory,main,feature_only,env_patent_share_inventions,lag1_3_mean,QAT,Qatar,2010,0.0012495,lasso_alpha_1,0.0012495,0.4431635829298076,-0.4419140829298076,0.4419140829298076
fold_2,main_fold_2,Main v2 model rolling-origin fold_2,rolling_origin_confirmatory,main,feature_only,env_patent_share_inventions,lag1_3_mean,ROU,Romania,2010,0.05027156,lasso_alpha_1,0.05027156,0.5463923925756841,-0.49612083257568407,0.49612083257568407
fold_2,main_fold_2,Main v2 model rolling-origin fold_2,rolling_origin_confirmatory,main,feature_only,env_patent_share_inventions,lag1_3_mean,RUS,Russian Federation,2010,0.3767779,lasso_alpha_1,0.3767779,2.0060318049470176,-1.6292539049470176,1.6292539049470176
fold_2,main_fold_2,Main v2 model rolling-origin fold_2,rolling_origin_confirmatory,main,feature_only,env_patent_share_inventions,lag1_3_mean,SAU,Saudi Arabia,2010,0.05143776,lasso_alpha_1,0.05143776,0.9913070541845989,-0.9398692941845989,0.9398692941845989
fold_2,main_fold_2,Main v2 model rolling-origin fold_2,rolling_origin_confirmatory,main,feature_only,env_patent_share_inventions,lag1_3_mean,SDN,Sudan,2010,0.00312375,lasso_alpha_1,0.00312375,0.40385721417731524,-0.40073346417731526,0.40073346417731526
fold_2,main_fold_2,Main v2 model rolling-origin fold_2,rolling_origin_confirmatory,main,feature_only,env_patent_share_inventions,lag1_3_mean,SEN,Senegal,2010,0.0013328,lasso_alpha_1,0.0013328,0.344812049389995,-0.34347924938999497,0.34347924938999497
fold_2,main_fold_2,Main v2 model rolling-origin fold_2,rolling_origin_confirmatory,main,feature_only,env_patent_share_inventions,lag1_3_mean,SGP,Singapore,2010,0.2663102,lasso_alpha_1,0.2663102,0.6163646575293233,-0.35005445752932335,0.35005445752932335
fold_2,main_fold_2,Main v2 model rolling-origin fold_2,rolling_origin_confirmatory,main,feature_only,env_patent_share_inventions,lag1_3_mean,SRB,Serbia,2010,0.03474206,lasso_alpha_1,0.03474206,0.3817691854128602,-0.3470271254128602,0.3470271254128602
fold_2,main_fold_2,Main v2 model rolling-origin fold_2,rolling_origin_confirmatory,main,feature_only,env_patent_share_inventions,lag1_3_mean,SVK,Slovak Republic,2010,0.04478367,lasso_alpha_1,0.04478367,0.42798772325712686,-0.38320405325712686,0.38320405325712686
fold_2,main_fold_2,Main v2 model rolling-origin fold_2,rolling_origin_confirmatory,main,feature_only,env_patent_share_inventions,lag1_3_mean,SVN,Slovenia,2010,0.03123751,lasso_alpha_1,0.03123751,0.3847051331767004,-0.3534676231767004,0.3534676231767004
fold_2,main_fold_2,Main v2 model rolling-origin fold_2,rolling_origin_confirmatory,main,feature_only,env_patent_share_inventions,lag1_3_mean,SWE,Sweden,2010,0.9357784,lasso_alpha_1,0.9357784,0.9230392255556656,0.012739174444334367,0.012739174444334367
fold_2,main_fold_2,Main v2 model rolling-origin fold_2,rolling_origin_confirmatory,main,feature_only,env_patent_share_inventions,lag1_3_mean,SYR,Syrian Arab Republic,2010,0.0008330001,lasso_alpha_1,0.0008330001,0.36817337161491515,-0.36734037151491516,0.36734037151491516
fold_2,main_fold_2,Main v2 model rolling-origin fold_2,rolling_origin_confirmatory,main,feature_only,env_patent_share_inventions,lag1_3_mean,THA,Thailand,2010,0.05289551,lasso_alpha_1,0.05289551,0.7619922884558157,-0.7090967784558156,0.7090967784558156
fold_2,main_fold_2,Main v2 model rolling-origin fold_2,rolling_origin_confirmatory,main,feature_only,env_patent_share_inventions,lag1_3_mean,TUN,Tunisia,2010,0.011662,lasso_alpha_1,0.011662,0.3797114438880044,-0.36804944388800437,0.36804944388800437
fold_2,main_fold_2,Main v2 model rolling-origin fold_2,rolling_origin_confirmatory,main,feature_only,env_patent_share_inventions,lag1_3_mean,TUR,Turkiye,2010,0.1151206,lasso_alpha_1,0.1151206,1.1218324729955262,-1.0067118729955262,1.0067118729955262
fold_2,main_fold_2,Main v2 model rolling-origin fold_2,rolling_origin_confirmatory,main,feature_only,env_patent_share_inventions,lag1_3_mean,TZA,Tanzania,2010,0.0006247501,lasso_alpha_1,0.0006247501,0.3683530352966873,-0.36772828519668727,0.36772828519668727
fold_2,main_fold_2,Main v2 model rolling-origin fold_2,rolling_origin_confirmatory,main,feature_only,env_patent_share_inventions,lag1_3_mean,UKR,Ukraine,2010,0.1156204,lasso_alpha_1,0.1156204,0.47940049580076305,-0.36378009580076304,0.36378009580076304
fold_2,main_fold_2,Main v2 model rolling-origin fold_2,rolling_origin_confirmatory,main,feature_only,env_patent_share_inventions,lag1_3_mean,URY,Uruguay,2010,0.002499,lasso_alpha_1,0.002499,0.38459555827475034,-0.38209655827475036,0.38209655827475036
fold_2,main_fold_2,Main v2 model rolling-origin fold_2,rolling_origin_confirmatory,main,feature_only,env_patent_share_inventions,lag1_3_mean,USA,United States,2010,22.0715,lasso_alpha_1,22.0715,22.092192158202174,-0.020692158202173516,0.020692158202173516
fold_2,main_fold_2,Main v2 model rolling-origin fold_2,rolling_origin_confirmatory,main,feature_only,env_patent_share_inventions,lag1_3_mean,UZB,Uzbekistan,2010,0.002499,lasso_alpha_1,0.002499,0.39703118416618943,-0.39453218416618946,0.39453218416618946
fold_2,main_fold_2,Main v2 model rolling-origin fold_2,rolling_origin_confirmatory,main,feature_only,env_patent_share_inventions,lag1_3_mean,VEN,"Venezuela, RB",2010,0.006664001,lasso_alpha_1,0.006664001,0.4983746309991466,-0.4917106299991466,0.4917106299991466
fold_2,main_fold_2,Main v2 model rolling-origin fold_2,rolling_origin_confirmatory,main,feature_only,env_patent_share_inventions,lag1_3_mean,VNM,Viet Nam,2010,0.007580301,lasso_alpha_1,0.007580301,0.5399916315802218,-0.5324113305802218,0.5324113305802218
fold_2,main_fold_2,Main v2 model rolling-origin fold_2,rolling_origin_confirmatory,main,feature_only,env_patent_share_inventions,lag1_3_mean,ZAF,South Africa,2010,0.1650173,lasso_alpha_1,0.1650173,0.7350500517612499,-0.5700327517612499,0.5700327517612499
fold_2,main_fold_2,Main v2 model rolling-origin fold_2,rolling_origin_confirmatory,main,feature_only,env_patent_share_inventions,lag1_3_mean,ZWE,Zimbabwe,2010,0.0004998001,lasso_alpha_1,0.0004998001,0.34201367554229556,-0.34151387544229556,0.34151387544229556
fold_2,main_fold_2,Main v2 model rolling-origin fold_2,rolling_origin_confirmatory,main,feature_only,env_patent_share_inventions,lag1_3_mean,ARE,United Arab Emirates,2011,0.02560855,lasso_alpha_1,0.02560855,0.7223055598414825,-0.6966970098414825,0.6966970098414825
fold_2,main_fold_2,Main v2 model rolling-origin fold_2,rolling_origin_confirmatory,main,feature_only,env_patent_share_inventions,lag1_3_mean,ARG,Argentina,2011,0.02169884,lasso_alpha_1,0.02169884,1.041741139556128,-1.020042299556128,1.020042299556128
fold_2,main_fold_2,Main v2 model rolling-origin fold_2,rolling_origin_confirmatory,main,feature_only,env_patent_share_inventions,lag1_3_mean,ARM,Armenia,2011,0.004691642,lasso_alpha_1,0.004691642,0.33827763672193456,-0.33358599472193456,0.33358599472193456
fold_2,main_fold_2,Main v2 model rolling-origin fold_2,rolling_origin_confirmatory,main,feature_only,env_patent_share_inventions,lag1_3_mean,AUS,Australia,2011,0.7267223,lasso_alpha_1,0.7267223,1.8941443950643206,-1.1674220950643206,1.1674220950643206
fold_2,main_fold_2,Main v2 model rolling-origin fold_2,rolling_origin_confirmatory,main,feature_only,env_patent_share_inventions,lag1_3_mean,AUT,Austria,2011,0.964758,lasso_alpha_1,0.964758,0.8128910573748834,0.15186694262511657,0.15186694262511657
fold_2,main_fold_2,Main v2 model rolling-origin fold_2,rolling_origin_confirmatory,main,feature_only,env_patent_share_inventions,lag1_3_mean,AZE,Azerbaijan,2011,0.007428433,lasso_alpha_1,0.007428433,0.3874316476549189,-0.3800032146549189,0.3800032146549189
fold_2,main_fold_2,Main v2 model rolling-origin fold_2,rolling_origin_confirmatory,main,feature_only,env_patent_share_inventions,lag1_3_mean,BEL,Belgium,2011,0.4549329,lasso_alpha_1,0.4549329,0.9085341813135008,-0.45360128131350086,0.45360128131350086
fold_2,main_fold_2,Main v2 model rolling-origin fold_2,rolling_origin_confirmatory,main,feature_only,env_patent_share_inventions,lag1_3_mean,BGD,Bangladesh,2011,0.01055619,lasso_alpha_1,0.01055619,0.5106501981973032,-0.5000940081973032,0.5000940081973032
fold_2,main_fold_2,Main v2 model rolling-origin fold_2,rolling_origin_confirmatory,main,feature_only,env_patent_share_inventions,lag1_3_mean,BGR,Bulgaria,2011,0.02990922,lasso_alpha_1,0.02990922,0.39064810239904335,-0.36073888239904334,0.36073888239904334
fold_2,main_fold_2,Main v2 model rolling-origin fold_2,rolling_origin_confirmatory,main,feature_only,env_patent_share_inventions,lag1_3_mean,BHR,Bahrain,2011,0.0004691642,lasso_alpha_1,0.0004691642,0.36190576442788225,-0.36143660022788227,0.36143660022788227
fold_2,main_fold_2,Main v2 model rolling-origin fold_2,rolling_origin_confirmatory,main,feature_only,env_patent_share_inventions,lag1_3_mean,BIH,Bosnia and Herzegovina,2011,0.01329299,lasso_alpha_1,0.01329299,0.3469208814499104,-0.3336278914499104,0.3336278914499104
fold_2,main_fold_2,Main v2 model rolling-origin fold_2,rolling_origin_confirmatory,main,feature_only,env_patent_share_inventions,lag1_3_mean,BLR,Belarus,2011,0.01016522,lasso_alpha_1,0.01016522,0.3948051863499177,-0.3846399663499177,0.3846399663499177
fold_2,main_fold_2,Main v2 model rolling-origin fold_2,rolling_origin_confirmatory,main,feature_only,env_patent_share_inventions,lag1_3_mean,BRA,Brazil,2011,0.2312253,lasso_alpha_1,0.2312253,2.5214675569456486,-2.2902422569456484,2.2902422569456484
fold_2,main_fold_2,Main v2 model rolling-origin fold_2,rolling_origin_confirmatory,main,feature_only,env_patent_share_inventions,lag1_3_mean,CAF,Central African Republic,2011,0.00117291,lasso_alpha_1,0.00117291,0.32930120411904484,-0.3281282941190448,0.3281282941190448
fold_2,main_fold_2,Main v2 model rolling-origin fold_2,rolling_origin_confirmatory,main,feature_only,env_patent_share_inventions,lag1_3_mean,CAN,Canada,2011,1.931381,lasso_alpha_1,1.931381,2.198639709784474,-0.26725870978447386,0.26725870978447386
fold_2,main_fold_2,Main v2 model rolling-origin fold_2,rolling_origin_confirmatory,main,feature_only,env_patent_share_inventions,lag1_3_mean,CHE,Switzerland,2011,0.8720384,lasso_alpha_1,0.8720384,1.1747319541617238,-0.30269355416172383,0.30269355416172383
fold_2,main_fold_2,Main v2 model rolling-origin fold_2,rolling_origin_confirmatory,main,feature_only,env_patent_share_inventions,lag1_3_mean,CHL,Chile,2011,0.1020432,lasso_alpha_1,0.1020432,0.5878056719876124,-0.48576247198761235,0.48576247198761235
fold_2,main_fold_2,Main v2 model rolling-origin fold_2,rolling_origin_confirmatory,main,feature_only,env_patent_share_inventions,lag1_3_mean,CHN,China,2011,4.928482,lasso_alpha_1,4.928482,9.812440536279361,-4.883958536279361,4.883958536279361
fold_2,main_fold_2,Main v2 model rolling-origin fold_2,rolling_origin_confirmatory,main,feature_only,env_patent_share_inventions,lag1_3_mean,CMR,Cameroon,2011,0.0007819403,lasso_alpha_1,0.0007819403,0.3597095038778726,-0.3589275635778726,0.3589275635778726
fold_2,main_fold_2,Main v2 model rolling-origin fold_2,rolling_origin_confirmatory,main,feature_only,env_patent_share_inventions,lag1_3_mean,COL,Colombia,2011,0.03323246,lasso_alpha_1,0.03323246,0.6316695081713977,-0.5984370481713976,0.5984370481713976
fold_2,main_fold_2,Main v2 model rolling-origin fold_2,rolling_origin_confirmatory,main,feature_only,env_patent_share_inventions,lag1_3_mean,CUB,Cuba,2011,0.0002606468,lasso_alpha_1,0.0002606468,0.4267924696950448,-0.4265318228950448,0.4265318228950448
fold_2,main_fold_2,Main v2 model rolling-origin fold_2,rolling_origin_confirmatory,main,feature_only,env_patent_share_inventions,lag1_3_mean,CYP,Cyprus,2011,0.002345821,lasso_alpha_1,0.002345821,0.35532751034695587,-0.35298168934695584,0.35298168934695584
fold_2,main_fold_2,Main v2 model rolling-origin fold_2,rolling_origin_confirmatory,main,feature_only,env_patent_share_inventions,lag1_3_mean,CZE,Czechia,2011,0.1209662,lasso_alpha_1,0.1209662,0.561935795001098,-0.440969595001098,0.440969595001098
fold_2,main_fold_2,Main v2 model rolling-origin fold_2,rolling_origin_confirmatory,main,feature_only,env_patent_share_inventions,lag1_3_mean,DEU,Germany,2011,12.27915,lasso_alpha_1,12.27915,4.551413770889373,7.727736229110627,7.727736229110627
fold_2,main_fold_2,Main v2 model rolling-origin fold_2,rolling_origin_confirmatory,main,feature_only,env_patent_share_inventions,lag1_3_mean,DJI,Djibouti,2011,0.00117291,lasso_alpha_1,0.00117291,0.4806596616739175,-0.47948675167391747,0.47948675167391747
fold_2,main_fold_2,Main v2 model rolling-origin fold_2,rolling_origin_confirmatory,main,feature_only,env_patent_share_inventions,lag1_3_mean,DNK,Denmark,2011,1.206221,lasso_alpha_1,1.206221,0.7128591174790597,0.49336188252094026,0.49336188252094026
fold_2,main_fold_2,Main v2 model rolling-origin fold_2,rolling_origin_confirmatory,main,feature_only,env_patent_share_inventions,lag1_3_mean,DOM,Dominican Republic,2011,0.0117291,lasso_alpha_1,0.0117291,0.3974070526350807,-0.3856779526350807,0.3856779526350807
fold_2,main_fold_2,Main v2 model rolling-origin fold_2,rolling_origin_confirmatory,main,feature_only,env_patent_share_inventions,lag1_3_mean,DZA,Algeria,2011,0.005669067,lasso_alpha_1,0.005669067,0.536797671132528,-0.5311286041325279,0.5311286041325279
fold_2,main_fold_2,Main v2 model rolling-origin fold_2,rolling_origin_confirmatory,main,feature_only,env_patent_share_inventions,lag1_3_mean,ECU,Ecuador,2011,0.003518731,lasso_alpha_1,0.003518731,0.42565280942133354,-0.42213407842133355,0.42213407842133355
fold_2,main_fold_2,Main v2 model rolling-origin fold_2,rolling_origin_confirmatory,main,feature_only,env_patent_share_inventions,lag1_3_mean,EGY,"Egypt, Arab Rep.",2011,0.0235364,lasso_alpha_1,0.0235364,0.6978952808889702,-0.6743588808889702,0.6743588808889702
fold_2,main_fold_2,Main v2 model rolling-origin fold_2,rolling_origin_confirmatory,main,feature_only,env_patent_share_inventions,lag1_3_mean,ESP,Spain,2011,0.8465286,lasso_alpha_1,0.8465286,1.968313183021571,-1.121784583021571,1.121784583021571
fold_2,main_fold_2,Main v2 model rolling-origin fold_2,rolling_origin_confirmatory,main,feature_only,env_patent_share_inventions,lag1_3_mean,EST,Estonia,2011,0.03702487,lasso_alpha_1,0.03702487,0.35374693714735517,-0.3167220671473552,0.3167220671473552
fold_2,main_fold_2,Main v2 model rolling-origin fold_2,rolling_origin_confirmatory,main,feature_only,env_patent_share_inventions,lag1_3_mean,ETH,Ethiopia,2011,0.006646493,lasso_alpha_1,0.006646493,0.3728687344839726,-0.36622224148397264,0.36622224148397264
fold_2,main_fold_2,Main v2 model rolling-origin fold_2,rolling_origin_confirmatory,main,feature_only,env_patent_share_inventions,lag1_3_mean,FIN,Finland,2011,0.7260706,lasso_alpha_1,0.7260706,0.644524191546942,0.08154640845305805,0.08154640845305805
fold_2,main_fold_2,Main v2 model rolling-origin fold_2,rolling_origin_confirmatory,main,feature_only,env_patent_share_inventions,lag1_3_mean,FRA,France,2011,4.043022,lasso_alpha_1,4.043022,3.441682236016189,0.6013397639838107,0.6013397639838107
fold_2,main_fold_2,Main v2 model rolling-origin fold_2,rolling_origin_confirmatory,main,feature_only,env_patent_share_inventions,lag1_3_mean,FRO,Faroe Islands,2011,0.004300672,lasso_alpha_1,0.004300672,0.3291566346236713,-0.3248559626236713,0.3248559626236713
fold_2,main_fold_2,Main v2 model rolling-origin fold_2,rolling_origin_confirmatory,main,feature_only,env_patent_share_inventions,lag1_3_mean,GAB,Gabon,2011,0.0009383284,lasso_alpha_1,0.0009383284,0.34071525945654313,-0.3397769310565431,0.3397769310565431
fold_2,main_fold_2,Main v2 model rolling-origin fold_2,rolling_origin_confirmatory,main,feature_only,env_patent_share_inventions,lag1_3_mean,GBR,United Kingdom,2011,2.992245,lasso_alpha_1,2.992245,3.9570155115261354,-0.9647705115261354,0.9647705115261354
fold_2,main_fold_2,Main v2 model rolling-origin fold_2,rolling_origin_confirmatory,main,feature_only,env_patent_share_inventions,lag1_3_mean,GEO,Georgia,2011,0.00117291,lasso_alpha_1,0.00117291,0.3417028122196888,-0.34052990221968876,0.34052990221968876
fold_2,main_fold_2,Main v2 model rolling-origin fold_2,rolling_origin_confirmatory,main,feature_only,env_patent_share_inventions,lag1_3_mean,GRC,Greece,2011,0.08490568,lasso_alpha_1,0.08490568,0.6681289933622724,-0.5832233133622724,0.5832233133622724
fold_2,main_fold_2,Main v2 model rolling-origin fold_2,rolling_origin_confirmatory,main,feature_only,env_patent_share_inventions,lag1_3_mean,GRL,Greenland,2011,0.0007819403,lasso_alpha_1,0.0007819403,0.32959634845716324,-0.32881440815716323,0.32881440815716323
fold_2,main_fold_2,Main v2 model rolling-origin fold_2,rolling_origin_confirmatory,main,feature_only,env_patent_share_inventions,lag1_3_mean,GTM,Guatemala,2011,0.002345821,lasso_alpha_1,0.002345821,0.3944146416015575,-0.39206882060155746,0.39206882060155746
fold_2,main_fold_2,Main v2 model rolling-origin fold_2,rolling_origin_confirmatory,main,feature_only,env_patent_share_inventions,lag1_3_mean,GUY,Guyana,2011,0.003518731,lasso_alpha_1,0.003518731,0.33105729475432,-0.32753856375432,0.32753856375432
fold_2,main_fold_2,Main v2 model rolling-origin fold_2,rolling_origin_confirmatory,main,feature_only,env_patent_share_inventions,lag1_3_mean,HKG,"Hong Kong SAR, China",2011,0.05321104,lasso_alpha_1,0.05321104,0.6754638858921029,-0.622252845892103,0.622252845892103
fold_2,main_fold_2,Main v2 model rolling-origin fold_2,rolling_origin_confirmatory,main,feature_only,env_patent_share_inventions,lag1_3_mean,HRV,Croatia,2011,0.0287754,lasso_alpha_1,0.0287754,0.3981200002751213,-0.3693446002751213,0.3693446002751213
fold_2,main_fold_2,Main v2 model rolling-origin fold_2,rolling_origin_confirmatory,main,feature_only,env_patent_share_inventions,lag1_3_mean,HUN,Hungary,2011,0.1091458,lasso_alpha_1,0.1091458,0.48142337802840895,-0.37227757802840894,0.37227757802840894
fold_2,main_fold_2,Main v2 model rolling-origin fold_2,rolling_origin_confirmatory,main,feature_only,env_patent_share_inventions,lag1_3_mean,IDN,Indonesia,2011,0.01716359,lasso_alpha_1,0.01716359,1.1682674997985476,-1.1511039097985476,1.1511039097985476
fold_2,main_fold_2,Main v2 model rolling-origin fold_2,rolling_origin_confirmatory,main,feature_only,env_patent_share_inventions,lag1_3_mean,IND,India,2011,1.214644,lasso_alpha_1,1.214644,2.247111995283083,-1.0324679952830829,1.0324679952830829
fold_2,main_fold_2,Main v2 model rolling-origin fold_2,rolling_origin_confirmatory,main,feature_only,env_patent_share_inventions,lag1_3_mean,IRL,Ireland,2011,0.1236248,lasso_alpha_1,0.1236248,0.6178188086980603,-0.4941940086980603,0.4941940086980603
fold_2,main_fold_2,Main v2 model rolling-origin fold_2,rolling_origin_confirmatory,main,feature_only,env_patent_share_inventions,lag1_3_mean,IRN,"Iran, Islamic Rep.",2011,0.02770861,lasso_alpha_1,0.02770861,0.853731376388635,-0.826022766388635,0.826022766388635
fold_2,main_fold_2,Main v2 model rolling-origin fold_2,rolling_origin_confirmatory,main,feature_only,env_patent_share_inventions,lag1_3_mean,IRQ,Iraq,2011,0.0007819403,lasso_alpha_1,0.0007819403,0.48098865947724834,-0.48020671917724833,0.48020671917724833
fold_2,main_fold_2,Main v2 model rolling-origin fold_2,rolling_origin_confirmatory,main,feature_only,env_patent_share_inventions,lag1_3_mean,ISL,Iceland,2011,0.006004184,lasso_alpha_1,0.006004184,0.3485903724120262,-0.34258618841202615,0.34258618841202615
fold_2,main_fold_2,Main v2 model rolling-origin fold_2,rolling_origin_confirmatory,main,feature_only,env_patent_share_inventions,lag1_3_mean,ISR,Israel,2011,0.5857347,lasso_alpha_1,0.5857347,0.6565253843184847,-0.07079068431848468,0.07079068431848468
fold_2,main_fold_2,Main v2 model rolling-origin fold_2,rolling_origin_confirmatory,main,feature_only,env_patent_share_inventions,lag1_3_mean,ITA,Italy,2011,1.527872,lasso_alpha_1,1.527872,2.9290284611808453,-1.4011564611808454,1.4011564611808454
fold_2,main_fold_2,Main v2 model rolling-origin fold_2,rolling_origin_confirmatory,main,feature_only,env_patent_share_inventions,lag1_3_mean,JOR,Jordan,2011,0.007819403,lasso_alpha_1,0.007819403,0.3704989446599787,-0.3626795416599787,0.3626795416599787
fold_2,main_fold_2,Main v2 model rolling-origin fold_2,rolling_origin_confirmatory,main,feature_only,env_patent_share_inventions,lag1_3_mean,JPN,Japan,2011,25.00495,lasso_alpha_1,25.00495,5.988436991475269,19.016513008524733,19.016513008524733
fold_2,main_fold_2,Main v2 model rolling-origin fold_2,rolling_origin_confirmatory,main,feature_only,env_patent_share_inventions,lag1_3_mean,KAZ,Kazakhstan,2011,0.01524784,lasso_alpha_1,0.01524784,0.5146724219796598,-0.4994245819796598,0.4994245819796598
fold_2,main_fold_2,Main v2 model rolling-origin fold_2,rolling_origin_confirmatory,main,feature_only,env_patent_share_inventions,lag1_3_mean,KEN,Kenya,2011,0.00117291,lasso_alpha_1,0.00117291,0.3971722072785926,-0.39599929727859257,0.39599929727859257
fold_2,main_fold_2,Main v2 model rolling-origin fold_2,rolling_origin_confirmatory,main,feature_only,env_patent_share_inventions,lag1_3_mean,KIR,Kiribati,2011,0.002345821,lasso_alpha_1,0.002345821,0.3265147195132654,-0.32416889851326536,0.32416889851326536
fold_2,main_fold_2,Main v2 model rolling-origin fold_2,rolling_origin_confirmatory,main,feature_only,env_patent_share_inventions,lag1_3_mean,KOR,"Korea, Rep.",2011,9.851159,lasso_alpha_1,9.851159,2.0271430577859184,7.824015942214082,7.824015942214082
fold_2,main_fold_2,Main v2 model rolling-origin fold_2,rolling_origin_confirmatory,main,feature_only,env_patent_share_inventions,lag1_3_mean,KWT,Kuwait,2011,0.002345821,lasso_alpha_1,0.002345821,0.46133574931719135,-0.4589899283171913,0.4589899283171913
fold_2,main_fold_2,Main v2 model rolling-origin fold_2,rolling_origin_confirmatory,main,feature_only,env_patent_share_inventions,lag1_3_mean,LAO,Lao PDR,2011,0.00117291,lasso_alpha_1,0.00117291,0.3387285539522964,-0.33755564395229637,0.33755564395229637
fold_2,main_fold_2,Main v2 model rolling-origin fold_2,rolling_origin_confirmatory,main,feature_only,env_patent_share_inventions,lag1_3_mean,LBN,Lebanon,2011,0.004887127,lasso_alpha_1,0.004887127,0.3825820590718394,-0.3776949320718394,0.3776949320718394
fold_2,main_fold_2,Main v2 model rolling-origin fold_2,rolling_origin_confirmatory,main,feature_only,env_patent_share_inventions,lag1_3_mean,LKA,Sri Lanka,2011,0.002345821,lasso_alpha_1,0.002345821,0.40570481210009257,-0.40335899110009255,0.40335899110009255
fold_2,main_fold_2,Main v2 model rolling-origin fold_2,rolling_origin_confirmatory,main,feature_only,env_patent_share_inventions,lag1_3_mean,LTU,Lithuania,2011,0.009617866,lasso_alpha_1,0.009617866,0.3743850810433841,-0.3647672150433841,0.3647672150433841
fold_2,main_fold_2,Main v2 model rolling-origin fold_2,rolling_origin_confirmatory,main,feature_only,env_patent_share_inventions,lag1_3_mean,LUX,Luxembourg,2011,0.05688616,lasso_alpha_1,0.05688616,0.3983369735560808,-0.34145081355608076,0.34145081355608076
fold_2,main_fold_2,Main v2 model rolling-origin fold_2,rolling_origin_confirmatory,main,feature_only,env_patent_share_inventions,lag1_3_mean,LVA,Latvia,2011,0.01231556,lasso_alpha_1,0.01231556,0.3588098637019582,-0.3464943037019582,0.3464943037019582
fold_2,main_fold_2,Main v2 model rolling-origin fold_2,rolling_origin_confirmatory,main,feature_only,env_patent_share_inventions,lag1_3_mean,MAC,"Macao SAR, China",2011,0.00117291,lasso_alpha_1,0.00117291,0.37277903992145045,-0.3716061299214504,0.3716061299214504
fold_2,main_fold_2,Main v2 model rolling-origin fold_2,rolling_origin_confirmatory,main,feature_only,env_patent_share_inventions,lag1_3_mean,MAR,Morocco,2011,0.01767185,lasso_alpha_1,0.01767185,0.4450613318794273,-0.4273894818794273,0.4273894818794273
fold_2,main_fold_2,Main v2 model rolling-origin fold_2,rolling_origin_confirmatory,main,feature_only,env_patent_share_inventions,lag1_3_mean,MDA,Moldova,2011,0.003518731,lasso_alpha_1,0.003518731,0.33488688586504956,-0.33136815486504956,0.33136815486504956
fold_2,main_fold_2,Main v2 model rolling-origin fold_2,rolling_origin_confirmatory,main,feature_only,env_patent_share_inventions,lag1_3_mean,MDG,Madagascar,2011,0.0004691642,lasso_alpha_1,0.0004691642,0.33986367774897286,-0.3393945135489729,0.3393945135489729
fold_2,main_fold_2,Main v2 model rolling-origin fold_2,rolling_origin_confirmatory,main,feature_only,env_patent_share_inventions,lag1_3_mean,MDV,Maldives,2011,0.0003909701,lasso_alpha_1,0.0003909701,0.3304414676345099,-0.3300504975345099,0.3300504975345099
fold_2,main_fold_2,Main v2 model rolling-origin fold_2,rolling_origin_confirmatory,main,feature_only,env_patent_share_inventions,lag1_3_mean,MEX,Mexico,2011,0.1246022,lasso_alpha_1,0.1246022,1.753287852690359,-1.628685652690359,1.628685652690359
fold_2,main_fold_2,Main v2 model rolling-origin fold_2,rolling_origin_confirmatory,main,feature_only,env_patent_share_inventions,lag1_3_mean,MKD,North Macedonia,2011,0.0007819403,lasso_alpha_1,0.0007819403,0.3381271785098574,-0.3373452382098574,0.3373452382098574
fold_2,main_fold_2,Main v2 model rolling-origin fold_2,rolling_origin_confirmatory,main,feature_only,env_patent_share_inventions,lag1_3_mean,MLT,Malta,2011,0.0004691642,lasso_alpha_1,0.0004691642,0.3375448428462118,-0.3370756786462118,0.3370756786462118
fold_2,main_fold_2,Main v2 model rolling-origin fold_2,rolling_origin_confirmatory,main,feature_only,env_patent_share_inventions,lag1_3_mean,MNE,Montenegro,2011,0.0004691642,lasso_alpha_1,0.0004691642,0.33128864164509686,-0.3308194774450969,0.3308194774450969
fold_2,main_fold_2,Main v2 model rolling-origin fold_2,rolling_origin_confirmatory,main,feature_only,env_patent_share_inventions,lag1_3_mean,MNG,Mongolia,2011,0.001005352,lasso_alpha_1,0.001005352,0.3356406345599039,-0.3346352825599039,0.3346352825599039
fold_2,main_fold_2,Main v2 model rolling-origin fold_2,rolling_origin_confirmatory,main,feature_only,env_patent_share_inventions,lag1_3_mean,MRT,Mauritania,2011,0.001368396,lasso_alpha_1,0.001368396,0.33289692128207815,-0.33152852528207816,0.33152852528207816
fold_2,main_fold_2,Main v2 model rolling-origin fold_2,rolling_origin_confirmatory,main,feature_only,env_patent_share_inventions,lag1_3_mean,MUS,Mauritius,2011,0.002932276,lasso_alpha_1,0.002932276,0.33951013145613584,-0.33657785545613583,0.33657785545613583
fold_2,main_fold_2,Main v2 model rolling-origin fold_2,rolling_origin_confirmatory,main,feature_only,env_patent_share_inventions,lag1_3_mean,MYS,Malaysia,2011,0.1300758,lasso_alpha_1,0.1300758,0.6277473244718712,-0.49767152447187124,0.49767152447187124
fold_2,main_fold_2,Main v2 model rolling-origin fold_2,rolling_origin_confirmatory,main,feature_only,env_patent_share_inventions,lag1_3_mean,NAM,Namibia,2011,0.004300672,lasso_alpha_1,0.004300672,0.33773532565863607,-0.33343465365863606,0.33343465365863606
fold_2,main_fold_2,Main v2 model rolling-origin fold_2,rolling_origin_confirmatory,main,feature_only,env_patent_share_inventions,lag1_3_mean,NIC,Nicaragua,2011,0.002345821,lasso_alpha_1,0.002345821,0.33930823688688194,-0.3369624158868819,0.3369624158868819
fold_2,main_fold_2,Main v2 model rolling-origin fold_2,rolling_origin_confirmatory,main,feature_only,env_patent_share_inventions,lag1_3_mean,NLD,Netherlands,2011,1.270733,lasso_alpha_1,1.270733,1.3329671485935328,-0.062234148593532934,0.062234148593532934
fold_2,main_fold_2,Main v2 model rolling-origin fold_2,rolling_origin_confirmatory,main,feature_only,env_patent_share_inventions,lag1_3_mean,NOR,Norway,2011,0.3247007,lasso_alpha_1,0.3247007,0.8080165872284077,-0.48331588722840774,0.48331588722840774
fold_2,main_fold_2,Main v2 model rolling-origin fold_2,rolling_origin_confirmatory,main,feature_only,env_patent_share_inventions,lag1_3_mean,NPL,Nepal,2011,0.005082612,lasso_alpha_1,0.005082612,0.35178861063223876,-0.3467059986322388,0.3467059986322388
fold_2,main_fold_2,Main v2 model rolling-origin fold_2,rolling_origin_confirmatory,main,feature_only,env_patent_share_inventions,lag1_3_mean,NZL,New Zealand,2011,0.149507,lasso_alpha_1,0.149507,0.5330141163764615,-0.38350711637646145,0.38350711637646145
fold_2,main_fold_2,Main v2 model rolling-origin fold_2,rolling_origin_confirmatory,main,feature_only,env_patent_share_inventions,lag1_3_mean,PAK,Pakistan,2011,0.04034812,lasso_alpha_1,0.04034812,0.6576276704990889,-0.6172795504990889,0.6172795504990889
fold_2,main_fold_2,Main v2 model rolling-origin fold_2,rolling_origin_confirmatory,main,feature_only,env_patent_share_inventions,lag1_3_mean,PAN,Panama,2011,0.003127761,lasso_alpha_1,0.003127761,0.37651746867527636,-0.37338970767527635,0.37338970767527635
fold_2,main_fold_2,Main v2 model rolling-origin fold_2,rolling_origin_confirmatory,main,feature_only,env_patent_share_inventions,lag1_3_mean,PER,Peru,2011,0.003714216,lasso_alpha_1,0.003714216,0.5183461323979901,-0.5146319163979901,0.5146319163979901
fold_2,main_fold_2,Main v2 model rolling-origin fold_2,rolling_origin_confirmatory,main,feature_only,env_patent_share_inventions,lag1_3_mean,PHL,Philippines,2011,0.01552152,lasso_alpha_1,0.01552152,0.6198413968258796,-0.6043198768258796,0.6043198768258796
fold_2,main_fold_2,Main v2 model rolling-origin fold_2,rolling_origin_confirmatory,main,feature_only,env_patent_share_inventions,lag1_3_mean,POL,Poland,2011,0.1654977,lasso_alpha_1,0.1654977,0.8660476039021056,-0.7005499039021056,0.7005499039021056
fold_2,main_fold_2,Main v2 model rolling-origin fold_2,rolling_origin_confirmatory,main,feature_only,env_patent_share_inventions,lag1_3_mean,PRI,Puerto Rico (US),2011,0.00117291,lasso_alpha_1,0.00117291,0.47147743718277146,-0.47030452718277144,0.47030452718277144
fold_2,main_fold_2,Main v2 model rolling-origin fold_2,rolling_origin_confirmatory,main,feature_only,env_patent_share_inventions,lag1_3_mean,PRT,Portugal,2011,0.07391198,lasso_alpha_1,0.07391198,0.6075577796338381,-0.5336457996338381,0.5336457996338381
fold_2,main_fold_2,Main v2 model rolling-origin fold_2,rolling_origin_confirmatory,main,feature_only,env_patent_share_inventions,lag1_3_mean,PRY,Paraguay,2011,0.00117291,lasso_alpha_1,0.00117291,0.36392655714674904,-0.362753647146749,0.362753647146749
fold_2,main_fold_2,Main v2 model rolling-origin fold_2,rolling_origin_confirmatory,main,feature_only,env_patent_share_inventions,lag1_3_mean,QAT,Qatar,2011,0.01485687,lasso_alpha_1,0.01485687,0.46240607672297507,-0.44754920672297505,0.44754920672297505
fold_2,main_fold_2,Main v2 model rolling-origin fold_2,rolling_origin_confirmatory,main,feature_only,env_patent_share_inventions,lag1_3_mean,ROU,Romania,2011,0.04124735,lasso_alpha_1,0.04124735,0.5458597743643093,-0.5046124243643093,0.5046124243643093
fold_2,main_fold_2,Main v2 model rolling-origin fold_2,rolling_origin_confirmatory,main,feature_only,env_patent_share_inventions,lag1_3_mean,RUS,Russian Federation,2011,0.4085861,lasso_alpha_1,0.4085861,2.013586335696454,-1.605000235696454,1.605000235696454
fold_2,main_fold_2,Main v2 model rolling-origin fold_2,rolling_origin_confirmatory,main,feature_only,env_patent_share_inventions,lag1_3_mean,SAU,Saudi Arabia,2011,0.1005575,lasso_alpha_1,0.1005575,1.0135232354136363,-0.9129657354136363,0.9129657354136363
fold_2,main_fold_2,Main v2 model rolling-origin fold_2,rolling_origin_confirmatory,main,feature_only,env_patent_share_inventions,lag1_3_mean,SEN,Senegal,2011,0.00117291,lasso_alpha_1,0.00117291,0.3454181771769146,-0.34424526717691456,0.34424526717691456
fold_2,main_fold_2,Main v2 model rolling-origin fold_2,rolling_origin_confirmatory,main,feature_only,env_patent_share_inventions,lag1_3_mean,SGP,Singapore,2011,0.2992094,lasso_alpha_1,0.2992094,0.6324038185991125,-0.33319441859911253,0.33319441859911253
fold_2,main_fold_2,Main v2 model rolling-origin fold_2,rolling_origin_confirmatory,main,feature_only,env_patent_share_inventions,lag1_3_mean,SRB,Serbia,2011,0.03514822,lasso_alpha_1,0.03514822,0.3824007436623047,-0.3472525236623047,0.3472525236623047
fold_2,main_fold_2,Main v2 model rolling-origin fold_2,rolling_origin_confirmatory,main,feature_only,env_patent_share_inventions,lag1_3_mean,SVK,Slovak Republic,2011,0.05683403,lasso_alpha_1,0.05683403,0.43009611206514875,-0.37326208206514877,0.37326208206514877
fold_2,main_fold_2,Main v2 model rolling-origin fold_2,rolling_origin_confirmatory,main,feature_only,env_patent_share_inventions,lag1_3_mean,SVN,Slovenia,2011,0.05043515,lasso_alpha_1,0.05043515,0.38403867859052765,-0.33360352859052766,0.33360352859052766
fold_2,main_fold_2,Main v2 model rolling-origin fold_2,rolling_origin_confirmatory,main,feature_only,env_patent_share_inventions,lag1_3_mean,SWE,Sweden,2011,0.8619198,lasso_alpha_1,0.8619198,0.923680254201055,-0.061760454201055026,0.061760454201055026
fold_2,main_fold_2,Main v2 model rolling-origin fold_2,rolling_origin_confirmatory,main,feature_only,env_patent_share_inventions,lag1_3_mean,THA,Thailand,2011,0.0340144,lasso_alpha_1,0.0340144,0.7743874441235501,-0.7403730441235501,0.7403730441235501
fold_2,main_fold_2,Main v2 model rolling-origin fold_2,rolling_origin_confirmatory,main,feature_only,env_patent_share_inventions,lag1_3_mean,TUN,Tunisia,2011,0.008601343,lasso_alpha_1,0.008601343,0.3815276421354805,-0.37292629913548053,0.37292629913548053
fold_2,main_fold_2,Main v2 model rolling-origin fold_2,rolling_origin_confirmatory,main,feature_only,env_patent_share_inventions,lag1_3_mean,TUR,Turkiye,2011,0.1343988,lasso_alpha_1,0.1343988,1.1330649848967262,-0.9986661848967262,0.9986661848967262
fold_2,main_fold_2,Main v2 model rolling-origin fold_2,rolling_origin_confirmatory,main,feature_only,env_patent_share_inventions,lag1_3_mean,UKR,Ukraine,2011,0.09187799,lasso_alpha_1,0.09187799,0.474272258119647,-0.382394268119647,0.382394268119647
fold_2,main_fold_2,Main v2 model rolling-origin fold_2,rolling_origin_confirmatory,main,feature_only,env_patent_share_inventions,lag1_3_mean,URY,Uruguay,2011,0.003518731,lasso_alpha_1,0.003518731,0.3883311019195065,-0.3848123709195065,0.3848123709195065
fold_2,main_fold_2,Main v2 model rolling-origin fold_2,rolling_origin_confirmatory,main,feature_only,env_patent_share_inventions,lag1_3_mean,USA,United States,2011,21.40145,lasso_alpha_1,21.40145,22.10410398195488,-0.702653981954878,0.702653981954878
fold_2,main_fold_2,Main v2 model rolling-origin fold_2,rolling_origin_confirmatory,main,feature_only,env_patent_share_inventions,lag1_3_mean,UZB,Uzbekistan,2011,0.004691642,lasso_alpha_1,0.004691642,0.40281996325746916,-0.39812832125746916,0.39812832125746916
fold_2,main_fold_2,Main v2 model rolling-origin fold_2,rolling_origin_confirmatory,main,feature_only,env_patent_share_inventions,lag1_3_mean,VEN,"Venezuela, RB",2011,0.0117291,lasso_alpha_1,0.0117291,0.4985927122110019,-0.4868636122110019,0.4868636122110019
fold_2,main_fold_2,Main v2 model rolling-origin fold_2,rolling_origin_confirmatory,main,feature_only,env_patent_share_inventions,lag1_3_mean,VNM,Viet Nam,2011,0.02072142,lasso_alpha_1,0.02072142,0.5524727817926202,-0.5317513617926202,0.5317513617926202
fold_2,main_fold_2,Main v2 model rolling-origin fold_2,rolling_origin_confirmatory,main,feature_only,env_patent_share_inventions,lag1_3_mean,YEM,"Yemen, Rep.",2011,0.001954851,lasso_alpha_1,0.001954851,0.4064707630632559,-0.40451591206325593,0.40451591206325593
fold_2,main_fold_2,Main v2 model rolling-origin fold_2,rolling_origin_confirmatory,main,feature_only,env_patent_share_inventions,lag1_3_mean,ZAF,South Africa,2011,0.1172743,lasso_alpha_1,0.1172743,0.7413424855054811,-0.624068185505481,0.624068185505481
fold_2,main_fold_2,Main v2 model rolling-origin fold_2,rolling_origin_confirmatory,main,feature_only,env_patent_share_inventions,lag1_3_mean,ALB,Albania,2012,0.005044715,lasso_alpha_1,0.005044715,0.3403943067118872,-0.3353495917118872,0.3353495917118872
fold_2,main_fold_2,Main v2 model rolling-origin fold_2,rolling_origin_confirmatory,main,feature_only,env_patent_share_inventions,lag1_3_mean,ARE,United Arab Emirates,2012,0.01509593,lasso_alpha_1,0.01509593,0.7260628826557373,-0.7109669526557373,0.7109669526557373
fold_2,main_fold_2,Main v2 model rolling-origin fold_2,rolling_origin_confirmatory,main,feature_only,env_patent_share_inventions,lag1_3_mean,ARG,Argentina,2012,0.04070167,lasso_alpha_1,0.04070167,1.0653605872200034,-1.0246589172200034,1.0246589172200034
fold_2,main_fold_2,Main v2 model rolling-origin fold_2,rolling_origin_confirmatory,main,feature_only,env_patent_share_inventions,lag1_3_mean,ARM,Armenia,2012,0.008598945,lasso_alpha_1,0.008598945,0.33792448180233614,-0.3293255368023361,0.3293255368023361
fold_2,main_fold_2,Main v2 model rolling-origin fold_2,rolling_origin_confirmatory,main,feature_only,env_patent_share_inventions,lag1_3_mean,AUS,Australia,2012,0.6337487,lasso_alpha_1,0.6337487,1.9284727459385953,-1.2947240459385951,1.2947240459385951
fold_2,main_fold_2,Main v2 model rolling-origin fold_2,rolling_origin_confirmatory,main,feature_only,env_patent_share_inventions,lag1_3_mean,AUT,Austria,2012,0.9432524,lasso_alpha_1,0.9432524,0.8145946815836369,0.1286577184163631,0.1286577184163631
fold_2,main_fold_2,Main v2 model rolling-origin fold_2,rolling_origin_confirmatory,main,feature_only,env_patent_share_inventions,lag1_3_mean,AZE,Azerbaijan,2012,0.001146526,lasso_alpha_1,0.001146526,0.3898468566999973,-0.3887003306999973,0.3887003306999973
fold_2,main_fold_2,Main v2 model rolling-origin fold_2,rolling_origin_confirmatory,main,feature_only,env_patent_share_inventions,lag1_3_mean,BEL,Belgium,2012,0.4609799,lasso_alpha_1,0.4609799,0.9137902063324298,-0.4528103063324298,0.4528103063324298
fold_2,main_fold_2,Main v2 model rolling-origin fold_2,rolling_origin_confirmatory,main,feature_only,env_patent_share_inventions,lag1_3_mean,BEN,Benin,2012,0.002293052,lasso_alpha_1,0.002293052,0.33864853146081675,-0.33635547946081673,0.33635547946081673
fold_2,main_fold_2,Main v2 model rolling-origin fold_2,rolling_origin_confirmatory,main,feature_only,env_patent_share_inventions,lag1_3_mean,BGD,Bangladesh,2012,0.007987465,lasso_alpha_1,0.007987465,0.5211908498015054,-0.5132033848015054,0.5132033848015054
fold_2,main_fold_2,Main v2 model rolling-origin fold_2,rolling_origin_confirmatory,main,feature_only,env_patent_share_inventions,lag1_3_mean,BGR,Bulgaria,2012,0.04146602,lasso_alpha_1,0.04146602,0.3906934425345475,-0.3492274225345475,0.3492274225345475
fold_2,main_fold_2,Main v2 model rolling-origin fold_2,rolling_origin_confirmatory,main,feature_only,env_patent_share_inventions,lag1_3_mean,BHR,Bahrain,2012,0.002904533,lasso_alpha_1,0.002904533,0.36294586057546296,-0.360041327575463,0.360041327575463
fold_2,main_fold_2,Main v2 model rolling-origin fold_2,rolling_origin_confirmatory,main,feature_only,env_patent_share_inventions,lag1_3_mean,BIH,Bosnia and Herzegovina,2012,0.006305893,lasso_alpha_1,0.006305893,0.3468352184346766,-0.34052932543467657,0.34052932543467657
fold_2,main_fold_2,Main v2 model rolling-origin fold_2,rolling_origin_confirmatory,main,feature_only,env_patent_share_inventions,lag1_3_mean,BLR,Belarus,2012,0.006879156,lasso_alpha_1,0.006879156,0.3979069832661767,-0.3910278272661767,0.3910278272661767
fold_2,main_fold_2,Main v2 model rolling-origin fold_2,rolling_origin_confirmatory,main,feature_only,env_patent_share_inventions,lag1_3_mean,BOL,Bolivia,2012,0.001146526,lasso_alpha_1,0.001146526,0.36060846876968045,-0.35946194276968046,0.35946194276968046
fold_2,main_fold_2,Main v2 model rolling-origin fold_2,rolling_origin_confirmatory,main,feature_only,env_patent_share_inventions,lag1_3_mean,BRA,Brazil,2012,0.2107697,lasso_alpha_1,0.2107697,2.604776243513339,-2.394006543513339,2.394006543513339
fold_2,main_fold_2,Main v2 model rolling-origin fold_2,rolling_origin_confirmatory,main,feature_only,env_patent_share_inventions,lag1_3_mean,BRN,Brunei Darussalam,2012,0.002293052,lasso_alpha_1,0.002293052,0.34394557218074684,-0.3416525201807468,0.3416525201807468
fold_2,main_fold_2,Main v2 model rolling-origin fold_2,rolling_origin_confirmatory,main,feature_only,env_patent_share_inventions,lag1_3_mean,BWA,Botswana,2012,0.001528701,lasso_alpha_1,0.001528701,0.3415451168405498,-0.34001641584054976,0.34001641584054976
fold_2,main_fold_2,Main v2 model rolling-origin fold_2,rolling_origin_confirmatory,main,feature_only,env_patent_share_inventions,lag1_3_mean,CAN,Canada,2012,1.825111,lasso_alpha_1,1.825111,2.218961927856821,-0.39385092785682096,0.39385092785682096
fold_2,main_fold_2,Main v2 model rolling-origin fold_2,rolling_origin_confirmatory,main,feature_only,env_patent_share_inventions,lag1_3_mean,CHE,Switzerland,2012,0.8146322,lasso_alpha_1,0.8146322,1.1824053053820638,-0.36777310538206376,0.36777310538206376
fold_2,main_fold_2,Main v2 model rolling-origin fold_2,rolling_origin_confirmatory,main,feature_only,env_patent_share_inventions,lag1_3_mean,CHL,Chile,2012,0.0603837,lasso_alpha_1,0.0603837,0.5974386157919096,-0.5370549157919096,0.5370549157919096
fold_2,main_fold_2,Main v2 model rolling-origin fold_2,rolling_origin_confirmatory,main,feature_only,env_patent_share_inventions,lag1_3_mean,CHN,China,2012,5.392156,lasso_alpha_1,5.392156,10.743919880094845,-5.351763880094845,5.351763880094845
fold_2,main_fold_2,Main v2 model rolling-origin fold_2,rolling_origin_confirmatory,main,feature_only,env_patent_share_inventions,lag1_3_mean,CMR,Cameroon,2012,0.001146526,lasso_alpha_1,0.001146526,0.3606977034469213,-0.35955117744692133,0.35955117744692133
fold_2,main_fold_2,Main v2 model rolling-origin fold_2,rolling_origin_confirmatory,main,feature_only,env_patent_share_inventions,lag1_3_mean,COL,Colombia,2012,0.01738898,lasso_alpha_1,0.01738898,0.6446352346485142,-0.6272462546485142,0.6272462546485142
fold_2,main_fold_2,Main v2 model rolling-origin fold_2,rolling_origin_confirmatory,main,feature_only,env_patent_share_inventions,lag1_3_mean,CRI,Costa Rica,2012,0.001605136,lasso_alpha_1,0.001605136,0.3895025676630026,-0.3878974316630026,0.3878974316630026
fold_2,main_fold_2,Main v2 model rolling-origin fold_2,rolling_origin_confirmatory,main,feature_only,env_patent_share_inventions,lag1_3_mean,CUB,Cuba,2012,0.003057403,lasso_alpha_1,0.003057403,0.4290258892019042,-0.4259684862019042,0.4259684862019042
fold_2,main_fold_2,Main v2 model rolling-origin fold_2,rolling_origin_confirmatory,main,feature_only,env_patent_share_inventions,lag1_3_mean,CYP,Cyprus,2012,0.003898188,lasso_alpha_1,0.003898188,0.35538968690486394,-0.3514914989048639,0.3514914989048639
fold_2,main_fold_2,Main v2 model rolling-origin fold_2,rolling_origin_confirmatory,main,feature_only,env_patent_share_inventions,lag1_3_mean,CZE,Czechia,2012,0.104716,lasso_alpha_1,0.104716,0.5615491656777093,-0.45683316567770926,0.45683316567770926
fold_2,main_fold_2,Main v2 model rolling-origin fold_2,rolling_origin_confirmatory,main,feature_only,env_patent_share_inventions,lag1_3_mean,DEU,Germany,2012,11.44645,lasso_alpha_1,11.44645,4.581097515057832,6.865352484942169,6.865352484942169
fold_2,main_fold_2,Main v2 model rolling-origin fold_2,rolling_origin_confirmatory,main,feature_only,env_patent_share_inventions,lag1_3_mean,DJI,Djibouti,2012,0.001146526,lasso_alpha_1,0.001146526,0.4806596616739175,-0.4795131356739175,0.4795131356739175
fold_2,main_fold_2,Main v2 model rolling-origin fold_2,rolling_origin_confirmatory,main,feature_only,env_patent_share_inventions,lag1_3_mean,DNK,Denmark,2012,0.9766873,lasso_alpha_1,0.9766873,0.7099357643847084,0.26675153561529164,0.26675153561529164
fold_2,main_fold_2,Main v2 model rolling-origin fold_2,rolling_origin_confirmatory,main,feature_only,env_patent_share_inventions,lag1_3_mean,DZA,Algeria,2012,0.004012841,lasso_alpha_1,0.004012841,0.5431267546092846,-0.5391139136092846,0.5391139136092846
fold_2,main_fold_2,Main v2 model rolling-origin fold_2,rolling_origin_confirmatory,main,feature_only,env_patent_share_inventions,lag1_3_mean,ECU,Ecuador,2012,0.001146526,lasso_alpha_1,0.001146526,0.43022070441750027,-0.4290741784175003,0.4290741784175003
fold_2,main_fold_2,Main v2 model rolling-origin fold_2,rolling_origin_confirmatory,main,feature_only,env_patent_share_inventions,lag1_3_mean,EGY,"Egypt, Arab Rep.",2012,0.02373309,lasso_alpha_1,0.02373309,0.7120665355634743,-0.6883334455634743,0.6883334455634743
fold_2,main_fold_2,Main v2 model rolling-origin fold_2,rolling_origin_confirmatory,main,feature_only,env_patent_share_inventions,lag1_3_mean,ESP,Spain,2012,0.8774337,lasso_alpha_1,0.8774337,1.944212968540258,-1.066779268540258,1.066779268540258
fold_2,main_fold_2,Main v2 model rolling-origin fold_2,rolling_origin_confirmatory,main,feature_only,env_patent_share_inventions,lag1_3_mean,EST,Estonia,2012,0.02273943,lasso_alpha_1,0.02273943,0.3531552917998717,-0.3304158617998717,0.3304158617998717
fold_2,main_fold_2,Main v2 model rolling-origin fold_2,rolling_origin_confirmatory,main,feature_only,env_patent_share_inventions,lag1_3_mean,ETH,Ethiopia,2012,0.003439578,lasso_alpha_1,0.003439578,0.3779478952698514,-0.3745083172698514,0.3745083172698514
fold_2,main_fold_2,Main v2 model rolling-origin fold_2,rolling_origin_confirmatory,main,feature_only,env_patent_share_inventions,lag1_3_mean,FIN,Finland,2012,0.7384829,lasso_alpha_1,0.7384829,0.6413099310950742,0.09717296890492588,0.09717296890492588
fold_2,main_fold_2,Main v2 model rolling-origin fold_2,rolling_origin_confirmatory,main,feature_only,env_patent_share_inventions,lag1_3_mean,FRA,France,2012,4.169888,lasso_alpha_1,4.169888,3.4578258455524367,0.7120621544475636,0.7120621544475636
fold_2,main_fold_2,Main v2 model rolling-origin fold_2,rolling_origin_confirmatory,main,feature_only,env_patent_share_inventions,lag1_3_mean,FRO,Faroe Islands,2012,0.003439578,lasso_alpha_1,0.003439578,0.3291417548145946,-0.3257021768145946,0.3257021768145946
fold_2,main_fold_2,Main v2 model rolling-origin fold_2,rolling_origin_confirmatory,main,feature_only,env_patent_share_inventions,lag1_3_mean,GBR,United Kingdom,2012,2.830283,lasso_alpha_1,2.830283,3.93719019785728,-1.10690719785728,1.10690719785728
fold_2,main_fold_2,Main v2 model rolling-origin fold_2,rolling_origin_confirmatory,main,feature_only,env_patent_share_inventions,lag1_3_mean,GEO,Georgia,2012,0.004586104,lasso_alpha_1,0.004586104,0.3422429480849035,-0.33765684408490354,0.33765684408490354
fold_2,main_fold_2,Main v2 model rolling-origin fold_2,rolling_origin_confirmatory,main,feature_only,env_patent_share_inventions,lag1_3_mean,GHA,Ghana,2012,0.002293052,lasso_alpha_1,0.002293052,0.374939748170243,-0.372646696170243,0.372646696170243
fold_2,main_fold_2,Main v2 model rolling-origin fold_2,rolling_origin_confirmatory,main,feature_only,env_patent_share_inventions,lag1_3_mean,GRC,Greece,2012,0.05262554,lasso_alpha_1,0.05262554,0.6460314093099189,-0.5934058693099189,0.5934058693099189
fold_2,main_fold_2,Main v2 model rolling-origin fold_2,rolling_origin_confirmatory,main,feature_only,env_patent_share_inventions,lag1_3_mean,HKG,"Hong Kong SAR, China",2012,0.0666896,lasso_alpha_1,0.0666896,0.6860605525587831,-0.619370952558783,0.619370952558783
fold_2,main_fold_2,Main v2 model rolling-origin fold_2,rolling_origin_confirmatory,main,feature_only,env_patent_share_inventions,lag1_3_mean,HRV,Croatia,2012,0.02261204,lasso_alpha_1,0.02261204,0.39606540646608135,-0.37345336646608135,0.37345336646608135
fold_2,main_fold_2,Main v2 model rolling-origin fold_2,rolling_origin_confirmatory,main,feature_only,env_patent_share_inventions,lag1_3_mean,HUN,Hungary,2012,0.08651176,lasso_alpha_1,0.08651176,0.4792992240986119,-0.3927874640986119,0.3927874640986119
fold_2,main_fold_2,Main v2 model rolling-origin fold_2,rolling_origin_confirmatory,main,feature_only,env_patent_share_inventions,lag1_3_mean,IDN,Indonesia,2012,0.0185901,lasso_alpha_1,0.0185901,1.2162560150163042,-1.1976659150163043,1.1976659150163043
fold_2,main_fold_2,Main v2 model rolling-origin fold_2,rolling_origin_confirmatory,main,feature_only,env_patent_share_inventions,lag1_3_mean,IND,India,2012,1.117086,lasso_alpha_1,1.117086,2.3840449188547574,-1.2669589188547574,1.2669589188547574
fold_2,main_fold_2,Main v2 model rolling-origin fold_2,rolling_origin_confirmatory,main,feature_only,env_patent_share_inventions,lag1_3_mean,IRL,Ireland,2012,0.1155534,lasso_alpha_1,0.1155534,0.615872203663661,-0.500318803663661,0.500318803663661
fold_2,main_fold_2,Main v2 model rolling-origin fold_2,rolling_origin_confirmatory,main,feature_only,env_patent_share_inventions,lag1_3_mean,IRN,"Iran, Islamic Rep.",2012,0.03217917,lasso_alpha_1,0.03217917,0.8703329762507391,-0.8381538062507391,0.8381538062507391
fold_2,main_fold_2,Main v2 model rolling-origin fold_2,rolling_origin_confirmatory,main,feature_only,env_patent_share_inventions,lag1_3_mean,ISL,Iceland,2012,0.008293205,lasso_alpha_1,0.008293205,0.34786833862410893,-0.3395751336241089,0.3395751336241089
fold_2,main_fold_2,Main v2 model rolling-origin fold_2,rolling_origin_confirmatory,main,feature_only,env_patent_share_inventions,lag1_3_mean,ISR,Israel,2012,0.6976019,lasso_alpha_1,0.6976019,0.6701770109408386,0.027424889059161406,0.027424889059161406
fold_2,main_fold_2,Main v2 model rolling-origin fold_2,rolling_origin_confirmatory,main,feature_only,env_patent_share_inventions,lag1_3_mean,ITA,Italy,2012,1.588352,lasso_alpha_1,1.588352,2.9004942834293748,-1.3121422834293748,1.3121422834293748
fold_2,main_fold_2,Main v2 model rolling-origin fold_2,rolling_origin_confirmatory,main,feature_only,env_patent_share_inventions,lag1_3_mean,JOR,Jordan,2012,0.008598945,lasso_alpha_1,0.008598945,0.3719687171499405,-0.3633697721499405,0.3633697721499405
fold_2,main_fold_2,Main v2 model rolling-origin fold_2,rolling_origin_confirmatory,main,feature_only,env_patent_share_inventions,lag1_3_mean,JPN,Japan,2012,23.80076,lasso_alpha_1,23.80076,5.953488993901922,17.84727100609808,17.84727100609808
fold_2,main_fold_2,Main v2 model rolling-origin fold_2,rolling_origin_confirmatory,main,feature_only,env_patent_share_inventions,lag1_3_mean,KAZ,Kazakhstan,2012,0.01796224,lasso_alpha_1,0.01796224,0.5247792629534992,-0.5068170229534992,0.5068170229534992
fold_2,main_fold_2,Main v2 model rolling-origin fold_2,rolling_origin_confirmatory,main,feature_only,env_patent_share_inventions,lag1_3_mean,KEN,Kenya,2012,0.003439578,lasso_alpha_1,0.003439578,0.4010750861436013,-0.3976355081436013,0.3976355081436013
fold_2,main_fold_2,Main v2 model rolling-origin fold_2,rolling_origin_confirmatory,main,feature_only,env_patent_share_inventions,lag1_3_mean,KOR,"Korea, Rep.",2012,10.36707,lasso_alpha_1,10.36707,2.092362975008792,8.274707024991208,8.274707024991208
fold_2,main_fold_2,Main v2 model rolling-origin fold_2,rolling_origin_confirmatory,main,feature_only,env_patent_share_inventions,lag1_3_mean,KWT,Kuwait,2012,0.01261179,lasso_alpha_1,0.01261179,0.4610769701249555,-0.4484651801249555,0.4484651801249555
fold_2,main_fold_2,Main v2 model rolling-origin fold_2,rolling_origin_confirmatory,main,feature_only,env_patent_share_inventions,lag1_3_mean,LBN,Lebanon,2012,0.006879156,lasso_alpha_1,0.006879156,0.38600901428891743,-0.37912985828891743,0.37912985828891743
fold_2,main_fold_2,Main v2 model rolling-origin fold_2,rolling_origin_confirmatory,main,feature_only,env_patent_share_inventions,lag1_3_mean,LKA,Sri Lanka,2012,0.008025683,lasso_alpha_1,0.008025683,0.4111252120607489,-0.4030995290607489,0.4030995290607489
fold_2,main_fold_2,Main v2 model rolling-origin fold_2,rolling_origin_confirmatory,main,feature_only,env_patent_share_inventions,lag1_3_mean,LTU,Lithuania,2012,0.01490484,lasso_alpha_1,0.01490484,0.3727752152917878,-0.35787037529178783,0.35787037529178783
fold_2,main_fold_2,Main v2 model rolling-origin fold_2,rolling_origin_confirmatory,main,feature_only,env_patent_share_inventions,lag1_3_mean,LUX,Luxembourg,2012,0.03305817,lasso_alpha_1,0.03305817,0.3986879223557255,-0.3656297523557255,0.3656297523557255
fold_2,main_fold_2,Main v2 model rolling-origin fold_2,rolling_origin_confirmatory,main,feature_only,env_patent_share_inventions,lag1_3_mean,LVA,Latvia,2012,0.0130704,lasso_alpha_1,0.0130704,0.35676643678577236,-0.3436960367857724,0.3436960367857724
fold_2,main_fold_2,Main v2 model rolling-origin fold_2,rolling_origin_confirmatory,main,feature_only,env_patent_share_inventions,lag1_3_mean,MAR,Morocco,2012,0.02503248,lasso_alpha_1,0.02503248,0.45014055560067656,-0.42510807560067654,0.42510807560067654
fold_2,main_fold_2,Main v2 model rolling-origin fold_2,rolling_origin_confirmatory,main,feature_only,env_patent_share_inventions,lag1_3_mean,MDA,Moldova,2012,0.0007643507,lasso_alpha_1,0.0007643507,0.33507673712527564,-0.3343123864252756,0.3343123864252756
fold_2,main_fold_2,Main v2 model rolling-origin fold_2,rolling_origin_confirmatory,main,feature_only,env_patent_share_inventions,lag1_3_mean,MDG,Madagascar,2012,0.002293052,lasso_alpha_1,0.002293052,0.33977764520259557,-0.33748459320259555,0.33748459320259555
fold_2,main_fold_2,Main v2 model rolling-origin fold_2,rolling_origin_confirmatory,main,feature_only,env_patent_share_inventions,lag1_3_mean,MEX,Mexico,2012,0.1100337,lasso_alpha_1,0.1100337,1.7618417811972495,-1.6518080811972495,1.6518080811972495
fold_2,main_fold_2,Main v2 model rolling-origin fold_2,rolling_origin_confirmatory,main,feature_only,env_patent_share_inventions,lag1_3_mean,MKD,North Macedonia,2012,0.0007643507,lasso_alpha_1,0.0007643507,0.3383377534173315,-0.3375734027173315,0.3375734027173315
fold_2,main_fold_2,Main v2 model rolling-origin fold_2,rolling_origin_confirmatory,main,feature_only,env_patent_share_inventions,lag1_3_mean,MLT,Malta,2012,0.004586104,lasso_alpha_1,0.004586104,0.3377577744254101,-0.3331716704254101,0.3331716704254101
fold_2,main_fold_2,Main v2 model rolling-origin fold_2,rolling_origin_confirmatory,main,feature_only,env_patent_share_inventions,lag1_3_mean,MNG,Mongolia,2012,0.001146526,lasso_alpha_1,0.001146526,0.33635162681828035,-0.33520510081828037,0.33520510081828037
fold_2,main_fold_2,Main v2 model rolling-origin fold_2,rolling_origin_confirmatory,main,feature_only,env_patent_share_inventions,lag1_3_mean,MUS,Mauritius,2012,0.002866315,lasso_alpha_1,0.002866315,0.34002871037558224,-0.33716239537558224,0.33716239537558224
fold_2,main_fold_2,Main v2 model rolling-origin fold_2,rolling_origin_confirmatory,main,feature_only,env_patent_share_inventions,lag1_3_mean,MYS,Malaysia,2012,0.1118136,lasso_alpha_1,0.1118136,0.6390400396662503,-0.5272264396662504,0.5272264396662504
fold_2,main_fold_2,Main v2 model rolling-origin fold_2,rolling_origin_confirmatory,main,feature_only,env_patent_share_inventions,lag1_3_mean,NAM,Namibia,2012,0.004012841,lasso_alpha_1,0.004012841,0.33817334244259356,-0.33416050144259357,0.33416050144259357
fold_2,main_fold_2,Main v2 model rolling-origin fold_2,rolling_origin_confirmatory,main,feature_only,env_patent_share_inventions,lag1_3_mean,NER,Niger,2012,0.001146526,lasso_alpha_1,0.001146526,0.33600368697479444,-0.33485716097479445,0.33485716097479445
fold_2,main_fold_2,Main v2 model rolling-origin fold_2,rolling_origin_confirmatory,main,feature_only,env_patent_share_inventions,lag1_3_mean,NLD,Netherlands,2012,1.204546,lasso_alpha_1,1.204546,1.330695086992383,-0.12614908699238314,0.12614908699238314
fold_2,main_fold_2,Main v2 model rolling-origin fold_2,rolling_origin_confirmatory,main,feature_only,env_patent_share_inventions,lag1_3_mean,NOR,Norway,2012,0.2850864,lasso_alpha_1,0.2850864,0.8078935248744996,-0.5228071248744997,0.5228071248744997
fold_2,main_fold_2,Main v2 model rolling-origin fold_2,rolling_origin_confirmatory,main,feature_only,env_patent_share_inventions,lag1_3_mean,NPL,Nepal,2012,0.004296743,lasso_alpha_1,0.004296743,0.3528683499026307,-0.3485716069026307,0.3485716069026307
fold_2,main_fold_2,Main v2 model rolling-origin fold_2,rolling_origin_confirmatory,main,feature_only,env_patent_share_inventions,lag1_3_mean,NZL,New Zealand,2012,0.1378506,lasso_alpha_1,0.1378506,0.535444544391924,-0.397593944391924,0.397593944391924
fold_2,main_fold_2,Main v2 model rolling-origin fold_2,rolling_origin_confirmatory,main,feature_only,env_patent_share_inventions,lag1_3_mean,OMN,Oman,2012,0.0007643507,lasso_alpha_1,0.0007643507,0.4112949682406267,-0.4105306175406267,0.4105306175406267
fold_2,main_fold_2,Main v2 model rolling-origin fold_2,rolling_origin_confirmatory,main,feature_only,env_patent_share_inventions,lag1_3_mean,PAK,Pakistan,2012,0.01861194,lasso_alpha_1,0.01861194,0.6660486190923858,-0.6474366790923858,0.6474366790923858
fold_2,main_fold_2,Main v2 model rolling-origin fold_2,rolling_origin_confirmatory,main,feature_only,env_patent_share_inventions,lag1_3_mean,PAN,Panama,2012,0.003821753,lasso_alpha_1,0.003821753,0.3798626674394464,-0.3760409144394464,0.3760409144394464
fold_2,main_fold_2,Main v2 model rolling-origin fold_2,rolling_origin_confirmatory,main,feature_only,env_patent_share_inventions,lag1_3_mean,PER,Peru,2012,0.009172209,lasso_alpha_1,0.009172209,0.5285150895399464,-0.5193428805399464,0.5193428805399464
fold_2,main_fold_2,Main v2 model rolling-origin fold_2,rolling_origin_confirmatory,main,feature_only,env_patent_share_inventions,lag1_3_mean,PHL,Philippines,2012,0.02270121,lasso_alpha_1,0.02270121,0.6322222703090672,-0.6095210603090672,0.6095210603090672
fold_2,main_fold_2,Main v2 model rolling-origin fold_2,rolling_origin_confirmatory,main,feature_only,env_patent_share_inventions,lag1_3_mean,POL,Poland,2012,0.2915925,lasso_alpha_1,0.2915925,0.8860470202738662,-0.5944545202738662,0.5944545202738662
fold_2,main_fold_2,Main v2 model rolling-origin fold_2,rolling_origin_confirmatory,main,feature_only,env_patent_share_inventions,lag1_3_mean,PRI,Puerto Rico (US),2012,0.003439578,lasso_alpha_1,0.003439578,0.47014822589424976,-0.46670864789424976,0.46670864789424976
fold_2,main_fold_2,Main v2 model rolling-origin fold_2,rolling_origin_confirmatory,main,feature_only,env_patent_share_inventions,lag1_3_mean,PRT,Portugal,2012,0.07116105,lasso_alpha_1,0.07116105,0.6045805554573245,-0.5334195054573245,0.5334195054573245
fold_2,main_fold_2,Main v2 model rolling-origin fold_2,rolling_origin_confirmatory,main,feature_only,env_patent_share_inventions,lag1_3_mean,QAT,Qatar,2012,0.008598945,lasso_alpha_1,0.008598945,0.4827882321941164,-0.47418928719411635,0.47418928719411635
fold_2,main_fold_2,Main v2 model rolling-origin fold_2,rolling_origin_confirmatory,main,feature_only,env_patent_share_inventions,lag1_3_mean,ROU,Romania,2012,0.06447298,lasso_alpha_1,0.06447298,0.5419154759202137,-0.4774424959202137,0.4774424959202137
fold_2,main_fold_2,Main v2 model rolling-origin fold_2,rolling_origin_confirmatory,main,feature_only,env_patent_share_inventions,lag1_3_mean,RUS,Russian Federation,2012,0.3612522,lasso_alpha_1,0.3612522,2.0164635064593925,-1.6552113064593925,1.6552113064593925
fold_2,main_fold_2,Main v2 model rolling-origin fold_2,rolling_origin_confirmatory,main,feature_only,env_patent_share_inventions,lag1_3_mean,SAU,Saudi Arabia,2012,0.1245127,lasso_alpha_1,0.1245127,1.0501435249438467,-0.9256308249438466,0.9256308249438466
fold_2,main_fold_2,Main v2 model rolling-origin fold_2,rolling_origin_confirmatory,main,feature_only,env_patent_share_inventions,lag1_3_mean,SEN,Senegal,2012,0.001146526,lasso_alpha_1,0.001146526,0.34589120109285987,-0.3447446750928599,0.3447446750928599
fold_2,main_fold_2,Main v2 model rolling-origin fold_2,rolling_origin_confirmatory,main,feature_only,env_patent_share_inventions,lag1_3_mean,SGP,Singapore,2012,0.2784621,lasso_alpha_1,0.2784621,0.6535934263211441,-0.37513132632114415,0.37513132632114415
fold_2,main_fold_2,Main v2 model rolling-origin fold_2,rolling_origin_confirmatory,main,feature_only,env_patent_share_inventions,lag1_3_mean,SLE,Sierra Leone,2012,0.0007643507,lasso_alpha_1,0.0007643507,0.33396706596152015,-0.3332027152615201,0.3332027152615201
fold_2,main_fold_2,Main v2 model rolling-origin fold_2,rolling_origin_confirmatory,main,feature_only,env_patent_share_inventions,lag1_3_mean,SOM,"Somalia, Fed. Rep.",2012,0.001146526,lasso_alpha_1,0.001146526,0.3317969715586597,-0.33065044555865974,0.33065044555865974
fold_2,main_fold_2,Main v2 model rolling-origin fold_2,rolling_origin_confirmatory,main,feature_only,env_patent_share_inventions,lag1_3_mean,SRB,Serbia,2012,0.007070244,lasso_alpha_1,0.007070244,0.38211038090786253,-0.37504013690786253,0.37504013690786253
fold_2,main_fold_2,Main v2 model rolling-origin fold_2,rolling_origin_confirmatory,main,feature_only,env_patent_share_inventions,lag1_3_mean,SVK,Slovak Republic,2012,0.03229382,lasso_alpha_1,0.03229382,0.4313246532437196,-0.3990308332437196,0.3990308332437196
fold_2,main_fold_2,Main v2 model rolling-origin fold_2,rolling_origin_confirmatory,main,feature_only,env_patent_share_inventions,lag1_3_mean,SVN,Slovenia,2012,0.04509669,lasso_alpha_1,0.04509669,0.3828371834347577,-0.3377404934347577,0.3377404934347577
fold_2,main_fold_2,Main v2 model rolling-origin fold_2,rolling_origin_confirmatory,main,feature_only,env_patent_share_inventions,lag1_3_mean,SWE,Sweden,2012,0.898001,lasso_alpha_1,0.898001,0.9326385166463007,-0.03463751664630066,0.03463751664630066
fold_2,main_fold_2,Main v2 model rolling-origin fold_2,rolling_origin_confirmatory,main,feature_only,env_patent_share_inventions,lag1_3_mean,THA,Thailand,2012,0.03554231,lasso_alpha_1,0.03554231,0.7856123603059875,-0.7500700503059875,0.7500700503059875
fold_2,main_fold_2,Main v2 model rolling-origin fold_2,rolling_origin_confirmatory,main,feature_only,env_patent_share_inventions,lag1_3_mean,TUN,Tunisia,2012,0.007643507,lasso_alpha_1,0.007643507,0.3822300541141833,-0.3745865471141833,0.3745865471141833
fold_2,main_fold_2,Main v2 model rolling-origin fold_2,rolling_origin_confirmatory,main,feature_only,env_patent_share_inventions,lag1_3_mean,TUR,Turkiye,2012,0.1160694,lasso_alpha_1,0.1160694,1.1724839283843642,-1.0564145283843642,1.0564145283843642
fold_2,main_fold_2,Main v2 model rolling-origin fold_2,rolling_origin_confirmatory,main,feature_only,env_patent_share_inventions,lag1_3_mean,UKR,Ukraine,2012,0.07429489,lasso_alpha_1,0.07429489,0.4705606501607851,-0.3962657601607851,0.3962657601607851
fold_2,main_fold_2,Main v2 model rolling-origin fold_2,rolling_origin_confirmatory,main,feature_only,env_patent_share_inventions,lag1_3_mean,URY,Uruguay,2012,0.006305893,lasso_alpha_1,0.006305893,0.39189144964779654,-0.38558555664779653,0.38558555664779653
fold_2,main_fold_2,Main v2 model rolling-origin fold_2,rolling_origin_confirmatory,main,feature_only,env_patent_share_inventions,lag1_3_mean,USA,United States,2012,23.13055,lasso_alpha_1,23.13055,22.222295187118497,0.908254812881502,0.908254812881502
fold_2,main_fold_2,Main v2 model rolling-origin fold_2,rolling_origin_confirmatory,main,feature_only,env_patent_share_inventions,lag1_3_mean,VEN,"Venezuela, RB",2012,0.01261179,lasso_alpha_1,0.01261179,0.49820299396922096,-0.48559120396922095,0.48559120396922095
fold_2,main_fold_2,Main v2 model rolling-origin fold_2,rolling_origin_confirmatory,main,feature_only,env_patent_share_inventions,lag1_3_mean,VNM,Viet Nam,2012,0.02205152,lasso_alpha_1,0.02205152,0.5662607969799704,-0.5442092769799705,0.5442092769799705
fold_2,main_fold_2,Main v2 model rolling-origin fold_2,rolling_origin_confirmatory,main,feature_only,env_patent_share_inventions,lag1_3_mean,YEM,"Yemen, Rep.",2012,0.001146526,lasso_alpha_1,0.001146526,0.40587210497393433,-0.40472557897393435,0.40472557897393435
fold_2,main_fold_2,Main v2 model rolling-origin fold_2,rolling_origin_confirmatory,main,feature_only,env_patent_share_inventions,lag1_3_mean,ZAF,South Africa,2012,0.1299833,lasso_alpha_1,0.1299833,0.7478041427729767,-0.6178208427729767,0.6178208427729767
fold_2,main_fold_2,Main v2 model rolling-origin fold_2,rolling_origin_confirmatory,main,feature_only,env_patent_share_inventions,lag1_3_mean,ZWE,Zimbabwe,2012,0.001719789,lasso_alpha_1,0.001719789,0.34524359416917505,-0.343523805169175,0.343523805169175
fold_3,main_fold_3,Main v2 model rolling-origin fold_3,rolling_origin_confirmatory,main,feature_only,env_patent_share_inventions,lag1_3_mean,AFG,Afghanistan,2013,0.002308509,lasso_alpha_0.1,0.002308509,-0.0866641262619876,0.0889726352619876,0.0889726352619876
fold_3,main_fold_3,Main v2 model rolling-origin fold_3,rolling_origin_confirmatory,main,feature_only,env_patent_share_inventions,lag1_3_mean,AGO,Angola,2013,0.001154255,lasso_alpha_0.1,0.001154255,-0.0665096336860238,0.06766388868602381,0.06766388868602381
fold_3,main_fold_3,Main v2 model rolling-origin fold_3,rolling_origin_confirmatory,main,feature_only,env_patent_share_inventions,lag1_3_mean,ALB,Albania,2013,0.004078366,lasso_alpha_0.1,0.004078366,0.0137549260875105,-0.0096765600875105,0.0096765600875105
fold_3,main_fold_3,Main v2 model rolling-origin fold_3,rolling_origin_confirmatory,main,feature_only,env_patent_share_inventions,lag1_3_mean,ARE,United Arab Emirates,2013,0.02500885,lasso_alpha_0.1,0.02500885,0.7789114688283045,-0.7539026188283046,0.7539026188283046
fold_3,main_fold_3,Main v2 model rolling-origin fold_3,rolling_origin_confirmatory,main,feature_only,env_patent_share_inventions,lag1_3_mean,ARG,Argentina,2013,0.01572351,lasso_alpha_0.1,0.01572351,1.025600257512312,-1.009876747512312,1.009876747512312
fold_3,main_fold_3,Main v2 model rolling-origin fold_3,rolling_origin_confirmatory,main,feature_only,env_patent_share_inventions,lag1_3_mean,ARM,Armenia,2013,0.01846807,lasso_alpha_0.1,0.01846807,0.23347164649502994,-0.21500357649502994,0.21500357649502994
fold_3,main_fold_3,Main v2 model rolling-origin fold_3,rolling_origin_confirmatory,main,feature_only,env_patent_share_inventions,lag1_3_mean,AUS,Australia,2013,0.63257,lasso_alpha_0.1,0.63257,2.246719951621648,-1.614149951621648,1.614149951621648
fold_3,main_fold_3,Main v2 model rolling-origin fold_3,rolling_origin_confirmatory,main,feature_only,env_patent_share_inventions,lag1_3_mean,AUT,Austria,2013,0.7802981,lasso_alpha_0.1,0.7802981,0.9749386877612836,-0.19464058776128357,0.19464058776128357
fold_3,main_fold_3,Main v2 model rolling-origin fold_3,rolling_origin_confirmatory,main,feature_only,env_patent_share_inventions,lag1_3_mean,AZE,Azerbaijan,2013,0.002308509,lasso_alpha_0.1,0.002308509,0.13163336644031887,-0.12932485744031888,0.12932485744031888
fold_3,main_fold_3,Main v2 model rolling-origin fold_3,rolling_origin_confirmatory,main,feature_only,env_patent_share_inventions,lag1_3_mean,BEL,Belgium,2013,0.5057462,lasso_alpha_0.1,0.5057462,-0.08216135429682603,0.5879075542968261,0.5879075542968261
fold_3,main_fold_3,Main v2 model rolling-origin fold_3,rolling_origin_confirmatory,main,feature_only,env_patent_share_inventions,lag1_3_mean,BGD,Bangladesh,2013,0.009811164,lasso_alpha_0.1,0.009811164,0.15308212402896149,-0.14327096002896147,0.14327096002896147
fold_3,main_fold_3,Main v2 model rolling-origin fold_3,rolling_origin_confirmatory,main,feature_only,env_patent_share_inventions,lag1_3_mean,BGR,Bulgaria,2013,0.02970282,lasso_alpha_0.1,0.02970282,0.22349325959825006,-0.19379043959825007,0.19379043959825007
fold_3,main_fold_3,Main v2 model rolling-origin fold_3,rolling_origin_confirmatory,main,feature_only,env_patent_share_inventions,lag1_3_mean,BHR,Bahrain,2013,0.005271096,lasso_alpha_0.1,0.005271096,0.31978070465737873,-0.31450960865737876,0.31450960865737876
fold_3,main_fold_3,Main v2 model rolling-origin fold_3,rolling_origin_confirmatory,main,feature_only,env_patent_share_inventions,lag1_3_mean,BHS,"Bahamas, The",2013,0.001154255,lasso_alpha_0.1,0.001154255,0.2970907759746594,-0.2959365209746594,0.2959365209746594
fold_3,main_fold_3,Main v2 model rolling-origin fold_3,rolling_origin_confirmatory,main,feature_only,env_patent_share_inventions,lag1_3_mean,BIH,Bosnia and Herzegovina,2013,0.004617018,lasso_alpha_0.1,0.004617018,0.08464002987611563,-0.08002301187611563,0.08002301187611563
fold_3,main_fold_3,Main v2 model rolling-origin fold_3,rolling_origin_confirmatory,main,feature_only,env_patent_share_inventions,lag1_3_mean,BLR,Belarus,2013,0.0119273,lasso_alpha_0.1,0.0119273,-0.04593501255343746,0.05786231255343746,0.05786231255343746
fold_3,main_fold_3,Main v2 model rolling-origin fold_3,rolling_origin_confirmatory,main,feature_only,env_patent_share_inventions,lag1_3_mean,BLZ,Belize,2013,0.0007695031,lasso_alpha_0.1,0.0007695031,-0.07749979063430867,0.07826929373430867,0.07826929373430867
fold_3,main_fold_3,Main v2 model rolling-origin fold_3,rolling_origin_confirmatory,main,feature_only,env_patent_share_inventions,lag1_3_mean,BOL,Bolivia,2013,0.0007695031,lasso_alpha_0.1,0.0007695031,-0.009707779490240598,0.010477282590240597,0.010477282590240597
fold_3,main_fold_3,Main v2 model rolling-origin fold_3,rolling_origin_confirmatory,main,feature_only,env_patent_share_inventions,lag1_3_mean,BRA,Brazil,2013,0.2240793,lasso_alpha_0.1,0.2240793,2.369531642859698,-2.145452342859698,2.145452342859698
fold_3,main_fold_3,Main v2 model rolling-origin fold_3,rolling_origin_confirmatory,main,feature_only,env_patent_share_inventions,lag1_3_mean,BRN,Brunei Darussalam,2013,0.003462764,lasso_alpha_0.1,0.003462764,0.36488955356562336,-0.36142678956562335,0.36142678956562335
fold_3,main_fold_3,Main v2 model rolling-origin fold_3,rolling_origin_confirmatory,main,feature_only,env_patent_share_inventions,lag1_3_mean,CAN,Canada,2013,1.778726,lasso_alpha_0.1,1.778726,2.731278165391726,-0.9525521653917262,0.9525521653917262
fold_3,main_fold_3,Main v2 model rolling-origin fold_3,rolling_origin_confirmatory,main,feature_only,env_patent_share_inventions,lag1_3_mean,CHE,Switzerland,2013,0.7442249,lasso_alpha_0.1,0.7442249,1.3058758702434945,-0.5616509702434945,0.5616509702434945
fold_3,main_fold_3,Main v2 model rolling-origin fold_3,rolling_origin_confirmatory,main,feature_only,env_patent_share_inventions,lag1_3_mean,CHL,Chile,2013,0.06656201,lasso_alpha_0.1,0.06656201,0.4332152494888064,-0.3666532394888064,0.3666532394888064
fold_3,main_fold_3,Main v2 model rolling-origin fold_3,rolling_origin_confirmatory,main,feature_only,env_patent_share_inventions,lag1_3_mean,CHN,China,2013,5.722347,lasso_alpha_0.1,5.722347,13.567904918855293,-7.845557918855293,7.845557918855293
fold_3,main_fold_3,Main v2 model rolling-origin fold_3,rolling_origin_confirmatory,main,feature_only,env_patent_share_inventions,lag1_3_mean,COL,Colombia,2013,0.02918615,lasso_alpha_0.1,0.02918615,0.4426777190690606,-0.4134915690690606,0.4134915690690606
fold_3,main_fold_3,Main v2 model rolling-origin fold_3,rolling_origin_confirmatory,main,feature_only,env_patent_share_inventions,lag1_3_mean,CUB,Cuba,2013,0.002308509,lasso_alpha_0.1,0.002308509,-0.01486691400998752,0.01717542300998752,0.01717542300998752
fold_3,main_fold_3,Main v2 model rolling-origin fold_3,rolling_origin_confirmatory,main,feature_only,env_patent_share_inventions,lag1_3_mean,CYP,Cyprus,2013,0.0004617018,lasso_alpha_0.1,0.0004617018,-0.21974696126990834,0.22020866306990833,0.22020866306990833
fold_3,main_fold_3,Main v2 model rolling-origin fold_3,rolling_origin_confirmatory,main,feature_only,env_patent_share_inventions,lag1_3_mean,CZE,Czechia,2013,0.1286994,lasso_alpha_0.1,0.1286994,0.5057255699593688,-0.3770261699593688,0.3770261699593688
fold_3,main_fold_3,Main v2 model rolling-origin fold_3,rolling_origin_confirmatory,main,feature_only,env_patent_share_inventions,lag1_3_mean,DEU,Germany,2013,10.54093,lasso_alpha_0.1,10.54093,5.728985335972315,4.811944664027685,4.811944664027685
fold_3,main_fold_3,Main v2 model rolling-origin fold_3,rolling_origin_confirmatory,main,feature_only,env_patent_share_inventions,lag1_3_mean,DNK,Denmark,2013,0.8140573,lasso_alpha_0.1,0.8140573,1.0045805809962483,-0.19052328099624827,0.19052328099624827
fold_3,main_fold_3,Main v2 model rolling-origin fold_3,rolling_origin_confirmatory,main,feature_only,env_patent_share_inventions,lag1_3_mean,DOM,Dominican Republic,2013,0.004617018,lasso_alpha_0.1,0.004617018,0.17942182932743522,-0.17480481132743522,0.17480481132743522
fold_3,main_fold_3,Main v2 model rolling-origin fold_3,rolling_origin_confirmatory,main,feature_only,env_patent_share_inventions,lag1_3_mean,DZA,Algeria,2013,0.004232267,lasso_alpha_0.1,0.004232267,0.31762642113710826,-0.31339415413710825,0.31339415413710825
fold_3,main_fold_3,Main v2 model rolling-origin fold_3,rolling_origin_confirmatory,main,feature_only,env_patent_share_inventions,lag1_3_mean,ECU,Ecuador,2013,0.002308509,lasso_alpha_0.1,0.002308509,0.09358993149259998,-0.09128142249259998,0.09128142249259998
fold_3,main_fold_3,Main v2 model rolling-origin fold_3,rolling_origin_confirmatory,main,feature_only,env_patent_share_inventions,lag1_3_mean,EGY,"Egypt, Arab Rep.",2013,0.02015136,lasso_alpha_0.1,0.02015136,0.6846250151195902,-0.6644736551195902,0.6644736551195902
fold_3,main_fold_3,Main v2 model rolling-origin fold_3,rolling_origin_confirmatory,main,feature_only,env_patent_share_inventions,lag1_3_mean,ESP,Spain,2013,0.7956153,lasso_alpha_0.1,0.7956153,2.300168489105856,-1.504553189105856,1.504553189105856
fold_3,main_fold_3,Main v2 model rolling-origin fold_3,rolling_origin_confirmatory,main,feature_only,env_patent_share_inventions,lag1_3_mean,EST,Estonia,2013,0.008464534,lasso_alpha_0.1,0.008464534,0.2592079695108067,-0.2507434355108067,0.2507434355108067
fold_3,main_fold_3,Main v2 model rolling-origin fold_3,rolling_origin_confirmatory,main,feature_only,env_patent_share_inventions,lag1_3_mean,ETH,Ethiopia,2013,0.006925527,lasso_alpha_0.1,0.006925527,-0.35469207613712905,0.36161760313712904,0.36161760313712904
fold_3,main_fold_3,Main v2 model rolling-origin fold_3,rolling_origin_confirmatory,main,feature_only,env_patent_share_inventions,lag1_3_mean,FIN,Finland,2013,0.6277221,lasso_alpha_0.1,0.6277221,0.7685628223761266,-0.14084072237612666,0.14084072237612666
fold_3,main_fold_3,Main v2 model rolling-origin fold_3,rolling_origin_confirmatory,main,feature_only,env_patent_share_inventions,lag1_3_mean,FRA,France,2013,4.059535,lasso_alpha_0.1,4.059535,4.503874006145519,-0.444339006145519,0.444339006145519
fold_3,main_fold_3,Main v2 model rolling-origin fold_3,rolling_origin_confirmatory,main,feature_only,env_patent_share_inventions,lag1_3_mean,FRO,Faroe Islands,2013,0.002308509,lasso_alpha_0.1,0.002308509,0.166744656165849,-0.164436147165849,0.164436147165849
fold_3,main_fold_3,Main v2 model rolling-origin fold_3,rolling_origin_confirmatory,main,feature_only,env_patent_share_inventions,lag1_3_mean,GAB,Gabon,2013,0.002308509,lasso_alpha_0.1,0.002308509,-0.2964314622409978,0.2987399712409978,0.2987399712409978
fold_3,main_fold_3,Main v2 model rolling-origin fold_3,rolling_origin_confirmatory,main,feature_only,env_patent_share_inventions,lag1_3_mean,GBR,United Kingdom,2013,2.926574,lasso_alpha_0.1,2.926574,5.224334825021067,-2.2977608250210673,2.2977608250210673
fold_3,main_fold_3,Main v2 model rolling-origin fold_3,rolling_origin_confirmatory,main,feature_only,env_patent_share_inventions,lag1_3_mean,GEO,Georgia,2013,0.002253545,lasso_alpha_0.1,0.002253545,0.14637825125659099,-0.144124706256591,0.144124706256591
fold_3,main_fold_3,Main v2 model rolling-origin fold_3,rolling_origin_confirmatory,main,feature_only,env_patent_share_inventions,lag1_3_mean,GHA,Ghana,2013,0.001038829,lasso_alpha_0.1,0.001038829,-0.03163690459459545,0.03267573359459545,0.03267573359459545
fold_3,main_fold_3,Main v2 model rolling-origin fold_3,rolling_origin_confirmatory,main,feature_only,env_patent_share_inventions,lag1_3_mean,GRC,Greece,2013,0.07442193,lasso_alpha_0.1,0.07442193,0.6113248163387597,-0.5369028863387597,0.5369028863387597
fold_3,main_fold_3,Main v2 model rolling-origin fold_3,rolling_origin_confirmatory,main,feature_only,env_patent_share_inventions,lag1_3_mean,GUY,Guyana,2013,0.001731382,lasso_alpha_0.1,0.001731382,-0.060436339659377,0.06216772165937701,0.06216772165937701
fold_3,main_fold_3,Main v2 model rolling-origin fold_3,rolling_origin_confirmatory,main,feature_only,env_patent_share_inventions,lag1_3_mean,HKG,"Hong Kong SAR, China",2013,0.1103449,lasso_alpha_0.1,0.1103449,-0.2609229083742295,0.37126780837422946,0.37126780837422946
fold_3,main_fold_3,Main v2 model rolling-origin fold_3,rolling_origin_confirmatory,main,feature_only,env_patent_share_inventions,lag1_3_mean,HRV,Croatia,2013,0.01846807,lasso_alpha_0.1,0.01846807,0.17548115384251184,-0.15701308384251184,0.15701308384251184
fold_3,main_fold_3,Main v2 model rolling-origin fold_3,rolling_origin_confirmatory,main,feature_only,env_patent_share_inventions,lag1_3_mean,HUN,Hungary,2013,0.0631762,lasso_alpha_0.1,0.0631762,0.41234046596907903,-0.349164265969079,0.349164265969079
fold_3,main_fold_3,Main v2 model rolling-origin fold_3,rolling_origin_confirmatory,main,feature_only,env_patent_share_inventions,lag1_3_mean,IDN,Indonesia,2013,0.02764715,lasso_alpha_0.1,0.02764715,1.1633505608641994,-1.1357034108641995,1.1357034108641995
fold_3,main_fold_3,Main v2 model rolling-origin fold_3,rolling_origin_confirmatory,main,feature_only,env_patent_share_inventions,lag1_3_mean,IND,India,2013,1.151951,lasso_alpha_0.1,1.151951,2.797952473104295,-1.646001473104295,1.646001473104295
fold_3,main_fold_3,Main v2 model rolling-origin fold_3,rolling_origin_confirmatory,main,feature_only,env_patent_share_inventions,lag1_3_mean,IRL,Ireland,2013,0.1124244,lasso_alpha_0.1,0.1124244,0.2615738048167007,-0.1491494048167007,0.1491494048167007
fold_3,main_fold_3,Main v2 model rolling-origin fold_3,rolling_origin_confirmatory,main,feature_only,env_patent_share_inventions,lag1_3_mean,IRN,"Iran, Islamic Rep.",2013,0.02497038,lasso_alpha_0.1,0.02497038,0.7349074530996194,-0.7099370730996194,0.7099370730996194
fold_3,main_fold_3,Main v2 model rolling-origin fold_3,rolling_origin_confirmatory,main,feature_only,env_patent_share_inventions,lag1_3_mean,IRQ,Iraq,2013,0.001154255,lasso_alpha_0.1,0.001154255,0.252516531482493,-0.251362276482493,0.251362276482493
fold_3,main_fold_3,Main v2 model rolling-origin fold_3,rolling_origin_confirmatory,main,feature_only,env_patent_share_inventions,lag1_3_mean,ISL,Iceland,2013,0.00134663,lasso_alpha_0.1,0.00134663,-0.004652343123548008,0.005998973123548008,0.005998973123548008
fold_3,main_fold_3,Main v2 model rolling-origin fold_3,rolling_origin_confirmatory,main,feature_only,env_patent_share_inventions,lag1_3_mean,ISR,Israel,2013,0.4893586,lasso_alpha_0.1,0.4893586,0.7808913894817903,-0.2915327894817903,0.2915327894817903
fold_3,main_fold_3,Main v2 model rolling-origin fold_3,rolling_origin_confirmatory,main,feature_only,env_patent_share_inventions,lag1_3_mean,ITA,Italy,2013,1.419893,lasso_alpha_0.1,1.419893,3.7991422458550543,-2.3792492458550543,2.3792492458550543
fold_3,main_fold_3,Main v2 model rolling-origin fold_3,rolling_origin_confirmatory,main,feature_only,env_patent_share_inventions,lag1_3_mean,JOR,Jordan,2013,0.01065762,lasso_alpha_0.1,0.01065762,0.2175656692784138,-0.2069080492784138,0.2069080492784138
fold_3,main_fold_3,Main v2 model rolling-origin fold_3,rolling_origin_confirmatory,main,feature_only,env_patent_share_inventions,lag1_3_mean,JPN,Japan,2013,22.56206,lasso_alpha_0.1,22.56206,8.749155833160847,13.812904166839152,13.812904166839152
fold_3,main_fold_3,Main v2 model rolling-origin fold_3,rolling_origin_confirmatory,main,feature_only,env_patent_share_inventions,lag1_3_mean,KAZ,Kazakhstan,2013,0.05194145,lasso_alpha_0.1,0.05194145,0.29241505769096765,-0.24047360769096765,0.24047360769096765
fold_3,main_fold_3,Main v2 model rolling-origin fold_3,rolling_origin_confirmatory,main,feature_only,env_patent_share_inventions,lag1_3_mean,KEN,Kenya,2013,0.003078012,lasso_alpha_0.1,0.003078012,-0.14801726138205162,0.15109527338205161,0.15109527338205161
fold_3,main_fold_3,Main v2 model rolling-origin fold_3,rolling_origin_confirmatory,main,feature_only,env_patent_share_inventions,lag1_3_mean,KOR,"Korea, Rep.",2013,11.49092,lasso_alpha_0.1,11.49092,2.8851748345706945,8.605745165429305,8.605745165429305
fold_3,main_fold_3,Main v2 model rolling-origin fold_3,rolling_origin_confirmatory,main,feature_only,env_patent_share_inventions,lag1_3_mean,KWT,Kuwait,2013,0.002308509,lasso_alpha_0.1,0.002308509,0.3977472015517598,-0.3954386925517598,0.3954386925517598
fold_3,main_fold_3,Main v2 model rolling-origin fold_3,rolling_origin_confirmatory,main,feature_only,env_patent_share_inventions,lag1_3_mean,LBN,Lebanon,2013,0.009541837,lasso_alpha_0.1,0.009541837,0.15567343514291387,-0.14613159814291388,0.14613159814291388
fold_3,main_fold_3,Main v2 model rolling-origin fold_3,rolling_origin_confirmatory,main,feature_only,env_patent_share_inventions,lag1_3_mean,LKA,Sri Lanka,2013,0.0304595,lasso_alpha_0.1,0.0304595,0.02643415647344549,0.004025343526554509,0.004025343526554509
fold_3,main_fold_3,Main v2 model rolling-origin fold_3,rolling_origin_confirmatory,main,feature_only,env_patent_share_inventions,lag1_3_mean,LTU,Lithuania,2013,0.01866045,lasso_alpha_0.1,0.01866045,0.23692852231456307,-0.21826807231456308,0.21826807231456308
fold_3,main_fold_3,Main v2 model rolling-origin fold_3,rolling_origin_confirmatory,main,feature_only,env_patent_share_inventions,lag1_3_mean,LUX,Luxembourg,2013,0.02135371,lasso_alpha_0.1,0.02135371,0.1808630079334641,-0.1595092979334641,0.1595092979334641
fold_3,main_fold_3,Main v2 model rolling-origin fold_3,rolling_origin_confirmatory,main,feature_only,env_patent_share_inventions,lag1_3_mean,LVA,Latvia,2013,0.01615956,lasso_alpha_0.1,0.01615956,0.17049301131731986,-0.15433345131731988,0.15433345131731988
fold_3,main_fold_3,Main v2 model rolling-origin fold_3,rolling_origin_confirmatory,main,feature_only,env_patent_share_inventions,lag1_3_mean,MAR,Morocco,2013,0.04286132,lasso_alpha_0.1,0.04286132,0.29000507306594014,-0.24714375306594014,0.24714375306594014
fold_3,main_fold_3,Main v2 model rolling-origin fold_3,rolling_origin_confirmatory,main,feature_only,env_patent_share_inventions,lag1_3_mean,MDA,Moldova,2013,0.005771273,lasso_alpha_0.1,0.005771273,0.03901835974899004,-0.03324708674899004,0.03324708674899004
fold_3,main_fold_3,Main v2 model rolling-origin fold_3,rolling_origin_confirmatory,main,feature_only,env_patent_share_inventions,lag1_3_mean,MEX,Mexico,2013,0.08618435,lasso_alpha_0.1,0.08618435,2.066995351360573,-1.980811001360573,1.980811001360573
fold_3,main_fold_3,Main v2 model rolling-origin fold_3,rolling_origin_confirmatory,main,feature_only,env_patent_share_inventions,lag1_3_mean,MLT,Malta,2013,0.004617018,lasso_alpha_0.1,0.004617018,0.2366421842356955,-0.2320251662356955,0.2320251662356955
fold_3,main_fold_3,Main v2 model rolling-origin fold_3,rolling_origin_confirmatory,main,feature_only,env_patent_share_inventions,lag1_3_mean,MNE,Montenegro,2013,0.002308509,lasso_alpha_0.1,0.002308509,-0.07007489283840873,0.07238340183840873,0.07238340183840873
fold_3,main_fold_3,Main v2 model rolling-origin fold_3,rolling_origin_confirmatory,main,feature_only,env_patent_share_inventions,lag1_3_mean,MNG,Mongolia,2013,0.001154255,lasso_alpha_0.1,0.001154255,0.0534840595552698,-0.0523298045552698,0.0523298045552698
fold_3,main_fold_3,Main v2 model rolling-origin fold_3,rolling_origin_confirmatory,main,feature_only,env_patent_share_inventions,lag1_3_mean,MYS,Malaysia,2013,0.1327297,lasso_alpha_0.1,0.1327297,0.5659539454577345,-0.43322424545773447,0.43322424545773447
fold_3,main_fold_3,Main v2 model rolling-origin fold_3,rolling_origin_confirmatory,main,feature_only,env_patent_share_inventions,lag1_3_mean,NAM,Namibia,2013,0.0007695031,lasso_alpha_0.1,0.0007695031,0.03689255696549998,-0.03612305386549998,0.03612305386549998
fold_3,main_fold_3,Main v2 model rolling-origin fold_3,rolling_origin_confirmatory,main,feature_only,env_patent_share_inventions,lag1_3_mean,NCL,New Caledonia,2013,0.002308509,lasso_alpha_0.1,0.002308509,0.4201699458956337,-0.4178614368956337,0.4178614368956337
fold_3,main_fold_3,Main v2 model rolling-origin fold_3,rolling_origin_confirmatory,main,feature_only,env_patent_share_inventions,lag1_3_mean,NER,Niger,2013,0.0007695031,lasso_alpha_0.1,0.0007695031,-0.27002035567824834,0.27078985877824835,0.27078985877824835
fold_3,main_fold_3,Main v2 model rolling-origin fold_3,rolling_origin_confirmatory,main,feature_only,env_patent_share_inventions,lag1_3_mean,NLD,Netherlands,2013,1.175608,lasso_alpha_0.1,1.175608,-0.8612971546581747,2.0369051546581747,2.0369051546581747
fold_3,main_fold_3,Main v2 model rolling-origin fold_3,rolling_origin_confirmatory,main,feature_only,env_patent_share_inventions,lag1_3_mean,NOR,Norway,2013,0.2345061,lasso_alpha_0.1,0.2345061,0.6856875903263638,-0.45118149032636384,0.45118149032636384
fold_3,main_fold_3,Main v2 model rolling-origin fold_3,rolling_origin_confirmatory,main,feature_only,env_patent_share_inventions,lag1_3_mean,NPL,Nepal,2013,0.00512773,lasso_alpha_0.1,0.00512773,-0.3181919838499616,0.3233197138499616,0.3233197138499616
fold_3,main_fold_3,Main v2 model rolling-origin fold_3,rolling_origin_confirmatory,main,feature_only,env_patent_share_inventions,lag1_3_mean,NZL,New Zealand,2013,0.1258138,lasso_alpha_0.1,0.1258138,0.6751482942500696,-0.5493344942500696,0.5493344942500696
fold_3,main_fold_3,Main v2 model rolling-origin fold_3,rolling_origin_confirmatory,main,feature_only,env_patent_share_inventions,lag1_3_mean,PAK,Pakistan,2013,0.01545419,lasso_alpha_0.1,0.01545419,0.34662622624792894,-0.33117203624792896,0.33117203624792896
fold_3,main_fold_3,Main v2 model rolling-origin fold_3,rolling_origin_confirmatory,main,feature_only,env_patent_share_inventions,lag1_3_mean,PAN,Panama,2013,0.004617018,lasso_alpha_0.1,0.004617018,0.1517714717878591,-0.1471544537878591,0.1471544537878591
fold_3,main_fold_3,Main v2 model rolling-origin fold_3,rolling_origin_confirmatory,main,feature_only,env_patent_share_inventions,lag1_3_mean,PER,Peru,2013,0.01038829,lasso_alpha_0.1,0.01038829,0.29735472874378077,-0.28696643874378075,0.28696643874378075
fold_3,main_fold_3,Main v2 model rolling-origin fold_3,rolling_origin_confirmatory,main,feature_only,env_patent_share_inventions,lag1_3_mean,PHL,Philippines,2013,0.02327747,lasso_alpha_0.1,0.02327747,0.4877531470854386,-0.4644756770854386,0.4644756770854386
fold_3,main_fold_3,Main v2 model rolling-origin fold_3,rolling_origin_confirmatory,main,feature_only,env_patent_share_inventions,lag1_3_mean,POL,Poland,2013,0.2262339,lasso_alpha_0.1,0.2262339,0.9391874142657275,-0.7129535142657275,0.7129535142657275
fold_3,main_fold_3,Main v2 model rolling-origin fold_3,rolling_origin_confirmatory,main,feature_only,env_patent_share_inventions,lag1_3_mean,PRI,Puerto Rico (US),2013,0.005771273,lasso_alpha_0.1,0.005771273,0.5146668553442983,-0.5088955823442983,0.5088955823442983
fold_3,main_fold_3,Main v2 model rolling-origin fold_3,rolling_origin_confirmatory,main,feature_only,env_patent_share_inventions,lag1_3_mean,PRT,Portugal,2013,0.05721255,lasso_alpha_0.1,0.05721255,0.45543228277721604,-0.398219732777216,0.398219732777216
fold_3,main_fold_3,Main v2 model rolling-origin fold_3,rolling_origin_confirmatory,main,feature_only,env_patent_share_inventions,lag1_3_mean,QAT,Qatar,2013,0.005386522,lasso_alpha_0.1,0.005386522,0.5591499282531487,-0.5537634062531487,0.5537634062531487
fold_3,main_fold_3,Main v2 model rolling-origin fold_3,rolling_origin_confirmatory,main,feature_only,env_patent_share_inventions,lag1_3_mean,ROU,Romania,2013,0.04882497,lasso_alpha_0.1,0.04882497,0.42515053334103015,-0.3763255633410301,0.3763255633410301
fold_3,main_fold_3,Main v2 model rolling-origin fold_3,rolling_origin_confirmatory,main,feature_only,env_patent_share_inventions,lag1_3_mean,RUS,Russian Federation,2013,0.3351786,lasso_alpha_0.1,0.3351786,2.0876568511991187,-1.7524782511991188,1.7524782511991188
fold_3,main_fold_3,Main v2 model rolling-origin fold_3,rolling_origin_confirmatory,main,feature_only,env_patent_share_inventions,lag1_3_mean,SAU,Saudi Arabia,2013,0.1545547,lasso_alpha_0.1,0.1545547,1.3152105481477134,-1.1606558481477134,1.1606558481477134
fold_3,main_fold_3,Main v2 model rolling-origin fold_3,rolling_origin_confirmatory,main,feature_only,env_patent_share_inventions,lag1_3_mean,SDN,Sudan,2013,0.002308509,lasso_alpha_0.1,0.002308509,-0.2450256436304834,0.2473341526304834,0.2473341526304834
fold_3,main_fold_3,Main v2 model rolling-origin fold_3,rolling_origin_confirmatory,main,feature_only,env_patent_share_inventions,lag1_3_mean,SGP,Singapore,2013,0.2655651,lasso_alpha_0.1,0.2655651,0.14435536893389211,0.12120973106610788,0.12120973106610788
fold_3,main_fold_3,Main v2 model rolling-origin fold_3,rolling_origin_confirmatory,main,feature_only,env_patent_share_inventions,lag1_3_mean,SLV,El Salvador,2013,0.0005771273,lasso_alpha_0.1,0.0005771273,0.14393881503927453,-0.14336168773927452,0.14336168773927452
fold_3,main_fold_3,Main v2 model rolling-origin fold_3,rolling_origin_confirmatory,main,feature_only,env_patent_share_inventions,lag1_3_mean,SOM,"Somalia, Fed. Rep.",2013,0.001154255,lasso_alpha_0.1,0.001154255,-0.6453960674120323,0.6465503224120323,0.6465503224120323
fold_3,main_fold_3,Main v2 model rolling-origin fold_3,rolling_origin_confirmatory,main,feature_only,env_patent_share_inventions,lag1_3_mean,SRB,Serbia,2013,0.01058067,lasso_alpha_0.1,0.01058067,0.09265322731659631,-0.08207255731659631,0.08207255731659631
fold_3,main_fold_3,Main v2 model rolling-origin fold_3,rolling_origin_confirmatory,main,feature_only,env_patent_share_inventions,lag1_3_mean,SVK,Slovak Republic,2013,0.03231913,lasso_alpha_0.1,0.03231913,0.35081921440911634,-0.31850008440911637,0.31850008440911637
fold_3,main_fold_3,Main v2 model rolling-origin fold_3,rolling_origin_confirmatory,main,feature_only,env_patent_share_inventions,lag1_3_mean,SVN,Slovenia,2013,0.05348046,lasso_alpha_0.1,0.05348046,0.2434928278914309,-0.1900123678914309,0.1900123678914309
fold_3,main_fold_3,Main v2 model rolling-origin fold_3,rolling_origin_confirmatory,main,feature_only,env_patent_share_inventions,lag1_3_mean,SWE,Sweden,2013,0.9400662,lasso_alpha_0.1,0.9400662,1.1467299144804228,-0.20666371448042287,0.20666371448042287
fold_3,main_fold_3,Main v2 model rolling-origin fold_3,rolling_origin_confirmatory,main,feature_only,env_patent_share_inventions,lag1_3_mean,SWZ,Eswatini,2013,0.0005771273,lasso_alpha_0.1,0.0005771273,-0.2216928474844333,0.2222699747844333,0.2222699747844333
fold_3,main_fold_3,Main v2 model rolling-origin fold_3,rolling_origin_confirmatory,main,feature_only,env_patent_share_inventions,lag1_3_mean,SYC,Seychelles,2013,0.001154255,lasso_alpha_0.1,0.001154255,0.10226430821987109,-0.10111005321987108,0.10111005321987108
fold_3,main_fold_3,Main v2 model rolling-origin fold_3,rolling_origin_confirmatory,main,feature_only,env_patent_share_inventions,lag1_3_mean,TGO,Togo,2013,0.001154255,lasso_alpha_0.1,0.001154255,-0.30938153527359513,0.3105357902735951,0.3105357902735951
fold_3,main_fold_3,Main v2 model rolling-origin fold_3,rolling_origin_confirmatory,main,feature_only,env_patent_share_inventions,lag1_3_mean,THA,Thailand,2013,0.03443526,lasso_alpha_0.1,0.03443526,0.6293027411964984,-0.5948674811964985,0.5948674811964985
fold_3,main_fold_3,Main v2 model rolling-origin fold_3,rolling_origin_confirmatory,main,feature_only,env_patent_share_inventions,lag1_3_mean,TUN,Tunisia,2013,0.004232267,lasso_alpha_0.1,0.004232267,0.15344813998508589,-0.14921587298508587,0.14921587298508587
fold_3,main_fold_3,Main v2 model rolling-origin fold_3,rolling_origin_confirmatory,main,feature_only,env_patent_share_inventions,lag1_3_mean,TUR,Turkiye,2013,0.1535264,lasso_alpha_0.1,0.1535264,1.3854198851783788,-1.2318934851783787,1.2318934851783787
fold_3,main_fold_3,Main v2 model rolling-origin fold_3,rolling_origin_confirmatory,main,feature_only,env_patent_share_inventions,lag1_3_mean,UKR,Ukraine,2013,0.07891254,lasso_alpha_0.1,0.07891254,0.162739858144891,-0.083827318144891,0.083827318144891
fold_3,main_fold_3,Main v2 model rolling-origin fold_3,rolling_origin_confirmatory,main,feature_only,env_patent_share_inventions,lag1_3_mean,URY,Uruguay,2013,0.0134663,lasso_alpha_0.1,0.0134663,0.11127860086587193,-0.09781230086587193,0.09781230086587193
fold_3,main_fold_3,Main v2 model rolling-origin fold_3,rolling_origin_confirmatory,main,feature_only,env_patent_share_inventions,lag1_3_mean,USA,United States,2013,25.1095,lasso_alpha_0.1,25.1095,29.82598406904437,-4.71648406904437,4.71648406904437
fold_3,main_fold_3,Main v2 model rolling-origin fold_3,rolling_origin_confirmatory,main,feature_only,env_patent_share_inventions,lag1_3_mean,UZB,Uzbekistan,2013,0.004232267,lasso_alpha_0.1,0.004232267,0.06148285889944449,-0.057250591899444495,0.057250591899444495
fold_3,main_fold_3,Main v2 model rolling-origin fold_3,rolling_origin_confirmatory,main,feature_only,env_patent_share_inventions,lag1_3_mean,VEN,"Venezuela, RB",2013,0.007387229,lasso_alpha_0.1,0.007387229,0.08656725783588215,-0.07918002883588215,0.07918002883588215
fold_3,main_fold_3,Main v2 model rolling-origin fold_3,rolling_origin_confirmatory,main,feature_only,env_patent_share_inventions,lag1_3_mean,VNM,Viet Nam,2013,0.01135017,lasso_alpha_0.1,0.01135017,0.1417385290543921,-0.1303883590543921,0.1303883590543921
fold_3,main_fold_3,Main v2 model rolling-origin fold_3,rolling_origin_confirmatory,main,feature_only,env_patent_share_inventions,lag1_3_mean,YEM,"Yemen, Rep.",2013,0.001154255,lasso_alpha_0.1,0.001154255,0.1963800485083529,-0.1952257935083529,0.1952257935083529
fold_3,main_fold_3,Main v2 model rolling-origin fold_3,rolling_origin_confirmatory,main,feature_only,env_patent_share_inventions,lag1_3_mean,ZAF,South Africa,2013,0.120812,lasso_alpha_0.1,0.120812,0.8616371474339483,-0.7408251474339482,0.7408251474339482
fold_3,main_fold_3,Main v2 model rolling-origin fold_3,rolling_origin_confirmatory,main,feature_only,env_patent_share_inventions,lag1_3_mean,AFG,Afghanistan,2014,0.0003917605,lasso_alpha_0.1,0.0003917605,-0.0795173224910033,0.0799090829910033,0.0799090829910033
fold_3,main_fold_3,Main v2 model rolling-origin fold_3,rolling_origin_confirmatory,main,feature_only,env_patent_share_inventions,lag1_3_mean,ALB,Albania,2014,0.001175281,lasso_alpha_0.1,0.001175281,-0.0031123781089392732,0.0042876591089392735,0.0042876591089392735
fold_3,main_fold_3,Main v2 model rolling-origin fold_3,rolling_origin_confirmatory,main,feature_only,env_patent_share_inventions,lag1_3_mean,ARE,United Arab Emirates,2014,0.02397574,lasso_alpha_0.1,0.02397574,0.8158637072529227,-0.7918879672529227,0.7918879672529227
fold_3,main_fold_3,Main v2 model rolling-origin fold_3,rolling_origin_confirmatory,main,feature_only,env_patent_share_inventions,lag1_3_mean,ARG,Argentina,2014,0.01941826,lasso_alpha_0.1,0.01941826,1.055714442402408,-1.0362961824024082,1.0362961824024082
fold_3,main_fold_3,Main v2 model rolling-origin fold_3,rolling_origin_confirmatory,main,feature_only,env_patent_share_inventions,lag1_3_mean,ARM,Armenia,2014,0.01136105,lasso_alpha_0.1,0.01136105,0.233872977824778,-0.222511927824778,0.222511927824778
fold_3,main_fold_3,Main v2 model rolling-origin fold_3,rolling_origin_confirmatory,main,feature_only,env_patent_share_inventions,lag1_3_mean,AUS,Australia,2014,0.6667764,lasso_alpha_0.1,0.6667764,2.2509894264626755,-1.5842130264626755,1.5842130264626755
fold_3,main_fold_3,Main v2 model rolling-origin fold_3,rolling_origin_confirmatory,main,feature_only,env_patent_share_inventions,lag1_3_mean,AUT,Austria,2014,0.8790154,lasso_alpha_0.1,0.8790154,0.8784046502218986,0.0006107497781013826,0.0006107497781013826
fold_3,main_fold_3,Main v2 model rolling-origin fold_3,rolling_origin_confirmatory,main,feature_only,env_patent_share_inventions,lag1_3_mean,BEL,Belgium,2014,0.5565741,lasso_alpha_0.1,0.5565741,0.5521653633983067,0.004408736601693275,0.004408736601693275
fold_3,main_fold_3,Main v2 model rolling-origin fold_3,rolling_origin_confirmatory,main,feature_only,env_patent_share_inventions,lag1_3_mean,BFA,Burkina Faso,2014,0.001175281,lasso_alpha_0.1,0.001175281,-0.2220534129348919,0.2232286939348919,0.2232286939348919
fold_3,main_fold_3,Main v2 model rolling-origin fold_3,rolling_origin_confirmatory,main,feature_only,env_patent_share_inventions,lag1_3_mean,BGD,Bangladesh,2014,0.003525845,lasso_alpha_0.1,0.003525845,0.16324944078274584,-0.15972359578274584,0.15972359578274584
fold_3,main_fold_3,Main v2 model rolling-origin fold_3,rolling_origin_confirmatory,main,feature_only,env_patent_share_inventions,lag1_3_mean,BGR,Bulgaria,2014,0.04082144,lasso_alpha_0.1,0.04082144,0.1989355962407805,-0.1581141562407805,0.1581141562407805
fold_3,main_fold_3,Main v2 model rolling-origin fold_3,rolling_origin_confirmatory,main,feature_only,env_patent_share_inventions,lag1_3_mean,BHR,Bahrain,2014,0.005876407,lasso_alpha_0.1,0.005876407,0.28341353199417674,-0.2775371249941767,0.2775371249941767
fold_3,main_fold_3,Main v2 model rolling-origin fold_3,rolling_origin_confirmatory,main,feature_only,env_patent_share_inventions,lag1_3_mean,BIH,Bosnia and Herzegovina,2014,0.000783521,lasso_alpha_0.1,0.000783521,0.08627089323388859,-0.0854873722338886,0.0854873722338886
fold_3,main_fold_3,Main v2 model rolling-origin fold_3,rolling_origin_confirmatory,main,feature_only,env_patent_share_inventions,lag1_3_mean,BLR,Belarus,2014,0.00822697,lasso_alpha_0.1,0.00822697,-0.04126161778009041,0.04948858778009041,0.04948858778009041
fold_3,main_fold_3,Main v2 model rolling-origin fold_3,rolling_origin_confirmatory,main,feature_only,env_patent_share_inventions,lag1_3_mean,BRA,Brazil,2014,0.220757,lasso_alpha_0.1,0.220757,2.504133785713595,-2.283376785713595,2.283376785713595
fold_3,main_fold_3,Main v2 model rolling-origin fold_3,rolling_origin_confirmatory,main,feature_only,env_patent_share_inventions,lag1_3_mean,BRN,Brunei Darussalam,2014,0.004701126,lasso_alpha_0.1,0.004701126,0.36369797536511406,-0.35899684936511406,0.35899684936511406
fold_3,main_fold_3,Main v2 model rolling-origin fold_3,rolling_origin_confirmatory,main,feature_only,env_patent_share_inventions,lag1_3_mean,BTN,Bhutan,2014,0.0003357947,lasso_alpha_0.1,0.0003357947,-0.39402314334042643,0.39435893804042643,0.39435893804042643
fold_3,main_fold_3,Main v2 model rolling-origin fold_3,rolling_origin_confirmatory,main,feature_only,env_patent_share_inventions,lag1_3_mean,CAN,Canada,2014,1.769474,lasso_alpha_0.1,1.769474,2.651934391142796,-0.8824603911427962,0.8824603911427962
fold_3,main_fold_3,Main v2 model rolling-origin fold_3,rolling_origin_confirmatory,main,feature_only,env_patent_share_inventions,lag1_3_mean,CHE,Switzerland,2014,0.7592542,lasso_alpha_0.1,0.7592542,1.4975345448939463,-0.7382803448939463,0.7382803448939463
fold_3,main_fold_3,Main v2 model rolling-origin fold_3,rolling_origin_confirmatory,main,feature_only,env_patent_share_inventions,lag1_3_mean,CHL,Chile,2014,0.07090865,lasso_alpha_0.1,0.07090865,0.4270540632554375,-0.35614541325543747,0.35614541325543747
fold_3,main_fold_3,Main v2 model rolling-origin fold_3,rolling_origin_confirmatory,main,feature_only,env_patent_share_inventions,lag1_3_mean,CHN,China,2014,6.199893,lasso_alpha_0.1,6.199893,14.747615584603938,-8.547722584603939,8.547722584603939
fold_3,main_fold_3,Main v2 model rolling-origin fold_3,rolling_origin_confirmatory,main,feature_only,env_patent_share_inventions,lag1_3_mean,COL,Colombia,2014,0.02840264,lasso_alpha_0.1,0.02840264,0.43551431245759253,-0.40711167245759255,0.40711167245759255
fold_3,main_fold_3,Main v2 model rolling-origin fold_3,rolling_origin_confirmatory,main,feature_only,env_patent_share_inventions,lag1_3_mean,CRI,Costa Rica,2014,0.003134084,lasso_alpha_0.1,0.003134084,0.18751053606491053,-0.18437645206491052,0.18437645206491052
fold_3,main_fold_3,Main v2 model rolling-origin fold_3,rolling_origin_confirmatory,main,feature_only,env_patent_share_inventions,lag1_3_mean,CYP,Cyprus,2014,0.0129281,lasso_alpha_0.1,0.0129281,-0.23923096578407743,0.25215906578407743,0.25215906578407743
fold_3,main_fold_3,Main v2 model rolling-origin fold_3,rolling_origin_confirmatory,main,feature_only,env_patent_share_inventions,lag1_3_mean,CZE,Czechia,2014,0.1337862,lasso_alpha_0.1,0.1337862,0.498853438208072,-0.36506723820807196,0.36506723820807196
fold_3,main_fold_3,Main v2 model rolling-origin fold_3,rolling_origin_confirmatory,main,feature_only,env_patent_share_inventions,lag1_3_mean,DEU,Germany,2014,10.79015,lasso_alpha_0.1,10.79015,5.900723748955341,4.88942625104466,4.88942625104466
fold_3,main_fold_3,Main v2 model rolling-origin fold_3,rolling_origin_confirmatory,main,feature_only,env_patent_share_inventions,lag1_3_mean,DNK,Denmark,2014,0.9049276,lasso_alpha_0.1,0.9049276,0.9411992236491298,-0.036271623649129725,0.036271623649129725
fold_3,main_fold_3,Main v2 model rolling-origin fold_3,rolling_origin_confirmatory,main,feature_only,env_patent_share_inventions,lag1_3_mean,DOM,Dominican Republic,2014,0.003525845,lasso_alpha_0.1,0.003525845,0.17876949053645919,-0.17524364553645919,0.17524364553645919
fold_3,main_fold_3,Main v2 model rolling-origin fold_3,rolling_origin_confirmatory,main,feature_only,env_patent_share_inventions,lag1_3_mean,DZA,Algeria,2014,0.005484647,lasso_alpha_0.1,0.005484647,0.34036675845098385,-0.33488211145098384,0.33488211145098384
fold_3,main_fold_3,Main v2 model rolling-origin fold_3,rolling_origin_confirmatory,main,feature_only,env_patent_share_inventions,lag1_3_mean,EGY,"Egypt, Arab Rep.",2014,0.03917605,lasso_alpha_0.1,0.03917605,0.670436522608368,-0.6312604726083679,0.6312604726083679
fold_3,main_fold_3,Main v2 model rolling-origin fold_3,rolling_origin_confirmatory,main,feature_only,env_patent_share_inventions,lag1_3_mean,ESP,Spain,2014,0.7148454,lasso_alpha_0.1,0.7148454,2.196393209502012,-1.4815478095020118,1.4815478095020118
fold_3,main_fold_3,Main v2 model rolling-origin fold_3,rolling_origin_confirmatory,main,feature_only,env_patent_share_inventions,lag1_3_mean,EST,Estonia,2014,0.03055732,lasso_alpha_0.1,0.03055732,0.265252532197531,-0.23469521219753098,0.23469521219753098
fold_3,main_fold_3,Main v2 model rolling-origin fold_3,rolling_origin_confirmatory,main,feature_only,env_patent_share_inventions,lag1_3_mean,ETH,Ethiopia,2014,0.001175281,lasso_alpha_0.1,0.001175281,-0.3441745888562886,0.34534986985628857,0.34534986985628857
fold_3,main_fold_3,Main v2 model rolling-origin fold_3,rolling_origin_confirmatory,main,feature_only,env_patent_share_inventions,lag1_3_mean,FIN,Finland,2014,0.6145155,lasso_alpha_0.1,0.6145155,0.828129888684036,-0.21361438868403604,0.21361438868403604
fold_3,main_fold_3,Main v2 model rolling-origin fold_3,rolling_origin_confirmatory,main,feature_only,env_patent_share_inventions,lag1_3_mean,FRA,France,2014,4.039648,lasso_alpha_0.1,4.039648,4.568915734028182,-0.5292677340281822,0.5292677340281822
fold_3,main_fold_3,Main v2 model rolling-origin fold_3,rolling_origin_confirmatory,main,feature_only,env_patent_share_inventions,lag1_3_mean,FRO,Faroe Islands,2014,0.002350563,lasso_alpha_0.1,0.002350563,0.1602297106815268,-0.1578791476815268,0.1578791476815268
fold_3,main_fold_3,Main v2 model rolling-origin fold_3,rolling_origin_confirmatory,main,feature_only,env_patent_share_inventions,lag1_3_mean,GAB,Gabon,2014,0.001175281,lasso_alpha_0.1,0.001175281,-0.30265794211173214,0.3038332231117321,0.3038332231117321
fold_3,main_fold_3,Main v2 model rolling-origin fold_3,rolling_origin_confirmatory,main,feature_only,env_patent_share_inventions,lag1_3_mean,GBR,United Kingdom,2014,2.980794,lasso_alpha_0.1,2.980794,5.353856055528296,-2.373062055528296,2.373062055528296
fold_3,main_fold_3,Main v2 model rolling-origin fold_3,rolling_origin_confirmatory,main,feature_only,env_patent_share_inventions,lag1_3_mean,GEO,Georgia,2014,0.000783521,lasso_alpha_0.1,0.000783521,0.16155355563642226,-0.16077003463642225,0.16077003463642225
fold_3,main_fold_3,Main v2 model rolling-origin fold_3,rolling_origin_confirmatory,main,feature_only,env_patent_share_inventions,lag1_3_mean,GHA,Ghana,2014,0.004975358,lasso_alpha_0.1,0.004975358,-0.014616671976883211,0.01959202997688321,0.01959202997688321
fold_3,main_fold_3,Main v2 model rolling-origin fold_3,rolling_origin_confirmatory,main,feature_only,env_patent_share_inventions,lag1_3_mean,GRC,Greece,2014,0.05179074,lasso_alpha_0.1,0.05179074,0.5507545783180499,-0.49896383831804986,0.49896383831804986
fold_3,main_fold_3,Main v2 model rolling-origin fold_3,rolling_origin_confirmatory,main,feature_only,env_patent_share_inventions,lag1_3_mean,GRL,Greenland,2014,0.000783521,lasso_alpha_0.1,0.000783521,0.34611612922607515,-0.34533260822607514,0.34533260822607514
fold_3,main_fold_3,Main v2 model rolling-origin fold_3,rolling_origin_confirmatory,main,feature_only,env_patent_share_inventions,lag1_3_mean,GUY,Guyana,2014,0.0004701126,lasso_alpha_0.1,0.0004701126,-0.054631660262119075,0.05510177286211908,0.05510177286211908
fold_3,main_fold_3,Main v2 model rolling-origin fold_3,rolling_origin_confirmatory,main,feature_only,env_patent_share_inventions,lag1_3_mean,HKG,"Hong Kong SAR, China",2014,0.1187034,lasso_alpha_0.1,0.1187034,-0.2340347622202943,0.3527381622202943,0.3527381622202943
fold_3,main_fold_3,Main v2 model rolling-origin fold_3,rolling_origin_confirmatory,main,feature_only,env_patent_share_inventions,lag1_3_mean,HND,Honduras,2014,0.001175281,lasso_alpha_0.1,0.001175281,-0.14177608247409612,0.14295136347409612,0.14295136347409612
fold_3,main_fold_3,Main v2 model rolling-origin fold_3,rolling_origin_confirmatory,main,feature_only,env_patent_share_inventions,lag1_3_mean,HRV,Croatia,2014,0.00783521,lasso_alpha_0.1,0.00783521,0.1643690895004457,-0.1565338795004457,0.1565338795004457
fold_3,main_fold_3,Main v2 model rolling-origin fold_3,rolling_origin_confirmatory,main,feature_only,env_patent_share_inventions,lag1_3_mean,HTI,Haiti,2014,0.000783521,lasso_alpha_0.1,0.000783521,-0.37078835476980476,0.37157187576980477,0.37157187576980477
fold_3,main_fold_3,Main v2 model rolling-origin fold_3,rolling_origin_confirmatory,main,feature_only,env_patent_share_inventions,lag1_3_mean,HUN,Hungary,2014,0.06593329,lasso_alpha_0.1,0.06593329,0.32302614116716977,-0.25709285116716973,0.25709285116716973
fold_3,main_fold_3,Main v2 model rolling-origin fold_3,rolling_origin_confirmatory,main,feature_only,env_patent_share_inventions,lag1_3_mean,IDN,Indonesia,2014,0.01143941,lasso_alpha_0.1,0.01143941,1.22589151580787,-1.21445210580787,1.21445210580787
fold_3,main_fold_3,Main v2 model rolling-origin fold_3,rolling_origin_confirmatory,main,feature_only,env_patent_share_inventions,lag1_3_mean,IND,India,2014,1.078369,lasso_alpha_0.1,1.078369,2.9726462462751755,-1.8942772462751756,1.8942772462751756
fold_3,main_fold_3,Main v2 model rolling-origin fold_3,rolling_origin_confirmatory,main,feature_only,env_patent_share_inventions,lag1_3_mean,IRL,Ireland,2014,0.1093627,lasso_alpha_0.1,0.1093627,0.11828135907583137,-0.008918659075831378,0.008918659075831378
fold_3,main_fold_3,Main v2 model rolling-origin fold_3,rolling_origin_confirmatory,main,feature_only,env_patent_share_inventions,lag1_3_mean,IRN,"Iran, Islamic Rep.",2014,0.02652219,lasso_alpha_0.1,0.02652219,0.7267552821717627,-0.7002330921717627,0.7002330921717627
fold_3,main_fold_3,Main v2 model rolling-origin fold_3,rolling_origin_confirmatory,main,feature_only,env_patent_share_inventions,lag1_3_mean,ISL,Iceland,2014,0.00783521,lasso_alpha_0.1,0.00783521,0.002477705952760312,0.005357504047239689,0.005357504047239689
fold_3,main_fold_3,Main v2 model rolling-origin fold_3,rolling_origin_confirmatory,main,feature_only,env_patent_share_inventions,lag1_3_mean,ISR,Israel,2014,0.5051192,lasso_alpha_0.1,0.5051192,0.7932426891371029,-0.28812348913710295,0.28812348913710295
fold_3,main_fold_3,Main v2 model rolling-origin fold_3,rolling_origin_confirmatory,main,feature_only,env_patent_share_inventions,lag1_3_mean,ITA,Italy,2014,1.419779,lasso_alpha_0.1,1.419779,3.685587757287343,-2.265808757287343,2.265808757287343
fold_3,main_fold_3,Main v2 model rolling-origin fold_3,rolling_origin_confirmatory,main,feature_only,env_patent_share_inventions,lag1_3_mean,JOR,Jordan,2014,0.006268168,lasso_alpha_0.1,0.006268168,0.21846751546601584,-0.21219934746601585,0.21219934746601585
fold_3,main_fold_3,Main v2 model rolling-origin fold_3,rolling_origin_confirmatory,main,feature_only,env_patent_share_inventions,lag1_3_mean,JPN,Japan,2014,22.95693,lasso_alpha_0.1,22.95693,8.838072501321736,14.118857498678263,14.118857498678263
fold_3,main_fold_3,Main v2 model rolling-origin fold_3,rolling_origin_confirmatory,main,feature_only,env_patent_share_inventions,lag1_3_mean,KAZ,Kazakhstan,2014,0.01175281,lasso_alpha_0.1,0.01175281,0.30494765304553206,-0.29319484304553206,0.29319484304553206
fold_3,main_fold_3,Main v2 model rolling-origin fold_3,rolling_origin_confirmatory,main,feature_only,env_patent_share_inventions,lag1_3_mean,KEN,Kenya,2014,0.007051689,lasso_alpha_0.1,0.007051689,-0.1555544226361798,0.1626061116361798,0.1626061116361798
fold_3,main_fold_3,Main v2 model rolling-origin fold_3,rolling_origin_confirmatory,main,feature_only,env_patent_share_inventions,lag1_3_mean,KGZ,Kyrgyz Republic,2014,0.003917605,lasso_alpha_0.1,0.003917605,-0.059989115112663915,0.06390672011266392,0.06390672011266392
fold_3,main_fold_3,Main v2 model rolling-origin fold_3,rolling_origin_confirmatory,main,feature_only,env_patent_share_inventions,lag1_3_mean,KHM,Cambodia,2014,0.001175281,lasso_alpha_0.1,0.001175281,-0.2510149661530563,0.25219024715305627,0.25219024715305627
fold_3,main_fold_3,Main v2 model rolling-origin fold_3,rolling_origin_confirmatory,main,feature_only,env_patent_share_inventions,lag1_3_mean,KOR,"Korea, Rep.",2014,12.04732,lasso_alpha_0.1,12.04732,2.9668255122618756,9.080494487738124,9.080494487738124
fold_3,main_fold_3,Main v2 model rolling-origin fold_3,rolling_origin_confirmatory,main,feature_only,env_patent_share_inventions,lag1_3_mean,KWT,Kuwait,2014,0.0005876407,lasso_alpha_0.1,0.0005876407,0.38985108959930903,-0.38926344889930903,0.38926344889930903
fold_3,main_fold_3,Main v2 model rolling-origin fold_3,rolling_origin_confirmatory,main,feature_only,env_patent_share_inventions,lag1_3_mean,LAO,Lao PDR,2014,0.001175281,lasso_alpha_0.1,0.001175281,-0.2709976200224822,0.27217290102248215,0.27217290102248215
fold_3,main_fold_3,Main v2 model rolling-origin fold_3,rolling_origin_confirmatory,main,feature_only,env_patent_share_inventions,lag1_3_mean,LBN,Lebanon,2014,0.01253634,lasso_alpha_0.1,0.01253634,0.14918969195984988,-0.13665335195984987,0.13665335195984987
fold_3,main_fold_3,Main v2 model rolling-origin fold_3,rolling_origin_confirmatory,main,feature_only,env_patent_share_inventions,lag1_3_mean,LKA,Sri Lanka,2014,0.002415856,lasso_alpha_0.1,0.002415856,0.042179587645832184,-0.03976373164583218,0.03976373164583218
fold_3,main_fold_3,Main v2 model rolling-origin fold_3,rolling_origin_confirmatory,main,feature_only,env_patent_share_inventions,lag1_3_mean,LTU,Lithuania,2014,0.01547454,lasso_alpha_0.1,0.01547454,0.23084230724708488,-0.21536776724708487,0.21536776724708487
fold_3,main_fold_3,Main v2 model rolling-origin fold_3,rolling_origin_confirmatory,main,feature_only,env_patent_share_inventions,lag1_3_mean,LUX,Luxembourg,2014,0.03525845,lasso_alpha_0.1,0.03525845,0.23966818615310992,-0.20440973615310992,0.20440973615310992
fold_3,main_fold_3,Main v2 model rolling-origin fold_3,rolling_origin_confirmatory,main,feature_only,env_patent_share_inventions,lag1_3_mean,LVA,Latvia,2014,0.007051689,lasso_alpha_0.1,0.007051689,0.1507397395077339,-0.1436880505077339,0.1436880505077339
fold_3,main_fold_3,Main v2 model rolling-origin fold_3,rolling_origin_confirmatory,main,feature_only,env_patent_share_inventions,lag1_3_mean,MAR,Morocco,2014,0.02252623,lasso_alpha_0.1,0.02252623,0.29148361637931497,-0.268957386379315,0.268957386379315
fold_3,main_fold_3,Main v2 model rolling-origin fold_3,rolling_origin_confirmatory,main,feature_only,env_patent_share_inventions,lag1_3_mean,MDA,Moldova,2014,0.002350563,lasso_alpha_0.1,0.002350563,0.030156802301060992,-0.027806239301060992,0.027806239301060992
fold_3,main_fold_3,Main v2 model rolling-origin fold_3,rolling_origin_confirmatory,main,feature_only,env_patent_share_inventions,lag1_3_mean,MEX,Mexico,2014,0.1347656,lasso_alpha_0.1,0.1347656,2.0491575528898585,-1.9143919528898585,1.9143919528898585
fold_3,main_fold_3,Main v2 model rolling-origin fold_3,rolling_origin_confirmatory,main,feature_only,env_patent_share_inventions,lag1_3_mean,MLT,Malta,2014,0.01410338,lasso_alpha_0.1,0.01410338,0.2595413084777358,-0.24543792847773582,0.24543792847773582
fold_3,main_fold_3,Main v2 model rolling-origin fold_3,rolling_origin_confirmatory,main,feature_only,env_patent_share_inventions,lag1_3_mean,MNG,Mongolia,2014,0.002350563,lasso_alpha_0.1,0.002350563,0.04637912574109426,-0.04402856274109426,0.04402856274109426
fold_3,main_fold_3,Main v2 model rolling-origin fold_3,rolling_origin_confirmatory,main,feature_only,env_patent_share_inventions,lag1_3_mean,MYS,Malaysia,2014,0.1041131,lasso_alpha_0.1,0.1041131,0.6031140475735028,-0.49900094757350283,0.49900094757350283
fold_3,main_fold_3,Main v2 model rolling-origin fold_3,rolling_origin_confirmatory,main,feature_only,env_patent_share_inventions,lag1_3_mean,NAM,Namibia,2014,0.001175281,lasso_alpha_0.1,0.001175281,0.043078014812154786,-0.041902733812154785,0.041902733812154785
fold_3,main_fold_3,Main v2 model rolling-origin fold_3,rolling_origin_confirmatory,main,feature_only,env_patent_share_inventions,lag1_3_mean,NCL,New Caledonia,2014,0.001175281,lasso_alpha_0.1,0.001175281,0.41780268128740516,-0.4166274002874052,0.4166274002874052
fold_3,main_fold_3,Main v2 model rolling-origin fold_3,rolling_origin_confirmatory,main,feature_only,env_patent_share_inventions,lag1_3_mean,NLD,Netherlands,2014,1.159986,lasso_alpha_0.1,1.159986,-1.9580530039056694,3.118039003905669,3.118039003905669
fold_3,main_fold_3,Main v2 model rolling-origin fold_3,rolling_origin_confirmatory,main,feature_only,env_patent_share_inventions,lag1_3_mean,NOR,Norway,2014,0.1655188,lasso_alpha_0.1,0.1655188,0.8061898196651778,-0.6406710196651778,0.6406710196651778
fold_3,main_fold_3,Main v2 model rolling-origin fold_3,rolling_origin_confirmatory,main,feature_only,env_patent_share_inventions,lag1_3_mean,NPL,Nepal,2014,0.0005876407,lasso_alpha_0.1,0.0005876407,-0.3118724458367317,0.3124600865367317,0.3124600865367317
fold_3,main_fold_3,Main v2 model rolling-origin fold_3,rolling_origin_confirmatory,main,feature_only,env_patent_share_inventions,lag1_3_mean,NZL,New Zealand,2014,0.2041464,lasso_alpha_0.1,0.2041464,0.6986231379196892,-0.4944767379196892,0.4944767379196892
fold_3,main_fold_3,Main v2 model rolling-origin fold_3,rolling_origin_confirmatory,main,feature_only,env_patent_share_inventions,lag1_3_mean,PAK,Pakistan,2014,0.01561818,lasso_alpha_0.1,0.01561818,0.359827509197963,-0.34420932919796304,0.34420932919796304
fold_3,main_fold_3,Main v2 model rolling-origin fold_3,rolling_origin_confirmatory,main,feature_only,env_patent_share_inventions,lag1_3_mean,PAN,Panama,2014,0.003525845,lasso_alpha_0.1,0.003525845,0.15312373795690493,-0.14959789295690493,0.14959789295690493
fold_3,main_fold_3,Main v2 model rolling-origin fold_3,rolling_origin_confirmatory,main,feature_only,env_patent_share_inventions,lag1_3_mean,PER,Peru,2014,0.01567042,lasso_alpha_0.1,0.01567042,0.3142919783308794,-0.2986215583308794,0.2986215583308794
fold_3,main_fold_3,Main v2 model rolling-origin fold_3,rolling_origin_confirmatory,main,feature_only,env_patent_share_inventions,lag1_3_mean,PHL,Philippines,2014,0.03858841,lasso_alpha_0.1,0.03858841,0.5107468342073161,-0.47215842420731613,0.47215842420731613
fold_3,main_fold_3,Main v2 model rolling-origin fold_3,rolling_origin_confirmatory,main,feature_only,env_patent_share_inventions,lag1_3_mean,POL,Poland,2014,0.2692178,lasso_alpha_0.1,0.2692178,1.0248129095216107,-0.7555951095216107,0.7555951095216107
fold_3,main_fold_3,Main v2 model rolling-origin fold_3,rolling_origin_confirmatory,main,feature_only,env_patent_share_inventions,lag1_3_mean,PRI,Puerto Rico (US),2014,0.001175281,lasso_alpha_0.1,0.001175281,0.5172679309263479,-0.516092649926348,0.516092649926348
fold_3,main_fold_3,Main v2 model rolling-origin fold_3,rolling_origin_confirmatory,main,feature_only,env_patent_share_inventions,lag1_3_mean,PRT,Portugal,2014,0.03592444,lasso_alpha_0.1,0.03592444,0.4045500021113596,-0.3686255621113596,0.3686255621113596
fold_3,main_fold_3,Main v2 model rolling-origin fold_3,rolling_origin_confirmatory,main,feature_only,env_patent_share_inventions,lag1_3_mean,PSE,West Bank and Gaza,2014,0.003525845,lasso_alpha_0.1,0.003525845,0.1121840013274682,-0.1086581563274682,0.1086581563274682
fold_3,main_fold_3,Main v2 model rolling-origin fold_3,rolling_origin_confirmatory,main,feature_only,env_patent_share_inventions,lag1_3_mean,QAT,Qatar,2014,0.01527866,lasso_alpha_0.1,0.01527866,0.600644717578797,-0.585366057578797,0.585366057578797
fold_3,main_fold_3,Main v2 model rolling-origin fold_3,rolling_origin_confirmatory,main,feature_only,env_patent_share_inventions,lag1_3_mean,ROU,Romania,2014,0.02989133,lasso_alpha_0.1,0.02989133,0.42630632544747604,-0.39641499544747605,0.39641499544747605
fold_3,main_fold_3,Main v2 model rolling-origin fold_3,rolling_origin_confirmatory,main,feature_only,env_patent_share_inventions,lag1_3_mean,RUS,Russian Federation,2014,0.3733869,lasso_alpha_0.1,0.3733869,2.0647689416398163,-1.6913820416398162,1.6913820416398162
fold_3,main_fold_3,Main v2 model rolling-origin fold_3,rolling_origin_confirmatory,main,feature_only,env_patent_share_inventions,lag1_3_mean,SAU,Saudi Arabia,2014,0.2046949,lasso_alpha_0.1,0.2046949,1.3924088695855956,-1.1877139695855956,1.1877139695855956
fold_3,main_fold_3,Main v2 model rolling-origin fold_3,rolling_origin_confirmatory,main,feature_only,env_patent_share_inventions,lag1_3_mean,SGP,Singapore,2014,0.2688484,lasso_alpha_0.1,0.2688484,0.13923379110772383,0.12961460889227616,0.12961460889227616
fold_3,main_fold_3,Main v2 model rolling-origin fold_3,rolling_origin_confirmatory,main,feature_only,env_patent_share_inventions,lag1_3_mean,SMR,San Marino,2014,0.0005876407,lasso_alpha_0.1,0.0005876407,0.14532411688932456,-0.14473647618932456,0.14473647618932456
fold_3,main_fold_3,Main v2 model rolling-origin fold_3,rolling_origin_confirmatory,main,feature_only,env_patent_share_inventions,lag1_3_mean,SRB,Serbia,2014,0.01371162,lasso_alpha_0.1,0.01371162,0.09058964985015594,-0.07687802985015593,0.07687802985015593
fold_3,main_fold_3,Main v2 model rolling-origin fold_3,rolling_origin_confirmatory,main,feature_only,env_patent_share_inventions,lag1_3_mean,SVK,Slovak Republic,2014,0.03878429,lasso_alpha_0.1,0.03878429,0.341203555177362,-0.302419265177362,0.302419265177362
fold_3,main_fold_3,Main v2 model rolling-origin fold_3,rolling_origin_confirmatory,main,feature_only,env_patent_share_inventions,lag1_3_mean,SVN,Slovenia,2014,0.04877418,lasso_alpha_0.1,0.04877418,0.22318688438169032,-0.17441270438169032,0.17441270438169032
fold_3,main_fold_3,Main v2 model rolling-origin fold_3,rolling_origin_confirmatory,main,feature_only,env_patent_share_inventions,lag1_3_mean,SWE,Sweden,2014,1.041299,lasso_alpha_0.1,1.041299,1.1645094939381684,-0.12321049393816841,0.12321049393816841
fold_3,main_fold_3,Main v2 model rolling-origin fold_3,rolling_origin_confirmatory,main,feature_only,env_patent_share_inventions,lag1_3_mean,SWZ,Eswatini,2014,0.002350563,lasso_alpha_0.1,0.002350563,-0.21108710649632534,0.21343766949632534,0.21343766949632534
fold_3,main_fold_3,Main v2 model rolling-origin fold_3,rolling_origin_confirmatory,main,feature_only,env_patent_share_inventions,lag1_3_mean,THA,Thailand,2014,0.04622774,lasso_alpha_0.1,0.04622774,0.6451859850415234,-0.5989582450415234,0.5989582450415234
fold_3,main_fold_3,Main v2 model rolling-origin fold_3,rolling_origin_confirmatory,main,feature_only,env_patent_share_inventions,lag1_3_mean,TUN,Tunisia,2014,0.001371162,lasso_alpha_0.1,0.001371162,0.14000370510560967,-0.13863254310560966,0.13863254310560966
fold_3,main_fold_3,Main v2 model rolling-origin fold_3,rolling_origin_confirmatory,main,feature_only,env_patent_share_inventions,lag1_3_mean,TUR,Turkiye,2014,0.214959,lasso_alpha_0.1,0.214959,1.4787472721433996,-1.2637882721433997,1.2637882721433997
fold_3,main_fold_3,Main v2 model rolling-origin fold_3,rolling_origin_confirmatory,main,feature_only,env_patent_share_inventions,lag1_3_mean,TZA,Tanzania,2014,0.000783521,lasso_alpha_0.1,0.000783521,-0.24816237446844847,0.24894589546844847,0.24894589546844847
fold_3,main_fold_3,Main v2 model rolling-origin fold_3,rolling_origin_confirmatory,main,feature_only,env_patent_share_inventions,lag1_3_mean,UKR,Ukraine,2014,0.05621763,lasso_alpha_0.1,0.05621763,0.17102831440987987,-0.11481068440987988,0.11481068440987988
fold_3,main_fold_3,Main v2 model rolling-origin fold_3,rolling_origin_confirmatory,main,feature_only,env_patent_share_inventions,lag1_3_mean,URY,Uruguay,2014,0.009989892,lasso_alpha_0.1,0.009989892,0.1350069272495995,-0.1250170352495995,0.1250170352495995
fold_3,main_fold_3,Main v2 model rolling-origin fold_3,rolling_origin_confirmatory,main,feature_only,env_patent_share_inventions,lag1_3_mean,USA,United States,2014,23.18358,lasso_alpha_0.1,23.18358,30.37613926724579,-7.192559267245791,7.192559267245791
fold_3,main_fold_3,Main v2 model rolling-origin fold_3,rolling_origin_confirmatory,main,feature_only,env_patent_share_inventions,lag1_3_mean,UZB,Uzbekistan,2014,0.002350563,lasso_alpha_0.1,0.002350563,0.07504738431258984,-0.07269682131258984,0.07269682131258984
fold_3,main_fold_3,Main v2 model rolling-origin fold_3,rolling_origin_confirmatory,main,feature_only,env_patent_share_inventions,lag1_3_mean,VEN,"Venezuela, RB",2014,0.01010742,lasso_alpha_0.1,0.01010742,0.08581805178392499,-0.07571063178392498,0.07571063178392498
fold_3,main_fold_3,Main v2 model rolling-origin fold_3,rolling_origin_confirmatory,main,feature_only,env_patent_share_inventions,lag1_3_mean,VNM,Viet Nam,2014,0.03815747,lasso_alpha_0.1,0.03815747,0.1471490067519694,-0.1089915367519694,0.1089915367519694
fold_3,main_fold_3,Main v2 model rolling-origin fold_3,rolling_origin_confirmatory,main,feature_only,env_patent_share_inventions,lag1_3_mean,ZAF,South Africa,2014,0.1264211,lasso_alpha_0.1,0.1264211,0.8553749069516232,-0.7289538069516233,0.7289538069516233
fold_3,main_fold_3,Main v2 model rolling-origin fold_3,rolling_origin_confirmatory,main,feature_only,env_patent_share_inventions,lag1_3_mean,ZWE,Zimbabwe,2014,0.000783521,lasso_alpha_0.1,0.000783521,-0.46232285263848283,0.46310637363848284,0.46310637363848284
fold_3,main_fold_3,Main v2 model rolling-origin fold_3,rolling_origin_confirmatory,main,feature_only,env_patent_share_inventions,lag1_3_mean,ALB,Albania,2015,0.008957179,lasso_alpha_0.1,0.008957179,-0.005757442839703586,0.014714621839703585,0.014714621839703585
fold_3,main_fold_3,Main v2 model rolling-origin fold_3,rolling_origin_confirmatory,main,feature_only,env_patent_share_inventions,lag1_3_mean,ARE,United Arab Emirates,2015,0.03866976,lasso_alpha_0.1,0.03866976,0.8361122942256547,-0.7974425342256547,0.7974425342256547
fold_3,main_fold_3,Main v2 model rolling-origin fold_3,rolling_origin_confirmatory,main,feature_only,env_patent_share_inventions,lag1_3_mean,ARG,Argentina,2015,0.02012406,lasso_alpha_0.1,0.02012406,1.0573345460959893,-1.0372104860959892,1.0372104860959892
fold_3,main_fold_3,Main v2 model rolling-origin fold_3,rolling_origin_confirmatory,main,feature_only,env_patent_share_inventions,lag1_3_mean,ARM,Armenia,2015,0.008878261,lasso_alpha_0.1,0.008878261,0.22199529005865226,-0.21311702905865226,0.21311702905865226
fold_3,main_fold_3,Main v2 model rolling-origin fold_3,rolling_origin_confirmatory,main,feature_only,env_patent_share_inventions,lag1_3_mean,AUS,Australia,2015,0.6725438,lasso_alpha_0.1,0.6725438,2.329089076157321,-1.656545276157321,1.656545276157321
fold_3,main_fold_3,Main v2 model rolling-origin fold_3,rolling_origin_confirmatory,main,feature_only,env_patent_share_inventions,lag1_3_mean,AUT,Austria,2015,0.8665578,lasso_alpha_0.1,0.8665578,0.9483635410295891,-0.08180574102958904,0.08180574102958904
fold_3,main_fold_3,Main v2 model rolling-origin fold_3,rolling_origin_confirmatory,main,feature_only,env_patent_share_inventions,lag1_3_mean,AZE,Azerbaijan,2015,0.001657275,lasso_alpha_0.1,0.001657275,0.16481525726821067,-0.16315798226821066,0.16315798226821066
fold_3,main_fold_3,Main v2 model rolling-origin fold_3,rolling_origin_confirmatory,main,feature_only,env_patent_share_inventions,lag1_3_mean,BEL,Belgium,2015,0.5465852,lasso_alpha_0.1,0.5465852,1.2786879280722565,-0.7321027280722565,0.7321027280722565
fold_3,main_fold_3,Main v2 model rolling-origin fold_3,rolling_origin_confirmatory,main,feature_only,env_patent_share_inventions,lag1_3_mean,BGD,Bangladesh,2015,0.001183768,lasso_alpha_0.1,0.001183768,0.18059261225544376,-0.17940884425544376,0.17940884425544376
fold_3,main_fold_3,Main v2 model rolling-origin fold_3,rolling_origin_confirmatory,main,feature_only,env_patent_share_inventions,lag1_3_mean,BGR,Bulgaria,2015,0.04084,lasso_alpha_0.1,0.04084,0.19296472049086566,-0.15212472049086567,0.15212472049086567
fold_3,main_fold_3,Main v2 model rolling-origin fold_3,rolling_origin_confirmatory,main,feature_only,env_patent_share_inventions,lag1_3_mean,BHS,"Bahamas, The",2015,0.001183768,lasso_alpha_0.1,0.001183768,0.2776175482921447,-0.2764337802921447,0.2764337802921447
fold_3,main_fold_3,Main v2 model rolling-origin fold_3,rolling_origin_confirmatory,main,feature_only,env_patent_share_inventions,lag1_3_mean,BIH,Bosnia and Herzegovina,2015,0.0005918841,lasso_alpha_0.1,0.0005918841,0.07539944665907428,-0.07480756255907428,0.07480756255907428
fold_3,main_fold_3,Main v2 model rolling-origin fold_3,rolling_origin_confirmatory,main,feature_only,env_patent_share_inventions,lag1_3_mean,BLR,Belarus,2015,0.006708019,lasso_alpha_0.1,0.006708019,0.01602977626089086,-0.009321757260890861,0.009321757260890861
fold_3,main_fold_3,Main v2 model rolling-origin fold_3,rolling_origin_confirmatory,main,feature_only,env_patent_share_inventions,lag1_3_mean,BRA,Brazil,2015,0.2637097,lasso_alpha_0.1,0.2637097,2.6209701451633345,-2.3572604451633343,2.3572604451633343
fold_3,main_fold_3,Main v2 model rolling-origin fold_3,rolling_origin_confirmatory,main,feature_only,env_patent_share_inventions,lag1_3_mean,BRN,Brunei Darussalam,2015,0.002367536,lasso_alpha_0.1,0.002367536,0.36285455440639014,-0.36048701840639014,0.36048701840639014
fold_3,main_fold_3,Main v2 model rolling-origin fold_3,rolling_origin_confirmatory,main,feature_only,env_patent_share_inventions,lag1_3_mean,CAF,Central African Republic,2015,0.003156715,lasso_alpha_0.1,0.003156715,-0.49022010178062536,0.49337681678062534,0.49337681678062534
fold_3,main_fold_3,Main v2 model rolling-origin fold_3,rolling_origin_confirmatory,main,feature_only,env_patent_share_inventions,lag1_3_mean,CAN,Canada,2015,1.765089,lasso_alpha_0.1,1.765089,2.61709158974994,-0.8520025897499399,0.8520025897499399
fold_3,main_fold_3,Main v2 model rolling-origin fold_3,rolling_origin_confirmatory,main,feature_only,env_patent_share_inventions,lag1_3_mean,CHE,Switzerland,2015,0.6771605,lasso_alpha_0.1,0.6771605,1.528174226850405,-0.851013726850405,0.851013726850405
fold_3,main_fold_3,Main v2 model rolling-origin fold_3,rolling_origin_confirmatory,main,feature_only,env_patent_share_inventions,lag1_3_mean,CHL,Chile,2015,0.08641507,lasso_alpha_0.1,0.08641507,0.4419553069490296,-0.35554023694902964,0.35554023694902964
fold_3,main_fold_3,Main v2 model rolling-origin fold_3,rolling_origin_confirmatory,main,feature_only,env_patent_share_inventions,lag1_3_mean,CHN,China,2015,7.472712,lasso_alpha_0.1,7.472712,16.173255252774215,-8.700543252774215,8.700543252774215
fold_3,main_fold_3,Main v2 model rolling-origin fold_3,rolling_origin_confirmatory,main,feature_only,env_patent_share_inventions,lag1_3_mean,CMR,Cameroon,2015,0.001183768,lasso_alpha_0.1,0.001183768,-0.2803718210604518,0.28155558906045175,0.28155558906045175
fold_3,main_fold_3,Main v2 model rolling-origin fold_3,rolling_origin_confirmatory,main,feature_only,env_patent_share_inventions,lag1_3_mean,COL,Colombia,2015,0.02505643,lasso_alpha_0.1,0.02505643,0.4511508123278878,-0.42609438232788777,0.42609438232788777
fold_3,main_fold_3,Main v2 model rolling-origin fold_3,rolling_origin_confirmatory,main,feature_only,env_patent_share_inventions,lag1_3_mean,CPV,Cabo Verde,2015,0.001578358,lasso_alpha_0.1,0.001578358,0.031072756927770784,-0.029494398927770785,0.029494398927770785
fold_3,main_fold_3,Main v2 model rolling-origin fold_3,rolling_origin_confirmatory,main,feature_only,env_patent_share_inventions,lag1_3_mean,CYP,Cyprus,2015,0.001183768,lasso_alpha_0.1,0.001183768,-0.3120527628937906,0.31323653089379055,0.31323653089379055
fold_3,main_fold_3,Main v2 model rolling-origin fold_3,rolling_origin_confirmatory,main,feature_only,env_patent_share_inventions,lag1_3_mean,CZE,Czechia,2015,0.1035797,lasso_alpha_0.1,0.1035797,0.46244216015213224,-0.35886246015213225,0.35886246015213225
fold_3,main_fold_3,Main v2 model rolling-origin fold_3,rolling_origin_confirmatory,main,feature_only,env_patent_share_inventions,lag1_3_mean,DEU,Germany,2015,10.32969,lasso_alpha_0.1,10.32969,6.296715866796854,4.032974133203146,4.032974133203146
fold_3,main_fold_3,Main v2 model rolling-origin fold_3,rolling_origin_confirmatory,main,feature_only,env_patent_share_inventions,lag1_3_mean,DNK,Denmark,2015,0.8247764,lasso_alpha_0.1,0.8247764,0.9450764618961578,-0.12030006189615783,0.12030006189615783
fold_3,main_fold_3,Main v2 model rolling-origin fold_3,rolling_origin_confirmatory,main,feature_only,env_patent_share_inventions,lag1_3_mean,DOM,Dominican Republic,2015,0.001183768,lasso_alpha_0.1,0.001183768,0.18675276160365895,-0.18556899360365894,0.18556899360365894
fold_3,main_fold_3,Main v2 model rolling-origin fold_3,rolling_origin_confirmatory,main,feature_only,env_patent_share_inventions,lag1_3_mean,DZA,Algeria,2015,0.009470145,lasso_alpha_0.1,0.009470145,0.36308759885321695,-0.35361745385321697,0.35361745385321697
fold_3,main_fold_3,Main v2 model rolling-origin fold_3,rolling_origin_confirmatory,main,feature_only,env_patent_share_inventions,lag1_3_mean,ECU,Ecuador,2015,0.004735073,lasso_alpha_0.1,0.004735073,0.16356671929693156,-0.15883164629693156,0.15883164629693156
fold_3,main_fold_3,Main v2 model rolling-origin fold_3,rolling_origin_confirmatory,main,feature_only,env_patent_share_inventions,lag1_3_mean,EGY,"Egypt, Arab Rep.",2015,0.02335969,lasso_alpha_0.1,0.02335969,0.6363619961237406,-0.6130023061237405,0.6130023061237405
fold_3,main_fold_3,Main v2 model rolling-origin fold_3,rolling_origin_confirmatory,main,feature_only,env_patent_share_inventions,lag1_3_mean,ESP,Spain,2015,0.722651,lasso_alpha_0.1,0.722651,2.1292149135022944,-1.4065639135022945,1.4065639135022945
fold_3,main_fold_3,Main v2 model rolling-origin fold_3,rolling_origin_confirmatory,main,feature_only,env_patent_share_inventions,lag1_3_mean,EST,Estonia,2015,0.02395721,lasso_alpha_0.1,0.02395721,0.27160985693173234,-0.24765264693173233,0.24765264693173233
fold_3,main_fold_3,Main v2 model rolling-origin fold_3,rolling_origin_confirmatory,main,feature_only,env_patent_share_inventions,lag1_3_mean,ETH,Ethiopia,2015,0.001972947,lasso_alpha_0.1,0.001972947,-0.331785771886399,0.333758718886399,0.333758718886399
fold_3,main_fold_3,Main v2 model rolling-origin fold_3,rolling_origin_confirmatory,main,feature_only,env_patent_share_inventions,lag1_3_mean,FIN,Finland,2015,0.5113484,lasso_alpha_0.1,0.5113484,0.7166913333641117,-0.2053429333641117,0.2053429333641117
fold_3,main_fold_3,Main v2 model rolling-origin fold_3,rolling_origin_confirmatory,main,feature_only,env_patent_share_inventions,lag1_3_mean,FRA,France,2015,3.967303,lasso_alpha_0.1,3.967303,4.7504315358287785,-0.7831285358287787,0.7831285358287787
fold_3,main_fold_3,Main v2 model rolling-origin fold_3,rolling_origin_confirmatory,main,feature_only,env_patent_share_inventions,lag1_3_mean,FRO,Faroe Islands,2015,0.003551305,lasso_alpha_0.1,0.003551305,0.157886375394644,-0.154335070394644,0.154335070394644
fold_3,main_fold_3,Main v2 model rolling-origin fold_3,rolling_origin_confirmatory,main,feature_only,env_patent_share_inventions,lag1_3_mean,GAB,Gabon,2015,0.002367536,lasso_alpha_0.1,0.002367536,-0.31013457472644435,0.31250211072644435,0.31250211072644435
fold_3,main_fold_3,Main v2 model rolling-origin fold_3,rolling_origin_confirmatory,main,feature_only,env_patent_share_inventions,lag1_3_mean,GBR,United Kingdom,2015,2.978953,lasso_alpha_0.1,2.978953,5.346726529792939,-2.3677735297929385,2.3677735297929385
fold_3,main_fold_3,Main v2 model rolling-origin fold_3,rolling_origin_confirmatory,main,feature_only,env_patent_share_inventions,lag1_3_mean,GEO,Georgia,2015,0.003551305,lasso_alpha_0.1,0.003551305,0.1658226588008812,-0.1622713538008812,0.1622713538008812
fold_3,main_fold_3,Main v2 model rolling-origin fold_3,rolling_origin_confirmatory,main,feature_only,env_patent_share_inventions,lag1_3_mean,GHA,Ghana,2015,0.0007891788,lasso_alpha_0.1,0.0007891788,-0.006845815478175865,0.007634994278175865,0.007634994278175865
fold_3,main_fold_3,Main v2 model rolling-origin fold_3,rolling_origin_confirmatory,main,feature_only,env_patent_share_inventions,lag1_3_mean,GRC,Greece,2015,0.04052997,lasso_alpha_0.1,0.04052997,0.5130217903407173,-0.47249182034071724,0.47249182034071724
fold_3,main_fold_3,Main v2 model rolling-origin fold_3,rolling_origin_confirmatory,main,feature_only,env_patent_share_inventions,lag1_3_mean,HKG,"Hong Kong SAR, China",2015,0.08550752,lasso_alpha_0.1,0.08550752,-0.3476960048952833,0.4332035248952833,0.4332035248952833
fold_3,main_fold_3,Main v2 model rolling-origin fold_3,rolling_origin_confirmatory,main,feature_only,env_patent_share_inventions,lag1_3_mean,HRV,Croatia,2015,0.01459981,lasso_alpha_0.1,0.01459981,0.13401164187680825,-0.11941183187680825,0.11941183187680825
fold_3,main_fold_3,Main v2 model rolling-origin fold_3,rolling_origin_confirmatory,main,feature_only,env_patent_share_inventions,lag1_3_mean,HUN,Hungary,2015,0.09489875,lasso_alpha_0.1,0.09489875,0.28944042304022144,-0.19454167304022144,0.19454167304022144
fold_3,main_fold_3,Main v2 model rolling-origin fold_3,rolling_origin_confirmatory,main,feature_only,env_patent_share_inventions,lag1_3_mean,IDN,Indonesia,2015,0.02406995,lasso_alpha_0.1,0.02406995,1.3020977330483199,-1.27802778304832,1.27802778304832
fold_3,main_fold_3,Main v2 model rolling-origin fold_3,rolling_origin_confirmatory,main,feature_only,env_patent_share_inventions,lag1_3_mean,IND,India,2015,1.291615,lasso_alpha_0.1,1.291615,3.1996633165400574,-1.9080483165400575,1.9080483165400575
fold_3,main_fold_3,Main v2 model rolling-origin fold_3,rolling_origin_confirmatory,main,feature_only,env_patent_share_inventions,lag1_3_mean,IRL,Ireland,2015,0.1355415,lasso_alpha_0.1,0.1355415,-0.1945489251028656,0.33009042510286557,0.33009042510286557
fold_3,main_fold_3,Main v2 model rolling-origin fold_3,rolling_origin_confirmatory,main,feature_only,env_patent_share_inventions,lag1_3_mean,IRN,"Iran, Islamic Rep.",2015,0.05244093,lasso_alpha_0.1,0.05244093,0.7288802934770211,-0.6764393634770212,0.6764393634770212
fold_3,main_fold_3,Main v2 model rolling-origin fold_3,rolling_origin_confirmatory,main,feature_only,env_patent_share_inventions,lag1_3_mean,IRQ,Iraq,2015,0.003551305,lasso_alpha_0.1,0.003551305,0.356912821451317,-0.35336151645131697,0.35336151645131697
fold_3,main_fold_3,Main v2 model rolling-origin fold_3,rolling_origin_confirmatory,main,feature_only,env_patent_share_inventions,lag1_3_mean,ISL,Iceland,2015,0.009470145,lasso_alpha_0.1,0.009470145,0.008364760695868556,0.0011053843041314432,0.0011053843041314432
fold_3,main_fold_3,Main v2 model rolling-origin fold_3,rolling_origin_confirmatory,main,feature_only,env_patent_share_inventions,lag1_3_mean,ISR,Israel,2015,0.5624872,lasso_alpha_0.1,0.5624872,0.825184301576202,-0.2626971015762021,0.2626971015762021
fold_3,main_fold_3,Main v2 model rolling-origin fold_3,rolling_origin_confirmatory,main,feature_only,env_patent_share_inventions,lag1_3_mean,ITA,Italy,2015,1.54462,lasso_alpha_0.1,1.54462,3.680632927835317,-2.136012927835317,2.136012927835317
fold_3,main_fold_3,Main v2 model rolling-origin fold_3,rolling_origin_confirmatory,main,feature_only,env_patent_share_inventions,lag1_3_mean,JOR,Jordan,2015,0.003551305,lasso_alpha_0.1,0.003551305,0.21523354445783305,-0.21168223945783304,0.21168223945783304
fold_3,main_fold_3,Main v2 model rolling-origin fold_3,rolling_origin_confirmatory,main,feature_only,env_patent_share_inventions,lag1_3_mean,JPN,Japan,2015,22.58677,lasso_alpha_0.1,22.58677,8.850734914698391,13.73603508530161,13.73603508530161
fold_3,main_fold_3,Main v2 model rolling-origin fold_3,rolling_origin_confirmatory,main,feature_only,env_patent_share_inventions,lag1_3_mean,KAZ,Kazakhstan,2015,0.02624019,lasso_alpha_0.1,0.02624019,0.35978220186349164,-0.33354201186349164,0.33354201186349164
fold_3,main_fold_3,Main v2 model rolling-origin fold_3,rolling_origin_confirmatory,main,feature_only,env_patent_share_inventions,lag1_3_mean,KEN,Kenya,2015,0.002367536,lasso_alpha_0.1,0.002367536,-0.12646310559843355,0.12883064159843355,0.12883064159843355
fold_3,main_fold_3,Main v2 model rolling-origin fold_3,rolling_origin_confirmatory,main,feature_only,env_patent_share_inventions,lag1_3_mean,KOR,"Korea, Rep.",2015,11.49919,lasso_alpha_0.1,11.49919,3.0584088267737,8.4407811732263,8.4407811732263
fold_3,main_fold_3,Main v2 model rolling-origin fold_3,rolling_origin_confirmatory,main,feature_only,env_patent_share_inventions,lag1_3_mean,KWT,Kuwait,2015,0.003551305,lasso_alpha_0.1,0.003551305,0.38679392776227917,-0.38324262276227916,0.38324262276227916
fold_3,main_fold_3,Main v2 model rolling-origin fold_3,rolling_origin_confirmatory,main,feature_only,env_patent_share_inventions,lag1_3_mean,LBN,Lebanon,2015,0.005524252,lasso_alpha_0.1,0.005524252,0.15415568777540611,-0.1486314357754061,0.1486314357754061
fold_3,main_fold_3,Main v2 model rolling-origin fold_3,rolling_origin_confirmatory,main,feature_only,env_patent_share_inventions,lag1_3_mean,LKA,Sri Lanka,2015,0.00659528,lasso_alpha_0.1,0.00659528,0.054240626365053224,-0.04764534636505322,0.04764534636505322
fold_3,main_fold_3,Main v2 model rolling-origin fold_3,rolling_origin_confirmatory,main,feature_only,env_patent_share_inventions,lag1_3_mean,LSO,Lesotho,2015,0.0007891788,lasso_alpha_0.1,0.0007891788,-0.15547536573613252,0.15626454453613253,0.15626454453613253
fold_3,main_fold_3,Main v2 model rolling-origin fold_3,rolling_origin_confirmatory,main,feature_only,env_patent_share_inventions,lag1_3_mean,LTU,Lithuania,2015,0.01894029,lasso_alpha_0.1,0.01894029,0.2397880928792524,-0.2208478028792524,0.2208478028792524
fold_3,main_fold_3,Main v2 model rolling-origin fold_3,rolling_origin_confirmatory,main,feature_only,env_patent_share_inventions,lag1_3_mean,LUX,Luxembourg,2015,0.03452657,lasso_alpha_0.1,0.03452657,0.17024271583859552,-0.1357161458385955,0.1357161458385955
fold_3,main_fold_3,Main v2 model rolling-origin fold_3,rolling_origin_confirmatory,main,feature_only,env_patent_share_inventions,lag1_3_mean,LVA,Latvia,2015,0.003551305,lasso_alpha_0.1,0.003551305,0.1465751669696611,-0.1430238619696611,0.1430238619696611
fold_3,main_fold_3,Main v2 model rolling-origin fold_3,rolling_origin_confirmatory,main,feature_only,env_patent_share_inventions,lag1_3_mean,MAC,"Macao SAR, China",2015,0.009075556,lasso_alpha_0.1,0.009075556,0.4200187622803543,-0.4109432062803543,0.4109432062803543
fold_3,main_fold_3,Main v2 model rolling-origin fold_3,rolling_origin_confirmatory,main,feature_only,env_patent_share_inventions,lag1_3_mean,MAR,Morocco,2015,0.02624019,lasso_alpha_0.1,0.02624019,0.3037847545311976,-0.2775445645311976,0.2775445645311976
fold_3,main_fold_3,Main v2 model rolling-origin fold_3,rolling_origin_confirmatory,main,feature_only,env_patent_share_inventions,lag1_3_mean,MDA,Moldova,2015,0.002367536,lasso_alpha_0.1,0.002367536,0.029607509016792766,-0.027239973016792766,0.027239973016792766
fold_3,main_fold_3,Main v2 model rolling-origin fold_3,rolling_origin_confirmatory,main,feature_only,env_patent_share_inventions,lag1_3_mean,MDG,Madagascar,2015,0.001183768,lasso_alpha_0.1,0.001183768,-0.34095145495934,0.34213522295933996,0.34213522295933996
fold_3,main_fold_3,Main v2 model rolling-origin fold_3,rolling_origin_confirmatory,main,feature_only,env_patent_share_inventions,lag1_3_mean,MEX,Mexico,2015,0.09284125,lasso_alpha_0.1,0.09284125,2.0818278118923073,-1.9889865618923073,1.9889865618923073
fold_3,main_fold_3,Main v2 model rolling-origin fold_3,rolling_origin_confirmatory,main,feature_only,env_patent_share_inventions,lag1_3_mean,MKD,North Macedonia,2015,0.001183768,lasso_alpha_0.1,0.001183768,0.11305721492113463,-0.11187344692113463,0.11187344692113463
fold_3,main_fold_3,Main v2 model rolling-origin fold_3,rolling_origin_confirmatory,main,feature_only,env_patent_share_inventions,lag1_3_mean,MLT,Malta,2015,0.009470145,lasso_alpha_0.1,0.009470145,0.2714512076792778,-0.2619810626792778,0.2619810626792778
fold_3,main_fold_3,Main v2 model rolling-origin fold_3,rolling_origin_confirmatory,main,feature_only,env_patent_share_inventions,lag1_3_mean,MNE,Montenegro,2015,0.001183768,lasso_alpha_0.1,0.001183768,-0.0504698069321432,0.051653574932143204,0.051653574932143204
fold_3,main_fold_3,Main v2 model rolling-origin fold_3,rolling_origin_confirmatory,main,feature_only,env_patent_share_inventions,lag1_3_mean,MNG,Mongolia,2015,0.0004735073,lasso_alpha_0.1,0.0004735073,0.07116286618107703,-0.07068935888107704,0.07068935888107704
fold_3,main_fold_3,Main v2 model rolling-origin fold_3,rolling_origin_confirmatory,main,feature_only,env_patent_share_inventions,lag1_3_mean,MUS,Mauritius,2015,0.007102609,lasso_alpha_0.1,0.007102609,0.2830809777530804,-0.2759783687530804,0.2759783687530804
fold_3,main_fold_3,Main v2 model rolling-origin fold_3,rolling_origin_confirmatory,main,feature_only,env_patent_share_inventions,lag1_3_mean,MYS,Malaysia,2015,0.07846692,lasso_alpha_0.1,0.07846692,0.6730345217151181,-0.5945676017151181,0.5945676017151181
fold_3,main_fold_3,Main v2 model rolling-origin fold_3,rolling_origin_confirmatory,main,feature_only,env_patent_share_inventions,lag1_3_mean,NCL,New Caledonia,2015,0.001183768,lasso_alpha_0.1,0.001183768,0.42321483650842073,-0.42203106850842076,0.42203106850842076
fold_3,main_fold_3,Main v2 model rolling-origin fold_3,rolling_origin_confirmatory,main,feature_only,env_patent_share_inventions,lag1_3_mean,NLD,Netherlands,2015,1.249586,lasso_alpha_0.1,1.249586,-1.0997578197587352,2.3493438197587353,2.3493438197587353
fold_3,main_fold_3,Main v2 model rolling-origin fold_3,rolling_origin_confirmatory,main,feature_only,env_patent_share_inventions,lag1_3_mean,NOR,Norway,2015,0.2164717,lasso_alpha_0.1,0.2164717,0.8474949445215217,-0.6310232445215218,0.6310232445215218
fold_3,main_fold_3,Main v2 model rolling-origin fold_3,rolling_origin_confirmatory,main,feature_only,env_patent_share_inventions,lag1_3_mean,NPL,Nepal,2015,0.003748599,lasso_alpha_0.1,0.003748599,-0.30200533447228195,0.30575393347228197,0.30575393347228197
fold_3,main_fold_3,Main v2 model rolling-origin fold_3,rolling_origin_confirmatory,main,feature_only,env_patent_share_inventions,lag1_3_mean,NZL,New Zealand,2015,0.1193633,lasso_alpha_0.1,0.1193633,0.7066093655334859,-0.5872460655334859,0.5872460655334859
fold_3,main_fold_3,Main v2 model rolling-origin fold_3,rolling_origin_confirmatory,main,feature_only,env_patent_share_inventions,lag1_3_mean,OMN,Oman,2015,0.001183768,lasso_alpha_0.1,0.001183768,0.43385269769881396,-0.432668929698814,0.432668929698814
fold_3,main_fold_3,Main v2 model rolling-origin fold_3,rolling_origin_confirmatory,main,feature_only,env_patent_share_inventions,lag1_3_mean,PAK,Pakistan,2015,0.0115502,lasso_alpha_0.1,0.0115502,0.37929284273635133,-0.3677426427363513,0.3677426427363513
fold_3,main_fold_3,Main v2 model rolling-origin fold_3,rolling_origin_confirmatory,main,feature_only,env_patent_share_inventions,lag1_3_mean,PAN,Panama,2015,0.001183768,lasso_alpha_0.1,0.001183768,0.16088303750431732,-0.15969926950431731,0.15969926950431731
fold_3,main_fold_3,Main v2 model rolling-origin fold_3,rolling_origin_confirmatory,main,feature_only,env_patent_share_inventions,lag1_3_mean,PER,Peru,2015,0.01538899,lasso_alpha_0.1,0.01538899,0.34530608156386167,-0.3299170915638617,0.3299170915638617
fold_3,main_fold_3,Main v2 model rolling-origin fold_3,rolling_origin_confirmatory,main,feature_only,env_patent_share_inventions,lag1_3_mean,PHL,Philippines,2015,0.02217592,lasso_alpha_0.1,0.02217592,0.535063912458245,-0.512887992458245,0.512887992458245
fold_3,main_fold_3,Main v2 model rolling-origin fold_3,rolling_origin_confirmatory,main,feature_only,env_patent_share_inventions,lag1_3_mean,POL,Poland,2015,0.3043693,lasso_alpha_0.1,0.3043693,1.0327409106723202,-0.7283716106723201,0.7283716106723201
fold_3,main_fold_3,Main v2 model rolling-origin fold_3,rolling_origin_confirmatory,main,feature_only,env_patent_share_inventions,lag1_3_mean,PRI,Puerto Rico (US),2015,0.004537778,lasso_alpha_0.1,0.004537778,0.5169758905343642,-0.5124381125343642,0.5124381125343642
fold_3,main_fold_3,Main v2 model rolling-origin fold_3,rolling_origin_confirmatory,main,feature_only,env_patent_share_inventions,lag1_3_mean,PRT,Portugal,2015,0.09130798,lasso_alpha_0.1,0.09130798,0.3746233984659044,-0.2833154184659044,0.2833154184659044
fold_3,main_fold_3,Main v2 model rolling-origin fold_3,rolling_origin_confirmatory,main,feature_only,env_patent_share_inventions,lag1_3_mean,PSE,West Bank and Gaza,2015,0.003551305,lasso_alpha_0.1,0.003551305,0.11698195977093462,-0.11343065477093461,0.11343065477093461
fold_3,main_fold_3,Main v2 model rolling-origin fold_3,rolling_origin_confirmatory,main,feature_only,env_patent_share_inventions,lag1_3_mean,QAT,Qatar,2015,0.02308348,lasso_alpha_0.1,0.02308348,0.6055956217647405,-0.5825121417647404,0.5825121417647404
fold_3,main_fold_3,Main v2 model rolling-origin fold_3,rolling_origin_confirmatory,main,feature_only,env_patent_share_inventions,lag1_3_mean,ROU,Romania,2015,0.02624019,lasso_alpha_0.1,0.02624019,0.42114824752883007,-0.39490805752883007,0.39490805752883007
fold_3,main_fold_3,Main v2 model rolling-origin fold_3,rolling_origin_confirmatory,main,feature_only,env_patent_share_inventions,lag1_3_mean,RUS,Russian Federation,2015,0.2690141,lasso_alpha_0.1,0.2690141,2.25244355258186,-1.9834294525818599,1.9834294525818599
fold_3,main_fold_3,Main v2 model rolling-origin fold_3,rolling_origin_confirmatory,main,feature_only,env_patent_share_inventions,lag1_3_mean,SAU,Saudi Arabia,2015,0.2695045,lasso_alpha_0.1,0.2695045,1.4472175181663263,-1.1777130181663262,1.1777130181663262
fold_3,main_fold_3,Main v2 model rolling-origin fold_3,rolling_origin_confirmatory,main,feature_only,env_patent_share_inventions,lag1_3_mean,SEN,Senegal,2015,0.001183768,lasso_alpha_0.1,0.001183768,-0.035308649195603836,0.03649241719560384,0.03649241719560384
fold_3,main_fold_3,Main v2 model rolling-origin fold_3,rolling_origin_confirmatory,main,feature_only,env_patent_share_inventions,lag1_3_mean,SGP,Singapore,2015,0.2326104,lasso_alpha_0.1,0.2326104,0.10171434084017439,0.1308960591598256,0.1308960591598256
fold_3,main_fold_3,Main v2 model rolling-origin fold_3,rolling_origin_confirmatory,main,feature_only,env_patent_share_inventions,lag1_3_mean,SLB,Solomon Islands,2015,0.001183768,lasso_alpha_0.1,0.001183768,-0.22725737571452775,0.22844114371452776,0.22844114371452776
fold_3,main_fold_3,Main v2 model rolling-origin fold_3,rolling_origin_confirmatory,main,feature_only,env_patent_share_inventions,lag1_3_mean,SLV,El Salvador,2015,0.002367536,lasso_alpha_0.1,0.002367536,0.1303524203951696,-0.12798488439516958,0.12798488439516958
fold_3,main_fold_3,Main v2 model rolling-origin fold_3,rolling_origin_confirmatory,main,feature_only,env_patent_share_inventions,lag1_3_mean,SRB,Serbia,2015,0.01262686,lasso_alpha_0.1,0.01262686,0.10647382187311016,-0.09384696187311016,0.09384696187311016
fold_3,main_fold_3,Main v2 model rolling-origin fold_3,rolling_origin_confirmatory,main,feature_only,env_patent_share_inventions,lag1_3_mean,SVK,Slovak Republic,2015,0.05405875,lasso_alpha_0.1,0.05405875,0.34911942469058377,-0.2950606746905838,0.2950606746905838
fold_3,main_fold_3,Main v2 model rolling-origin fold_3,rolling_origin_confirmatory,main,feature_only,env_patent_share_inventions,lag1_3_mean,SVN,Slovenia,2015,0.04537778,lasso_alpha_0.1,0.04537778,0.20262769425513494,-0.15724991425513493,0.15724991425513493
fold_3,main_fold_3,Main v2 model rolling-origin fold_3,rolling_origin_confirmatory,main,feature_only,env_patent_share_inventions,lag1_3_mean,SWE,Sweden,2015,1.014952,lasso_alpha_0.1,1.014952,1.2032330152256934,-0.1882810152256933,0.1882810152256933
fold_3,main_fold_3,Main v2 model rolling-origin fold_3,rolling_origin_confirmatory,main,feature_only,env_patent_share_inventions,lag1_3_mean,SWZ,Eswatini,2015,0.0007891788,lasso_alpha_0.1,0.0007891788,-0.20502571098508637,0.20581488978508639,0.20581488978508639
fold_3,main_fold_3,Main v2 model rolling-origin fold_3,rolling_origin_confirmatory,main,feature_only,env_patent_share_inventions,lag1_3_mean,SYC,Seychelles,2015,0.0007891788,lasso_alpha_0.1,0.0007891788,0.07988301262028807,-0.07909383382028808,0.07909383382028808
fold_3,main_fold_3,Main v2 model rolling-origin fold_3,rolling_origin_confirmatory,main,feature_only,env_patent_share_inventions,lag1_3_mean,SYR,Syrian Arab Republic,2015,0.002367536,lasso_alpha_0.1,0.002367536,-0.06162619816869008,0.06399373416869009,0.06399373416869009
fold_3,main_fold_3,Main v2 model rolling-origin fold_3,rolling_origin_confirmatory,main,feature_only,env_patent_share_inventions,lag1_3_mean,TGO,Togo,2015,0.007891788,lasso_alpha_0.1,0.007891788,-0.34435012989832425,0.35224191789832426,0.35224191789832426
fold_3,main_fold_3,Main v2 model rolling-origin fold_3,rolling_origin_confirmatory,main,feature_only,env_patent_share_inventions,lag1_3_mean,THA,Thailand,2015,0.06905314,lasso_alpha_0.1,0.06905314,0.6598704596554528,-0.5908173196554528,0.5908173196554528
fold_3,main_fold_3,Main v2 model rolling-origin fold_3,rolling_origin_confirmatory,main,feature_only,env_patent_share_inventions,lag1_3_mean,TKM,Turkmenistan,2015,0.002367536,lasso_alpha_0.1,0.002367536,-0.11683382804547993,0.11920136404547993,0.11920136404547993
fold_3,main_fold_3,Main v2 model rolling-origin fold_3,rolling_origin_confirmatory,main,feature_only,env_patent_share_inventions,lag1_3_mean,TUN,Tunisia,2015,0.00631343,lasso_alpha_0.1,0.00631343,0.13384285947605212,-0.12752942947605211,0.12752942947605211
fold_3,main_fold_3,Main v2 model rolling-origin fold_3,rolling_origin_confirmatory,main,feature_only,env_patent_share_inventions,lag1_3_mean,TUR,Turkiye,2015,0.247013,lasso_alpha_0.1,0.247013,1.5764114739666295,-1.3293984739666296,1.3293984739666296
fold_3,main_fold_3,Main v2 model rolling-origin fold_3,rolling_origin_confirmatory,main,feature_only,env_patent_share_inventions,lag1_3_mean,UKR,Ukraine,2015,0.06155594,lasso_alpha_0.1,0.06155594,0.19867925473039638,-0.13712331473039638,0.13712331473039638
fold_3,main_fold_3,Main v2 model rolling-origin fold_3,rolling_origin_confirmatory,main,feature_only,env_patent_share_inventions,lag1_3_mean,URY,Uruguay,2015,0.002367536,lasso_alpha_0.1,0.002367536,0.1333450855499385,-0.1309775495499385,0.1309775495499385
fold_3,main_fold_3,Main v2 model rolling-origin fold_3,rolling_origin_confirmatory,main,feature_only,env_patent_share_inventions,lag1_3_mean,USA,United States,2015,23.03311,lasso_alpha_0.1,23.03311,31.18468183967159,-8.15157183967159,8.15157183967159
fold_3,main_fold_3,Main v2 model rolling-origin fold_3,rolling_origin_confirmatory,main,feature_only,env_patent_share_inventions,lag1_3_mean,VEN,"Venezuela, RB",2015,0.003551305,lasso_alpha_0.1,0.003551305,0.08041976293975117,-0.07686845793975117,0.07686845793975117
fold_3,main_fold_3,Main v2 model rolling-origin fold_3,rolling_origin_confirmatory,main,feature_only,env_patent_share_inventions,lag1_3_mean,VNM,Viet Nam,2015,0.0333428,lasso_alpha_0.1,0.0333428,0.1622340859971012,-0.1288912859971012,0.1288912859971012
fold_3,main_fold_3,Main v2 model rolling-origin fold_3,rolling_origin_confirmatory,main,feature_only,env_patent_share_inventions,lag1_3_mean,YEM,"Yemen, Rep.",2015,0.001183768,lasso_alpha_0.1,0.001183768,0.16594992939309672,-0.16476616139309672,0.16476616139309672
fold_3,main_fold_3,Main v2 model rolling-origin fold_3,rolling_origin_confirmatory,main,feature_only,env_patent_share_inventions,lag1_3_mean,ZAF,South Africa,2015,0.1471818,lasso_alpha_0.1,0.1471818,0.8482909517847488,-0.7011091517847488,0.7011091517847488
fold_3,main_fold_3,Main v2 model rolling-origin fold_3,rolling_origin_confirmatory,main,feature_only,env_patent_share_inventions,lag1_3_mean,ZMB,Zambia,2015,0.002367536,lasso_alpha_0.1,0.002367536,-0.3099822179694136,0.3123497539694136,0.3123497539694136
fold_4,main_fold_4,Main v2 model rolling-origin fold_4,rolling_origin_confirmatory,main,feature_only,env_patent_share_inventions,lag1_3_mean,ALB,Albania,2016,0.01484563,lasso_alpha_0.1,0.01484563,0.012348138758421001,0.002497491241578999,0.002497491241578999
fold_4,main_fold_4,Main v2 model rolling-origin fold_4,rolling_origin_confirmatory,main,feature_only,env_patent_share_inventions,lag1_3_mean,ARE,United Arab Emirates,2016,0.01205736,lasso_alpha_0.1,0.01205736,0.9155675837799719,-0.9035102237799719,0.9035102237799719
fold_4,main_fold_4,Main v2 model rolling-origin fold_4,rolling_origin_confirmatory,main,feature_only,env_patent_share_inventions,lag1_3_mean,ARG,Argentina,2016,0.03296935,lasso_alpha_0.1,0.03296935,0.95845610865169,-0.92548675865169,0.92548675865169
fold_4,main_fold_4,Main v2 model rolling-origin fold_4,rolling_origin_confirmatory,main,feature_only,env_patent_share_inventions,lag1_3_mean,ARM,Armenia,2016,0.004898304,lasso_alpha_0.1,0.004898304,0.20155328385599292,-0.19665497985599292,0.19665497985599292
fold_4,main_fold_4,Main v2 model rolling-origin fold_4,rolling_origin_confirmatory,main,feature_only,env_patent_share_inventions,lag1_3_mean,AUS,Australia,2016,0.6752877,lasso_alpha_0.1,0.6752877,2.327292308998091,-1.6520046089980909,1.6520046089980909
fold_4,main_fold_4,Main v2 model rolling-origin fold_4,rolling_origin_confirmatory,main,feature_only,env_patent_share_inventions,lag1_3_mean,AUT,Austria,2016,0.7772101,lasso_alpha_0.1,0.7772101,1.045539200888911,-0.26832910088891104,0.26832910088891104
fold_4,main_fold_4,Main v2 model rolling-origin fold_4,rolling_origin_confirmatory,main,feature_only,env_patent_share_inventions,lag1_3_mean,AZE,Azerbaijan,2016,0.003391133,lasso_alpha_0.1,0.003391133,0.14280618587861127,-0.13941505287861128,0.13941505287861128
fold_4,main_fold_4,Main v2 model rolling-origin fold_4,rolling_origin_confirmatory,main,feature_only,env_patent_share_inventions,lag1_3_mean,BEL,Belgium,2016,0.564115,lasso_alpha_0.1,0.564115,1.4780887684379151,-0.9139737684379151,0.9139737684379151
fold_4,main_fold_4,Main v2 model rolling-origin fold_4,rolling_origin_confirmatory,main,feature_only,env_patent_share_inventions,lag1_3_mean,BGD,Bangladesh,2016,0.002072359,lasso_alpha_0.1,0.002072359,0.15429476459578217,-0.15222240559578218,0.15222240559578218
fold_4,main_fold_4,Main v2 model rolling-origin fold_4,rolling_origin_confirmatory,main,feature_only,env_patent_share_inventions,lag1_3_mean,BGR,Bulgaria,2016,0.03127379,lasso_alpha_0.1,0.03127379,0.21224694427764002,-0.18097315427764002,0.18097315427764002
fold_4,main_fold_4,Main v2 model rolling-origin fold_4,rolling_origin_confirmatory,main,feature_only,env_patent_share_inventions,lag1_3_mean,BHR,Bahrain,2016,0.003391133,lasso_alpha_0.1,0.003391133,0.3187043326760002,-0.3153131996760002,0.3153131996760002
fold_4,main_fold_4,Main v2 model rolling-origin fold_4,rolling_origin_confirmatory,main,feature_only,env_patent_share_inventions,lag1_3_mean,BIH,Bosnia and Herzegovina,2016,0.001130378,lasso_alpha_0.1,0.001130378,0.04377386731488797,-0.04264348931488797,0.04264348931488797
fold_4,main_fold_4,Main v2 model rolling-origin fold_4,rolling_origin_confirmatory,main,feature_only,env_patent_share_inventions,lag1_3_mean,BLR,Belarus,2016,0.003956322,lasso_alpha_0.1,0.003956322,-0.018207722506713986,0.022164044506713984,0.022164044506713984
fold_4,main_fold_4,Main v2 model rolling-origin fold_4,rolling_origin_confirmatory,main,feature_only,env_patent_share_inventions,lag1_3_mean,BRA,Brazil,2016,0.2428159,lasso_alpha_0.1,0.2428159,2.49042200472603,-2.24760610472603,2.24760610472603
fold_4,main_fold_4,Main v2 model rolling-origin fold_4,rolling_origin_confirmatory,main,feature_only,env_patent_share_inventions,lag1_3_mean,BRN,Brunei Darussalam,2016,0.002260756,lasso_alpha_0.1,0.002260756,0.40152678690663945,-0.3992660309066395,0.3992660309066395
fold_4,main_fold_4,Main v2 model rolling-origin fold_4,rolling_origin_confirmatory,main,feature_only,env_patent_share_inventions,lag1_3_mean,CAF,Central African Republic,2016,0.002637548,lasso_alpha_0.1,0.002637548,-0.5459762161145452,0.5486137641145452,0.5486137641145452
fold_4,main_fold_4,Main v2 model rolling-origin fold_4,rolling_origin_confirmatory,main,feature_only,env_patent_share_inventions,lag1_3_mean,CAN,Canada,2016,1.710517,lasso_alpha_0.1,1.710517,2.51640495013778,-0.80588795013778,0.80588795013778
fold_4,main_fold_4,Main v2 model rolling-origin fold_4,rolling_origin_confirmatory,main,feature_only,env_patent_share_inventions,lag1_3_mean,CHE,Switzerland,2016,0.6852539,lasso_alpha_0.1,0.6852539,1.2268013601352847,-0.5415474601352848,0.5415474601352848
fold_4,main_fold_4,Main v2 model rolling-origin fold_4,rolling_origin_confirmatory,main,feature_only,env_patent_share_inventions,lag1_3_mean,CHL,Chile,2016,0.05915644,lasso_alpha_0.1,0.05915644,0.5235580368338838,-0.4644015968338838,0.4644015968338838
fold_4,main_fold_4,Main v2 model rolling-origin fold_4,rolling_origin_confirmatory,main,feature_only,env_patent_share_inventions,lag1_3_mean,CHN,China,2016,10.10092,lasso_alpha_0.1,10.10092,16.499942829638904,-6.399022829638904,6.399022829638904
fold_4,main_fold_4,Main v2 model rolling-origin fold_4,rolling_origin_confirmatory,main,feature_only,env_patent_share_inventions,lag1_3_mean,CIV,Cote d'Ivoire,2016,0.0007535852,lasso_alpha_0.1,0.0007535852,-0.16671987224443652,0.1674734574444365,0.1674734574444365
fold_4,main_fold_4,Main v2 model rolling-origin fold_4,rolling_origin_confirmatory,main,feature_only,env_patent_share_inventions,lag1_3_mean,CMR,Cameroon,2016,0.008289437,lasso_alpha_0.1,0.008289437,-0.2815183408336115,0.2898077778336115,0.2898077778336115
fold_4,main_fold_4,Main v2 model rolling-origin fold_4,rolling_origin_confirmatory,main,feature_only,env_patent_share_inventions,lag1_3_mean,COG,"Congo, Rep.",2016,0.001130378,lasso_alpha_0.1,0.001130378,-0.3629156883407876,0.36404606634078757,0.36404606634078757
fold_4,main_fold_4,Main v2 model rolling-origin fold_4,rolling_origin_confirmatory,main,feature_only,env_patent_share_inventions,lag1_3_mean,COL,Colombia,2016,0.04879464,lasso_alpha_0.1,0.04879464,0.45657137789104196,-0.40777673789104196,0.40777673789104196
fold_4,main_fold_4,Main v2 model rolling-origin fold_4,rolling_origin_confirmatory,main,feature_only,env_patent_share_inventions,lag1_3_mean,CPV,Cabo Verde,2016,0.0007535852,lasso_alpha_0.1,0.0007535852,0.008867204010570617,-0.008113618810570617,0.008113618810570617
fold_4,main_fold_4,Main v2 model rolling-origin fold_4,rolling_origin_confirmatory,main,feature_only,env_patent_share_inventions,lag1_3_mean,CRI,Costa Rica,2016,0.004521511,lasso_alpha_0.1,0.004521511,0.21653104867100126,-0.21200953767100125,0.21200953767100125
fold_4,main_fold_4,Main v2 model rolling-origin fold_4,rolling_origin_confirmatory,main,feature_only,env_patent_share_inventions,lag1_3_mean,CYP,Cyprus,2016,0.005275096,lasso_alpha_0.1,0.005275096,-0.13635523899152568,0.1416303349915257,0.1416303349915257
fold_4,main_fold_4,Main v2 model rolling-origin fold_4,rolling_origin_confirmatory,main,feature_only,env_patent_share_inventions,lag1_3_mean,CZE,Czechia,2016,0.1490215,lasso_alpha_0.1,0.1490215,0.539570590037746,-0.39054909003774596,0.39054909003774596
fold_4,main_fold_4,Main v2 model rolling-origin fold_4,rolling_origin_confirmatory,main,feature_only,env_patent_share_inventions,lag1_3_mean,DEU,Germany,2016,10.00981,lasso_alpha_0.1,10.00981,6.178761549823818,3.8310484501761817,3.8310484501761817
fold_4,main_fold_4,Main v2 model rolling-origin fold_4,rolling_origin_confirmatory,main,feature_only,env_patent_share_inventions,lag1_3_mean,DNK,Denmark,2016,0.9792839,lasso_alpha_0.1,0.9792839,0.9401530047829103,0.03913089521708968,0.03913089521708968
fold_4,main_fold_4,Main v2 model rolling-origin fold_4,rolling_origin_confirmatory,main,feature_only,env_patent_share_inventions,lag1_3_mean,DOM,Dominican Republic,2016,0.002260756,lasso_alpha_0.1,0.002260756,0.1799338991521271,-0.1776731431521271,0.1776731431521271
fold_4,main_fold_4,Main v2 model rolling-origin fold_4,rolling_origin_confirmatory,main,feature_only,env_patent_share_inventions,lag1_3_mean,DZA,Algeria,2016,0.003391133,lasso_alpha_0.1,0.003391133,0.3085000572658627,-0.3051089242658627,0.3051089242658627
fold_4,main_fold_4,Main v2 model rolling-origin fold_4,rolling_origin_confirmatory,main,feature_only,env_patent_share_inventions,lag1_3_mean,ECU,Ecuador,2016,0.003767926,lasso_alpha_0.1,0.003767926,0.10635294283481123,-0.10258501683481122,0.10258501683481122
fold_4,main_fold_4,Main v2 model rolling-origin fold_4,rolling_origin_confirmatory,main,feature_only,env_patent_share_inventions,lag1_3_mean,EGY,"Egypt, Arab Rep.",2016,0.01714406,lasso_alpha_0.1,0.01714406,0.5335254475220754,-0.5163813875220754,0.5163813875220754
fold_4,main_fold_4,Main v2 model rolling-origin fold_4,rolling_origin_confirmatory,main,feature_only,env_patent_share_inventions,lag1_3_mean,ERI,Eritrea,2016,0.001130378,lasso_alpha_0.1,0.001130378,-0.38628343919542596,0.38741381719542595,0.38741381719542595
fold_4,main_fold_4,Main v2 model rolling-origin fold_4,rolling_origin_confirmatory,main,feature_only,env_patent_share_inventions,lag1_3_mean,ESP,Spain,2016,0.6226937,lasso_alpha_0.1,0.6226937,2.0389123623948384,-1.4162186623948383,1.4162186623948383
fold_4,main_fold_4,Main v2 model rolling-origin fold_4,rolling_origin_confirmatory,main,feature_only,env_patent_share_inventions,lag1_3_mean,EST,Estonia,2016,0.02788265,lasso_alpha_0.1,0.02788265,0.3876510513508984,-0.3597684013508984,0.3597684013508984
fold_4,main_fold_4,Main v2 model rolling-origin fold_4,rolling_origin_confirmatory,main,feature_only,env_patent_share_inventions,lag1_3_mean,ETH,Ethiopia,2016,0.0007535852,lasso_alpha_0.1,0.0007535852,-0.3358541764890337,0.3366077616890337,0.3366077616890337
fold_4,main_fold_4,Main v2 model rolling-origin fold_4,rolling_origin_confirmatory,main,feature_only,env_patent_share_inventions,lag1_3_mean,FIN,Finland,2016,0.5079648,lasso_alpha_0.1,0.5079648,0.7268098554519296,-0.21884505545192956,0.21884505545192956
fold_4,main_fold_4,Main v2 model rolling-origin fold_4,rolling_origin_confirmatory,main,feature_only,env_patent_share_inventions,lag1_3_mean,FRA,France,2016,3.30987,lasso_alpha_0.1,3.30987,4.585059560416622,-1.2751895604166217,1.2751895604166217
fold_4,main_fold_4,Main v2 model rolling-origin fold_4,rolling_origin_confirmatory,main,feature_only,env_patent_share_inventions,lag1_3_mean,FRO,Faroe Islands,2016,0.002260756,lasso_alpha_0.1,0.002260756,0.15888103934714948,-0.15662028334714947,0.15662028334714947
fold_4,main_fold_4,Main v2 model rolling-origin fold_4,rolling_origin_confirmatory,main,feature_only,env_patent_share_inventions,lag1_3_mean,GBR,United Kingdom,2016,2.62274,lasso_alpha_0.1,2.62274,5.286056698690334,-2.6633166986903345,2.6633166986903345
fold_4,main_fold_4,Main v2 model rolling-origin fold_4,rolling_origin_confirmatory,main,feature_only,env_patent_share_inventions,lag1_3_mean,GEO,Georgia,2016,0.007912644,lasso_alpha_0.1,0.007912644,0.21374751394369207,-0.20583486994369207,0.20583486994369207
fold_4,main_fold_4,Main v2 model rolling-origin fold_4,rolling_origin_confirmatory,main,feature_only,env_patent_share_inventions,lag1_3_mean,GHA,Ghana,2016,0.001130378,lasso_alpha_0.1,0.001130378,0.0023718010127121714,-0.0012414230127121713,0.0012414230127121713
fold_4,main_fold_4,Main v2 model rolling-origin fold_4,rolling_origin_confirmatory,main,feature_only,env_patent_share_inventions,lag1_3_mean,GRC,Greece,2016,0.05693157,lasso_alpha_0.1,0.05693157,0.49261433423213763,-0.43568276423213764,0.43568276423213764
fold_4,main_fold_4,Main v2 model rolling-origin fold_4,rolling_origin_confirmatory,main,feature_only,env_patent_share_inventions,lag1_3_mean,HKG,"Hong Kong SAR, China",2016,0.1380945,lasso_alpha_0.1,0.1380945,-0.7304732985182818,0.8685677985182818,0.8685677985182818
fold_4,main_fold_4,Main v2 model rolling-origin fold_4,rolling_origin_confirmatory,main,feature_only,env_patent_share_inventions,lag1_3_mean,HRV,Croatia,2016,0.007234418,lasso_alpha_0.1,0.007234418,0.1352665893644005,-0.1280321713644005,0.1280321713644005
fold_4,main_fold_4,Main v2 model rolling-origin fold_4,rolling_origin_confirmatory,main,feature_only,env_patent_share_inventions,lag1_3_mean,HUN,Hungary,2016,0.06141719,lasso_alpha_0.1,0.06141719,0.3871632812550321,-0.32574609125503207,0.32574609125503207
fold_4,main_fold_4,Main v2 model rolling-origin fold_4,rolling_origin_confirmatory,main,feature_only,env_patent_share_inventions,lag1_3_mean,IDN,Indonesia,2016,0.01808604,lasso_alpha_0.1,0.01808604,1.3009324511770943,-1.2828464111770943,1.2828464111770943
fold_4,main_fold_4,Main v2 model rolling-origin fold_4,rolling_origin_confirmatory,main,feature_only,env_patent_share_inventions,lag1_3_mean,IND,India,2016,1.198433,lasso_alpha_0.1,1.198433,3.187908614716934,-1.989475614716934,1.989475614716934
fold_4,main_fold_4,Main v2 model rolling-origin fold_4,rolling_origin_confirmatory,main,feature_only,env_patent_share_inventions,lag1_3_mean,IRL,Ireland,2016,0.09934764,lasso_alpha_0.1,0.09934764,-0.8968479485409726,0.9961955885409726,0.9961955885409726
fold_4,main_fold_4,Main v2 model rolling-origin fold_4,rolling_origin_confirmatory,main,feature_only,env_patent_share_inventions,lag1_3_mean,IRN,"Iran, Islamic Rep.",2016,0.04152254,lasso_alpha_0.1,0.04152254,0.6387134475629271,-0.5971909075629271,0.5971909075629271
fold_4,main_fold_4,Main v2 model rolling-origin fold_4,rolling_origin_confirmatory,main,feature_only,env_patent_share_inventions,lag1_3_mean,ISL,Iceland,2016,0.0150717,lasso_alpha_0.1,0.0150717,0.12189327015401585,-0.10682157015401586,0.10682157015401586
fold_4,main_fold_4,Main v2 model rolling-origin fold_4,rolling_origin_confirmatory,main,feature_only,env_patent_share_inventions,lag1_3_mean,ISR,Israel,2016,0.661428,lasso_alpha_0.1,0.661428,0.8329702951290028,-0.17154229512900276,0.17154229512900276
fold_4,main_fold_4,Main v2 model rolling-origin fold_4,rolling_origin_confirmatory,main,feature_only,env_patent_share_inventions,lag1_3_mean,ITA,Italy,2016,1.4648,lasso_alpha_0.1,1.4648,3.475672010806606,-2.0108720108066063,2.0108720108066063
fold_4,main_fold_4,Main v2 model rolling-origin fold_4,rolling_origin_confirmatory,main,feature_only,env_patent_share_inventions,lag1_3_mean,JOR,Jordan,2016,0.0050867,lasso_alpha_0.1,0.0050867,0.21402601241646768,-0.20893931241646768,0.20893931241646768
fold_4,main_fold_4,Main v2 model rolling-origin fold_4,rolling_origin_confirmatory,main,feature_only,env_patent_share_inventions,lag1_3_mean,JPN,Japan,2016,21.60257,lasso_alpha_0.1,21.60257,8.64800805770553,12.95456194229447,12.95456194229447
fold_4,main_fold_4,Main v2 model rolling-origin fold_4,rolling_origin_confirmatory,main,feature_only,env_patent_share_inventions,lag1_3_mean,KAZ,Kazakhstan,2016,0.02072359,lasso_alpha_0.1,0.02072359,0.36560382797360436,-0.34488023797360434,0.34488023797360434
fold_4,main_fold_4,Main v2 model rolling-origin fold_4,rolling_origin_confirmatory,main,feature_only,env_patent_share_inventions,lag1_3_mean,KEN,Kenya,2016,0.005651889,lasso_alpha_0.1,0.005651889,-0.08746342233257365,0.09311531133257364,0.09311531133257364
fold_4,main_fold_4,Main v2 model rolling-origin fold_4,rolling_origin_confirmatory,main,feature_only,env_patent_share_inventions,lag1_3_mean,KOR,"Korea, Rep.",2016,12.33437,lasso_alpha_0.1,12.33437,3.0961541269632993,9.238215873036701,9.238215873036701
fold_4,main_fold_4,Main v2 model rolling-origin fold_4,rolling_origin_confirmatory,main,feature_only,env_patent_share_inventions,lag1_3_mean,KWT,Kuwait,2016,0.002260756,lasso_alpha_0.1,0.002260756,0.36612630276994296,-0.363865546769943,0.363865546769943
fold_4,main_fold_4,Main v2 model rolling-origin fold_4,rolling_origin_confirmatory,main,feature_only,env_patent_share_inventions,lag1_3_mean,LBN,Lebanon,2016,0.003391133,lasso_alpha_0.1,0.003391133,0.12634587714912904,-0.12295474414912903,0.12295474414912903
fold_4,main_fold_4,Main v2 model rolling-origin fold_4,rolling_origin_confirmatory,main,feature_only,env_patent_share_inventions,lag1_3_mean,LKA,Sri Lanka,2016,0.001130378,lasso_alpha_0.1,0.001130378,0.07887734014519165,-0.07774696214519165,0.07774696214519165
fold_4,main_fold_4,Main v2 model rolling-origin fold_4,rolling_origin_confirmatory,main,feature_only,env_patent_share_inventions,lag1_3_mean,LTU,Lithuania,2016,0.0130747,lasso_alpha_0.1,0.0130747,0.32026432670751215,-0.30718962670751215,0.30718962670751215
fold_4,main_fold_4,Main v2 model rolling-origin fold_4,rolling_origin_confirmatory,main,feature_only,env_patent_share_inventions,lag1_3_mean,LUX,Luxembourg,2016,0.03240416,lasso_alpha_0.1,0.03240416,0.08452203502210298,-0.05211787502210298,0.05211787502210298
fold_4,main_fold_4,Main v2 model rolling-origin fold_4,rolling_origin_confirmatory,main,feature_only,env_patent_share_inventions,lag1_3_mean,MAC,"Macao SAR, China",2016,0.001130378,lasso_alpha_0.1,0.001130378,0.5306381219664705,-0.5295077439664705,0.5295077439664705
fold_4,main_fold_4,Main v2 model rolling-origin fold_4,rolling_origin_confirmatory,main,feature_only,env_patent_share_inventions,lag1_3_mean,MAR,Morocco,2016,0.02486831,lasso_alpha_0.1,0.02486831,0.2911334073290711,-0.2662650973290711,0.2662650973290711
fold_4,main_fold_4,Main v2 model rolling-origin fold_4,rolling_origin_confirmatory,main,feature_only,env_patent_share_inventions,lag1_3_mean,MDA,Moldova,2016,0.006405474,lasso_alpha_0.1,0.006405474,0.025655040834112075,-0.019249566834112074,0.019249566834112074
fold_4,main_fold_4,Main v2 model rolling-origin fold_4,rolling_origin_confirmatory,main,feature_only,env_patent_share_inventions,lag1_3_mean,MEX,Mexico,2016,0.121704,lasso_alpha_0.1,0.121704,1.9102729470177473,-1.7885689470177473,1.7885689470177473
fold_4,main_fold_4,Main v2 model rolling-origin fold_4,rolling_origin_confirmatory,main,feature_only,env_patent_share_inventions,lag1_3_mean,MHL,Marshall Islands,2016,0.001130378,lasso_alpha_0.1,0.001130378,-0.14500902992437137,0.14613940792437136,0.14613940792437136
fold_4,main_fold_4,Main v2 model rolling-origin fold_4,rolling_origin_confirmatory,main,feature_only,env_patent_share_inventions,lag1_3_mean,MLI,Mali,2016,0.00150717,lasso_alpha_0.1,0.00150717,-0.281760103745085,0.283267273745085,0.283267273745085
fold_4,main_fold_4,Main v2 model rolling-origin fold_4,rolling_origin_confirmatory,main,feature_only,env_patent_share_inventions,lag1_3_mean,MLT,Malta,2016,0.02486831,lasso_alpha_0.1,0.02486831,0.3164427025750194,-0.2915743925750194,0.2915743925750194
fold_4,main_fold_4,Main v2 model rolling-origin fold_4,rolling_origin_confirmatory,main,feature_only,env_patent_share_inventions,lag1_3_mean,MNG,Mongolia,2016,0.001130378,lasso_alpha_0.1,0.001130378,0.07123807836692564,-0.07010770036692564,0.07010770036692564
fold_4,main_fold_4,Main v2 model rolling-origin fold_4,rolling_origin_confirmatory,main,feature_only,env_patent_share_inventions,lag1_3_mean,MRT,Mauritania,2016,0.0005651889,lasso_alpha_0.1,0.0005651889,-0.15619111669024588,0.1567563055902459,0.1567563055902459
fold_4,main_fold_4,Main v2 model rolling-origin fold_4,rolling_origin_confirmatory,main,feature_only,env_patent_share_inventions,lag1_3_mean,MUS,Mauritius,2016,0.002260756,lasso_alpha_0.1,0.002260756,0.3398068334183326,-0.33754607741833265,0.33754607741833265
fold_4,main_fold_4,Main v2 model rolling-origin fold_4,rolling_origin_confirmatory,main,feature_only,env_patent_share_inventions,lag1_3_mean,MYS,Malaysia,2016,0.08767964,lasso_alpha_0.1,0.08767964,0.7091256769351886,-0.6214460369351886,0.6214460369351886
fold_4,main_fold_4,Main v2 model rolling-origin fold_4,rolling_origin_confirmatory,main,feature_only,env_patent_share_inventions,lag1_3_mean,NAM,Namibia,2016,0.003391133,lasso_alpha_0.1,0.003391133,0.08799088252194343,-0.08459974952194342,0.08459974952194342
fold_4,main_fold_4,Main v2 model rolling-origin fold_4,rolling_origin_confirmatory,main,feature_only,env_patent_share_inventions,lag1_3_mean,NER,Niger,2016,0.0007535852,lasso_alpha_0.1,0.0007535852,-0.3024831904554339,0.30323677565543394,0.30323677565543394
fold_4,main_fold_4,Main v2 model rolling-origin fold_4,rolling_origin_confirmatory,main,feature_only,env_patent_share_inventions,lag1_3_mean,NLD,Netherlands,2016,1.220695,lasso_alpha_0.1,1.220695,-1.8518845160264816,3.0725795160264817,3.0725795160264817
fold_4,main_fold_4,Main v2 model rolling-origin fold_4,rolling_origin_confirmatory,main,feature_only,env_patent_share_inventions,lag1_3_mean,NOR,Norway,2016,0.2122096,lasso_alpha_0.1,0.2122096,1.0221785595289898,-0.8099689595289898,0.8099689595289898
fold_4,main_fold_4,Main v2 model rolling-origin fold_4,rolling_origin_confirmatory,main,feature_only,env_patent_share_inventions,lag1_3_mean,NPL,Nepal,2016,0.0007535852,lasso_alpha_0.1,0.0007535852,-0.29906142176007555,0.29981500696007557,0.29981500696007557
fold_4,main_fold_4,Main v2 model rolling-origin fold_4,rolling_origin_confirmatory,main,feature_only,env_patent_share_inventions,lag1_3_mean,NZL,New Zealand,2016,0.08044522,lasso_alpha_0.1,0.08044522,0.8143798194335157,-0.7339345994335157,0.7339345994335157
fold_4,main_fold_4,Main v2 model rolling-origin fold_4,rolling_origin_confirmatory,main,feature_only,env_patent_share_inventions,lag1_3_mean,PAK,Pakistan,2016,0.01285939,lasso_alpha_0.1,0.01285939,0.3525153364590671,-0.33965594645906705,0.33965594645906705
fold_4,main_fold_4,Main v2 model rolling-origin fold_4,rolling_origin_confirmatory,main,feature_only,env_patent_share_inventions,lag1_3_mean,PAN,Panama,2016,0.0154485,lasso_alpha_0.1,0.0154485,0.18992189812074023,-0.17447339812074023,0.17447339812074023
fold_4,main_fold_4,Main v2 model rolling-origin fold_4,rolling_origin_confirmatory,main,feature_only,env_patent_share_inventions,lag1_3_mean,PER,Peru,2016,0.01657887,lasso_alpha_0.1,0.01657887,0.38138772889389494,-0.3648088588938949,0.3648088588938949
fold_4,main_fold_4,Main v2 model rolling-origin fold_4,rolling_origin_confirmatory,main,feature_only,env_patent_share_inventions,lag1_3_mean,PHL,Philippines,2016,0.01733246,lasso_alpha_0.1,0.01733246,0.5364991491698976,-0.5191666891698976,0.5191666891698976
fold_4,main_fold_4,Main v2 model rolling-origin fold_4,rolling_origin_confirmatory,main,feature_only,env_patent_share_inventions,lag1_3_mean,POL,Poland,2016,0.1852375,lasso_alpha_0.1,0.1852375,1.0079992255104668,-0.8227617255104669,0.8227617255104669
fold_4,main_fold_4,Main v2 model rolling-origin fold_4,rolling_origin_confirmatory,main,feature_only,env_patent_share_inventions,lag1_3_mean,PRI,Puerto Rico (US),2016,0.001130378,lasso_alpha_0.1,0.001130378,0.5327768615835644,-0.5316464835835644,0.5316464835835644
fold_4,main_fold_4,Main v2 model rolling-origin fold_4,rolling_origin_confirmatory,main,feature_only,env_patent_share_inventions,lag1_3_mean,PRT,Portugal,2016,0.09589371,lasso_alpha_0.1,0.09589371,0.451795274523225,-0.35590156452322497,0.35590156452322497
fold_4,main_fold_4,Main v2 model rolling-origin fold_4,rolling_origin_confirmatory,main,feature_only,env_patent_share_inventions,lag1_3_mean,QAT,Qatar,2016,0.0256219,lasso_alpha_0.1,0.0256219,0.6246754353121011,-0.5990535353121011,0.5990535353121011
fold_4,main_fold_4,Main v2 model rolling-origin fold_4,rolling_origin_confirmatory,main,feature_only,env_patent_share_inventions,lag1_3_mean,ROU,Romania,2016,0.0357953,lasso_alpha_0.1,0.0357953,0.429545835185999,-0.393750535185999,0.393750535185999
fold_4,main_fold_4,Main v2 model rolling-origin fold_4,rolling_origin_confirmatory,main,feature_only,env_patent_share_inventions,lag1_3_mean,RUS,Russian Federation,2016,0.3005298,lasso_alpha_0.1,0.3005298,2.242390931594115,-1.941861131594115,1.941861131594115
fold_4,main_fold_4,Main v2 model rolling-origin fold_4,rolling_origin_confirmatory,main,feature_only,env_patent_share_inventions,lag1_3_mean,RWA,Rwanda,2016,0.001130378,lasso_alpha_0.1,0.001130378,-0.1577389374337197,0.15886931543371968,0.15886931543371968
fold_4,main_fold_4,Main v2 model rolling-origin fold_4,rolling_origin_confirmatory,main,feature_only,env_patent_share_inventions,lag1_3_mean,SAU,Saudi Arabia,2016,0.2297681,lasso_alpha_0.1,0.2297681,1.4436342825133655,-1.2138661825133654,1.2138661825133654
fold_4,main_fold_4,Main v2 model rolling-origin fold_4,rolling_origin_confirmatory,main,feature_only,env_patent_share_inventions,lag1_3_mean,SGP,Singapore,2016,0.2522627,lasso_alpha_0.1,0.2522627,0.1536727087087213,0.09858999129127871,0.09858999129127871
fold_4,main_fold_4,Main v2 model rolling-origin fold_4,rolling_origin_confirmatory,main,feature_only,env_patent_share_inventions,lag1_3_mean,SLB,Solomon Islands,2016,0.001130378,lasso_alpha_0.1,0.001130378,-0.25110239631123443,0.2522327743112344,0.2522327743112344
fold_4,main_fold_4,Main v2 model rolling-origin fold_4,rolling_origin_confirmatory,main,feature_only,env_patent_share_inventions,lag1_3_mean,SRB,Serbia,2016,0.01770925,lasso_alpha_0.1,0.01770925,0.10837993527228174,-0.09067068527228174,0.09067068527228174
fold_4,main_fold_4,Main v2 model rolling-origin fold_4,rolling_origin_confirmatory,main,feature_only,env_patent_share_inventions,lag1_3_mean,SVK,Slovak Republic,2016,0.05423929,lasso_alpha_0.1,0.05423929,0.385027452756329,-0.330788162756329,0.330788162756329
fold_4,main_fold_4,Main v2 model rolling-origin fold_4,rolling_origin_confirmatory,main,feature_only,env_patent_share_inventions,lag1_3_mean,SVN,Slovenia,2016,0.04888884,lasso_alpha_0.1,0.04888884,0.23210962027612492,-0.18322078027612493,0.18322078027612493
fold_4,main_fold_4,Main v2 model rolling-origin fold_4,rolling_origin_confirmatory,main,feature_only,env_patent_share_inventions,lag1_3_mean,SWE,Sweden,2016,1.018896,lasso_alpha_0.1,1.018896,1.2594870017200503,-0.24059100172005032,0.24059100172005032
fold_4,main_fold_4,Main v2 model rolling-origin fold_4,rolling_origin_confirmatory,main,feature_only,env_patent_share_inventions,lag1_3_mean,SYC,Seychelles,2016,0.001130378,lasso_alpha_0.1,0.001130378,0.12073267439371926,-0.11960229639371926,0.11960229639371926
fold_4,main_fold_4,Main v2 model rolling-origin fold_4,rolling_origin_confirmatory,main,feature_only,env_patent_share_inventions,lag1_3_mean,THA,Thailand,2016,0.05708408,lasso_alpha_0.1,0.05708408,0.6878719115991867,-0.6307878315991867,0.6307878315991867
fold_4,main_fold_4,Main v2 model rolling-origin fold_4,rolling_origin_confirmatory,main,feature_only,env_patent_share_inventions,lag1_3_mean,TUN,Tunisia,2016,0.00995809,lasso_alpha_0.1,0.00995809,0.10517056502192723,-0.09521247502192723,0.09521247502192723
fold_4,main_fold_4,Main v2 model rolling-origin fold_4,rolling_origin_confirmatory,main,feature_only,env_patent_share_inventions,lag1_3_mean,TUR,Turkiye,2016,0.2535545,lasso_alpha_0.1,0.2535545,1.5581223768622507,-1.3045678768622508,1.3045678768622508
fold_4,main_fold_4,Main v2 model rolling-origin fold_4,rolling_origin_confirmatory,main,feature_only,env_patent_share_inventions,lag1_3_mean,UKR,Ukraine,2016,0.04502672,lasso_alpha_0.1,0.04502672,0.16458312721131285,-0.11955640721131286,0.11955640721131286
fold_4,main_fold_4,Main v2 model rolling-origin fold_4,rolling_origin_confirmatory,main,feature_only,env_patent_share_inventions,lag1_3_mean,URY,Uruguay,2016,0.007535852,lasso_alpha_0.1,0.007535852,0.17781259201198774,-0.17027674001198773,0.17027674001198773
fold_4,main_fold_4,Main v2 model rolling-origin fold_4,rolling_origin_confirmatory,main,feature_only,env_patent_share_inventions,lag1_3_mean,USA,United States,2016,22.35768,lasso_alpha_0.1,22.35768,29.334203212095492,-6.976523212095493,6.976523212095493
fold_4,main_fold_4,Main v2 model rolling-origin fold_4,rolling_origin_confirmatory,main,feature_only,env_patent_share_inventions,lag1_3_mean,UZB,Uzbekistan,2016,0.003391133,lasso_alpha_0.1,0.003391133,0.00234447494171397,0.0010466580582860303,0.0010466580582860303
fold_4,main_fold_4,Main v2 model rolling-origin fold_4,rolling_origin_confirmatory,main,feature_only,env_patent_share_inventions,lag1_3_mean,VEN,"Venezuela, RB",2016,0.009043022,lasso_alpha_0.1,0.009043022,-0.03913383614980881,0.04817685814980881,0.04817685814980881
fold_4,main_fold_4,Main v2 model rolling-origin fold_4,rolling_origin_confirmatory,main,feature_only,env_patent_share_inventions,lag1_3_mean,VNM,Viet Nam,2016,0.03353454,lasso_alpha_0.1,0.03353454,0.17734777158826665,-0.14381323158826664,0.14381323158826664
fold_4,main_fold_4,Main v2 model rolling-origin fold_4,rolling_origin_confirmatory,main,feature_only,env_patent_share_inventions,lag1_3_mean,ZAF,South Africa,2016,0.06356491,lasso_alpha_0.1,0.06356491,0.8244453236302111,-0.7608804136302111,0.7608804136302111
fold_4,main_fold_4,Main v2 model rolling-origin fold_4,rolling_origin_confirmatory,main,feature_only,env_patent_share_inventions,lag1_3_mean,ZWE,Zimbabwe,2016,0.0007535852,lasso_alpha_0.1,0.0007535852,-0.48713514985957884,0.48788873505957886,0.48788873505957886
fold_4,main_fold_4,Main v2 model rolling-origin fold_4,rolling_origin_confirmatory,main,feature_only,env_patent_share_inventions,lag1_3_mean,ALB,Albania,2017,0.01099744,lasso_alpha_0.1,0.01099744,0.026217188218441656,-0.015219748218441655,0.015219748218441655
fold_4,main_fold_4,Main v2 model rolling-origin fold_4,rolling_origin_confirmatory,main,feature_only,env_patent_share_inventions,lag1_3_mean,ARE,United Arab Emirates,2017,0.04538681,lasso_alpha_0.1,0.04538681,0.960947230585334,-0.915560420585334,0.915560420585334
fold_4,main_fold_4,Main v2 model rolling-origin fold_4,rolling_origin_confirmatory,main,feature_only,env_patent_share_inventions,lag1_3_mean,ARG,Argentina,2017,0.0246099,lasso_alpha_0.1,0.0246099,1.0239142504293504,-0.9993043504293504,0.9993043504293504
fold_4,main_fold_4,Main v2 model rolling-origin fold_4,rolling_origin_confirmatory,main,feature_only,env_patent_share_inventions,lag1_3_mean,ARM,Armenia,2017,0.003224004,lasso_alpha_0.1,0.003224004,0.18610054415304045,-0.18287654015304045,0.18287654015304045
fold_4,main_fold_4,Main v2 model rolling-origin fold_4,rolling_origin_confirmatory,main,feature_only,env_patent_share_inventions,lag1_3_mean,ATG,Antigua and Barbuda,2017,0.0007164453,lasso_alpha_0.1,0.0007164453,0.19801698139753254,-0.19730053609753254,0.19730053609753254
fold_4,main_fold_4,Main v2 model rolling-origin fold_4,rolling_origin_confirmatory,main,feature_only,env_patent_share_inventions,lag1_3_mean,AUS,Australia,2017,0.6232597,lasso_alpha_0.1,0.6232597,2.4365737027431082,-1.8133140027431083,1.8133140027431083
fold_4,main_fold_4,Main v2 model rolling-origin fold_4,rolling_origin_confirmatory,main,feature_only,env_patent_share_inventions,lag1_3_mean,AUT,Austria,2017,0.8002395,lasso_alpha_0.1,0.8002395,1.1762879196073661,-0.3760484196073661,0.3760484196073661
fold_4,main_fold_4,Main v2 model rolling-origin fold_4,rolling_origin_confirmatory,main,feature_only,env_patent_share_inventions,lag1_3_mean,AZE,Azerbaijan,2017,0.00537334,lasso_alpha_0.1,0.00537334,0.14488672454351903,-0.13951338454351903,0.13951338454351903
fold_4,main_fold_4,Main v2 model rolling-origin fold_4,rolling_origin_confirmatory,main,feature_only,env_patent_share_inventions,lag1_3_mean,BEL,Belgium,2017,0.5253514,lasso_alpha_0.1,0.5253514,1.113346758841585,-0.587995358841585,0.587995358841585
fold_4,main_fold_4,Main v2 model rolling-origin fold_4,rolling_origin_confirmatory,main,feature_only,env_patent_share_inventions,lag1_3_mean,BGD,Bangladesh,2017,0.001594091,lasso_alpha_0.1,0.001594091,0.20521999302135163,-0.20362590202135164,0.20362590202135164
fold_4,main_fold_4,Main v2 model rolling-origin fold_4,rolling_origin_confirmatory,main,feature_only,env_patent_share_inventions,lag1_3_mean,BGR,Bulgaria,2017,0.02292625,lasso_alpha_0.1,0.02292625,0.23826876298598665,-0.21534251298598664,0.21534251298598664
fold_4,main_fold_4,Main v2 model rolling-origin fold_4,rolling_origin_confirmatory,main,feature_only,env_patent_share_inventions,lag1_3_mean,BIH,Bosnia and Herzegovina,2017,0.004298672,lasso_alpha_0.1,0.004298672,0.036539029533623535,-0.03224035753362353,0.03224035753362353
fold_4,main_fold_4,Main v2 model rolling-origin fold_4,rolling_origin_confirmatory,main,feature_only,env_patent_share_inventions,lag1_3_mean,BLR,Belarus,2017,0.01540357,lasso_alpha_0.1,0.01540357,-0.0065691360025889045,0.021972706002588903,0.021972706002588903
fold_4,main_fold_4,Main v2 model rolling-origin fold_4,rolling_origin_confirmatory,main,feature_only,env_patent_share_inventions,lag1_3_mean,BLZ,Belize,2017,0.002149336,lasso_alpha_0.1,0.002149336,-0.09783249030908747,0.09998182630908747,0.09998182630908747
fold_4,main_fold_4,Main v2 model rolling-origin fold_4,rolling_origin_confirmatory,main,feature_only,env_patent_share_inventions,lag1_3_mean,BRA,Brazil,2017,0.2207368,lasso_alpha_0.1,0.2207368,2.4000571192583484,-2.1793203192583483,2.1793203192583483
fold_4,main_fold_4,Main v2 model rolling-origin fold_4,rolling_origin_confirmatory,main,feature_only,env_patent_share_inventions,lag1_3_mean,CAF,Central African Republic,2017,0.002149336,lasso_alpha_0.1,0.002149336,-0.5449890572084957,0.5471383932084957,0.5471383932084957
fold_4,main_fold_4,Main v2 model rolling-origin fold_4,rolling_origin_confirmatory,main,feature_only,env_patent_share_inventions,lag1_3_mean,CAN,Canada,2017,1.778581,lasso_alpha_0.1,1.778581,2.708311465534455,-0.9297304655344552,0.9297304655344552
fold_4,main_fold_4,Main v2 model rolling-origin fold_4,rolling_origin_confirmatory,main,feature_only,env_patent_share_inventions,lag1_3_mean,CHE,Switzerland,2017,0.6575415,lasso_alpha_0.1,0.6575415,0.38267410885995023,0.27486739114004977,0.27486739114004977
fold_4,main_fold_4,Main v2 model rolling-origin fold_4,rolling_origin_confirmatory,main,feature_only,env_patent_share_inventions,lag1_3_mean,CHL,Chile,2017,0.04807348,lasso_alpha_0.1,0.04807348,0.5686075973005458,-0.5205341173005458,0.5205341173005458
fold_4,main_fold_4,Main v2 model rolling-origin fold_4,rolling_origin_confirmatory,main,feature_only,env_patent_share_inventions,lag1_3_mean,CHN,China,2017,12.36607,lasso_alpha_0.1,12.36607,18.441080497345077,-6.075010497345076,6.075010497345076
fold_4,main_fold_4,Main v2 model rolling-origin fold_4,rolling_origin_confirmatory,main,feature_only,env_patent_share_inventions,lag1_3_mean,CIV,Cote d'Ivoire,2017,0.0007164453,lasso_alpha_0.1,0.0007164453,-0.12751890825755274,0.12823535355755275,0.12823535355755275
fold_4,main_fold_4,Main v2 model rolling-origin fold_4,rolling_origin_confirmatory,main,feature_only,env_patent_share_inventions,lag1_3_mean,CMR,Cameroon,2017,0.003224004,lasso_alpha_0.1,0.003224004,-0.2635224724880971,0.26674647648809713,0.26674647648809713
fold_4,main_fold_4,Main v2 model rolling-origin fold_4,rolling_origin_confirmatory,main,feature_only,env_patent_share_inventions,lag1_3_mean,COL,Colombia,2017,0.04674805,lasso_alpha_0.1,0.04674805,0.48894310325457196,-0.442195053254572,0.442195053254572
fold_4,main_fold_4,Main v2 model rolling-origin fold_4,rolling_origin_confirmatory,main,feature_only,env_patent_share_inventions,lag1_3_mean,CRI,Costa Rica,2017,0.01038846,lasso_alpha_0.1,0.01038846,0.22301207151773084,-0.21262361151773085,0.21262361151773085
fold_4,main_fold_4,Main v2 model rolling-origin fold_4,rolling_origin_confirmatory,main,feature_only,env_patent_share_inventions,lag1_3_mean,CUB,Cuba,2017,0.0007164453,lasso_alpha_0.1,0.0007164453,-0.006006064453928817,0.006722509753928817,0.006722509753928817
fold_4,main_fold_4,Main v2 model rolling-origin fold_4,rolling_origin_confirmatory,main,feature_only,env_patent_share_inventions,lag1_3_mean,CYP,Cyprus,2017,0.00268667,lasso_alpha_0.1,0.00268667,-0.026322446694025614,0.029009116694025613,0.029009116694025613
fold_4,main_fold_4,Main v2 model rolling-origin fold_4,rolling_origin_confirmatory,main,feature_only,env_patent_share_inventions,lag1_3_mean,CZE,Czechia,2017,0.1423935,lasso_alpha_0.1,0.1423935,0.5328204269567696,-0.39042692695676956,0.39042692695676956
fold_4,main_fold_4,Main v2 model rolling-origin fold_4,rolling_origin_confirmatory,main,feature_only,env_patent_share_inventions,lag1_3_mean,DEU,Germany,2017,10.22192,lasso_alpha_0.1,10.22192,6.3636887273101825,3.8582312726898182,3.8582312726898182
fold_4,main_fold_4,Main v2 model rolling-origin fold_4,rolling_origin_confirmatory,main,feature_only,env_patent_share_inventions,lag1_3_mean,DNK,Denmark,2017,0.8523908,lasso_alpha_0.1,0.8523908,0.9087060351421412,-0.05631523514214121,0.05631523514214121
fold_4,main_fold_4,Main v2 model rolling-origin fold_4,rolling_origin_confirmatory,main,feature_only,env_patent_share_inventions,lag1_3_mean,DZA,Algeria,2017,0.0007164453,lasso_alpha_0.1,0.0007164453,0.31374783385727245,-0.31303138855727247,0.31303138855727247
fold_4,main_fold_4,Main v2 model rolling-origin fold_4,rolling_origin_confirmatory,main,feature_only,env_patent_share_inventions,lag1_3_mean,EGY,"Egypt, Arab Rep.",2017,0.01325424,lasso_alpha_0.1,0.01325424,0.5391566371125511,-0.5259023971125512,0.5259023971125512
fold_4,main_fold_4,Main v2 model rolling-origin fold_4,rolling_origin_confirmatory,main,feature_only,env_patent_share_inventions,lag1_3_mean,ESP,Spain,2017,0.6974322,lasso_alpha_0.1,0.6974322,2.1183413609590604,-1.4209091609590605,1.4209091609590605
fold_4,main_fold_4,Main v2 model rolling-origin fold_4,rolling_origin_confirmatory,main,feature_only,env_patent_share_inventions,lag1_3_mean,EST,Estonia,2017,0.02041869,lasso_alpha_0.1,0.02041869,0.3996054083210049,-0.37918671832100487,0.37918671832100487
fold_4,main_fold_4,Main v2 model rolling-origin fold_4,rolling_origin_confirmatory,main,feature_only,env_patent_share_inventions,lag1_3_mean,ETH,Ethiopia,2017,0.0007164453,lasso_alpha_0.1,0.0007164453,-0.32562718020981496,0.32634362550981494,0.32634362550981494
fold_4,main_fold_4,Main v2 model rolling-origin fold_4,rolling_origin_confirmatory,main,feature_only,env_patent_share_inventions,lag1_3_mean,FIN,Finland,2017,0.5177034,lasso_alpha_0.1,0.5177034,0.6710152840040666,-0.1533118840040666,0.1533118840040666
fold_4,main_fold_4,Main v2 model rolling-origin fold_4,rolling_origin_confirmatory,main,feature_only,env_patent_share_inventions,lag1_3_mean,FRA,France,2017,3.399569,lasso_alpha_0.1,3.399569,4.615572747522755,-1.216003747522755,1.216003747522755
fold_4,main_fold_4,Main v2 model rolling-origin fold_4,rolling_origin_confirmatory,main,feature_only,env_patent_share_inventions,lag1_3_mean,FRO,Faroe Islands,2017,0.001432891,lasso_alpha_0.1,0.001432891,0.15819657883744176,-0.15676368783744177,0.15676368783744177
fold_4,main_fold_4,Main v2 model rolling-origin fold_4,rolling_origin_confirmatory,main,feature_only,env_patent_share_inventions,lag1_3_mean,GBR,United Kingdom,2017,2.432212,lasso_alpha_0.1,2.432212,4.2031079376989755,-1.7708959376989757,1.7708959376989757
fold_4,main_fold_4,Main v2 model rolling-origin fold_4,rolling_origin_confirmatory,main,feature_only,env_patent_share_inventions,lag1_3_mean,GEO,Georgia,2017,0.001791113,lasso_alpha_0.1,0.001791113,0.23516117753771892,-0.2333700645377189,0.2333700645377189
fold_4,main_fold_4,Main v2 model rolling-origin fold_4,rolling_origin_confirmatory,main,feature_only,env_patent_share_inventions,lag1_3_mean,GHA,Ghana,2017,0.001074668,lasso_alpha_0.1,0.001074668,-0.01185309340197549,0.01292776140197549,0.01292776140197549
fold_4,main_fold_4,Main v2 model rolling-origin fold_4,rolling_origin_confirmatory,main,feature_only,env_patent_share_inventions,lag1_3_mean,GRC,Greece,2017,0.04483753,lasso_alpha_0.1,0.04483753,0.4852616419340689,-0.4404241119340689,0.4404241119340689
fold_4,main_fold_4,Main v2 model rolling-origin fold_4,rolling_origin_confirmatory,main,feature_only,env_patent_share_inventions,lag1_3_mean,HKG,"Hong Kong SAR, China",2017,0.1059145,lasso_alpha_0.1,0.1059145,-0.9364572729302478,1.0423717729302477,1.0423717729302477
fold_4,main_fold_4,Main v2 model rolling-origin fold_4,rolling_origin_confirmatory,main,feature_only,env_patent_share_inventions,lag1_3_mean,HRV,Croatia,2017,0.0127169,lasso_alpha_0.1,0.0127169,0.13028856074114892,-0.11757166074114891,0.11757166074114891
fold_4,main_fold_4,Main v2 model rolling-origin fold_4,rolling_origin_confirmatory,main,feature_only,env_patent_share_inventions,lag1_3_mean,HUN,Hungary,2017,0.06967431,lasso_alpha_0.1,0.06967431,0.05461359903590979,0.015060710964090215,0.015060710964090215
fold_4,main_fold_4,Main v2 model rolling-origin fold_4,rolling_origin_confirmatory,main,feature_only,env_patent_share_inventions,lag1_3_mean,IDN,Indonesia,2017,0.01406024,lasso_alpha_0.1,0.01406024,1.4748178301497972,-1.4607575901497971,1.4607575901497971
fold_4,main_fold_4,Main v2 model rolling-origin fold_4,rolling_origin_confirmatory,main,feature_only,env_patent_share_inventions,lag1_3_mean,IND,India,2017,1.185934,lasso_alpha_0.1,1.185934,3.4224073217999322,-2.236473321799932,2.236473321799932
fold_4,main_fold_4,Main v2 model rolling-origin fold_4,rolling_origin_confirmatory,main,feature_only,env_patent_share_inventions,lag1_3_mean,IRL,Ireland,2017,0.09262102,lasso_alpha_0.1,0.09262102,-0.8752215996282398,0.9678426196282397,0.9678426196282397
fold_4,main_fold_4,Main v2 model rolling-origin fold_4,rolling_origin_confirmatory,main,feature_only,env_patent_share_inventions,lag1_3_mean,IRN,"Iran, Islamic Rep.",2017,0.05265873,lasso_alpha_0.1,0.05265873,0.69571050160137,-0.6430517716013701,0.6430517716013701
fold_4,main_fold_4,Main v2 model rolling-origin fold_4,rolling_origin_confirmatory,main,feature_only,env_patent_share_inventions,lag1_3_mean,ISL,Iceland,2017,0.01128401,lasso_alpha_0.1,0.01128401,0.13640968416678556,-0.12512567416678555,0.12512567416678555
fold_4,main_fold_4,Main v2 model rolling-origin fold_4,rolling_origin_confirmatory,main,feature_only,env_patent_share_inventions,lag1_3_mean,ISR,Israel,2017,0.608999,lasso_alpha_0.1,0.608999,0.8638631233352687,-0.25486412333526876,0.25486412333526876
fold_4,main_fold_4,Main v2 model rolling-origin fold_4,rolling_origin_confirmatory,main,feature_only,env_patent_share_inventions,lag1_3_mean,ITA,Italy,2017,1.441261,lasso_alpha_0.1,1.441261,3.48399564013112,-2.04273464013112,2.04273464013112
fold_4,main_fold_4,Main v2 model rolling-origin fold_4,rolling_origin_confirmatory,main,feature_only,env_patent_share_inventions,lag1_3_mean,JOR,Jordan,2017,0.005015117,lasso_alpha_0.1,0.005015117,0.22127983730616252,-0.2162647203061625,0.2162647203061625
fold_4,main_fold_4,Main v2 model rolling-origin fold_4,rolling_origin_confirmatory,main,feature_only,env_patent_share_inventions,lag1_3_mean,JPN,Japan,2017,22.01572,lasso_alpha_0.1,22.01572,8.595785515198099,13.419934484801903,13.419934484801903
fold_4,main_fold_4,Main v2 model rolling-origin fold_4,rolling_origin_confirmatory,main,feature_only,env_patent_share_inventions,lag1_3_mean,KAZ,Kazakhstan,2017,0.0189858,lasso_alpha_0.1,0.0189858,0.3547384658996784,-0.3357526658996784,0.3357526658996784
fold_4,main_fold_4,Main v2 model rolling-origin fold_4,rolling_origin_confirmatory,main,feature_only,env_patent_share_inventions,lag1_3_mean,KEN,Kenya,2017,0.01217957,lasso_alpha_0.1,0.01217957,-0.04695641318314636,0.05913598318314636,0.05913598318314636
fold_4,main_fold_4,Main v2 model rolling-origin fold_4,rolling_origin_confirmatory,main,feature_only,env_patent_share_inventions,lag1_3_mean,KOR,"Korea, Rep.",2017,11.03141,lasso_alpha_0.1,11.03141,3.1874038061169956,7.844006193883004,7.844006193883004
fold_4,main_fold_4,Main v2 model rolling-origin fold_4,rolling_origin_confirmatory,main,feature_only,env_patent_share_inventions,lag1_3_mean,KWT,Kuwait,2017,0.00537334,lasso_alpha_0.1,0.00537334,0.36185305820469094,-0.35647971820469093,0.35647971820469093
fold_4,main_fold_4,Main v2 model rolling-origin fold_4,rolling_origin_confirmatory,main,feature_only,env_patent_share_inventions,lag1_3_mean,LAO,Lao PDR,2017,0.006448008,lasso_alpha_0.1,0.006448008,-0.21030769839034846,0.21675570639034847,0.21675570639034847
fold_4,main_fold_4,Main v2 model rolling-origin fold_4,rolling_origin_confirmatory,main,feature_only,env_patent_share_inventions,lag1_3_mean,LBN,Lebanon,2017,0.001432891,lasso_alpha_0.1,0.001432891,0.12517326942676887,-0.12374037842676887,0.12374037842676887
fold_4,main_fold_4,Main v2 model rolling-origin fold_4,rolling_origin_confirmatory,main,feature_only,env_patent_share_inventions,lag1_3_mean,LBY,Libya,2017,0.001074668,lasso_alpha_0.1,0.001074668,-0.22607855975196434,0.22715322775196434,0.22715322775196434
fold_4,main_fold_4,Main v2 model rolling-origin fold_4,rolling_origin_confirmatory,main,feature_only,env_patent_share_inventions,lag1_3_mean,LKA,Sri Lanka,2017,0.003224004,lasso_alpha_0.1,0.003224004,0.10636576897476391,-0.1031417649747639,0.1031417649747639
fold_4,main_fold_4,Main v2 model rolling-origin fold_4,rolling_origin_confirmatory,main,feature_only,env_patent_share_inventions,lag1_3_mean,LTU,Lithuania,2017,0.01003023,lasso_alpha_0.1,0.01003023,0.32216512200184977,-0.3121348920018498,0.3121348920018498
fold_4,main_fold_4,Main v2 model rolling-origin fold_4,rolling_origin_confirmatory,main,feature_only,env_patent_share_inventions,lag1_3_mean,LUX,Luxembourg,2017,0.02281878,lasso_alpha_0.1,0.02281878,0.09361318866699742,-0.07079440866699742,0.07079440866699742
fold_4,main_fold_4,Main v2 model rolling-origin fold_4,rolling_origin_confirmatory,main,feature_only,env_patent_share_inventions,lag1_3_mean,LVA,Latvia,2017,0.006089785,lasso_alpha_0.1,0.006089785,0.2408210916831256,-0.23473130668312558,0.23473130668312558
fold_4,main_fold_4,Main v2 model rolling-origin fold_4,rolling_origin_confirmatory,main,feature_only,env_patent_share_inventions,lag1_3_mean,MAC,"Macao SAR, China",2017,0.001074668,lasso_alpha_0.1,0.001074668,0.5620960160796655,-0.5610213480796655,0.5610213480796655
fold_4,main_fold_4,Main v2 model rolling-origin fold_4,rolling_origin_confirmatory,main,feature_only,env_patent_share_inventions,lag1_3_mean,MAR,Morocco,2017,0.03510582,lasso_alpha_0.1,0.03510582,0.30238696673886756,-0.26728114673886755,0.26728114673886755
fold_4,main_fold_4,Main v2 model rolling-origin fold_4,rolling_origin_confirmatory,main,feature_only,env_patent_share_inventions,lag1_3_mean,MEX,Mexico,2017,0.1253779,lasso_alpha_0.1,0.1253779,2.0045669486875997,-1.8791890486875997,1.8791890486875997
fold_4,main_fold_4,Main v2 model rolling-origin fold_4,rolling_origin_confirmatory,main,feature_only,env_patent_share_inventions,lag1_3_mean,MLT,Malta,2017,0.003224004,lasso_alpha_0.1,0.003224004,0.2837438879415175,-0.2805198839415175,0.2805198839415175
fold_4,main_fold_4,Main v2 model rolling-origin fold_4,rolling_origin_confirmatory,main,feature_only,env_patent_share_inventions,lag1_3_mean,MNE,Montenegro,2017,0.001074668,lasso_alpha_0.1,0.001074668,0.0249047617618684,-0.0238300937618684,0.0238300937618684
fold_4,main_fold_4,Main v2 model rolling-origin fold_4,rolling_origin_confirmatory,main,feature_only,env_patent_share_inventions,lag1_3_mean,MNG,Mongolia,2017,0.002149336,lasso_alpha_0.1,0.002149336,0.1328203856173581,-0.1306710496173581,0.1306710496173581
fold_4,main_fold_4,Main v2 model rolling-origin fold_4,rolling_origin_confirmatory,main,feature_only,env_patent_share_inventions,lag1_3_mean,MRT,Mauritania,2017,0.001432891,lasso_alpha_0.1,0.001432891,-0.13007403256865135,0.13150692356865135,0.13150692356865135
fold_4,main_fold_4,Main v2 model rolling-origin fold_4,rolling_origin_confirmatory,main,feature_only,env_patent_share_inventions,lag1_3_mean,MUS,Mauritius,2017,0.000537334,lasso_alpha_0.1,0.000537334,0.35143207347686334,-0.35089473947686334,0.35089473947686334
fold_4,main_fold_4,Main v2 model rolling-origin fold_4,rolling_origin_confirmatory,main,feature_only,env_patent_share_inventions,lag1_3_mean,MYS,Malaysia,2017,0.06705928,lasso_alpha_0.1,0.06705928,0.7193918351771056,-0.6523325551771055,0.6523325551771055
fold_4,main_fold_4,Main v2 model rolling-origin fold_4,rolling_origin_confirmatory,main,feature_only,env_patent_share_inventions,lag1_3_mean,NER,Niger,2017,0.003940449,lasso_alpha_0.1,0.003940449,-0.2946705770711111,0.2986110260711111,0.2986110260711111
fold_4,main_fold_4,Main v2 model rolling-origin fold_4,rolling_origin_confirmatory,main,feature_only,env_patent_share_inventions,lag1_3_mean,NLD,Netherlands,2017,1.080668,lasso_alpha_0.1,1.080668,-1.5974176383708536,2.6780856383708533,2.6780856383708533
fold_4,main_fold_4,Main v2 model rolling-origin fold_4,rolling_origin_confirmatory,main,feature_only,env_patent_share_inventions,lag1_3_mean,NOR,Norway,2017,0.2555919,lasso_alpha_0.1,0.2555919,1.1019273632697517,-0.8463354632697517,0.8463354632697517
fold_4,main_fold_4,Main v2 model rolling-origin fold_4,rolling_origin_confirmatory,main,feature_only,env_patent_share_inventions,lag1_3_mean,NPL,Nepal,2017,0.004298672,lasso_alpha_0.1,0.004298672,-0.27603285274569433,0.28033152474569434,0.28033152474569434
fold_4,main_fold_4,Main v2 model rolling-origin fold_4,rolling_origin_confirmatory,main,feature_only,env_patent_share_inventions,lag1_3_mean,NZL,New Zealand,2017,0.107825,lasso_alpha_0.1,0.107825,0.8253493461891181,-0.7175243461891181,0.7175243461891181
fold_4,main_fold_4,Main v2 model rolling-origin fold_4,rolling_origin_confirmatory,main,feature_only,env_patent_share_inventions,lag1_3_mean,OMN,Oman,2017,0.002149336,lasso_alpha_0.1,0.002149336,0.462329589937858,-0.460180253937858,0.460180253937858
fold_4,main_fold_4,Main v2 model rolling-origin fold_4,rolling_origin_confirmatory,main,feature_only,env_patent_share_inventions,lag1_3_mean,PAK,Pakistan,2017,0.007576409,lasso_alpha_0.1,0.007576409,0.39281828431328947,-0.38524187531328946,0.38524187531328946
fold_4,main_fold_4,Main v2 model rolling-origin fold_4,rolling_origin_confirmatory,main,feature_only,env_patent_share_inventions,lag1_3_mean,PAN,Panama,2017,0.007522676,lasso_alpha_0.1,0.007522676,0.19532114741905648,-0.18779847141905648,0.18779847141905648
fold_4,main_fold_4,Main v2 model rolling-origin fold_4,rolling_origin_confirmatory,main,feature_only,env_patent_share_inventions,lag1_3_mean,PER,Peru,2017,0.01289602,lasso_alpha_0.1,0.01289602,0.41408667957004464,-0.4011906595700446,0.4011906595700446
fold_4,main_fold_4,Main v2 model rolling-origin fold_4,rolling_origin_confirmatory,main,feature_only,env_patent_share_inventions,lag1_3_mean,PHL,Philippines,2017,0.0252547,lasso_alpha_0.1,0.0252547,0.5648462337154052,-0.5395915337154052,0.5395915337154052
fold_4,main_fold_4,Main v2 model rolling-origin fold_4,rolling_origin_confirmatory,main,feature_only,env_patent_share_inventions,lag1_3_mean,POL,Poland,2017,0.2349071,lasso_alpha_0.1,0.2349071,0.9583408043399666,-0.7234337043399666,0.7234337043399666
fold_4,main_fold_4,Main v2 model rolling-origin fold_4,rolling_origin_confirmatory,main,feature_only,env_patent_share_inventions,lag1_3_mean,PRT,Portugal,2017,0.07858211,lasso_alpha_0.1,0.07858211,0.49896857087380947,-0.4203864608738095,0.4203864608738095
fold_4,main_fold_4,Main v2 model rolling-origin fold_4,rolling_origin_confirmatory,main,feature_only,env_patent_share_inventions,lag1_3_mean,QAT,Qatar,2017,0.01844847,lasso_alpha_0.1,0.01844847,0.619003900309414,-0.6005554303094139,0.6005554303094139
fold_4,main_fold_4,Main v2 model rolling-origin fold_4,rolling_origin_confirmatory,main,feature_only,env_patent_share_inventions,lag1_3_mean,ROU,Romania,2017,0.06161429,lasso_alpha_0.1,0.06161429,0.4317513642620865,-0.3701370742620865,0.3701370742620865
fold_4,main_fold_4,Main v2 model rolling-origin fold_4,rolling_origin_confirmatory,main,feature_only,env_patent_share_inventions,lag1_3_mean,RUS,Russian Federation,2017,0.3275767,lasso_alpha_0.1,0.3275767,2.396468054568022,-2.0688913545680223,2.0688913545680223
fold_4,main_fold_4,Main v2 model rolling-origin fold_4,rolling_origin_confirmatory,main,feature_only,env_patent_share_inventions,lag1_3_mean,SAU,Saudi Arabia,2017,0.389997,lasso_alpha_0.1,0.389997,1.4014181343203846,-1.0114211343203847,1.0114211343203847
fold_4,main_fold_4,Main v2 model rolling-origin fold_4,rolling_origin_confirmatory,main,feature_only,env_patent_share_inventions,lag1_3_mean,SGP,Singapore,2017,0.2708521,lasso_alpha_0.1,0.2708521,0.19054375683210334,0.08030834316789665,0.08030834316789665
fold_4,main_fold_4,Main v2 model rolling-origin fold_4,rolling_origin_confirmatory,main,feature_only,env_patent_share_inventions,lag1_3_mean,SLV,El Salvador,2017,0.002149336,lasso_alpha_0.1,0.002149336,0.13639662235144734,-0.13424728635144734,0.13424728635144734
fold_4,main_fold_4,Main v2 model rolling-origin fold_4,rolling_origin_confirmatory,main,feature_only,env_patent_share_inventions,lag1_3_mean,SRB,Serbia,2017,0.02049034,lasso_alpha_0.1,0.02049034,0.12218579335349677,-0.10169545335349678,0.10169545335349678
fold_4,main_fold_4,Main v2 model rolling-origin fold_4,rolling_origin_confirmatory,main,feature_only,env_patent_share_inventions,lag1_3_mean,SVK,Slovak Republic,2017,0.04329718,lasso_alpha_0.1,0.04329718,0.36883271164512466,-0.32553553164512467,0.32553553164512467
fold_4,main_fold_4,Main v2 model rolling-origin fold_4,rolling_origin_confirmatory,main,feature_only,env_patent_share_inventions,lag1_3_mean,SVN,Slovenia,2017,0.04406139,lasso_alpha_0.1,0.04406139,0.23182367588279595,-0.18776228588279595,0.18776228588279595
fold_4,main_fold_4,Main v2 model rolling-origin fold_4,rolling_origin_confirmatory,main,feature_only,env_patent_share_inventions,lag1_3_mean,SWE,Sweden,2017,1.056775,lasso_alpha_0.1,1.056775,1.2058615303989573,-0.14908653039895725,0.14908653039895725
fold_4,main_fold_4,Main v2 model rolling-origin fold_4,rolling_origin_confirmatory,main,feature_only,env_patent_share_inventions,lag1_3_mean,SYC,Seychelles,2017,0.002149336,lasso_alpha_0.1,0.002149336,0.13446683111256408,-0.13231749511256408,0.13231749511256408
fold_4,main_fold_4,Main v2 model rolling-origin fold_4,rolling_origin_confirmatory,main,feature_only,env_patent_share_inventions,lag1_3_mean,THA,Thailand,2017,0.03761338,lasso_alpha_0.1,0.03761338,0.7688497938978173,-0.7312364138978172,0.7312364138978172
fold_4,main_fold_4,Main v2 model rolling-origin fold_4,rolling_origin_confirmatory,main,feature_only,env_patent_share_inventions,lag1_3_mean,TKM,Turkmenistan,2017,0.002149336,lasso_alpha_0.1,0.002149336,-0.19616855867843963,0.19831789467843963,0.19831789467843963
fold_4,main_fold_4,Main v2 model rolling-origin fold_4,rolling_origin_confirmatory,main,feature_only,env_patent_share_inventions,lag1_3_mean,TUN,Tunisia,2017,0.006089785,lasso_alpha_0.1,0.006089785,0.09759064451275634,-0.09150085951275634,0.09150085951275634
fold_4,main_fold_4,Main v2 model rolling-origin fold_4,rolling_origin_confirmatory,main,feature_only,env_patent_share_inventions,lag1_3_mean,TUR,Turkiye,2017,0.3255169,lasso_alpha_0.1,0.3255169,1.6052867284429992,-1.2797698284429992,1.2797698284429992
fold_4,main_fold_4,Main v2 model rolling-origin fold_4,rolling_origin_confirmatory,main,feature_only,env_patent_share_inventions,lag1_3_mean,UGA,Uganda,2017,0.001074668,lasso_alpha_0.1,0.001074668,-0.23695051373967813,0.23802518173967813,0.23802518173967813
fold_4,main_fold_4,Main v2 model rolling-origin fold_4,rolling_origin_confirmatory,main,feature_only,env_patent_share_inventions,lag1_3_mean,UKR,Ukraine,2017,0.07415209,lasso_alpha_0.1,0.07415209,0.15914949897509523,-0.08499740897509522,0.08499740897509522
fold_4,main_fold_4,Main v2 model rolling-origin fold_4,rolling_origin_confirmatory,main,feature_only,env_patent_share_inventions,lag1_3_mean,USA,United States,2017,20.80066,lasso_alpha_0.1,20.80066,29.314239656725473,-8.513579656725472,8.513579656725472
fold_4,main_fold_4,Main v2 model rolling-origin fold_4,rolling_origin_confirmatory,main,feature_only,env_patent_share_inventions,lag1_3_mean,UZB,Uzbekistan,2017,0.007522676,lasso_alpha_0.1,0.007522676,0.013754874651142779,-0.006232198651142779,0.006232198651142779
fold_4,main_fold_4,Main v2 model rolling-origin fold_4,rolling_origin_confirmatory,main,feature_only,env_patent_share_inventions,lag1_3_mean,VEN,"Venezuela, RB",2017,0.001074668,lasso_alpha_0.1,0.001074668,-0.08592222832566287,0.08699689632566288,0.08699689632566288
fold_4,main_fold_4,Main v2 model rolling-origin fold_4,rolling_origin_confirmatory,main,feature_only,env_patent_share_inventions,lag1_3_mean,VIR,Virgin Islands (U.S.),2017,0.001074668,lasso_alpha_0.1,0.001074668,0.25514953096377524,-0.25407486296377524,0.25407486296377524
fold_4,main_fold_4,Main v2 model rolling-origin fold_4,rolling_origin_confirmatory,main,feature_only,env_patent_share_inventions,lag1_3_mean,VNM,Viet Nam,2017,0.03268782,lasso_alpha_0.1,0.03268782,0.22341372762850653,-0.19072590762850652,0.19072590762850652
fold_4,main_fold_4,Main v2 model rolling-origin fold_4,rolling_origin_confirmatory,main,feature_only,env_patent_share_inventions,lag1_3_mean,ZAF,South Africa,2017,0.0579246,lasso_alpha_0.1,0.0579246,0.8321844049422061,-0.7742598049422061,0.7742598049422061
fold_4,main_fold_4,Main v2 model rolling-origin fold_4,rolling_origin_confirmatory,main,feature_only,env_patent_share_inventions,lag1_3_mean,ZMB,Zambia,2017,0.002149336,lasso_alpha_0.1,0.002149336,-0.2626575918541467,0.2648069278541467,0.2648069278541467
fold_4,main_fold_4,Main v2 model rolling-origin fold_4,rolling_origin_confirmatory,main,feature_only,env_patent_share_inventions,lag1_3_mean,ZWE,Zimbabwe,2017,0.001074668,lasso_alpha_0.1,0.001074668,-0.4722833161593514,0.4733579841593514,0.4733579841593514
fold_4,main_fold_4,Main v2 model rolling-origin fold_4,rolling_origin_confirmatory,main,feature_only,env_patent_share_inventions,lag1_3_mean,ALB,Albania,2018,0.006027167,lasso_alpha_0.1,0.006027167,0.033567414471585844,-0.027540247471585844,0.027540247471585844
fold_4,main_fold_4,Main v2 model rolling-origin fold_4,rolling_origin_confirmatory,main,feature_only,env_patent_share_inventions,lag1_3_mean,ARE,United Arab Emirates,2018,0.02428087,lasso_alpha_0.1,0.02428087,0.9926634658258303,-0.9683825958258303,0.9683825958258303
fold_4,main_fold_4,Main v2 model rolling-origin fold_4,rolling_origin_confirmatory,main,feature_only,env_patent_share_inventions,lag1_3_mean,ARG,Argentina,2018,0.02383314,lasso_alpha_0.1,0.02383314,1.0737253376501696,-1.0498921976501696,1.0498921976501696
fold_4,main_fold_4,Main v2 model rolling-origin fold_4,rolling_origin_confirmatory,main,feature_only,env_patent_share_inventions,lag1_3_mean,ARM,Armenia,2018,0.003099686,lasso_alpha_0.1,0.003099686,0.18831613127842306,-0.18521644527842307,0.18521644527842307
fold_4,main_fold_4,Main v2 model rolling-origin fold_4,rolling_origin_confirmatory,main,feature_only,env_patent_share_inventions,lag1_3_mean,AUS,Australia,2018,0.5392765,lasso_alpha_0.1,0.5392765,2.570977958841773,-2.031701458841773,2.031701458841773
fold_4,main_fold_4,Main v2 model rolling-origin fold_4,rolling_origin_confirmatory,main,feature_only,env_patent_share_inventions,lag1_3_mean,AUT,Austria,2018,0.8008407,lasso_alpha_0.1,0.8008407,1.1445165357712737,-0.3436758357712737,0.3436758357712737
fold_4,main_fold_4,Main v2 model rolling-origin fold_4,rolling_origin_confirmatory,main,feature_only,env_patent_share_inventions,lag1_3_mean,AZE,Azerbaijan,2018,0.001033229,lasso_alpha_0.1,0.001033229,0.1537889693380996,-0.1527557403380996,0.1527557403380996
fold_4,main_fold_4,Main v2 model rolling-origin fold_4,rolling_origin_confirmatory,main,feature_only,env_patent_share_inventions,lag1_3_mean,BEL,Belgium,2018,0.5747162,lasso_alpha_0.1,0.5747162,1.246971756146413,-0.6722555561464131,0.6722555561464131
fold_4,main_fold_4,Main v2 model rolling-origin fold_4,rolling_origin_confirmatory,main,feature_only,env_patent_share_inventions,lag1_3_mean,BGD,Bangladesh,2018,0.00396071,lasso_alpha_0.1,0.00396071,0.2581311313190554,-0.25417042131905543,0.25417042131905543
fold_4,main_fold_4,Main v2 model rolling-origin fold_4,rolling_origin_confirmatory,main,feature_only,env_patent_share_inventions,lag1_3_mean,BGR,Bulgaria,2018,0.02651954,lasso_alpha_0.1,0.02651954,0.25410878004445747,-0.22758924004445746,0.22758924004445746
fold_4,main_fold_4,Main v2 model rolling-origin fold_4,rolling_origin_confirmatory,main,feature_only,env_patent_share_inventions,lag1_3_mean,BHS,"Bahamas, The",2018,0.002066457,lasso_alpha_0.1,0.002066457,0.22419104230299902,-0.22212458530299903,0.22212458530299903
fold_4,main_fold_4,Main v2 model rolling-origin fold_4,rolling_origin_confirmatory,main,feature_only,env_patent_share_inventions,lag1_3_mean,BIH,Bosnia and Herzegovina,2018,0.005166143,lasso_alpha_0.1,0.005166143,0.04513277259946291,-0.03996662959946291,0.03996662959946291
fold_4,main_fold_4,Main v2 model rolling-origin fold_4,rolling_origin_confirmatory,main,feature_only,env_patent_share_inventions,lag1_3_mean,BLR,Belarus,2018,0.02583072,lasso_alpha_0.1,0.02583072,-0.008702628129874324,0.034533348129874325,0.034533348129874325
fold_4,main_fold_4,Main v2 model rolling-origin fold_4,rolling_origin_confirmatory,main,feature_only,env_patent_share_inventions,lag1_3_mean,BRA,Brazil,2018,0.2271725,lasso_alpha_0.1,0.2271725,2.4097873353187804,-2.1826148353187804,2.1826148353187804
fold_4,main_fold_4,Main v2 model rolling-origin fold_4,rolling_origin_confirmatory,main,feature_only,env_patent_share_inventions,lag1_3_mean,BTN,Bhutan,2018,0.0008265829,lasso_alpha_0.1,0.0008265829,-0.23774781259459865,0.23857439549459866,0.23857439549459866
fold_4,main_fold_4,Main v2 model rolling-origin fold_4,rolling_origin_confirmatory,main,feature_only,env_patent_share_inventions,lag1_3_mean,CAN,Canada,2018,1.663917,lasso_alpha_0.1,1.663917,2.940181355059478,-1.276264355059478,1.276264355059478
fold_4,main_fold_4,Main v2 model rolling-origin fold_4,rolling_origin_confirmatory,main,feature_only,env_patent_share_inventions,lag1_3_mean,CHE,Switzerland,2018,0.7060626,lasso_alpha_0.1,0.7060626,-0.1642115188848685,0.8702741188848685,0.8702741188848685
fold_4,main_fold_4,Main v2 model rolling-origin fold_4,rolling_origin_confirmatory,main,feature_only,env_patent_share_inventions,lag1_3_mean,CHL,Chile,2018,0.07198159,lasso_alpha_0.1,0.07198159,0.6674598374522969,-0.5954782474522968,0.5954782474522968
fold_4,main_fold_4,Main v2 model rolling-origin fold_4,rolling_origin_confirmatory,main,feature_only,env_patent_share_inventions,lag1_3_mean,CHN,China,2018,14.12646,lasso_alpha_0.1,14.12646,20.378690973010546,-6.252230973010546,6.252230973010546
fold_4,main_fold_4,Main v2 model rolling-origin fold_4,rolling_origin_confirmatory,main,feature_only,env_patent_share_inventions,lag1_3_mean,COL,Colombia,2018,0.0397793,lasso_alpha_0.1,0.0397793,0.5054119562498325,-0.46563265624983247,0.46563265624983247
fold_4,main_fold_4,Main v2 model rolling-origin fold_4,rolling_origin_confirmatory,main,feature_only,env_patent_share_inventions,lag1_3_mean,CRI,Costa Rica,2018,0.003099686,lasso_alpha_0.1,0.003099686,0.23662182844015578,-0.2335221424401558,0.2335221424401558
fold_4,main_fold_4,Main v2 model rolling-origin fold_4,rolling_origin_confirmatory,main,feature_only,env_patent_share_inventions,lag1_3_mean,CYP,Cyprus,2018,0.0005166143,lasso_alpha_0.1,0.0005166143,0.0225192263038011,-0.0220026120038011,0.0220026120038011
fold_4,main_fold_4,Main v2 model rolling-origin fold_4,rolling_origin_confirmatory,main,feature_only,env_patent_share_inventions,lag1_3_mean,CZE,Czechia,2018,0.1424133,lasso_alpha_0.1,0.1424133,0.5601044764880103,-0.41769117648801035,0.41769117648801035
fold_4,main_fold_4,Main v2 model rolling-origin fold_4,rolling_origin_confirmatory,main,feature_only,env_patent_share_inventions,lag1_3_mean,DEU,Germany,2018,10.37376,lasso_alpha_0.1,10.37376,6.107561504759008,4.266198495240992,4.266198495240992
fold_4,main_fold_4,Main v2 model rolling-origin fold_4,rolling_origin_confirmatory,main,feature_only,env_patent_share_inventions,lag1_3_mean,DJI,Djibouti,2018,0.002066457,lasso_alpha_0.1,0.002066457,-0.19005732014561794,0.19212377714561793,0.19212377714561793
fold_4,main_fold_4,Main v2 model rolling-origin fold_4,rolling_origin_confirmatory,main,feature_only,env_patent_share_inventions,lag1_3_mean,DNK,Denmark,2018,0.9532223,lasso_alpha_0.1,0.9532223,0.9404526828122677,0.012769617187732285,0.012769617187732285
fold_4,main_fold_4,Main v2 model rolling-origin fold_4,rolling_origin_confirmatory,main,feature_only,env_patent_share_inventions,lag1_3_mean,DOM,Dominican Republic,2018,0.004132914,lasso_alpha_0.1,0.004132914,0.20264429005109208,-0.1985113760510921,0.1985113760510921
fold_4,main_fold_4,Main v2 model rolling-origin fold_4,rolling_origin_confirmatory,main,feature_only,env_patent_share_inventions,lag1_3_mean,DZA,Algeria,2018,0.005166143,lasso_alpha_0.1,0.005166143,0.3324000234030422,-0.3272338804030422,0.3272338804030422
fold_4,main_fold_4,Main v2 model rolling-origin fold_4,rolling_origin_confirmatory,main,feature_only,env_patent_share_inventions,lag1_3_mean,ECU,Ecuador,2018,0.005854962,lasso_alpha_0.1,0.005854962,0.09298488317661169,-0.08712992117661168,0.08712992117661168
fold_4,main_fold_4,Main v2 model rolling-origin fold_4,rolling_origin_confirmatory,main,feature_only,env_patent_share_inventions,lag1_3_mean,EGY,"Egypt, Arab Rep.",2018,0.01274315,lasso_alpha_0.1,0.01274315,0.5544249134247604,-0.5416817634247604,0.5416817634247604
fold_4,main_fold_4,Main v2 model rolling-origin fold_4,rolling_origin_confirmatory,main,feature_only,env_patent_share_inventions,lag1_3_mean,ESP,Spain,2018,0.6582757,lasso_alpha_0.1,0.6582757,2.2023405663139863,-1.5440648663139864,1.5440648663139864
fold_4,main_fold_4,Main v2 model rolling-origin fold_4,rolling_origin_confirmatory,main,feature_only,env_patent_share_inventions,lag1_3_mean,EST,Estonia,2018,0.01618725,lasso_alpha_0.1,0.01618725,0.4005090373917225,-0.3843217873917225,0.3843217873917225
fold_4,main_fold_4,Main v2 model rolling-origin fold_4,rolling_origin_confirmatory,main,feature_only,env_patent_share_inventions,lag1_3_mean,ETH,Ethiopia,2018,0.001033229,lasso_alpha_0.1,0.001033229,-0.3209855093887526,0.3220187383887526,0.3220187383887526
fold_4,main_fold_4,Main v2 model rolling-origin fold_4,rolling_origin_confirmatory,main,feature_only,env_patent_share_inventions,lag1_3_mean,FIN,Finland,2018,0.5081074,lasso_alpha_0.1,0.5081074,0.6750956251096754,-0.16698822510967537,0.16698822510967537
fold_4,main_fold_4,Main v2 model rolling-origin fold_4,rolling_origin_confirmatory,main,feature_only,env_patent_share_inventions,lag1_3_mean,FRA,France,2018,3.689645,lasso_alpha_0.1,3.689645,4.517234369716032,-0.8275893697160321,0.8275893697160321
fold_4,main_fold_4,Main v2 model rolling-origin fold_4,rolling_origin_confirmatory,main,feature_only,env_patent_share_inventions,lag1_3_mean,FRO,Faroe Islands,2018,0.002066457,lasso_alpha_0.1,0.002066457,0.15880146266627537,-0.15673500566627538,0.15673500566627538
fold_4,main_fold_4,Main v2 model rolling-origin fold_4,rolling_origin_confirmatory,main,feature_only,env_patent_share_inventions,lag1_3_mean,GBR,United Kingdom,2018,2.45723,lasso_alpha_0.1,2.45723,4.033918397548533,-1.5766883975485326,1.5766883975485326
fold_4,main_fold_4,Main v2 model rolling-origin fold_4,rolling_origin_confirmatory,main,feature_only,env_patent_share_inventions,lag1_3_mean,GEO,Georgia,2018,0.005854962,lasso_alpha_0.1,0.005854962,0.2479484741890018,-0.2420935121890018,0.2420935121890018
fold_4,main_fold_4,Main v2 model rolling-origin fold_4,rolling_origin_confirmatory,main,feature_only,env_patent_share_inventions,lag1_3_mean,GRC,Greece,2018,0.04960071,lasso_alpha_0.1,0.04960071,0.4826826578577322,-0.4330819478577322,0.4330819478577322
fold_4,main_fold_4,Main v2 model rolling-origin fold_4,rolling_origin_confirmatory,main,feature_only,env_patent_share_inventions,lag1_3_mean,HKG,"Hong Kong SAR, China",2018,0.07904199,lasso_alpha_0.1,0.07904199,-0.8772187988881097,0.9562607888881097,0.9562607888881097
fold_4,main_fold_4,Main v2 model rolling-origin fold_4,rolling_origin_confirmatory,main,feature_only,env_patent_share_inventions,lag1_3_mean,HRV,Croatia,2018,0.008561037,lasso_alpha_0.1,0.008561037,0.15561722209045814,-0.14705618509045815,0.14705618509045815
fold_4,main_fold_4,Main v2 model rolling-origin fold_4,rolling_origin_confirmatory,main,feature_only,env_patent_share_inventions,lag1_3_mean,HUN,Hungary,2018,0.07456467,lasso_alpha_0.1,0.07456467,0.18389304499989756,-0.10932837499989756,0.10932837499989756
fold_4,main_fold_4,Main v2 model rolling-origin fold_4,rolling_origin_confirmatory,main,feature_only,env_patent_share_inventions,lag1_3_mean,IDN,Indonesia,2018,0.01308756,lasso_alpha_0.1,0.01308756,1.5920272132504825,-1.5789396532504825,1.5789396532504825
fold_4,main_fold_4,Main v2 model rolling-origin fold_4,rolling_origin_confirmatory,main,feature_only,env_patent_share_inventions,lag1_3_mean,IND,India,2018,1.135592,lasso_alpha_0.1,1.135592,3.7203404534096163,-2.5847484534096163,2.5847484534096163
fold_4,main_fold_4,Main v2 model rolling-origin fold_4,rolling_origin_confirmatory,main,feature_only,env_patent_share_inventions,lag1_3_mean,IRL,Ireland,2018,0.1151558,lasso_alpha_0.1,0.1151558,-0.6743664844049482,0.7895222844049482,0.7895222844049482
fold_4,main_fold_4,Main v2 model rolling-origin fold_4,rolling_origin_confirmatory,main,feature_only,env_patent_share_inventions,lag1_3_mean,IRN,"Iran, Islamic Rep.",2018,0.05166143,lasso_alpha_0.1,0.05166143,0.7273483710162806,-0.6756869410162806,0.6756869410162806
fold_4,main_fold_4,Main v2 model rolling-origin fold_4,rolling_origin_confirmatory,main,feature_only,env_patent_share_inventions,lag1_3_mean,IRQ,Iraq,2018,0.002066457,lasso_alpha_0.1,0.002066457,0.37587435688320125,-0.37380789988320123,0.37380789988320123
fold_4,main_fold_4,Main v2 model rolling-origin fold_4,rolling_origin_confirmatory,main,feature_only,env_patent_share_inventions,lag1_3_mean,ISL,Iceland,2018,0.009299058,lasso_alpha_0.1,0.009299058,0.18689107206317446,-0.17759201406317446,0.17759201406317446
fold_4,main_fold_4,Main v2 model rolling-origin fold_4,rolling_origin_confirmatory,main,feature_only,env_patent_share_inventions,lag1_3_mean,ISR,Israel,2018,0.476835,lasso_alpha_0.1,0.476835,0.8505455413595625,-0.3737105413595625,0.3737105413595625
fold_4,main_fold_4,Main v2 model rolling-origin fold_4,rolling_origin_confirmatory,main,feature_only,env_patent_share_inventions,lag1_3_mean,ITA,Italy,2018,1.347543,lasso_alpha_0.1,1.347543,3.584326301552724,-2.236783301552724,2.236783301552724
fold_4,main_fold_4,Main v2 model rolling-origin fold_4,rolling_origin_confirmatory,main,feature_only,env_patent_share_inventions,lag1_3_mean,JOR,Jordan,2018,0.002066457,lasso_alpha_0.1,0.002066457,0.22637659238303687,-0.22431013538303687,0.22431013538303687
fold_4,main_fold_4,Main v2 model rolling-origin fold_4,rolling_origin_confirmatory,main,feature_only,env_patent_share_inventions,lag1_3_mean,JPN,Japan,2018,22.19602,lasso_alpha_0.1,22.19602,8.718070367051084,13.477949632948917,13.477949632948917
fold_4,main_fold_4,Main v2 model rolling-origin fold_4,rolling_origin_confirmatory,main,feature_only,env_patent_share_inventions,lag1_3_mean,KAZ,Kazakhstan,2018,0.007060396,lasso_alpha_0.1,0.007060396,0.39139023259486994,-0.3843298365948699,0.3843298365948699
fold_4,main_fold_4,Main v2 model rolling-origin fold_4,rolling_origin_confirmatory,main,feature_only,env_patent_share_inventions,lag1_3_mean,KEN,Kenya,2018,0.003099686,lasso_alpha_0.1,0.003099686,-0.027004214301020513,0.030103900301020513,0.030103900301020513
fold_4,main_fold_4,Main v2 model rolling-origin fold_4,rolling_origin_confirmatory,main,feature_only,env_patent_share_inventions,lag1_3_mean,KOR,"Korea, Rep.",2018,11.02991,lasso_alpha_0.1,11.02991,3.2416707325725294,7.788239267427469,7.788239267427469
fold_4,main_fold_4,Main v2 model rolling-origin fold_4,rolling_origin_confirmatory,main,feature_only,env_patent_share_inventions,lag1_3_mean,KWT,Kuwait,2018,0.003099686,lasso_alpha_0.1,0.003099686,0.36557633561930136,-0.36247664961930137,0.36247664961930137
fold_4,main_fold_4,Main v2 model rolling-origin fold_4,rolling_origin_confirmatory,main,feature_only,env_patent_share_inventions,lag1_3_mean,LBN,Lebanon,2018,0.004132914,lasso_alpha_0.1,0.004132914,0.13613952365719728,-0.1320066096571973,0.1320066096571973
fold_4,main_fold_4,Main v2 model rolling-origin fold_4,rolling_origin_confirmatory,main,feature_only,env_patent_share_inventions,lag1_3_mean,LBY,Libya,2018,0.001033229,lasso_alpha_0.1,0.001033229,-0.21629236826765652,0.21732559726765652,0.21732559726765652
fold_4,main_fold_4,Main v2 model rolling-origin fold_4,rolling_origin_confirmatory,main,feature_only,env_patent_share_inventions,lag1_3_mean,LKA,Sri Lanka,2018,0.00506282,lasso_alpha_0.1,0.00506282,0.1312959340047517,-0.1262331140047517,0.1262331140047517
fold_4,main_fold_4,Main v2 model rolling-origin fold_4,rolling_origin_confirmatory,main,feature_only,env_patent_share_inventions,lag1_3_mean,LTU,Lithuania,2018,0.0144652,lasso_alpha_0.1,0.0144652,0.31591357432161904,-0.30144837432161903,0.30144837432161903
fold_4,main_fold_4,Main v2 model rolling-origin fold_4,rolling_origin_confirmatory,main,feature_only,env_patent_share_inventions,lag1_3_mean,LUX,Luxembourg,2018,0.0331322,lasso_alpha_0.1,0.0331322,0.29766679440192434,-0.26453459440192434,0.26453459440192434
fold_4,main_fold_4,Main v2 model rolling-origin fold_4,rolling_origin_confirmatory,main,feature_only,env_patent_share_inventions,lag1_3_mean,LVA,Latvia,2018,0.003099686,lasso_alpha_0.1,0.003099686,0.23687214980780325,-0.23377246380780325,0.23377246380780325
fold_4,main_fold_4,Main v2 model rolling-origin fold_4,rolling_origin_confirmatory,main,feature_only,env_patent_share_inventions,lag1_3_mean,MAR,Morocco,2018,0.01515402,lasso_alpha_0.1,0.01515402,0.3101534652329443,-0.2949994452329443,0.2949994452329443
fold_4,main_fold_4,Main v2 model rolling-origin fold_4,rolling_origin_confirmatory,main,feature_only,env_patent_share_inventions,lag1_3_mean,MDA,Moldova,2018,0.0006888191,lasso_alpha_0.1,0.0006888191,0.02630589096783298,-0.025617071867832977,0.025617071867832977
fold_4,main_fold_4,Main v2 model rolling-origin fold_4,rolling_origin_confirmatory,main,feature_only,env_patent_share_inventions,lag1_3_mean,MEX,Mexico,2018,0.1087498,lasso_alpha_0.1,0.1087498,2.0256557088501506,-1.9169059088501506,1.9169059088501506
fold_4,main_fold_4,Main v2 model rolling-origin fold_4,rolling_origin_confirmatory,main,feature_only,env_patent_share_inventions,lag1_3_mean,MKD,North Macedonia,2018,0.004132914,lasso_alpha_0.1,0.004132914,0.13624772859896528,-0.1321148145989653,0.1321148145989653
fold_4,main_fold_4,Main v2 model rolling-origin fold_4,rolling_origin_confirmatory,main,feature_only,env_patent_share_inventions,lag1_3_mean,MLI,Mali,2018,0.0002952082,lasso_alpha_0.1,0.0002952082,-0.2479222060206523,0.2482174142206523,0.2482174142206523
fold_4,main_fold_4,Main v2 model rolling-origin fold_4,rolling_origin_confirmatory,main,feature_only,env_patent_share_inventions,lag1_3_mean,MLT,Malta,2018,0.004821734,lasso_alpha_0.1,0.004821734,0.11457989266052837,-0.10975815866052838,0.10975815866052838
fold_4,main_fold_4,Main v2 model rolling-origin fold_4,rolling_origin_confirmatory,main,feature_only,env_patent_share_inventions,lag1_3_mean,MYS,Malaysia,2018,0.06137378,lasso_alpha_0.1,0.06137378,0.7433694742006408,-0.6819956942006408,0.6819956942006408
fold_4,main_fold_4,Main v2 model rolling-origin fold_4,rolling_origin_confirmatory,main,feature_only,env_patent_share_inventions,lag1_3_mean,NAM,Namibia,2018,0.0006888191,lasso_alpha_0.1,0.0006888191,0.08660234271984413,-0.08591352361984413,0.08591352361984413
fold_4,main_fold_4,Main v2 model rolling-origin fold_4,rolling_origin_confirmatory,main,feature_only,env_patent_share_inventions,lag1_3_mean,NCL,New Caledonia,2018,0.001033229,lasso_alpha_0.1,0.001033229,0.42446422349867674,-0.4234309944986767,0.4234309944986767
fold_4,main_fold_4,Main v2 model rolling-origin fold_4,rolling_origin_confirmatory,main,feature_only,env_patent_share_inventions,lag1_3_mean,NER,Niger,2018,0.001033229,lasso_alpha_0.1,0.001033229,-0.28812979495349644,0.28916302395349647,0.28916302395349647
fold_4,main_fold_4,Main v2 model rolling-origin fold_4,rolling_origin_confirmatory,main,feature_only,env_patent_share_inventions,lag1_3_mean,NLD,Netherlands,2018,1.07995,lasso_alpha_0.1,1.07995,-1.7968880206171054,2.8768380206171056,2.8768380206171056
fold_4,main_fold_4,Main v2 model rolling-origin fold_4,rolling_origin_confirmatory,main,feature_only,env_patent_share_inventions,lag1_3_mean,NOR,Norway,2018,0.2867209,lasso_alpha_0.1,0.2867209,1.104428946047705,-0.8177080460477051,0.8177080460477051
fold_4,main_fold_4,Main v2 model rolling-origin fold_4,rolling_origin_confirmatory,main,feature_only,env_patent_share_inventions,lag1_3_mean,NPL,Nepal,2018,0.004132914,lasso_alpha_0.1,0.004132914,-0.2594312381941446,0.2635641521941446,0.2635641521941446
fold_4,main_fold_4,Main v2 model rolling-origin fold_4,rolling_origin_confirmatory,main,feature_only,env_patent_share_inventions,lag1_3_mean,NZL,New Zealand,2018,0.0565176,lasso_alpha_0.1,0.0565176,0.8474323999871758,-0.7909147999871757,0.7909147999871757
fold_4,main_fold_4,Main v2 model rolling-origin fold_4,rolling_origin_confirmatory,main,feature_only,env_patent_share_inventions,lag1_3_mean,OMN,Oman,2018,0.005166143,lasso_alpha_0.1,0.005166143,0.45757626936857365,-0.45241012636857364,0.45241012636857364
fold_4,main_fold_4,Main v2 model rolling-origin fold_4,rolling_origin_confirmatory,main,feature_only,env_patent_share_inventions,lag1_3_mean,PAK,Pakistan,2018,0.01291536,lasso_alpha_0.1,0.01291536,0.4336517766825755,-0.4207364166825755,0.4207364166825755
fold_4,main_fold_4,Main v2 model rolling-origin fold_4,rolling_origin_confirmatory,main,feature_only,env_patent_share_inventions,lag1_3_mean,PAN,Panama,2018,0.01963134,lasso_alpha_0.1,0.01963134,0.20192267301586153,-0.18229133301586153,0.18229133301586153
fold_4,main_fold_4,Main v2 model rolling-origin fold_4,rolling_origin_confirmatory,main,feature_only,env_patent_share_inventions,lag1_3_mean,PER,Peru,2018,0.009299058,lasso_alpha_0.1,0.009299058,0.41373057281355385,-0.4044315148135538,0.4044315148135538
fold_4,main_fold_4,Main v2 model rolling-origin fold_4,rolling_origin_confirmatory,main,feature_only,env_patent_share_inventions,lag1_3_mean,PHL,Philippines,2018,0.03478536,lasso_alpha_0.1,0.03478536,0.594757279787735,-0.559971919787735,0.559971919787735
fold_4,main_fold_4,Main v2 model rolling-origin fold_4,rolling_origin_confirmatory,main,feature_only,env_patent_share_inventions,lag1_3_mean,POL,Poland,2018,0.1477861,lasso_alpha_0.1,0.1477861,1.022099817583213,-0.874313717583213,0.874313717583213
fold_4,main_fold_4,Main v2 model rolling-origin fold_4,rolling_origin_confirmatory,main,feature_only,env_patent_share_inventions,lag1_3_mean,PRI,Puerto Rico (US),2018,0.001033229,lasso_alpha_0.1,0.001033229,0.5260950051516189,-0.5250617761516189,0.5250617761516189
fold_4,main_fold_4,Main v2 model rolling-origin fold_4,rolling_origin_confirmatory,main,feature_only,env_patent_share_inventions,lag1_3_mean,PRT,Portugal,2018,0.07643022,lasso_alpha_0.1,0.07643022,0.5461435062979249,-0.46971328629792486,0.46971328629792486
fold_4,main_fold_4,Main v2 model rolling-origin fold_4,rolling_origin_confirmatory,main,feature_only,env_patent_share_inventions,lag1_3_mean,PRY,Paraguay,2018,0.003099686,lasso_alpha_0.1,0.003099686,-0.062206517386717675,0.06530620338671768,0.06530620338671768
fold_4,main_fold_4,Main v2 model rolling-origin fold_4,rolling_origin_confirmatory,main,feature_only,env_patent_share_inventions,lag1_3_mean,QAT,Qatar,2018,0.01498182,lasso_alpha_0.1,0.01498182,0.6164031571809978,-0.6014213371809978,0.6014213371809978
fold_4,main_fold_4,Main v2 model rolling-origin fold_4,rolling_origin_confirmatory,main,feature_only,env_patent_share_inventions,lag1_3_mean,ROU,Romania,2018,0.04146691,lasso_alpha_0.1,0.04146691,0.4414538335088024,-0.3999869235088024,0.3999869235088024
fold_4,main_fold_4,Main v2 model rolling-origin fold_4,rolling_origin_confirmatory,main,feature_only,env_patent_share_inventions,lag1_3_mean,RUS,Russian Federation,2018,0.3158777,lasso_alpha_0.1,0.3158777,2.37186054505582,-2.0559828450558197,2.0559828450558197
fold_4,main_fold_4,Main v2 model rolling-origin fold_4,rolling_origin_confirmatory,main,feature_only,env_patent_share_inventions,lag1_3_mean,SAU,Saudi Arabia,2018,0.2594093,lasso_alpha_0.1,0.2594093,1.4324601711185414,-1.1730508711185414,1.1730508711185414
fold_4,main_fold_4,Main v2 model rolling-origin fold_4,rolling_origin_confirmatory,main,feature_only,env_patent_share_inventions,lag1_3_mean,SDN,Sudan,2018,0.003099686,lasso_alpha_0.1,0.003099686,-0.29390297962490064,0.29700266562490063,0.29700266562490063
fold_4,main_fold_4,Main v2 model rolling-origin fold_4,rolling_origin_confirmatory,main,feature_only,env_patent_share_inventions,lag1_3_mean,SEN,Senegal,2018,0.002066457,lasso_alpha_0.1,0.002066457,0.01290625955823721,-0.010839802558237209,0.010839802558237209
fold_4,main_fold_4,Main v2 model rolling-origin fold_4,rolling_origin_confirmatory,main,feature_only,env_patent_share_inventions,lag1_3_mean,SGP,Singapore,2018,0.2237629,lasso_alpha_0.1,0.2237629,0.0703468470690436,0.1534160529309564,0.1534160529309564
fold_4,main_fold_4,Main v2 model rolling-origin fold_4,rolling_origin_confirmatory,main,feature_only,env_patent_share_inventions,lag1_3_mean,SLE,Sierra Leone,2018,0.001377638,lasso_alpha_0.1,0.001377638,-0.32307223722783673,0.32444987522783675,0.32444987522783675
fold_4,main_fold_4,Main v2 model rolling-origin fold_4,rolling_origin_confirmatory,main,feature_only,env_patent_share_inventions,lag1_3_mean,SLV,El Salvador,2018,0.004132914,lasso_alpha_0.1,0.004132914,0.11785905990736889,-0.11372614590736889,0.11372614590736889
fold_4,main_fold_4,Main v2 model rolling-origin fold_4,rolling_origin_confirmatory,main,feature_only,env_patent_share_inventions,lag1_3_mean,SRB,Serbia,2018,0.02307544,lasso_alpha_0.1,0.02307544,0.12293044845878076,-0.09985500845878076,0.09985500845878076
fold_4,main_fold_4,Main v2 model rolling-origin fold_4,rolling_origin_confirmatory,main,feature_only,env_patent_share_inventions,lag1_3_mean,SVK,Slovak Republic,2018,0.03630077,lasso_alpha_0.1,0.03630077,0.35265941925075506,-0.3163586492507551,0.3163586492507551
fold_4,main_fold_4,Main v2 model rolling-origin fold_4,rolling_origin_confirmatory,main,feature_only,env_patent_share_inventions,lag1_3_mean,SVN,Slovenia,2018,0.03547418,lasso_alpha_0.1,0.03547418,0.2411246089585254,-0.2056504289585254,0.2056504289585254
fold_4,main_fold_4,Main v2 model rolling-origin fold_4,rolling_origin_confirmatory,main,feature_only,env_patent_share_inventions,lag1_3_mean,SWE,Sweden,2018,0.9708068,lasso_alpha_0.1,0.9708068,1.0923506638277196,-0.12154386382771964,0.12154386382771964
fold_4,main_fold_4,Main v2 model rolling-origin fold_4,rolling_origin_confirmatory,main,feature_only,env_patent_share_inventions,lag1_3_mean,SYC,Seychelles,2018,0.002755276,lasso_alpha_0.1,0.002755276,0.15370031763674175,-0.15094504163674174,0.15094504163674174
fold_4,main_fold_4,Main v2 model rolling-origin fold_4,rolling_origin_confirmatory,main,feature_only,env_patent_share_inventions,lag1_3_mean,SYR,Syrian Arab Republic,2018,0.002066457,lasso_alpha_0.1,0.002066457,-0.19352606671499872,0.19559252371499872,0.19559252371499872
fold_4,main_fold_4,Main v2 model rolling-origin fold_4,rolling_origin_confirmatory,main,feature_only,env_patent_share_inventions,lag1_3_mean,THA,Thailand,2018,0.04597867,lasso_alpha_0.1,0.04597867,0.7902164432413799,-0.7442377732413799,0.7442377732413799
fold_4,main_fold_4,Main v2 model rolling-origin fold_4,rolling_origin_confirmatory,main,feature_only,env_patent_share_inventions,lag1_3_mean,TJK,Tajikistan,2018,0.002066457,lasso_alpha_0.1,0.002066457,-0.19638668465723153,0.19845314165723152,0.19845314165723152
fold_4,main_fold_4,Main v2 model rolling-origin fold_4,rolling_origin_confirmatory,main,feature_only,env_patent_share_inventions,lag1_3_mean,TKM,Turkmenistan,2018,0.002066457,lasso_alpha_0.1,0.002066457,-0.1808804723644435,0.18294692936444348,0.18294692936444348
fold_4,main_fold_4,Main v2 model rolling-origin fold_4,rolling_origin_confirmatory,main,feature_only,env_patent_share_inventions,lag1_3_mean,TUN,Tunisia,2018,0.008265829,lasso_alpha_0.1,0.008265829,0.11874611864176032,-0.11048028964176032,0.11048028964176032
fold_4,main_fold_4,Main v2 model rolling-origin fold_4,rolling_origin_confirmatory,main,feature_only,env_patent_share_inventions,lag1_3_mean,TUR,Turkiye,2018,0.2402257,lasso_alpha_0.1,0.2402257,1.6902498001129835,-1.4500241001129837,1.4500241001129837
fold_4,main_fold_4,Main v2 model rolling-origin fold_4,rolling_origin_confirmatory,main,feature_only,env_patent_share_inventions,lag1_3_mean,TZA,Tanzania,2018,0.001033229,lasso_alpha_0.1,0.001033229,-0.1820308391393919,0.18306406813939188,0.18306406813939188
fold_4,main_fold_4,Main v2 model rolling-origin fold_4,rolling_origin_confirmatory,main,feature_only,env_patent_share_inventions,lag1_3_mean,UGA,Uganda,2018,0.001033229,lasso_alpha_0.1,0.001033229,-0.22937471226692652,0.2304079412669265,0.2304079412669265
fold_4,main_fold_4,Main v2 model rolling-origin fold_4,rolling_origin_confirmatory,main,feature_only,env_patent_share_inventions,lag1_3_mean,UKR,Ukraine,2018,0.05958285,lasso_alpha_0.1,0.05958285,0.15693021169526467,-0.09734736169526467,0.09734736169526467
fold_4,main_fold_4,Main v2 model rolling-origin fold_4,rolling_origin_confirmatory,main,feature_only,env_patent_share_inventions,lag1_3_mean,URY,Uruguay,2018,0.001033229,lasso_alpha_0.1,0.001033229,0.17378966117601624,-0.17275643217601624,0.17275643217601624
fold_4,main_fold_4,Main v2 model rolling-origin fold_4,rolling_origin_confirmatory,main,feature_only,env_patent_share_inventions,lag1_3_mean,USA,United States,2018,19.24624,lasso_alpha_0.1,19.24624,29.578756088974078,-10.332516088974078,10.332516088974078
fold_4,main_fold_4,Main v2 model rolling-origin fold_4,rolling_origin_confirmatory,main,feature_only,env_patent_share_inventions,lag1_3_mean,UZB,Uzbekistan,2018,0.001033229,lasso_alpha_0.1,0.001033229,0.02986141922795249,-0.02882819022795249,0.02882819022795249
fold_4,main_fold_4,Main v2 model rolling-origin fold_4,rolling_origin_confirmatory,main,feature_only,env_patent_share_inventions,lag1_3_mean,VEN,"Venezuela, RB",2018,0.002755276,lasso_alpha_0.1,0.002755276,-0.09005825578414806,0.09281353178414806,0.09281353178414806
fold_4,main_fold_4,Main v2 model rolling-origin fold_4,rolling_origin_confirmatory,main,feature_only,env_patent_share_inventions,lag1_3_mean,VNM,Viet Nam,2018,0.04646085,lasso_alpha_0.1,0.04646085,0.25580350502450844,-0.20934265502450844,0.20934265502450844
fold_4,main_fold_4,Main v2 model rolling-origin fold_4,rolling_origin_confirmatory,main,feature_only,env_patent_share_inventions,lag1_3_mean,ZAF,South Africa,2018,0.08989089,lasso_alpha_0.1,0.08989089,0.8437191039342832,-0.7538282139342831,0.7538282139342831
fold_4,main_fold_4,Main v2 model rolling-origin fold_4,rolling_origin_confirmatory,main,feature_only,env_patent_share_inventions,lag1_3_mean,ZMB,Zambia,2018,0.002066457,lasso_alpha_0.1,0.002066457,-0.25780737182702396,0.259873828827024,0.259873828827024
fold_4,main_fold_4,Main v2 model rolling-origin fold_4,rolling_origin_confirmatory,main,feature_only,env_patent_share_inventions,lag1_3_mean,ZWE,Zimbabwe,2018,0.001377638,lasso_alpha_0.1,0.001377638,-0.44899443879432543,0.45037207679432545,0.45037207679432545
fold_5,main_fold_5,Main v2 model rolling-origin fold_5,rolling_origin_confirmatory,main,feature_only,env_patent_share_inventions,lag1_3_mean,AFG,Afghanistan,2019,0.001046266,lasso_alpha_1,0.001046266,0.3659077513191462,-0.3648614853191462,0.3648614853191462
fold_5,main_fold_5,Main v2 model rolling-origin fold_5,rolling_origin_confirmatory,main,feature_only,env_patent_share_inventions,lag1_3_mean,ARE,United Arab Emirates,2019,0.03208549,lasso_alpha_1,0.03208549,0.780876593172621,-0.748791103172621,0.748791103172621
fold_5,main_fold_5,Main v2 model rolling-origin fold_5,rolling_origin_confirmatory,main,feature_only,env_patent_share_inventions,lag1_3_mean,ARG,Argentina,2019,0.01691463,lasso_alpha_1,0.01691463,0.9817788355962893,-0.9648642055962893,0.9648642055962893
fold_5,main_fold_5,Main v2 model rolling-origin fold_5,rolling_origin_confirmatory,main,feature_only,env_patent_share_inventions,lag1_3_mean,ARM,Armenia,2019,0.002092532,lasso_alpha_1,0.002092532,0.3564855390554392,-0.35439300705543925,0.35439300705543925
fold_5,main_fold_5,Main v2 model rolling-origin fold_5,rolling_origin_confirmatory,main,feature_only,env_patent_share_inventions,lag1_3_mean,ATG,Antigua and Barbuda,2019,0.001046266,lasso_alpha_1,0.001046266,0.34592437987291924,-0.3448781138729192,0.3448781138729192
fold_5,main_fold_5,Main v2 model rolling-origin fold_5,rolling_origin_confirmatory,main,feature_only,env_patent_share_inventions,lag1_3_mean,AUS,Australia,2019,0.6184876,lasso_alpha_1,0.6184876,1.893577077983517,-1.2750894779835171,1.2750894779835171
fold_5,main_fold_5,Main v2 model rolling-origin fold_5,rolling_origin_confirmatory,main,feature_only,env_patent_share_inventions,lag1_3_mean,AUT,Austria,2019,0.9076207,lasso_alpha_1,0.9076207,0.774329209784377,0.13329149021562292,0.13329149021562292
fold_5,main_fold_5,Main v2 model rolling-origin fold_5,rolling_origin_confirmatory,main,feature_only,env_patent_share_inventions,lag1_3_mean,AZE,Azerbaijan,2019,0.007323861,lasso_alpha_1,0.007323861,0.40034794182645295,-0.39302408082645296,0.39302408082645296
fold_5,main_fold_5,Main v2 model rolling-origin fold_5,rolling_origin_confirmatory,main,feature_only,env_patent_share_inventions,lag1_3_mean,BEL,Belgium,2019,0.4828069,lasso_alpha_1,0.4828069,0.8581954272299664,-0.37538852722996646,0.37538852722996646
fold_5,main_fold_5,Main v2 model rolling-origin fold_5,rolling_origin_confirmatory,main,feature_only,env_patent_share_inventions,lag1_3_mean,BGD,Bangladesh,2019,0.005056952,lasso_alpha_1,0.005056952,0.5866880083441837,-0.5816310563441837,0.5816310563441837
fold_5,main_fold_5,Main v2 model rolling-origin fold_5,rolling_origin_confirmatory,main,feature_only,env_patent_share_inventions,lag1_3_mean,BGR,Bulgaria,2019,0.02197158,lasso_alpha_1,0.02197158,0.4024257705662232,-0.3804541905662232,0.3804541905662232
fold_5,main_fold_5,Main v2 model rolling-origin fold_5,rolling_origin_confirmatory,main,feature_only,env_patent_share_inventions,lag1_3_mean,BHS,"Bahamas, The",2019,0.001743776,lasso_alpha_1,0.001743776,0.35730961231934855,-0.35556583631934857,0.35556583631934857
fold_5,main_fold_5,Main v2 model rolling-origin fold_5,rolling_origin_confirmatory,main,feature_only,env_patent_share_inventions,lag1_3_mean,BIH,Bosnia and Herzegovina,2019,0.007742368,lasso_alpha_1,0.007742368,0.36323446897822076,-0.35549210097822076,0.35549210097822076
fold_5,main_fold_5,Main v2 model rolling-origin fold_5,rolling_origin_confirmatory,main,feature_only,env_patent_share_inventions,lag1_3_mean,BLR,Belarus,2019,0.00889326,lasso_alpha_1,0.00889326,0.4055397203329302,-0.39664646033293016,0.39664646033293016
fold_5,main_fold_5,Main v2 model rolling-origin fold_5,rolling_origin_confirmatory,main,feature_only,env_patent_share_inventions,lag1_3_mean,BRA,Brazil,2019,0.2444426,lasso_alpha_1,0.2444426,2.2620285458317015,-2.0175859458317014,2.0175859458317014
fold_5,main_fold_5,Main v2 model rolling-origin fold_5,rolling_origin_confirmatory,main,feature_only,env_patent_share_inventions,lag1_3_mean,BWA,Botswana,2019,0.0003487553,lasso_alpha_1,0.0003487553,0.36062033542241445,-0.36027158012241445,0.36027158012241445
fold_5,main_fold_5,Main v2 model rolling-origin fold_5,rolling_origin_confirmatory,main,feature_only,env_patent_share_inventions,lag1_3_mean,CAF,Central African Republic,2019,0.002092532,lasso_alpha_1,0.002092532,0.34624448110977746,-0.3441519491097775,0.3441519491097775
fold_5,main_fold_5,Main v2 model rolling-origin fold_5,rolling_origin_confirmatory,main,feature_only,env_patent_share_inventions,lag1_3_mean,CAN,Canada,2019,1.803488,lasso_alpha_1,1.803488,2.099687391340191,-0.2961993913401908,0.2961993913401908
fold_5,main_fold_5,Main v2 model rolling-origin fold_5,rolling_origin_confirmatory,main,feature_only,env_patent_share_inventions,lag1_3_mean,CHE,Switzerland,2019,0.7714143,lasso_alpha_1,0.7714143,1.1266839918134506,-0.3552696918134506,0.3552696918134506
fold_5,main_fold_5,Main v2 model rolling-origin fold_5,rolling_origin_confirmatory,main,feature_only,env_patent_share_inventions,lag1_3_mean,CHL,Chile,2019,0.07812119,lasso_alpha_1,0.07812119,0.6177050161910103,-0.5395838261910103,0.5395838261910103
fold_5,main_fold_5,Main v2 model rolling-origin fold_5,rolling_origin_confirmatory,main,feature_only,env_patent_share_inventions,lag1_3_mean,CHN,China,2019,17.21756,lasso_alpha_1,17.21756,14.316441481494603,2.9011185185053954,2.9011185185053954
fold_5,main_fold_5,Main v2 model rolling-origin fold_5,rolling_origin_confirmatory,main,feature_only,env_patent_share_inventions,lag1_3_mean,CIV,Cote d'Ivoire,2019,0.001046266,lasso_alpha_1,0.001046266,0.40101777622517765,-0.39997151022517763,0.39997151022517763
fold_5,main_fold_5,Main v2 model rolling-origin fold_5,rolling_origin_confirmatory,main,feature_only,env_patent_share_inventions,lag1_3_mean,CMR,Cameroon,2019,0.001046266,lasso_alpha_1,0.001046266,0.3820976395457085,-0.3810513735457085,0.3810513735457085
fold_5,main_fold_5,Main v2 model rolling-origin fold_5,rolling_origin_confirmatory,main,feature_only,env_patent_share_inventions,lag1_3_mean,COL,Colombia,2019,0.04174601,lasso_alpha_1,0.04174601,0.6748042528463001,-0.6330582428463001,0.6330582428463001
fold_5,main_fold_5,Main v2 model rolling-origin fold_5,rolling_origin_confirmatory,main,feature_only,env_patent_share_inventions,lag1_3_mean,CRI,Costa Rica,2019,0.00592884,lasso_alpha_1,0.00592884,0.4103418001526471,-0.4044129601526471,0.4044129601526471
fold_5,main_fold_5,Main v2 model rolling-origin fold_5,rolling_origin_confirmatory,main,feature_only,env_patent_share_inventions,lag1_3_mean,CUB,Cuba,2019,0.002092532,lasso_alpha_1,0.002092532,0.4410485755334612,-0.43895604353346124,0.43895604353346124
fold_5,main_fold_5,Main v2 model rolling-origin fold_5,rolling_origin_confirmatory,main,feature_only,env_patent_share_inventions,lag1_3_mean,CYP,Cyprus,2019,0.009765148,lasso_alpha_1,0.009765148,0.36862768384560396,-0.35886253584560396,0.35886253584560396
fold_5,main_fold_5,Main v2 model rolling-origin fold_5,rolling_origin_confirmatory,main,feature_only,env_patent_share_inventions,lag1_3_mean,CZE,Czechia,2019,0.1254647,lasso_alpha_1,0.1254647,0.5638745195005135,-0.4384098195005135,0.4384098195005135
fold_5,main_fold_5,Main v2 model rolling-origin fold_5,rolling_origin_confirmatory,main,feature_only,env_patent_share_inventions,lag1_3_mean,DEU,Germany,2019,9.738097,lasso_alpha_1,9.738097,4.225407758807005,5.512689241192994,5.512689241192994
fold_5,main_fold_5,Main v2 model rolling-origin fold_5,rolling_origin_confirmatory,main,feature_only,env_patent_share_inventions,lag1_3_mean,DJI,Djibouti,2019,0.001046266,lasso_alpha_1,0.001046266,0.34720034747801276,-0.34615408147801274,0.34615408147801274
fold_5,main_fold_5,Main v2 model rolling-origin fold_5,rolling_origin_confirmatory,main,feature_only,env_patent_share_inventions,lag1_3_mean,DNK,Denmark,2019,0.9602977,lasso_alpha_1,0.9602977,0.6904447289909421,0.2698529710090579,0.2698529710090579
fold_5,main_fold_5,Main v2 model rolling-origin fold_5,rolling_origin_confirmatory,main,feature_only,env_patent_share_inventions,lag1_3_mean,DOM,Dominican Republic,2019,0.003138798,lasso_alpha_1,0.003138798,0.4305108638277736,-0.4273720658277736,0.4273720658277736
fold_5,main_fold_5,Main v2 model rolling-origin fold_5,rolling_origin_confirmatory,main,feature_only,env_patent_share_inventions,lag1_3_mean,DZA,Algeria,2019,0.01081141,lasso_alpha_1,0.01081141,0.5585332516894916,-0.5477218416894917,0.5477218416894917
fold_5,main_fold_5,Main v2 model rolling-origin fold_5,rolling_origin_confirmatory,main,feature_only,env_patent_share_inventions,lag1_3_mean,ECU,Ecuador,2019,0.002092532,lasso_alpha_1,0.002092532,0.45344511158965417,-0.4513525795896542,0.4513525795896542
fold_5,main_fold_5,Main v2 model rolling-origin fold_5,rolling_origin_confirmatory,main,feature_only,env_patent_share_inventions,lag1_3_mean,EGY,"Egypt, Arab Rep.",2019,0.01129967,lasso_alpha_1,0.01129967,0.7340991972747609,-0.7227995272747609,0.7227995272747609
fold_5,main_fold_5,Main v2 model rolling-origin fold_5,rolling_origin_confirmatory,main,feature_only,env_patent_share_inventions,lag1_3_mean,ERI,Eritrea,2019,0.001046266,lasso_alpha_1,0.001046266,0.46684760537116493,-0.4658013393711649,0.4658013393711649
fold_5,main_fold_5,Main v2 model rolling-origin fold_5,rolling_origin_confirmatory,main,feature_only,env_patent_share_inventions,lag1_3_mean,ESP,Spain,2019,0.5914192,lasso_alpha_1,0.5914192,1.726972852007488,-1.135553652007488,1.135553652007488
fold_5,main_fold_5,Main v2 model rolling-origin fold_5,rolling_origin_confirmatory,main,feature_only,env_patent_share_inventions,lag1_3_mean,EST,Estonia,2019,0.0101139,lasso_alpha_1,0.0101139,0.37160691565247317,-0.36149301565247316,0.36149301565247316
fold_5,main_fold_5,Main v2 model rolling-origin fold_5,rolling_origin_confirmatory,main,feature_only,env_patent_share_inventions,lag1_3_mean,ETH,Ethiopia,2019,0.002092532,lasso_alpha_1,0.002092532,0.4244432853046637,-0.4223507533046637,0.4223507533046637
fold_5,main_fold_5,Main v2 model rolling-origin fold_5,rolling_origin_confirmatory,main,feature_only,env_patent_share_inventions,lag1_3_mean,FIN,Finland,2019,0.5154952,lasso_alpha_1,0.5154952,0.6103333954332661,-0.0948381954332661,0.0948381954332661
fold_5,main_fold_5,Main v2 model rolling-origin fold_5,rolling_origin_confirmatory,main,feature_only,env_patent_share_inventions,lag1_3_mean,FRA,France,2019,3.954056,lasso_alpha_1,3.954056,3.066915310035502,0.887140689964498,0.887140689964498
fold_5,main_fold_5,Main v2 model rolling-origin fold_5,rolling_origin_confirmatory,main,feature_only,env_patent_share_inventions,lag1_3_mean,GBR,United Kingdom,2019,2.473412,lasso_alpha_1,2.473412,3.6911130573999804,-1.2177010573999802,1.2177010573999802
fold_5,main_fold_5,Main v2 model rolling-origin fold_5,rolling_origin_confirmatory,main,feature_only,env_patent_share_inventions,lag1_3_mean,GEO,Georgia,2019,0.002092532,lasso_alpha_1,0.002092532,0.36225856193545036,-0.3601660299354504,0.3601660299354504
fold_5,main_fold_5,Main v2 model rolling-origin fold_5,rolling_origin_confirmatory,main,feature_only,env_patent_share_inventions,lag1_3_mean,GHA,Ghana,2019,0.001569399,lasso_alpha_1,0.001569399,0.4038771295769513,-0.4023077305769513,0.4023077305769513
fold_5,main_fold_5,Main v2 model rolling-origin fold_5,rolling_origin_confirmatory,main,feature_only,env_patent_share_inventions,lag1_3_mean,GIN,Guinea,2019,0.001395021,lasso_alpha_1,0.001395021,0.355772901017844,-0.354377880017844,0.354377880017844
fold_5,main_fold_5,Main v2 model rolling-origin fold_5,rolling_origin_confirmatory,main,feature_only,env_patent_share_inventions,lag1_3_mean,GRC,Greece,2019,0.03744635,lasso_alpha_1,0.03744635,0.5586385832223475,-0.5211922332223475,0.5211922332223475
fold_5,main_fold_5,Main v2 model rolling-origin fold_5,rolling_origin_confirmatory,main,feature_only,env_patent_share_inventions,lag1_3_mean,GTM,Guatemala,2019,0.002092532,lasso_alpha_1,0.002092532,0.4156867853021591,-0.4135942533021591,0.4135942533021591
fold_5,main_fold_5,Main v2 model rolling-origin fold_5,rolling_origin_confirmatory,main,feature_only,env_patent_share_inventions,lag1_3_mean,HKG,"Hong Kong SAR, China",2019,0.1039988,lasso_alpha_1,0.1039988,0.6989794120818819,-0.5949806120818819,0.5949806120818819
fold_5,main_fold_5,Main v2 model rolling-origin fold_5,rolling_origin_confirmatory,main,feature_only,env_patent_share_inventions,lag1_3_mean,HRV,Croatia,2019,0.006576528,lasso_alpha_1,0.006576528,0.40326436316945,-0.39668783516945,0.39668783516945
fold_5,main_fold_5,Main v2 model rolling-origin fold_5,rolling_origin_confirmatory,main,feature_only,env_patent_share_inventions,lag1_3_mean,HUN,Hungary,2019,0.06668201,lasso_alpha_1,0.06668201,0.48985162859327047,-0.42316961859327046,0.42316961859327046
fold_5,main_fold_5,Main v2 model rolling-origin fold_5,rolling_origin_confirmatory,main,feature_only,env_patent_share_inventions,lag1_3_mean,IDN,Indonesia,2019,0.01506623,lasso_alpha_1,0.01506623,1.375335588103197,-1.360269358103197,1.360269358103197
fold_5,main_fold_5,Main v2 model rolling-origin fold_5,rolling_origin_confirmatory,main,feature_only,env_patent_share_inventions,lag1_3_mean,IND,India,2019,1.19991,lasso_alpha_1,1.19991,2.981539580911077,-1.7816295809110771,1.7816295809110771
fold_5,main_fold_5,Main v2 model rolling-origin fold_5,rolling_origin_confirmatory,main,feature_only,env_patent_share_inventions,lag1_3_mean,IRL,Ireland,2019,0.1699734,lasso_alpha_1,0.1699734,0.7074385089396045,-0.5374651089396045,0.5374651089396045
fold_5,main_fold_5,Main v2 model rolling-origin fold_5,rolling_origin_confirmatory,main,feature_only,env_patent_share_inventions,lag1_3_mean,IRN,"Iran, Islamic Rep.",2019,0.0461752,lasso_alpha_1,0.0461752,0.8304636374433171,-0.7842884374433171,0.7842884374433171
fold_5,main_fold_5,Main v2 model rolling-origin fold_5,rolling_origin_confirmatory,main,feature_only,env_patent_share_inventions,lag1_3_mean,IRQ,Iraq,2019,0.002092532,lasso_alpha_1,0.002092532,0.5492367163177808,-0.5471441843177808,0.5471441843177808
fold_5,main_fold_5,Main v2 model rolling-origin fold_5,rolling_origin_confirmatory,main,feature_only,env_patent_share_inventions,lag1_3_mean,ISL,Iceland,2019,0.01262494,lasso_alpha_1,0.01262494,0.36541838721695885,-0.3527934472169589,0.3527934472169589
fold_5,main_fold_5,Main v2 model rolling-origin fold_5,rolling_origin_confirmatory,main,feature_only,env_patent_share_inventions,lag1_3_mean,ISR,Israel,2019,0.4403036,lasso_alpha_1,0.4403036,0.7026381221275905,-0.26233452212759045,0.26233452212759045
fold_5,main_fold_5,Main v2 model rolling-origin fold_5,rolling_origin_confirmatory,main,feature_only,env_patent_share_inventions,lag1_3_mean,ITA,Italy,2019,1.455553,lasso_alpha_1,1.455553,2.396886835965804,-0.9413338359658039,0.9413338359658039
fold_5,main_fold_5,Main v2 model rolling-origin fold_5,rolling_origin_confirmatory,main,feature_only,env_patent_share_inventions,lag1_3_mean,JOR,Jordan,2019,0.0005231329,lasso_alpha_1,0.0005231329,0.387884156055041,-0.387361023155041,0.387361023155041
fold_5,main_fold_5,Main v2 model rolling-origin fold_5,rolling_origin_confirmatory,main,feature_only,env_patent_share_inventions,lag1_3_mean,JPN,Japan,2019,20.25395,lasso_alpha_1,20.25395,5.264042366206085,14.989907633793916,14.989907633793916
fold_5,main_fold_5,Main v2 model rolling-origin fold_5,rolling_origin_confirmatory,main,feature_only,env_patent_share_inventions,lag1_3_mean,KAZ,Kazakhstan,2019,0.01412459,lasso_alpha_1,0.01412459,0.554725203580168,-0.540600613580168,0.540600613580168
fold_5,main_fold_5,Main v2 model rolling-origin fold_5,rolling_origin_confirmatory,main,feature_only,env_patent_share_inventions,lag1_3_mean,KEN,Kenya,2019,0.007323861,lasso_alpha_1,0.007323861,0.4270300907785778,-0.4197062297785778,0.4197062297785778
fold_5,main_fold_5,Main v2 model rolling-origin fold_5,rolling_origin_confirmatory,main,feature_only,env_patent_share_inventions,lag1_3_mean,KGZ,Kyrgyz Republic,2019,0.004185063,lasso_alpha_1,0.004185063,0.35212657910482903,-0.34794151610482904,0.34794151610482904
fold_5,main_fold_5,Main v2 model rolling-origin fold_5,rolling_origin_confirmatory,main,feature_only,env_patent_share_inventions,lag1_3_mean,KOR,"Korea, Rep.",2019,11.32337,lasso_alpha_1,11.32337,2.1240441242786847,9.199325875721316,9.199325875721316
fold_5,main_fold_5,Main v2 model rolling-origin fold_5,rolling_origin_confirmatory,main,feature_only,env_patent_share_inventions,lag1_3_mean,KWT,Kuwait,2019,0.01464772,lasso_alpha_1,0.01464772,0.4691876795821038,-0.4545399595821038,0.4545399595821038
fold_5,main_fold_5,Main v2 model rolling-origin fold_5,rolling_origin_confirmatory,main,feature_only,env_patent_share_inventions,lag1_3_mean,LBN,Lebanon,2019,0.004185063,lasso_alpha_1,0.004185063,0.3991866147937979,-0.3950015517937979,0.3950015517937979
fold_5,main_fold_5,Main v2 model rolling-origin fold_5,rolling_origin_confirmatory,main,feature_only,env_patent_share_inventions,lag1_3_mean,LKA,Sri Lanka,2019,0.002790042,lasso_alpha_1,0.002790042,0.44611010213963465,-0.44332006013963465,0.44332006013963465
fold_5,main_fold_5,Main v2 model rolling-origin fold_5,rolling_origin_confirmatory,main,feature_only,env_patent_share_inventions,lag1_3_mean,LTU,Lithuania,2019,0.009416393,lasso_alpha_1,0.009416393,0.3926869854107179,-0.38327059241071787,0.38327059241071787
fold_5,main_fold_5,Main v2 model rolling-origin fold_5,rolling_origin_confirmatory,main,feature_only,env_patent_share_inventions,lag1_3_mean,LUX,Luxembourg,2019,0.04324565,lasso_alpha_1,0.04324565,0.4135720070041605,-0.3703263570041605,0.3703263570041605
fold_5,main_fold_5,Main v2 model rolling-origin fold_5,rolling_origin_confirmatory,main,feature_only,env_patent_share_inventions,lag1_3_mean,LVA,Latvia,2019,0.01116017,lasso_alpha_1,0.01116017,0.37462233751776264,-0.3634621675177626,0.3634621675177626
fold_5,main_fold_5,Main v2 model rolling-origin fold_5,rolling_origin_confirmatory,main,feature_only,env_patent_share_inventions,lag1_3_mean,MAC,"Macao SAR, China",2019,0.001046266,lasso_alpha_1,0.001046266,0.3969388320062395,-0.39589256600623945,0.39589256600623945
fold_5,main_fold_5,Main v2 model rolling-origin fold_5,rolling_origin_confirmatory,main,feature_only,env_patent_share_inventions,lag1_3_mean,MAR,Morocco,2019,0.01987905,lasso_alpha_1,0.01987905,0.46990561265354286,-0.45002656265354285,0.45002656265354285
fold_5,main_fold_5,Main v2 model rolling-origin fold_5,rolling_origin_confirmatory,main,feature_only,env_patent_share_inventions,lag1_3_mean,MDA,Moldova,2019,0.003686842,lasso_alpha_1,0.003686842,0.3534526890212748,-0.3497658470212748,0.3497658470212748
fold_5,main_fold_5,Main v2 model rolling-origin fold_5,rolling_origin_confirmatory,main,feature_only,env_patent_share_inventions,lag1_3_mean,MEX,Mexico,2019,0.08576889,lasso_alpha_1,0.08576889,1.7085281286392444,-1.6227592386392444,1.6227592386392444
fold_5,main_fold_5,Main v2 model rolling-origin fold_5,rolling_origin_confirmatory,main,feature_only,env_patent_share_inventions,lag1_3_mean,MLI,Mali,2019,0.0008967993,lasso_alpha_1,0.0008967993,0.36309106499260335,-0.3621942656926034,0.3621942656926034
fold_5,main_fold_5,Main v2 model rolling-origin fold_5,rolling_origin_confirmatory,main,feature_only,env_patent_share_inventions,lag1_3_mean,MLT,Malta,2019,0.006277595,lasso_alpha_1,0.006277595,0.3584838380155193,-0.3522062430155193,0.3522062430155193
fold_5,main_fold_5,Main v2 model rolling-origin fold_5,rolling_origin_confirmatory,main,feature_only,env_patent_share_inventions,lag1_3_mean,MNE,Montenegro,2019,0.001046266,lasso_alpha_1,0.001046266,0.3489025537944205,-0.34785628779442046,0.34785628779442046
fold_5,main_fold_5,Main v2 model rolling-origin fold_5,rolling_origin_confirmatory,main,feature_only,env_patent_share_inventions,lag1_3_mean,MNG,Mongolia,2019,0.001743776,lasso_alpha_1,0.001743776,0.3578488645156639,-0.3561050885156639,0.3561050885156639
fold_5,main_fold_5,Main v2 model rolling-origin fold_5,rolling_origin_confirmatory,main,feature_only,env_patent_share_inventions,lag1_3_mean,MUS,Mauritius,2019,0.002511038,lasso_alpha_1,0.002511038,0.3584788993847501,-0.35596786138475006,0.35596786138475006
fold_5,main_fold_5,Main v2 model rolling-origin fold_5,rolling_origin_confirmatory,main,feature_only,env_patent_share_inventions,lag1_3_mean,MYS,Malaysia,2019,0.08976961,lasso_alpha_1,0.08976961,0.704518429757133,-0.6147488197571329,0.6147488197571329
fold_5,main_fold_5,Main v2 model rolling-origin fold_5,rolling_origin_confirmatory,main,feature_only,env_patent_share_inventions,lag1_3_mean,NAM,Namibia,2019,0.001046266,lasso_alpha_1,0.001046266,0.35648639087824774,-0.3554401248782477,0.3554401248782477
fold_5,main_fold_5,Main v2 model rolling-origin fold_5,rolling_origin_confirmatory,main,feature_only,env_patent_share_inventions,lag1_3_mean,NCL,New Caledonia,2019,0.0006975106,lasso_alpha_1,0.0006975106,0.46684760537116493,-0.4661500947711649,0.4661500947711649
fold_5,main_fold_5,Main v2 model rolling-origin fold_5,rolling_origin_confirmatory,main,feature_only,env_patent_share_inventions,lag1_3_mean,NLD,Netherlands,2019,1.051283,lasso_alpha_1,1.051283,1.2282311730624391,-0.17694817306243915,0.17694817306243915
fold_5,main_fold_5,Main v2 model rolling-origin fold_5,rolling_origin_confirmatory,main,feature_only,env_patent_share_inventions,lag1_3_mean,NOR,Norway,2019,0.298674,lasso_alpha_1,0.298674,0.7781305278384143,-0.4794565278384143,0.4794565278384143
fold_5,main_fold_5,Main v2 model rolling-origin fold_5,rolling_origin_confirmatory,main,feature_only,env_patent_share_inventions,lag1_3_mean,NRU,Nauru,2019,0.001046266,lasso_alpha_1,0.001046266,0.34432667895020475,-0.3432804129502047,0.3432804129502047
fold_5,main_fold_5,Main v2 model rolling-origin fold_5,rolling_origin_confirmatory,main,feature_only,env_patent_share_inventions,lag1_3_mean,NZL,New Zealand,2019,0.09786074,lasso_alpha_1,0.09786074,0.5516609879268795,-0.45380024792687945,0.45380024792687945
fold_5,main_fold_5,Main v2 model rolling-origin fold_5,rolling_origin_confirmatory,main,feature_only,env_patent_share_inventions,lag1_3_mean,OMN,Oman,2019,0.003138798,lasso_alpha_1,0.003138798,0.4344376673407575,-0.4312988693407575,0.4312988693407575
fold_5,main_fold_5,Main v2 model rolling-origin fold_5,rolling_origin_confirmatory,main,feature_only,env_patent_share_inventions,lag1_3_mean,PAK,Pakistan,2019,0.005405707,lasso_alpha_1,0.005405707,0.7084603108906447,-0.7030546038906447,0.7030546038906447
fold_5,main_fold_5,Main v2 model rolling-origin fold_5,rolling_origin_confirmatory,main,feature_only,env_patent_share_inventions,lag1_3_mean,PAN,Panama,2019,0.003836308,lasso_alpha_1,0.003836308,0.41075025879553806,-0.40691395079553805,0.40691395079553805
fold_5,main_fold_5,Main v2 model rolling-origin fold_5,rolling_origin_confirmatory,main,feature_only,env_patent_share_inventions,lag1_3_mean,PER,Peru,2019,0.008370127,lasso_alpha_1,0.008370127,0.5646248777754637,-0.5562547507754637,0.5562547507754637
fold_5,main_fold_5,Main v2 model rolling-origin fold_5,rolling_origin_confirmatory,main,feature_only,env_patent_share_inventions,lag1_3_mean,PHL,Philippines,2019,0.02371536,lasso_alpha_1,0.02371536,0.7246930382371646,-0.7009776782371646,0.7009776782371646
fold_5,main_fold_5,Main v2 model rolling-origin fold_5,rolling_origin_confirmatory,main,feature_only,env_patent_share_inventions,lag1_3_mean,POL,Poland,2019,0.1634616,lasso_alpha_1,0.1634616,0.9105847762244221,-0.7471231762244221,0.7471231762244221
fold_5,main_fold_5,Main v2 model rolling-origin fold_5,rolling_origin_confirmatory,main,feature_only,env_patent_share_inventions,lag1_3_mean,PRI,Puerto Rico (US),2019,0.001046266,lasso_alpha_1,0.001046266,0.4511959571636471,-0.45014969116364706,0.45014969116364706
fold_5,main_fold_5,Main v2 model rolling-origin fold_5,rolling_origin_confirmatory,main,feature_only,env_patent_share_inventions,lag1_3_mean,PRT,Portugal,2019,0.07951621,lasso_alpha_1,0.07951621,0.5714307673577104,-0.4919145573577104,0.4919145573577104
fold_5,main_fold_5,Main v2 model rolling-origin fold_5,rolling_origin_confirmatory,main,feature_only,env_patent_share_inventions,lag1_3_mean,PRY,Paraguay,2019,0.002092532,lasso_alpha_1,0.002092532,0.3869376225522856,-0.3848450905522856,0.3848450905522856
fold_5,main_fold_5,Main v2 model rolling-origin fold_5,rolling_origin_confirmatory,main,feature_only,env_patent_share_inventions,lag1_3_mean,PSE,West Bank and Gaza,2019,0.001046266,lasso_alpha_1,0.001046266,0.360949606001988,-0.359903340001988,0.359903340001988
fold_5,main_fold_5,Main v2 model rolling-origin fold_5,rolling_origin_confirmatory,main,feature_only,env_patent_share_inventions,lag1_3_mean,QAT,Qatar,2019,0.005231329,lasso_alpha_1,0.005231329,0.5238755903652254,-0.5186442613652253,0.5186442613652253
fold_5,main_fold_5,Main v2 model rolling-origin fold_5,rolling_origin_confirmatory,main,feature_only,env_patent_share_inventions,lag1_3_mean,ROU,Romania,2019,0.03250399,lasso_alpha_1,0.03250399,0.5572891683020732,-0.5247851783020732,0.5247851783020732
fold_5,main_fold_5,Main v2 model rolling-origin fold_5,rolling_origin_confirmatory,main,feature_only,env_patent_share_inventions,lag1_3_mean,RUS,Russian Federation,2019,0.2723978,lasso_alpha_1,0.2723978,1.857363137132066,-1.584965337132066,1.584965337132066
fold_5,main_fold_5,Main v2 model rolling-origin fold_5,rolling_origin_confirmatory,main,feature_only,env_patent_share_inventions,lag1_3_mean,SAU,Saudi Arabia,2019,0.2927801,lasso_alpha_1,0.2927801,1.1231090826539514,-0.8303289826539514,0.8303289826539514
fold_5,main_fold_5,Main v2 model rolling-origin fold_5,rolling_origin_confirmatory,main,feature_only,env_patent_share_inventions,lag1_3_mean,SDN,Sudan,2019,0.003138798,lasso_alpha_1,0.003138798,0.40200794331571654,-0.39886914531571654,0.39886914531571654
fold_5,main_fold_5,Main v2 model rolling-origin fold_5,rolling_origin_confirmatory,main,feature_only,env_patent_share_inventions,lag1_3_mean,SEN,Senegal,2019,0.002092532,lasso_alpha_1,0.002092532,0.36619693063126146,-0.3641043986312615,0.3641043986312615
fold_5,main_fold_5,Main v2 model rolling-origin fold_5,rolling_origin_confirmatory,main,feature_only,env_patent_share_inventions,lag1_3_mean,SGP,Singapore,2019,0.1956368,lasso_alpha_1,0.1956368,0.7051473550566392,-0.5095105550566392,0.5095105550566392
fold_5,main_fold_5,Main v2 model rolling-origin fold_5,rolling_origin_confirmatory,main,feature_only,env_patent_share_inventions,lag1_3_mean,SLE,Sierra Leone,2019,0.002092532,lasso_alpha_1,0.002092532,0.35231355363710337,-0.3502210216371034,0.3502210216371034
fold_5,main_fold_5,Main v2 model rolling-origin fold_5,rolling_origin_confirmatory,main,feature_only,env_patent_share_inventions,lag1_3_mean,SRB,Serbia,2019,0.01185768,lasso_alpha_1,0.01185768,0.391794719140399,-0.379937039140399,0.379937039140399
fold_5,main_fold_5,Main v2 model rolling-origin fold_5,rolling_origin_confirmatory,main,feature_only,env_patent_share_inventions,lag1_3_mean,SVK,Slovak Republic,2019,0.03180648,lasso_alpha_1,0.03180648,0.4460569729557553,-0.41425049295575533,0.41425049295575533
fold_5,main_fold_5,Main v2 model rolling-origin fold_5,rolling_origin_confirmatory,main,feature_only,env_patent_share_inventions,lag1_3_mean,SVN,Slovenia,2019,0.04028124,lasso_alpha_1,0.04028124,0.3943187612548076,-0.3540375212548076,0.3540375212548076
fold_5,main_fold_5,Main v2 model rolling-origin fold_5,rolling_origin_confirmatory,main,feature_only,env_patent_share_inventions,lag1_3_mean,SWE,Sweden,2019,0.9732913,lasso_alpha_1,0.9732913,0.9099122678929906,0.06337903210700935,0.06337903210700935
fold_5,main_fold_5,Main v2 model rolling-origin fold_5,rolling_origin_confirmatory,main,feature_only,env_patent_share_inventions,lag1_3_mean,SWZ,Eswatini,2019,0.001046266,lasso_alpha_1,0.001046266,0.34870033700259984,-0.3476540710025998,0.3476540710025998
fold_5,main_fold_5,Main v2 model rolling-origin fold_5,rolling_origin_confirmatory,main,feature_only,env_patent_share_inventions,lag1_3_mean,THA,Thailand,2019,0.03208549,lasso_alpha_1,0.03208549,0.8133488683615618,-0.7812633783615618,0.7812633783615618
fold_5,main_fold_5,Main v2 model rolling-origin fold_5,rolling_origin_confirmatory,main,feature_only,env_patent_share_inventions,lag1_3_mean,TUN,Tunisia,2019,0.004882574,lasso_alpha_1,0.004882574,0.39561793376388754,-0.39073535976388757,0.39073535976388757
fold_5,main_fold_5,Main v2 model rolling-origin fold_5,rolling_origin_confirmatory,main,feature_only,env_patent_share_inventions,lag1_3_mean,TUR,Turkiye,2019,0.2242845,lasso_alpha_1,0.2242845,1.3763094250536974,-1.1520249250536974,1.1520249250536974
fold_5,main_fold_5,Main v2 model rolling-origin fold_5,rolling_origin_confirmatory,main,feature_only,env_patent_share_inventions,lag1_3_mean,UKR,Ukraine,2019,0.07166921,lasso_alpha_1,0.07166921,0.44812292078353294,-0.37645371078353296,0.37645371078353296
fold_5,main_fold_5,Main v2 model rolling-origin fold_5,rolling_origin_confirmatory,main,feature_only,env_patent_share_inventions,lag1_3_mean,URY,Uruguay,2019,0.004882574,lasso_alpha_1,0.004882574,0.408595352773518,-0.403712778773518,0.403712778773518
fold_5,main_fold_5,Main v2 model rolling-origin fold_5,rolling_origin_confirmatory,main,feature_only,env_patent_share_inventions,lag1_3_mean,USA,United States,2019,17.85233,lasso_alpha_1,17.85233,20.973018458792243,-3.1206884587922445,3.1206884587922445
fold_5,main_fold_5,Main v2 model rolling-origin fold_5,rolling_origin_confirmatory,main,feature_only,env_patent_share_inventions,lag1_3_mean,VEN,"Venezuela, RB",2019,0.001046266,lasso_alpha_1,0.001046266,0.4390373201050929,-0.43799105410509287,0.43799105410509287
fold_5,main_fold_5,Main v2 model rolling-origin fold_5,rolling_origin_confirmatory,main,feature_only,env_patent_share_inventions,lag1_3_mean,VNM,Viet Nam,2019,0.0195303,lasso_alpha_1,0.0195303,0.6411306509765181,-0.6216003509765181,0.6216003509765181
fold_5,main_fold_5,Main v2 model rolling-origin fold_5,rolling_origin_confirmatory,main,feature_only,env_patent_share_inventions,lag1_3_mean,YEM,"Yemen, Rep.",2019,0.001046266,lasso_alpha_1,0.001046266,0.38462404827406316,-0.38357778227406314,0.38357778227406314
fold_5,main_fold_5,Main v2 model rolling-origin fold_5,rolling_origin_confirmatory,main,feature_only,env_patent_share_inventions,lag1_3_mean,ZAF,South Africa,2019,0.07487776,lasso_alpha_1,0.07487776,0.7275019345011515,-0.6526241745011515,0.6526241745011515
fold_5,main_fold_5,Main v2 model rolling-origin fold_5,rolling_origin_confirmatory,main,feature_only,env_patent_share_inventions,lag1_3_mean,ZWE,Zimbabwe,2019,0.0006975106,lasso_alpha_1,0.0006975106,0.3671216432200334,-0.36642413262003337,0.36642413262003337
fold_5,main_fold_5,Main v2 model rolling-origin fold_5,rolling_origin_confirmatory,main,feature_only,env_patent_share_inventions,lag1_3_mean,ARE,United Arab Emirates,2020,0.04046751,lasso_alpha_1,0.04046751,0.7834093321266031,-0.7429418221266031,0.7429418221266031
fold_5,main_fold_5,Main v2 model rolling-origin fold_5,rolling_origin_confirmatory,main,feature_only,env_patent_share_inventions,lag1_3_mean,ARG,Argentina,2020,0.02010447,lasso_alpha_1,0.02010447,0.9778306748649039,-0.9577262048649039,0.9577262048649039
fold_5,main_fold_5,Main v2 model rolling-origin fold_5,rolling_origin_confirmatory,main,feature_only,env_patent_share_inventions,lag1_3_mean,ARM,Armenia,2020,0.001939337,lasso_alpha_1,0.001939337,0.35731415793676224,-0.35537482093676226,0.35537482093676226
fold_5,main_fold_5,Main v2 model rolling-origin fold_5,rolling_origin_confirmatory,main,feature_only,env_patent_share_inventions,lag1_3_mean,ATG,Antigua and Barbuda,2020,0.0009696687,lasso_alpha_1,0.0009696687,0.3459951440387464,-0.34502547533874645,0.34502547533874645
fold_5,main_fold_5,Main v2 model rolling-origin fold_5,rolling_origin_confirmatory,main,feature_only,env_patent_share_inventions,lag1_3_mean,AUS,Australia,2020,0.655256,lasso_alpha_1,0.655256,1.9315753957675854,-1.2763193957675854,1.2763193957675854
fold_5,main_fold_5,Main v2 model rolling-origin fold_5,rolling_origin_confirmatory,main,feature_only,env_patent_share_inventions,lag1_3_mean,AUT,Austria,2020,0.8130857,lasso_alpha_1,0.8130857,0.7836463009443386,0.029439399055661397,0.029439399055661397
fold_5,main_fold_5,Main v2 model rolling-origin fold_5,rolling_origin_confirmatory,main,feature_only,env_patent_share_inventions,lag1_3_mean,BEL,Belgium,2020,0.4943048,lasso_alpha_1,0.4943048,0.8681517735382115,-0.3738469735382115,0.3738469735382115
fold_5,main_fold_5,Main v2 model rolling-origin fold_5,rolling_origin_confirmatory,main,feature_only,env_patent_share_inventions,lag1_3_mean,BGD,Bangladesh,2020,0.0009696687,lasso_alpha_1,0.0009696687,0.6043693941337445,-0.6033997254337444,0.6033997254337444
fold_5,main_fold_5,Main v2 model rolling-origin fold_5,rolling_origin_confirmatory,main,feature_only,env_patent_share_inventions,lag1_3_mean,BGR,Bulgaria,2020,0.02941329,lasso_alpha_1,0.02941329,0.404151034459444,-0.374737744459444,0.374737744459444
fold_5,main_fold_5,Main v2 model rolling-origin fold_5,rolling_origin_confirmatory,main,feature_only,env_patent_share_inventions,lag1_3_mean,BHR,Bahrain,2020,0.0009696687,lasso_alpha_1,0.0009696687,0.383445425281821,-0.38247575658182104,0.38247575658182104
fold_5,main_fold_5,Main v2 model rolling-origin fold_5,rolling_origin_confirmatory,main,feature_only,env_patent_share_inventions,lag1_3_mean,BHS,"Bahamas, The",2020,0.01357536,lasso_alpha_1,0.01357536,0.35751943769999706,-0.3439440776999971,0.3439440776999971
fold_5,main_fold_5,Main v2 model rolling-origin fold_5,rolling_origin_confirmatory,main,feature_only,env_patent_share_inventions,lag1_3_mean,BIH,Bosnia and Herzegovina,2020,0.00775735,lasso_alpha_1,0.00775735,0.3638642794542235,-0.3561069294542235,0.3561069294542235
fold_5,main_fold_5,Main v2 model rolling-origin fold_5,rolling_origin_confirmatory,main,feature_only,env_patent_share_inventions,lag1_3_mean,BLR,Belarus,2020,0.008403796,lasso_alpha_1,0.008403796,0.4069895278849548,-0.3985857318849548,0.3985857318849548
fold_5,main_fold_5,Main v2 model rolling-origin fold_5,rolling_origin_confirmatory,main,feature_only,env_patent_share_inventions,lag1_3_mean,BLZ,Belize,2020,0.0006464458,lasso_alpha_1,0.0006464458,0.346614829700821,-0.345968383900821,0.345968383900821
fold_5,main_fold_5,Main v2 model rolling-origin fold_5,rolling_origin_confirmatory,main,feature_only,env_patent_share_inventions,lag1_3_mean,BRA,Brazil,2020,0.2774222,lasso_alpha_1,0.2774222,2.289676253053056,-2.0122540530530557,2.0122540530530557
fold_5,main_fold_5,Main v2 model rolling-origin fold_5,rolling_origin_confirmatory,main,feature_only,env_patent_share_inventions,lag1_3_mean,CAF,Central African Republic,2020,0.001939337,lasso_alpha_1,0.001939337,0.3463205571501139,-0.3443812201501139,0.3443812201501139
fold_5,main_fold_5,Main v2 model rolling-origin fold_5,rolling_origin_confirmatory,main,feature_only,env_patent_share_inventions,lag1_3_mean,CAN,Canada,2020,1.595525,lasso_alpha_1,1.595525,2.1444712478694044,-0.5489462478694043,0.5489462478694043
fold_5,main_fold_5,Main v2 model rolling-origin fold_5,rolling_origin_confirmatory,main,feature_only,env_patent_share_inventions,lag1_3_mean,CHE,Switzerland,2020,0.6582596,lasso_alpha_1,0.6582596,1.1406442435150044,-0.48238464351500443,0.48238464351500443
fold_5,main_fold_5,Main v2 model rolling-origin fold_5,rolling_origin_confirmatory,main,feature_only,env_patent_share_inventions,lag1_3_mean,CHL,Chile,2020,0.05064903,lasso_alpha_1,0.05064903,0.6231167704921774,-0.5724677404921774,0.5724677404921774
fold_5,main_fold_5,Main v2 model rolling-origin fold_5,rolling_origin_confirmatory,main,feature_only,env_patent_share_inventions,lag1_3_mean,CHN,China,2020,21.22932,lasso_alpha_1,21.22932,15.232177066651545,5.9971429333484565,5.9971429333484565
fold_5,main_fold_5,Main v2 model rolling-origin fold_5,rolling_origin_confirmatory,main,feature_only,env_patent_share_inventions,lag1_3_mean,CIV,Cote d'Ivoire,2020,0.0009696687,lasso_alpha_1,0.0009696687,0.4045987101630598,-0.40362904146305983,0.40362904146305983
fold_5,main_fold_5,Main v2 model rolling-origin fold_5,rolling_origin_confirmatory,main,feature_only,env_patent_share_inventions,lag1_3_mean,CMR,Cameroon,2020,0.0009696687,lasso_alpha_1,0.0009696687,0.38348195641515126,-0.3825122877151513,0.3825122877151513
fold_5,main_fold_5,Main v2 model rolling-origin fold_5,rolling_origin_confirmatory,main,feature_only,env_patent_share_inventions,lag1_3_mean,COG,"Congo, Rep.",2020,0.0006464458,lasso_alpha_1,0.0006464458,0.3557200702547436,-0.3550736244547436,0.3550736244547436
fold_5,main_fold_5,Main v2 model rolling-origin fold_5,rolling_origin_confirmatory,main,feature_only,env_patent_share_inventions,lag1_3_mean,COL,Colombia,2020,0.02327205,lasso_alpha_1,0.02327205,0.6826771948703012,-0.6594051448703012,0.6594051448703012
fold_5,main_fold_5,Main v2 model rolling-origin fold_5,rolling_origin_confirmatory,main,feature_only,env_patent_share_inventions,lag1_3_mean,CRI,Costa Rica,2020,0.003684741,lasso_alpha_1,0.003684741,0.41235370269921234,-0.40866896169921235,0.40866896169921235
fold_5,main_fold_5,Main v2 model rolling-origin fold_5,rolling_origin_confirmatory,main,feature_only,env_patent_share_inventions,lag1_3_mean,CYP,Cyprus,2020,0.007272516,lasso_alpha_1,0.007272516,0.37008343668504373,-0.3628109206850437,0.3628109206850437
fold_5,main_fold_5,Main v2 model rolling-origin fold_5,rolling_origin_confirmatory,main,feature_only,env_patent_share_inventions,lag1_3_mean,CZE,Czechia,2020,0.1647629,lasso_alpha_1,0.1647629,0.5722911873752382,-0.4075282873752382,0.4075282873752382
fold_5,main_fold_5,Main v2 model rolling-origin fold_5,rolling_origin_confirmatory,main,feature_only,env_patent_share_inventions,lag1_3_mean,DEU,Germany,2020,8.935518,lasso_alpha_1,8.935518,4.288438612583602,4.647079387416398,4.647079387416398
fold_5,main_fold_5,Main v2 model rolling-origin fold_5,rolling_origin_confirmatory,main,feature_only,env_patent_share_inventions,lag1_3_mean,DJI,Djibouti,2020,0.0009696687,lasso_alpha_1,0.0009696687,0.3473563235364241,-0.3463866548364241,0.3463866548364241
fold_5,main_fold_5,Main v2 model rolling-origin fold_5,rolling_origin_confirmatory,main,feature_only,env_patent_share_inventions,lag1_3_mean,DNK,Denmark,2020,0.9505016,lasso_alpha_1,0.9505016,0.698053689556615,0.252447910443385,0.252447910443385
fold_5,main_fold_5,Main v2 model rolling-origin fold_5,rolling_origin_confirmatory,main,feature_only,env_patent_share_inventions,lag1_3_mean,DOM,Dominican Republic,2020,0.0009696687,lasso_alpha_1,0.0009696687,0.435097214066129,-0.434127545366129,0.434127545366129
fold_5,main_fold_5,Main v2 model rolling-origin fold_5,rolling_origin_confirmatory,main,feature_only,env_patent_share_inventions,lag1_3_mean,DZA,Algeria,2020,0.004848344,lasso_alpha_1,0.004848344,0.561241562178295,-0.556393218178295,0.556393218178295
fold_5,main_fold_5,Main v2 model rolling-origin fold_5,rolling_origin_confirmatory,main,feature_only,env_patent_share_inventions,lag1_3_mean,ECU,Ecuador,2020,0.001939337,lasso_alpha_1,0.001939337,0.45597579962601975,-0.45403646262601977,0.45403646262601977
fold_5,main_fold_5,Main v2 model rolling-origin fold_5,rolling_origin_confirmatory,main,feature_only,env_patent_share_inventions,lag1_3_mean,EGY,"Egypt, Arab Rep.",2020,0.01215318,lasso_alpha_1,0.01215318,0.7537563514611781,-0.7416031714611782,0.7416031714611782
fold_5,main_fold_5,Main v2 model rolling-origin fold_5,rolling_origin_confirmatory,main,feature_only,env_patent_share_inventions,lag1_3_mean,ESP,Spain,2020,0.5858323,lasso_alpha_1,0.5858323,1.7602885258645942,-1.1744562258645943,1.1744562258645943
fold_5,main_fold_5,Main v2 model rolling-origin fold_5,rolling_origin_confirmatory,main,feature_only,env_patent_share_inventions,lag1_3_mean,EST,Estonia,2020,0.01389859,lasso_alpha_1,0.01389859,0.3727901945915837,-0.3588916045915837,0.3588916045915837
fold_5,main_fold_5,Main v2 model rolling-origin fold_5,rolling_origin_confirmatory,main,feature_only,env_patent_share_inventions,lag1_3_mean,ETH,Ethiopia,2020,0.0009696687,lasso_alpha_1,0.0009696687,0.4310301769191828,-0.4300605082191828,0.4300605082191828
fold_5,main_fold_5,Main v2 model rolling-origin fold_5,rolling_origin_confirmatory,main,feature_only,env_patent_share_inventions,lag1_3_mean,FIN,Finland,2020,0.4200928,lasso_alpha_1,0.4200928,0.6154737761723006,-0.1953809761723006,0.1953809761723006
fold_5,main_fold_5,Main v2 model rolling-origin fold_5,rolling_origin_confirmatory,main,feature_only,env_patent_share_inventions,lag1_3_mean,FRA,France,2020,3.529052,lasso_alpha_1,3.529052,3.1191489564681874,0.4099030435318127,0.4099030435318127
fold_5,main_fold_5,Main v2 model rolling-origin fold_5,rolling_origin_confirmatory,main,feature_only,env_patent_share_inventions,lag1_3_mean,GBR,United Kingdom,2020,2.348473,lasso_alpha_1,2.348473,3.755688972632951,-1.4072159726329514,1.4072159726329514
fold_5,main_fold_5,Main v2 model rolling-origin fold_5,rolling_origin_confirmatory,main,feature_only,env_patent_share_inventions,lag1_3_mean,GEO,Georgia,2020,0.002909006,lasso_alpha_1,0.002909006,0.36325655736504714,-0.36034755136504715,0.36034755136504715
fold_5,main_fold_5,Main v2 model rolling-origin fold_5,rolling_origin_confirmatory,main,feature_only,env_patent_share_inventions,lag1_3_mean,GHA,Ghana,2020,0.001939337,lasso_alpha_1,0.001939337,0.407996425970824,-0.406057088970824,0.406057088970824
fold_5,main_fold_5,Main v2 model rolling-origin fold_5,rolling_origin_confirmatory,main,feature_only,env_patent_share_inventions,lag1_3_mean,GMB,"Gambia, The",2020,0.0009696687,lasso_alpha_1,0.0009696687,0.34594424541937685,-0.34497457671937687,0.34497457671937687
fold_5,main_fold_5,Main v2 model rolling-origin fold_5,rolling_origin_confirmatory,main,feature_only,env_patent_share_inventions,lag1_3_mean,GRC,Greece,2020,0.0558206,lasso_alpha_1,0.0558206,0.5628042262171367,-0.5069836262171367,0.5069836262171367
fold_5,main_fold_5,Main v2 model rolling-origin fold_5,rolling_origin_confirmatory,main,feature_only,env_patent_share_inventions,lag1_3_mean,HKG,"Hong Kong SAR, China",2020,0.1003284,lasso_alpha_1,0.1003284,0.7046519212840926,-0.6043235212840926,0.6043235212840926
fold_5,main_fold_5,Main v2 model rolling-origin fold_5,rolling_origin_confirmatory,main,feature_only,env_patent_share_inventions,lag1_3_mean,HND,Honduras,2020,0.0009696687,lasso_alpha_1,0.0009696687,0.36986329148093333,-0.36889362278093335,0.36889362278093335
fold_5,main_fold_5,Main v2 model rolling-origin fold_5,rolling_origin_confirmatory,main,feature_only,env_patent_share_inventions,lag1_3_mean,HRV,Croatia,2020,0.01842371,lasso_alpha_1,0.01842371,0.4050924481515624,-0.38666873815156244,0.38666873815156244
fold_5,main_fold_5,Main v2 model rolling-origin fold_5,rolling_origin_confirmatory,main,feature_only,env_patent_share_inventions,lag1_3_mean,HUN,Hungary,2020,0.0638042,lasso_alpha_1,0.0638042,0.4970583614268308,-0.4332541614268308,0.4332541614268308
fold_5,main_fold_5,Main v2 model rolling-origin fold_5,rolling_origin_confirmatory,main,feature_only,env_patent_share_inventions,lag1_3_mean,IDN,Indonesia,2020,0.008080573,lasso_alpha_1,0.008080573,1.42778660847934,-1.41970603547934,1.41970603547934
fold_5,main_fold_5,Main v2 model rolling-origin fold_5,rolling_origin_confirmatory,main,feature_only,env_patent_share_inventions,lag1_3_mean,IND,India,2020,1.547903,lasso_alpha_1,1.547903,3.130397923004792,-1.582494923004792,1.582494923004792
fold_5,main_fold_5,Main v2 model rolling-origin fold_5,rolling_origin_confirmatory,main,feature_only,env_patent_share_inventions,lag1_3_mean,IRL,Ireland,2020,0.1358183,lasso_alpha_1,0.1358183,0.7344799223120546,-0.5986616223120547,0.5986616223120547
fold_5,main_fold_5,Main v2 model rolling-origin fold_5,rolling_origin_confirmatory,main,feature_only,env_patent_share_inventions,lag1_3_mean,IRN,"Iran, Islamic Rep.",2020,0.06180022,lasso_alpha_1,0.06180022,0.8253529940093469,-0.763552774009347,0.763552774009347
fold_5,main_fold_5,Main v2 model rolling-origin fold_5,rolling_origin_confirmatory,main,feature_only,env_patent_share_inventions,lag1_3_mean,IRQ,Iraq,2020,0.0009696687,lasso_alpha_1,0.0009696687,0.5535721489174534,-0.5526024802174534,0.5526024802174534
fold_5,main_fold_5,Main v2 model rolling-origin fold_5,rolling_origin_confirmatory,main,feature_only,env_patent_share_inventions,lag1_3_mean,ISL,Iceland,2020,0.002327205,lasso_alpha_1,0.002327205,0.366066604718559,-0.363739399718559,0.363739399718559
fold_5,main_fold_5,Main v2 model rolling-origin fold_5,rolling_origin_confirmatory,main,feature_only,env_patent_share_inventions,lag1_3_mean,ISR,Israel,2020,0.4784669,lasso_alpha_1,0.4784669,0.7170164129611356,-0.23854951296113563,0.23854951296113563
fold_5,main_fold_5,Main v2 model rolling-origin fold_5,rolling_origin_confirmatory,main,feature_only,env_patent_share_inventions,lag1_3_mean,ITA,Italy,2020,1.487068,lasso_alpha_1,1.487068,2.4163519464631698,-0.9292839464631697,0.9292839464631697
fold_5,main_fold_5,Main v2 model rolling-origin fold_5,rolling_origin_confirmatory,main,feature_only,env_patent_share_inventions,lag1_3_mean,JOR,Jordan,2020,0.005333178,lasso_alpha_1,0.005333178,0.38877574660736225,-0.38344256860736226,0.38344256860736226
fold_5,main_fold_5,Main v2 model rolling-origin fold_5,rolling_origin_confirmatory,main,feature_only,env_patent_share_inventions,lag1_3_mean,JPN,Japan,2020,17.60094,lasso_alpha_1,17.60094,5.29508138884998,12.305858611150022,12.305858611150022
fold_5,main_fold_5,Main v2 model rolling-origin fold_5,rolling_origin_confirmatory,main,feature_only,env_patent_share_inventions,lag1_3_mean,KAZ,Kazakhstan,2020,0.008727019,lasso_alpha_1,0.008727019,0.5636472972313673,-0.5549202782313674,0.5549202782313674
fold_5,main_fold_5,Main v2 model rolling-origin fold_5,rolling_origin_confirmatory,main,feature_only,env_patent_share_inventions,lag1_3_mean,KEN,Kenya,2020,0.0009696687,lasso_alpha_1,0.0009696687,0.4310737186107758,-0.43010404991077583,0.43010404991077583
fold_5,main_fold_5,Main v2 model rolling-origin fold_5,rolling_origin_confirmatory,main,feature_only,env_patent_share_inventions,lag1_3_mean,KOR,"Korea, Rep.",2020,12.25406,lasso_alpha_1,12.25406,2.1767673005558628,10.077292699444138,10.077292699444138
fold_5,main_fold_5,Main v2 model rolling-origin fold_5,rolling_origin_confirmatory,main,feature_only,env_patent_share_inventions,lag1_3_mean,KWT,Kuwait,2020,0.004363509,lasso_alpha_1,0.004363509,0.4692380349934351,-0.4648745259934351,0.4648745259934351
fold_5,main_fold_5,Main v2 model rolling-origin fold_5,rolling_origin_confirmatory,main,feature_only,env_patent_share_inventions,lag1_3_mean,LAO,Lao PDR,2020,0.0006464458,lasso_alpha_1,0.0006464458,0.36321760706914274,-0.36257116126914274,0.36257116126914274
fold_5,main_fold_5,Main v2 model rolling-origin fold_5,rolling_origin_confirmatory,main,feature_only,env_patent_share_inventions,lag1_3_mean,LBN,Lebanon,2020,0.01389859,lasso_alpha_1,0.01389859,0.3977492567581664,-0.3838506667581664,0.3838506667581664
fold_5,main_fold_5,Main v2 model rolling-origin fold_5,rolling_origin_confirmatory,main,feature_only,env_patent_share_inventions,lag1_3_mean,LKA,Sri Lanka,2020,0.006464459,lasso_alpha_1,0.006464459,0.44891388875360716,-0.4424494297536072,0.4424494297536072
fold_5,main_fold_5,Main v2 model rolling-origin fold_5,rolling_origin_confirmatory,main,feature_only,env_patent_share_inventions,lag1_3_mean,LTU,Lithuania,2020,0.01082797,lasso_alpha_1,0.01082797,0.3949820712356078,-0.3841541012356078,0.3841541012356078
fold_5,main_fold_5,Main v2 model rolling-origin fold_5,rolling_origin_confirmatory,main,feature_only,env_patent_share_inventions,lag1_3_mean,LUX,Luxembourg,2020,0.04007964,lasso_alpha_1,0.04007964,0.4148891904846713,-0.37480955048467135,0.37480955048467135
fold_5,main_fold_5,Main v2 model rolling-origin fold_5,rolling_origin_confirmatory,main,feature_only,env_patent_share_inventions,lag1_3_mean,LVA,Latvia,2020,0.01890854,lasso_alpha_1,0.01890854,0.3754603353574262,-0.3565517953574262,0.3565517953574262
fold_5,main_fold_5,Main v2 model rolling-origin fold_5,rolling_origin_confirmatory,main,feature_only,env_patent_share_inventions,lag1_3_mean,MAR,Morocco,2020,0.03005973,lasso_alpha_1,0.03005973,0.4744814018550097,-0.4444216718550097,0.4444216718550097
fold_5,main_fold_5,Main v2 model rolling-origin fold_5,rolling_origin_confirmatory,main,feature_only,env_patent_share_inventions,lag1_3_mean,MDA,Moldova,2020,0.003296874,lasso_alpha_1,0.003296874,0.3538145769602361,-0.3505177029602361,0.3505177029602361
fold_5,main_fold_5,Main v2 model rolling-origin fold_5,rolling_origin_confirmatory,main,feature_only,env_patent_share_inventions,lag1_3_mean,MEX,Mexico,2020,0.08798128,lasso_alpha_1,0.08798128,1.724024020316914,-1.636042740316914,1.636042740316914
fold_5,main_fold_5,Main v2 model rolling-origin fold_5,rolling_origin_confirmatory,main,feature_only,env_patent_share_inventions,lag1_3_mean,MLT,Malta,2020,0.002909006,lasso_alpha_1,0.002909006,0.3595944987304085,-0.3566854927304085,0.3566854927304085
fold_5,main_fold_5,Main v2 model rolling-origin fold_5,rolling_origin_confirmatory,main,feature_only,env_patent_share_inventions,lag1_3_mean,MNG,Mongolia,2020,0.0006464458,lasso_alpha_1,0.0006464458,0.3587094679069346,-0.3580630221069346,0.3580630221069346
fold_5,main_fold_5,Main v2 model rolling-origin fold_5,rolling_origin_confirmatory,main,feature_only,env_patent_share_inventions,lag1_3_mean,MRT,Mauritania,2020,0.0009696687,lasso_alpha_1,0.0009696687,0.3517371655943471,-0.3507674968943471,0.3507674968943471
fold_5,main_fold_5,Main v2 model rolling-origin fold_5,rolling_origin_confirmatory,main,feature_only,env_patent_share_inventions,lag1_3_mean,MUS,Mauritius,2020,0.00775735,lasso_alpha_1,0.00775735,0.3589914266808959,-0.3512340766808959,0.3512340766808959
fold_5,main_fold_5,Main v2 model rolling-origin fold_5,rolling_origin_confirmatory,main,feature_only,env_patent_share_inventions,lag1_3_mean,MYS,Malaysia,2020,0.06823236,lasso_alpha_1,0.06823236,0.7225276944304277,-0.6542953344304278,0.6542953344304278
fold_5,main_fold_5,Main v2 model rolling-origin fold_5,rolling_origin_confirmatory,main,feature_only,env_patent_share_inventions,lag1_3_mean,NLD,Netherlands,2020,1.049749,lasso_alpha_1,1.049749,1.2498242092494802,-0.2000752092494802,0.2000752092494802
fold_5,main_fold_5,Main v2 model rolling-origin fold_5,rolling_origin_confirmatory,main,feature_only,env_patent_share_inventions,lag1_3_mean,NOR,Norway,2020,0.3286207,lasso_alpha_1,0.3286207,0.7844792156869909,-0.4558585156869909,0.4558585156869909
fold_5,main_fold_5,Main v2 model rolling-origin fold_5,rolling_origin_confirmatory,main,feature_only,env_patent_share_inventions,lag1_3_mean,NPL,Nepal,2020,0.0009696687,lasso_alpha_1,0.0009696687,0.3752988724979389,-0.37432920379793894,0.37432920379793894
fold_5,main_fold_5,Main v2 model rolling-origin fold_5,rolling_origin_confirmatory,main,feature_only,env_patent_share_inventions,lag1_3_mean,NZL,New Zealand,2020,0.1008456,lasso_alpha_1,0.1008456,0.5579740832820305,-0.4571284832820305,0.4571284832820305
fold_5,main_fold_5,Main v2 model rolling-origin fold_5,rolling_origin_confirmatory,main,feature_only,env_patent_share_inventions,lag1_3_mean,OMN,Oman,2020,0.0113128,lasso_alpha_1,0.0113128,0.434571652135169,-0.423258852135169,0.423258852135169
fold_5,main_fold_5,Main v2 model rolling-origin fold_5,rolling_origin_confirmatory,main,feature_only,env_patent_share_inventions,lag1_3_mean,PAK,Pakistan,2020,0.008533085,lasso_alpha_1,0.008533085,0.7242009632665213,-0.7156678782665212,0.7156678782665212
fold_5,main_fold_5,Main v2 model rolling-origin fold_5,rolling_origin_confirmatory,main,feature_only,env_patent_share_inventions,lag1_3_mean,PAN,Panama,2020,0.00226256,lasso_alpha_1,0.00226256,0.4135524648793919,-0.4112899048793919,0.4112899048793919
fold_5,main_fold_5,Main v2 model rolling-origin fold_5,rolling_origin_confirmatory,main,feature_only,env_patent_share_inventions,lag1_3_mean,PER,Peru,2020,0.01470664,lasso_alpha_1,0.01470664,0.5710249581687377,-0.5563183181687377,0.5563183181687377
fold_5,main_fold_5,Main v2 model rolling-origin fold_5,rolling_origin_confirmatory,main,feature_only,env_patent_share_inventions,lag1_3_mean,PHL,Philippines,2020,0.01839138,lasso_alpha_1,0.01839138,0.7492183627376785,-0.7308269827376785,0.7308269827376785
fold_5,main_fold_5,Main v2 model rolling-origin fold_5,rolling_origin_confirmatory,main,feature_only,env_patent_share_inventions,lag1_3_mean,POL,Poland,2020,0.1535309,lasso_alpha_1,0.1535309,0.9406784770953138,-0.7871475770953138,0.7871475770953138
fold_5,main_fold_5,Main v2 model rolling-origin fold_5,rolling_origin_confirmatory,main,feature_only,env_patent_share_inventions,lag1_3_mean,PRI,Puerto Rico (US),2020,0.008727019,lasso_alpha_1,0.008727019,0.4491435027462799,-0.4404164837462799,0.4404164837462799
fold_5,main_fold_5,Main v2 model rolling-origin fold_5,rolling_origin_confirmatory,main,feature_only,env_patent_share_inventions,lag1_3_mean,PRT,Portugal,2020,0.1029465,lasso_alpha_1,0.1029465,0.5782383709570567,-0.47529187095705666,0.47529187095705666
fold_5,main_fold_5,Main v2 model rolling-origin fold_5,rolling_origin_confirmatory,main,feature_only,env_patent_share_inventions,lag1_3_mean,PSE,West Bank and Gaza,2020,0.0009696687,lasso_alpha_1,0.0009696687,0.3611729269838241,-0.3602032582838241,0.3602032582838241
fold_5,main_fold_5,Main v2 model rolling-origin fold_5,rolling_origin_confirmatory,main,feature_only,env_patent_share_inventions,lag1_3_mean,QAT,Qatar,2020,0.01422181,lasso_alpha_1,0.01422181,0.5241196103766024,-0.5098978003766024,0.5098978003766024
fold_5,main_fold_5,Main v2 model rolling-origin fold_5,rolling_origin_confirmatory,main,feature_only,env_patent_share_inventions,lag1_3_mean,ROU,Romania,2020,0.02973651,lasso_alpha_1,0.02973651,0.5695530112262035,-0.5398165012262035,0.5398165012262035
fold_5,main_fold_5,Main v2 model rolling-origin fold_5,rolling_origin_confirmatory,main,feature_only,env_patent_share_inventions,lag1_3_mean,RUS,Russian Federation,2020,0.3158581,lasso_alpha_1,0.3158581,1.8918471508894172,-1.5759890508894172,1.5759890508894172
fold_5,main_fold_5,Main v2 model rolling-origin fold_5,rolling_origin_confirmatory,main,feature_only,env_patent_share_inventions,lag1_3_mean,SAU,Saudi Arabia,2020,0.2942945,lasso_alpha_1,0.2942945,1.1388385908934897,-0.8445440908934897,0.8445440908934897
fold_5,main_fold_5,Main v2 model rolling-origin fold_5,rolling_origin_confirmatory,main,feature_only,env_patent_share_inventions,lag1_3_mean,SGP,Singapore,2020,0.2607485,lasso_alpha_1,0.2607485,0.716113725572118,-0.45536522557211806,0.45536522557211806
fold_5,main_fold_5,Main v2 model rolling-origin fold_5,rolling_origin_confirmatory,main,feature_only,env_patent_share_inventions,lag1_3_mean,SRB,Serbia,2020,0.008403796,lasso_alpha_1,0.008403796,0.393671243900915,-0.385267447900915,0.385267447900915
fold_5,main_fold_5,Main v2 model rolling-origin fold_5,rolling_origin_confirmatory,main,feature_only,env_patent_share_inventions,lag1_3_mean,SVK,Slovak Republic,2020,0.03086779,lasso_alpha_1,0.03086779,0.44917477389704974,-0.41830698389704973,0.41830698389704973
fold_5,main_fold_5,Main v2 model rolling-origin fold_5,rolling_origin_confirmatory,main,feature_only,env_patent_share_inventions,lag1_3_mean,SVN,Slovenia,2020,0.02618106,lasso_alpha_1,0.02618106,0.39648588809388297,-0.370304828093883,0.370304828093883
fold_5,main_fold_5,Main v2 model rolling-origin fold_5,rolling_origin_confirmatory,main,feature_only,env_patent_share_inventions,lag1_3_mean,SWE,Sweden,2020,0.9918742,lasso_alpha_1,0.9918742,0.9217430479583606,0.07013115204163944,0.07013115204163944
fold_5,main_fold_5,Main v2 model rolling-origin fold_5,rolling_origin_confirmatory,main,feature_only,env_patent_share_inventions,lag1_3_mean,SYR,Syrian Arab Republic,2020,0.0009696687,lasso_alpha_1,0.0009696687,0.36104478026957243,-0.36007511156957245,0.36007511156957245
fold_5,main_fold_5,Main v2 model rolling-origin fold_5,rolling_origin_confirmatory,main,feature_only,env_patent_share_inventions,lag1_3_mean,THA,Thailand,2020,0.04719055,lasso_alpha_1,0.04719055,0.8296575705802827,-0.7824670205802826,0.7824670205802826
fold_5,main_fold_5,Main v2 model rolling-origin fold_5,rolling_origin_confirmatory,main,feature_only,env_patent_share_inventions,lag1_3_mean,TUN,Tunisia,2020,0.003232229,lasso_alpha_1,0.003232229,0.39671270405812264,-0.39348047505812267,0.39348047505812267
fold_5,main_fold_5,Main v2 model rolling-origin fold_5,rolling_origin_confirmatory,main,feature_only,env_patent_share_inventions,lag1_3_mean,TUR,Turkiye,2020,0.2532775,lasso_alpha_1,0.2532775,1.4183741743295903,-1.1650966743295903,1.1650966743295903
fold_5,main_fold_5,Main v2 model rolling-origin fold_5,rolling_origin_confirmatory,main,feature_only,env_patent_share_inventions,lag1_3_mean,UKR,Ukraine,2020,0.0492915,lasso_alpha_1,0.0492915,0.45126354428254617,-0.4019720442825462,0.4019720442825462
fold_5,main_fold_5,Main v2 model rolling-origin fold_5,rolling_origin_confirmatory,main,feature_only,env_patent_share_inventions,lag1_3_mean,USA,United States,2020,16.7884,lasso_alpha_1,16.7884,21.52384064131882,-4.735440641318821,4.735440641318821
fold_5,main_fold_5,Main v2 model rolling-origin fold_5,rolling_origin_confirmatory,main,feature_only,env_patent_share_inventions,lag1_3_mean,UZB,Uzbekistan,2020,0.001939337,lasso_alpha_1,0.001939337,0.4538681026138222,-0.4519287656138222,0.4519287656138222
fold_5,main_fold_5,Main v2 model rolling-origin fold_5,rolling_origin_confirmatory,main,feature_only,env_patent_share_inventions,lag1_3_mean,VNM,Viet Nam,2020,0.0324839,lasso_alpha_1,0.0324839,0.6626977154001701,-0.6302138154001701,0.6302138154001701
fold_5,main_fold_5,Main v2 model rolling-origin fold_5,rolling_origin_confirmatory,main,feature_only,env_patent_share_inventions,lag1_3_mean,ZAF,South Africa,2020,0.08604194,lasso_alpha_1,0.08604194,0.7312852758055178,-0.6452433358055178,0.6452433358055178
fold_5,main_fold_5,Main v2 model rolling-origin fold_5,rolling_origin_confirmatory,main,feature_only,env_patent_share_inventions,lag1_3_mean,ALB,Albania,2021,0.0009673051,lasso_alpha_1,0.0009673051,0.3581042811915901,-0.3571369760915901,0.3571369760915901
fold_5,main_fold_5,Main v2 model rolling-origin fold_5,rolling_origin_confirmatory,main,feature_only,env_patent_share_inventions,lag1_3_mean,ARE,United Arab Emirates,2021,0.03864921,lasso_alpha_1,0.03864921,0.7745913281010259,-0.7359421181010259,0.7359421181010259
fold_5,main_fold_5,Main v2 model rolling-origin fold_5,rolling_origin_confirmatory,main,feature_only,env_patent_share_inventions,lag1_3_mean,ARG,Argentina,2021,0.00838331,lasso_alpha_1,0.00838331,0.9475065377251328,-0.9391232277251328,0.9391232277251328
fold_5,main_fold_5,Main v2 model rolling-origin fold_5,rolling_origin_confirmatory,main,feature_only,env_patent_share_inventions,lag1_3_mean,ARM,Armenia,2021,0.0009673051,lasso_alpha_1,0.0009673051,0.35752140136674615,-0.35655409626674617,0.35655409626674617
fold_5,main_fold_5,Main v2 model rolling-origin fold_5,rolling_origin_confirmatory,main,feature_only,env_patent_share_inventions,lag1_3_mean,AUS,Australia,2021,0.6052428,lasso_alpha_1,0.6052428,1.957296366240027,-1.352053566240027,1.352053566240027
fold_5,main_fold_5,Main v2 model rolling-origin fold_5,rolling_origin_confirmatory,main,feature_only,env_patent_share_inventions,lag1_3_mean,AUT,Austria,2021,0.600331,lasso_alpha_1,0.600331,0.7803431179562631,-0.18001211795626315,0.18001211795626315
fold_5,main_fold_5,Main v2 model rolling-origin fold_5,rolling_origin_confirmatory,main,feature_only,env_patent_share_inventions,lag1_3_mean,AZE,Azerbaijan,2021,0.00451409,lasso_alpha_1,0.00451409,0.40105935537973714,-0.3965452653797371,0.3965452653797371
fold_5,main_fold_5,Main v2 model rolling-origin fold_5,rolling_origin_confirmatory,main,feature_only,env_patent_share_inventions,lag1_3_mean,BEL,Belgium,2021,0.5078351,lasso_alpha_1,0.5078351,0.8670644963440713,-0.35922939634407136,0.35922939634407136
fold_5,main_fold_5,Main v2 model rolling-origin fold_5,rolling_origin_confirmatory,main,feature_only,env_patent_share_inventions,lag1_3_mean,BFA,Burkina Faso,2021,0.0009673051,lasso_alpha_1,0.0009673051,0.36033627235615817,-0.3593689672561582,0.3593689672561582
fold_5,main_fold_5,Main v2 model rolling-origin fold_5,rolling_origin_confirmatory,main,feature_only,env_patent_share_inventions,lag1_3_mean,BGD,Bangladesh,2021,0.002321532,lasso_alpha_1,0.002321532,0.6202869631279672,-0.6179654311279672,0.6179654311279672
fold_5,main_fold_5,Main v2 model rolling-origin fold_5,rolling_origin_confirmatory,main,feature_only,env_patent_share_inventions,lag1_3_mean,BGR,Bulgaria,2021,0.0156381,lasso_alpha_1,0.0156381,0.4047110781009249,-0.3890729781009249,0.3890729781009249
fold_5,main_fold_5,Main v2 model rolling-origin fold_5,rolling_origin_confirmatory,main,feature_only,env_patent_share_inventions,lag1_3_mean,BHS,"Bahamas, The",2021,0.004836525,lasso_alpha_1,0.004836525,0.3566951486422414,-0.3518586236422414,0.3518586236422414
fold_5,main_fold_5,Main v2 model rolling-origin fold_5,rolling_origin_confirmatory,main,feature_only,env_patent_share_inventions,lag1_3_mean,BLR,Belarus,2021,0.01176888,lasso_alpha_1,0.01176888,0.40779227808850305,-0.39602339808850306,0.39602339808850306
fold_5,main_fold_5,Main v2 model rolling-origin fold_5,rolling_origin_confirmatory,main,feature_only,env_patent_share_inventions,lag1_3_mean,BRA,Brazil,2021,0.2022635,lasso_alpha_1,0.2022635,2.2874442923960077,-2.0851807923960077,2.0851807923960077
fold_5,main_fold_5,Main v2 model rolling-origin fold_5,rolling_origin_confirmatory,main,feature_only,env_patent_share_inventions,lag1_3_mean,CAN,Canada,2021,1.406397,lasso_alpha_1,1.406397,2.1411250038438077,-0.7347280038438078,0.7347280038438078
fold_5,main_fold_5,Main v2 model rolling-origin fold_5,rolling_origin_confirmatory,main,feature_only,env_patent_share_inventions,lag1_3_mean,CHE,Switzerland,2021,0.5670665,lasso_alpha_1,0.5670665,1.1453333303439142,-0.5782668303439141,0.5782668303439141
fold_5,main_fold_5,Main v2 model rolling-origin fold_5,rolling_origin_confirmatory,main,feature_only,env_patent_share_inventions,lag1_3_mean,CHL,Chile,2021,0.04739795,lasso_alpha_1,0.04739795,0.6215089170452873,-0.5741109670452873,0.5741109670452873
fold_5,main_fold_5,Main v2 model rolling-origin fold_5,rolling_origin_confirmatory,main,feature_only,env_patent_share_inventions,lag1_3_mean,CHN,China,2021,27.46088,lasso_alpha_1,27.46088,15.971250271693174,11.489629728306825,11.489629728306825
fold_5,main_fold_5,Main v2 model rolling-origin fold_5,rolling_origin_confirmatory,main,feature_only,env_patent_share_inventions,lag1_3_mean,CMR,Cameroon,2021,0.00064487,lasso_alpha_1,0.00064487,0.3844706275583061,-0.38382575755830606,0.38382575755830606
fold_5,main_fold_5,Main v2 model rolling-origin fold_5,rolling_origin_confirmatory,main,feature_only,env_patent_share_inventions,lag1_3_mean,COL,Colombia,2021,0.01708906,lasso_alpha_1,0.01708906,0.6807323864245634,-0.6636433264245634,0.6636433264245634
fold_5,main_fold_5,Main v2 model rolling-origin fold_5,rolling_origin_confirmatory,main,feature_only,env_patent_share_inventions,lag1_3_mean,CPV,Cabo Verde,2021,0.00064487,lasso_alpha_1,0.00064487,0.34632034750455853,-0.3456754775045585,0.3456754775045585
fold_5,main_fold_5,Main v2 model rolling-origin fold_5,rolling_origin_confirmatory,main,feature_only,env_patent_share_inventions,lag1_3_mean,CRI,Costa Rica,2021,0.00193461,lasso_alpha_1,0.00193461,0.412487743381899,-0.41055313338189897,0.41055313338189897
fold_5,main_fold_5,Main v2 model rolling-origin fold_5,rolling_origin_confirmatory,main,feature_only,env_patent_share_inventions,lag1_3_mean,CYP,Cyprus,2021,0.007416006,lasso_alpha_1,0.007416006,0.3708044302752881,-0.3633884242752881,0.3633884242752881
fold_5,main_fold_5,Main v2 model rolling-origin fold_5,rolling_origin_confirmatory,main,feature_only,env_patent_share_inventions,lag1_3_mean,CZE,Czechia,2021,0.1125298,lasso_alpha_1,0.1125298,0.5729159945958443,-0.4603861945958443,0.4603861945958443
fold_5,main_fold_5,Main v2 model rolling-origin fold_5,rolling_origin_confirmatory,main,feature_only,env_patent_share_inventions,lag1_3_mean,DEU,Germany,2021,6.09054,lasso_alpha_1,6.09054,4.261188909404791,1.8293510905952086,1.8293510905952086
fold_5,main_fold_5,Main v2 model rolling-origin fold_5,rolling_origin_confirmatory,main,feature_only,env_patent_share_inventions,lag1_3_mean,DNK,Denmark,2021,0.8738312,lasso_alpha_1,0.8738312,0.7000911336894969,0.1737400663105031,0.1737400663105031
fold_5,main_fold_5,Main v2 model rolling-origin fold_5,rolling_origin_confirmatory,main,feature_only,env_patent_share_inventions,lag1_3_mean,DOM,Dominican Republic,2021,0.00064487,lasso_alpha_1,0.00064487,0.4360732837837148,-0.4354284137837148,0.4354284137837148
fold_5,main_fold_5,Main v2 model rolling-origin fold_5,rolling_origin_confirmatory,main,feature_only,env_patent_share_inventions,lag1_3_mean,DZA,Algeria,2021,0.003288837,lasso_alpha_1,0.003288837,0.5592387628872355,-0.5559499258872355,0.5559499258872355
fold_5,main_fold_5,Main v2 model rolling-origin fold_5,rolling_origin_confirmatory,main,feature_only,env_patent_share_inventions,lag1_3_mean,ECU,Ecuador,2021,0.001612175,lasso_alpha_1,0.001612175,0.4529644360778023,-0.4513522610778023,0.4513522610778023
fold_5,main_fold_5,Main v2 model rolling-origin fold_5,rolling_origin_confirmatory,main,feature_only,env_patent_share_inventions,lag1_3_mean,EGY,"Egypt, Arab Rep.",2021,0.01321984,lasso_alpha_1,0.01321984,0.7733276359340588,-0.7601077959340589,0.7601077959340589
fold_5,main_fold_5,Main v2 model rolling-origin fold_5,rolling_origin_confirmatory,main,feature_only,env_patent_share_inventions,lag1_3_mean,ESP,Spain,2021,0.6234819,lasso_alpha_1,0.6234819,1.7278952469476132,-1.1044133469476132,1.1044133469476132
fold_5,main_fold_5,Main v2 model rolling-origin fold_5,rolling_origin_confirmatory,main,feature_only,env_patent_share_inventions,lag1_3_mean,EST,Estonia,2021,0.01386471,lasso_alpha_1,0.01386471,0.3731995589160174,-0.3593348489160174,0.3593348489160174
fold_5,main_fold_5,Main v2 model rolling-origin fold_5,rolling_origin_confirmatory,main,feature_only,env_patent_share_inventions,lag1_3_mean,ETH,Ethiopia,2021,0.002257045,lasso_alpha_1,0.002257045,0.4371555018494909,-0.4348984568494909,0.4348984568494909
fold_5,main_fold_5,Main v2 model rolling-origin fold_5,rolling_origin_confirmatory,main,feature_only,env_patent_share_inventions,lag1_3_mean,FIN,Finland,2021,0.4526021,lasso_alpha_1,0.4526021,0.6154773846240056,-0.16287528462400558,0.16287528462400558
fold_5,main_fold_5,Main v2 model rolling-origin fold_5,rolling_origin_confirmatory,main,feature_only,env_patent_share_inventions,lag1_3_mean,FRA,France,2021,2.559317,lasso_alpha_1,2.559317,3.0827102946992344,-0.5233932946992343,0.5233932946992343
fold_5,main_fold_5,Main v2 model rolling-origin fold_5,rolling_origin_confirmatory,main,feature_only,env_patent_share_inventions,lag1_3_mean,GBR,United Kingdom,2021,1.863642,lasso_alpha_1,1.863642,3.6715751785453534,-1.8079331785453534,1.8079331785453534
fold_5,main_fold_5,Main v2 model rolling-origin fold_5,rolling_origin_confirmatory,main,feature_only,env_patent_share_inventions,lag1_3_mean,GEO,Georgia,2021,0.007738441,lasso_alpha_1,0.007738441,0.36354012312398887,-0.3558016821239889,0.3558016821239889
fold_5,main_fold_5,Main v2 model rolling-origin fold_5,rolling_origin_confirmatory,main,feature_only,env_patent_share_inventions,lag1_3_mean,GRC,Greece,2021,0.04058382,lasso_alpha_1,0.04058382,0.5590876518856169,-0.5185038318856169,0.5185038318856169
fold_5,main_fold_5,Main v2 model rolling-origin fold_5,rolling_origin_confirmatory,main,feature_only,env_patent_share_inventions,lag1_3_mean,HKG,"Hong Kong SAR, China",2021,0.09469917,lasso_alpha_1,0.09469917,0.6981405450714606,-0.6034413750714607,0.6034413750714607
fold_5,main_fold_5,Main v2 model rolling-origin fold_5,rolling_origin_confirmatory,main,feature_only,env_patent_share_inventions,lag1_3_mean,HRV,Croatia,2021,0.02037789,lasso_alpha_1,0.02037789,0.40455772087016795,-0.38417983087016794,0.38417983087016794
fold_5,main_fold_5,Main v2 model rolling-origin fold_5,rolling_origin_confirmatory,main,feature_only,env_patent_share_inventions,lag1_3_mean,HUN,Hungary,2021,0.04149739,lasso_alpha_1,0.04149739,0.5000288392775534,-0.45853144927755335,0.45853144927755335
fold_5,main_fold_5,Main v2 model rolling-origin fold_5,rolling_origin_confirmatory,main,feature_only,env_patent_share_inventions,lag1_3_mean,IDN,Indonesia,2021,0.01360676,lasso_alpha_1,0.01360676,1.4558406743403922,-1.4422339143403922,1.4422339143403922
fold_5,main_fold_5,Main v2 model rolling-origin fold_5,rolling_origin_confirmatory,main,feature_only,env_patent_share_inventions,lag1_3_mean,IND,India,2021,1.139217,lasso_alpha_1,1.139217,3.1671896386873932,-2.0279726386873933,2.0279726386873933
fold_5,main_fold_5,Main v2 model rolling-origin fold_5,rolling_origin_confirmatory,main,feature_only,env_patent_share_inventions,lag1_3_mean,IRL,Ireland,2021,0.1236538,lasso_alpha_1,0.1236538,0.76019026999655,-0.63653646999655,0.63653646999655
fold_5,main_fold_5,Main v2 model rolling-origin fold_5,rolling_origin_confirmatory,main,feature_only,env_patent_share_inventions,lag1_3_mean,IRN,"Iran, Islamic Rep.",2021,0.03633843,lasso_alpha_1,0.03633843,0.8222920113449695,-0.7859535813449695,0.7859535813449695
fold_5,main_fold_5,Main v2 model rolling-origin fold_5,rolling_origin_confirmatory,main,feature_only,env_patent_share_inventions,lag1_3_mean,ISL,Iceland,2021,0.009673051,lasso_alpha_1,0.009673051,0.3659834473202199,-0.35631039632021994,0.35631039632021994
fold_5,main_fold_5,Main v2 model rolling-origin fold_5,rolling_origin_confirmatory,main,feature_only,env_patent_share_inventions,lag1_3_mean,ISR,Israel,2021,0.4227123,lasso_alpha_1,0.4227123,0.7238086913223837,-0.3010963913223837,0.3010963913223837
fold_5,main_fold_5,Main v2 model rolling-origin fold_5,rolling_origin_confirmatory,main,feature_only,env_patent_share_inventions,lag1_3_mean,ITA,Italy,2021,1.366383,lasso_alpha_1,1.366383,2.3633939332506717,-0.9970109332506718,0.9970109332506718
fold_5,main_fold_5,Main v2 model rolling-origin fold_5,rolling_origin_confirmatory,main,feature_only,env_patent_share_inventions,lag1_3_mean,JOR,Jordan,2021,0.009565572,lasso_alpha_1,0.009565572,0.3891488801510423,-0.3795833081510423,0.3795833081510423
fold_5,main_fold_5,Main v2 model rolling-origin fold_5,rolling_origin_confirmatory,main,feature_only,env_patent_share_inventions,lag1_3_mean,JPN,Japan,2021,18.32637,lasso_alpha_1,18.32637,5.230249592997489,13.096120407002513,13.096120407002513
fold_5,main_fold_5,Main v2 model rolling-origin fold_5,rolling_origin_confirmatory,main,feature_only,env_patent_share_inventions,lag1_3_mean,KAZ,Kazakhstan,2021,0.006771136,lasso_alpha_1,0.006771136,0.5679003355413768,-0.5611291995413767,0.5611291995413767
fold_5,main_fold_5,Main v2 model rolling-origin fold_5,rolling_origin_confirmatory,main,feature_only,env_patent_share_inventions,lag1_3_mean,KEN,Kenya,2021,0.001450958,lasso_alpha_1,0.001450958,0.43402082097307326,-0.43256986297307326,0.43256986297307326
fold_5,main_fold_5,Main v2 model rolling-origin fold_5,rolling_origin_confirmatory,main,feature_only,env_patent_share_inventions,lag1_3_mean,KGZ,Kyrgyz Republic,2021,0.00064487,lasso_alpha_1,0.00064487,0.3524912894187978,-0.3518464194187978,0.3518464194187978
fold_5,main_fold_5,Main v2 model rolling-origin fold_5,rolling_origin_confirmatory,main,feature_only,env_patent_share_inventions,lag1_3_mean,KHM,Cambodia,2021,0.00128974,lasso_alpha_1,0.00128974,0.37881321691521075,-0.37752347691521077,0.37752347691521077
fold_5,main_fold_5,Main v2 model rolling-origin fold_5,rolling_origin_confirmatory,main,feature_only,env_patent_share_inventions,lag1_3_mean,KOR,"Korea, Rep.",2021,13.81879,lasso_alpha_1,13.81879,2.205401517826677,11.613388482173324,11.613388482173324
fold_5,main_fold_5,Main v2 model rolling-origin fold_5,rolling_origin_confirmatory,main,feature_only,env_patent_share_inventions,lag1_3_mean,KWT,Kuwait,2021,0.00764171,lasso_alpha_1,0.00764171,0.46924117565508994,-0.4615994656550899,0.4615994656550899
fold_5,main_fold_5,Main v2 model rolling-origin fold_5,rolling_origin_confirmatory,main,feature_only,env_patent_share_inventions,lag1_3_mean,LBN,Lebanon,2021,0.007158058,lasso_alpha_1,0.007158058,0.3925329295556609,-0.38537487155566086,0.38537487155566086
fold_5,main_fold_5,Main v2 model rolling-origin fold_5,rolling_origin_confirmatory,main,feature_only,env_patent_share_inventions,lag1_3_mean,LBY,Libya,2021,0.0009673051,lasso_alpha_1,0.0009673051,0.4065988252792455,-0.40563152017924553,0.40563152017924553
fold_5,main_fold_5,Main v2 model rolling-origin fold_5,rolling_origin_confirmatory,main,feature_only,env_patent_share_inventions,lag1_3_mean,LKA,Sri Lanka,2021,0.01612175,lasso_alpha_1,0.01612175,0.44800725110423056,-0.4318855011042306,0.4318855011042306
fold_5,main_fold_5,Main v2 model rolling-origin fold_5,rolling_origin_confirmatory,main,feature_only,env_patent_share_inventions,lag1_3_mean,LTU,Lithuania,2021,0.01064036,lasso_alpha_1,0.01064036,0.396573883016636,-0.38593352301663597,0.38593352301663597
fold_5,main_fold_5,Main v2 model rolling-origin fold_5,rolling_origin_confirmatory,main,feature_only,env_patent_share_inventions,lag1_3_mean,LUX,Luxembourg,2021,0.05029986,lasso_alpha_1,0.05029986,0.41578326159300794,-0.36548340159300796,0.36548340159300796
fold_5,main_fold_5,Main v2 model rolling-origin fold_5,rolling_origin_confirmatory,main,feature_only,env_patent_share_inventions,lag1_3_mean,LVA,Latvia,2021,0.02031341,lasso_alpha_1,0.02031341,0.3755987340452729,-0.3552853240452729,0.3552853240452729
fold_5,main_fold_5,Main v2 model rolling-origin fold_5,rolling_origin_confirmatory,main,feature_only,env_patent_share_inventions,lag1_3_mean,MAC,"Macao SAR, China",2021,0.00386922,lasso_alpha_1,0.00386922,0.3898610104409045,-0.3859917904409045,0.3859917904409045
fold_5,main_fold_5,Main v2 model rolling-origin fold_5,rolling_origin_confirmatory,main,feature_only,env_patent_share_inventions,lag1_3_mean,MAR,Morocco,2021,0.01747598,lasso_alpha_1,0.01747598,0.47382117475540275,-0.45634519475540275,0.45634519475540275
fold_5,main_fold_5,Main v2 model rolling-origin fold_5,rolling_origin_confirmatory,main,feature_only,env_patent_share_inventions,lag1_3_mean,MDA,Moldova,2021,0.001128523,lasso_alpha_1,0.001128523,0.35377935690302487,-0.3526508339030249,0.3526508339030249
fold_5,main_fold_5,Main v2 model rolling-origin fold_5,rolling_origin_confirmatory,main,feature_only,env_patent_share_inventions,lag1_3_mean,MEX,Mexico,2021,0.08141485,lasso_alpha_1,0.08141485,1.6925971718357862,-1.6111823218357861,1.6111823218357861
fold_5,main_fold_5,Main v2 model rolling-origin fold_5,rolling_origin_confirmatory,main,feature_only,env_patent_share_inventions,lag1_3_mean,MLT,Malta,2021,0.007416006,lasso_alpha_1,0.007416006,0.3599660404119295,-0.3525500344119295,0.3525500344119295
fold_5,main_fold_5,Main v2 model rolling-origin fold_5,rolling_origin_confirmatory,main,feature_only,env_patent_share_inventions,lag1_3_mean,MNE,Montenegro,2021,0.0009673051,lasso_alpha_1,0.0009673051,0.3489860215072502,-0.34801871640725024,0.34801871640725024
fold_5,main_fold_5,Main v2 model rolling-origin fold_5,rolling_origin_confirmatory,main,feature_only,env_patent_share_inventions,lag1_3_mean,MRT,Mauritania,2021,0.0009673051,lasso_alpha_1,0.0009673051,0.3519211768235938,-0.3509538717235938,0.3509538717235938
fold_5,main_fold_5,Main v2 model rolling-origin fold_5,rolling_origin_confirmatory,main,feature_only,env_patent_share_inventions,lag1_3_mean,MUS,Mauritius,2021,0.00064487,lasso_alpha_1,0.00064487,0.3585856360166584,-0.35794076601665836,0.35794076601665836
fold_5,main_fold_5,Main v2 model rolling-origin fold_5,rolling_origin_confirmatory,main,feature_only,env_patent_share_inventions,lag1_3_mean,MYS,Malaysia,2021,0.08705746,lasso_alpha_1,0.08705746,0.726735795711283,-0.639678335711283,0.639678335711283
fold_5,main_fold_5,Main v2 model rolling-origin fold_5,rolling_origin_confirmatory,main,feature_only,env_patent_share_inventions,lag1_3_mean,NCL,New Caledonia,2021,0.002901915,lasso_alpha_1,0.002901915,0.46684760537116493,-0.46394569037116495,0.46394569037116495
fold_5,main_fold_5,Main v2 model rolling-origin fold_5,rolling_origin_confirmatory,main,feature_only,env_patent_share_inventions,lag1_3_mean,NER,Niger,2021,0.00064487,lasso_alpha_1,0.00064487,0.35738377587272196,-0.35673890587272195,0.35673890587272195
fold_5,main_fold_5,Main v2 model rolling-origin fold_5,rolling_origin_confirmatory,main,feature_only,env_patent_share_inventions,lag1_3_mean,NLD,Netherlands,2021,0.8459405,lasso_alpha_1,0.8459405,1.2514900467643084,-0.40554954676430843,0.40554954676430843
fold_5,main_fold_5,Main v2 model rolling-origin fold_5,rolling_origin_confirmatory,main,feature_only,env_patent_share_inventions,lag1_3_mean,NOR,Norway,2021,0.2947056,lasso_alpha_1,0.2947056,0.7854369992351231,-0.4907313992351231,0.4907313992351231
fold_5,main_fold_5,Main v2 model rolling-origin fold_5,rolling_origin_confirmatory,main,feature_only,env_patent_share_inventions,lag1_3_mean,NPL,Nepal,2021,0.00128974,lasso_alpha_1,0.00128974,0.3764614963269137,-0.37517175632691374,0.37517175632691374
fold_5,main_fold_5,Main v2 model rolling-origin fold_5,rolling_origin_confirmatory,main,feature_only,env_patent_share_inventions,lag1_3_mean,NZL,New Zealand,2021,0.08180176,lasso_alpha_1,0.08180176,0.5618041803507733,-0.4800024203507733,0.4800024203507733
fold_5,main_fold_5,Main v2 model rolling-origin fold_5,rolling_origin_confirmatory,main,feature_only,env_patent_share_inventions,lag1_3_mean,OMN,Oman,2021,0.002418263,lasso_alpha_1,0.002418263,0.43360045649402934,-0.43118219349402936,0.43118219349402936
fold_5,main_fold_5,Main v2 model rolling-origin fold_5,rolling_origin_confirmatory,main,feature_only,env_patent_share_inventions,lag1_3_mean,PAK,Pakistan,2021,0.00838331,lasso_alpha_1,0.00838331,0.7331486248021779,-0.7247653148021779,0.7247653148021779
fold_5,main_fold_5,Main v2 model rolling-origin fold_5,rolling_origin_confirmatory,main,feature_only,env_patent_share_inventions,lag1_3_mean,PAN,Panama,2021,0.001450958,lasso_alpha_1,0.001450958,0.4108892153060796,-0.4094382573060796,0.4094382573060796
fold_5,main_fold_5,Main v2 model rolling-origin fold_5,rolling_origin_confirmatory,main,feature_only,env_patent_share_inventions,lag1_3_mean,PER,Peru,2021,0.009028181,lasso_alpha_1,0.009028181,0.5671340777377523,-0.5581058967377522,0.5581058967377522
fold_5,main_fold_5,Main v2 model rolling-origin fold_5,rolling_origin_confirmatory,main,feature_only,env_patent_share_inventions,lag1_3_mean,PHL,Philippines,2021,0.01666989,lasso_alpha_1,0.01666989,0.7518914535712328,-0.7352215635712328,0.7352215635712328
fold_5,main_fold_5,Main v2 model rolling-origin fold_5,rolling_origin_confirmatory,main,feature_only,env_patent_share_inventions,lag1_3_mean,POL,Poland,2021,0.1891726,lasso_alpha_1,0.1891726,0.9573123672737595,-0.7681397672737594,0.7681397672737594
fold_5,main_fold_5,Main v2 model rolling-origin fold_5,rolling_origin_confirmatory,main,feature_only,env_patent_share_inventions,lag1_3_mean,PRI,Puerto Rico (US),2021,0.00193461,lasso_alpha_1,0.00193461,0.4466989718473551,-0.44476436184735507,0.44476436184735507
fold_5,main_fold_5,Main v2 model rolling-origin fold_5,rolling_origin_confirmatory,main,feature_only,env_patent_share_inventions,lag1_3_mean,PRT,Portugal,2021,0.05997292,lasso_alpha_1,0.05997292,0.576036125701685,-0.5160632057016851,0.5160632057016851
fold_5,main_fold_5,Main v2 model rolling-origin fold_5,rolling_origin_confirmatory,main,feature_only,env_patent_share_inventions,lag1_3_mean,PRY,Paraguay,2021,0.00064487,lasso_alpha_1,0.00064487,0.3882712151372172,-0.38762634513721717,0.38762634513721717
fold_5,main_fold_5,Main v2 model rolling-origin fold_5,rolling_origin_confirmatory,main,feature_only,env_patent_share_inventions,lag1_3_mean,PSE,West Bank and Gaza,2021,0.00193461,lasso_alpha_1,0.00193461,0.360670816135505,-0.358736206135505,0.358736206135505
fold_5,main_fold_5,Main v2 model rolling-origin fold_5,rolling_origin_confirmatory,main,feature_only,env_patent_share_inventions,lag1_3_mean,QAT,Qatar,2021,0.01160766,lasso_alpha_1,0.01160766,0.5231140967111305,-0.5115064367111305,0.5115064367111305
fold_5,main_fold_5,Main v2 model rolling-origin fold_5,rolling_origin_confirmatory,main,feature_only,env_patent_share_inventions,lag1_3_mean,ROU,Romania,2021,0.03520991,lasso_alpha_1,0.03520991,0.573577839370702,-0.538367929370702,0.538367929370702
fold_5,main_fold_5,Main v2 model rolling-origin fold_5,rolling_origin_confirmatory,main,feature_only,env_patent_share_inventions,lag1_3_mean,RUS,Russian Federation,2021,0.2115711,lasso_alpha_1,0.2115711,1.9033027016479376,-1.6917316016479376,1.6917316016479376
fold_5,main_fold_5,Main v2 model rolling-origin fold_5,rolling_origin_confirmatory,main,feature_only,env_patent_share_inventions,lag1_3_mean,SAU,Saudi Arabia,2021,0.1900755,lasso_alpha_1,0.1900755,1.1412608854252353,-0.9511853854252352,0.9511853854252352
fold_5,main_fold_5,Main v2 model rolling-origin fold_5,rolling_origin_confirmatory,main,feature_only,env_patent_share_inventions,lag1_3_mean,SDN,Sudan,2021,0.0004836525,lasso_alpha_1,0.0004836525,0.3996019335017602,-0.3991182810017602,0.3991182810017602
fold_5,main_fold_5,Main v2 model rolling-origin fold_5,rolling_origin_confirmatory,main,feature_only,env_patent_share_inventions,lag1_3_mean,SGP,Singapore,2021,0.2456955,lasso_alpha_1,0.2456955,0.7170874737948643,-0.47139197379486425,0.47139197379486425
fold_5,main_fold_5,Main v2 model rolling-origin fold_5,rolling_origin_confirmatory,main,feature_only,env_patent_share_inventions,lag1_3_mean,SRB,Serbia,2021,0.009673051,lasso_alpha_1,0.009673051,0.3950207581812225,-0.3853477071812225,0.3853477071812225
fold_5,main_fold_5,Main v2 model rolling-origin fold_5,rolling_origin_confirmatory,main,feature_only,env_patent_share_inventions,lag1_3_mean,SVK,Slovak Republic,2021,0.03756368,lasso_alpha_1,0.03756368,0.4504180911942805,-0.4128544111942805,0.4128544111942805
fold_5,main_fold_5,Main v2 model rolling-origin fold_5,rolling_origin_confirmatory,main,feature_only,env_patent_share_inventions,lag1_3_mean,SVN,Slovenia,2021,0.03192107,lasso_alpha_1,0.03192107,0.3970920718133705,-0.3651710018133705,0.3651710018133705
fold_5,main_fold_5,Main v2 model rolling-origin fold_5,rolling_origin_confirmatory,main,feature_only,env_patent_share_inventions,lag1_3_mean,SWE,Sweden,2021,0.9232927,lasso_alpha_1,0.9232927,0.9262796283965782,-0.0029869283965782145,0.0029869283965782145
fold_5,main_fold_5,Main v2 model rolling-origin fold_5,rolling_origin_confirmatory,main,feature_only,env_patent_share_inventions,lag1_3_mean,SYC,Seychelles,2021,0.00193461,lasso_alpha_1,0.00193461,0.3461803964715223,-0.3442457864715223,0.3442457864715223
fold_5,main_fold_5,Main v2 model rolling-origin fold_5,rolling_origin_confirmatory,main,feature_only,env_patent_share_inventions,lag1_3_mean,THA,Thailand,2021,0.03433933,lasso_alpha_1,0.03433933,0.8296386090450606,-0.7952992790450606,0.7952992790450606
fold_5,main_fold_5,Main v2 model rolling-origin fold_5,rolling_origin_confirmatory,main,feature_only,env_patent_share_inventions,lag1_3_mean,TUN,Tunisia,2021,0.003546785,lasso_alpha_1,0.003546785,0.39583107031850395,-0.39228428531850396,0.39228428531850396
fold_5,main_fold_5,Main v2 model rolling-origin fold_5,rolling_origin_confirmatory,main,feature_only,env_patent_share_inventions,lag1_3_mean,TUR,Turkiye,2021,0.2938995,lasso_alpha_1,0.2938995,1.4417354452971907,-1.1478359452971907,1.1478359452971907
fold_5,main_fold_5,Main v2 model rolling-origin fold_5,rolling_origin_confirmatory,main,feature_only,env_patent_share_inventions,lag1_3_mean,UKR,Ukraine,2021,0.03353324,lasso_alpha_1,0.03353324,0.45222641870372493,-0.4186931787037249,0.4186931787037249
fold_5,main_fold_5,Main v2 model rolling-origin fold_5,rolling_origin_confirmatory,main,feature_only,env_patent_share_inventions,lag1_3_mean,URY,Uruguay,2021,0.0009673051,lasso_alpha_1,0.0009673051,0.40783241302166684,-0.40686510792166686,0.40686510792166686
fold_5,main_fold_5,Main v2 model rolling-origin fold_5,rolling_origin_confirmatory,main,feature_only,env_patent_share_inventions,lag1_3_mean,USA,United States,2021,14.33043,lasso_alpha_1,14.33043,21.75322743054193,-7.42279743054193,7.42279743054193
fold_5,main_fold_5,Main v2 model rolling-origin fold_5,rolling_origin_confirmatory,main,feature_only,env_patent_share_inventions,lag1_3_mean,VEN,"Venezuela, RB",2021,0.0009673051,lasso_alpha_1,0.0009673051,0.40105223906902854,-0.40008493396902856,0.40008493396902856
fold_5,main_fold_5,Main v2 model rolling-origin fold_5,rolling_origin_confirmatory,main,feature_only,env_patent_share_inventions,lag1_3_mean,VNM,Viet Nam,2021,0.03956278,lasso_alpha_1,0.03956278,0.6811240820507556,-0.6415613020507556,0.6415613020507556
fold_5,main_fold_5,Main v2 model rolling-origin fold_5,rolling_origin_confirmatory,main,feature_only,env_patent_share_inventions,lag1_3_mean,ZAF,South Africa,2021,0.05207326,lasso_alpha_1,0.05207326,0.7255945892161704,-0.6735213292161704,0.6735213292161704
fold_5,main_fold_5,Main v2 model rolling-origin fold_5,rolling_origin_confirmatory,main,feature_only,env_patent_share_inventions,lag1_3_mean,ZWE,Zimbabwe,2021,0.00064487,lasso_alpha_1,0.00064487,0.36663054361070935,-0.36598567361070933,0.36598567361070933
fold_6,main_fold_6,Main v2 model rolling-origin fold_6,rolling_origin_confirmatory,main,feature_only,env_patent_share_inventions,lag1_3_mean,ALB,Albania,2022,0.0005390487,elastic_net_alpha_1_l1_0.2,0.0005390487,0.25663933450499665,-0.25610028580499666,0.25610028580499666
fold_6,main_fold_6,Main v2 model rolling-origin fold_6,rolling_origin_confirmatory,main,feature_only,env_patent_share_inventions,lag1_3_mean,ARE,United Arab Emirates,2022,0.02228068,elastic_net_alpha_1_l1_0.2,0.02228068,0.8228016258263761,-0.800520945826376,0.800520945826376
fold_6,main_fold_6,Main v2 model rolling-origin fold_6,rolling_origin_confirmatory,main,feature_only,env_patent_share_inventions,lag1_3_mean,ARG,Argentina,2022,0.01132002,elastic_net_alpha_1_l1_0.2,0.01132002,0.7944856453511486,-0.7831656253511486,0.7831656253511486
fold_6,main_fold_6,Main v2 model rolling-origin fold_6,rolling_origin_confirmatory,main,feature_only,env_patent_share_inventions,lag1_3_mean,ARM,Armenia,2022,0.00431239,elastic_net_alpha_1_l1_0.2,0.00431239,0.31916774782645463,-0.31485535782645463,0.31485535782645463
fold_6,main_fold_6,Main v2 model rolling-origin fold_6,rolling_origin_confirmatory,main,feature_only,env_patent_share_inventions,lag1_3_mean,ATG,Antigua and Barbuda,2022,0.0007187316,elastic_net_alpha_1_l1_0.2,0.0007187316,0.3217505555310842,-0.3210318239310842,0.3210318239310842
fold_6,main_fold_6,Main v2 model rolling-origin fold_6,rolling_origin_confirmatory,main,feature_only,env_patent_share_inventions,lag1_3_mean,AUS,Australia,2022,0.4013757,elastic_net_alpha_1_l1_0.2,0.4013757,2.5095934820115873,-2.1082177820115873,2.1082177820115873
fold_6,main_fold_6,Main v2 model rolling-origin fold_6,rolling_origin_confirmatory,main,feature_only,env_patent_share_inventions,lag1_3_mean,AUT,Austria,2022,0.5074065,elastic_net_alpha_1_l1_0.2,0.5074065,0.8402560638895544,-0.33284956388955445,0.33284956388955445
fold_6,main_fold_6,Main v2 model rolling-origin fold_6,rolling_origin_confirmatory,main,feature_only,env_patent_share_inventions,lag1_3_mean,BEL,Belgium,2022,0.4569935,elastic_net_alpha_1_l1_0.2,0.4569935,0.8738809930418237,-0.41688749304182365,0.41688749304182365
fold_6,main_fold_6,Main v2 model rolling-origin fold_6,rolling_origin_confirmatory,main,feature_only,env_patent_share_inventions,lag1_3_mean,BGD,Bangladesh,2022,0.006684204,elastic_net_alpha_1_l1_0.2,0.006684204,0.4768470182567942,-0.4701628142567942,0.4701628142567942
fold_6,main_fold_6,Main v2 model rolling-origin fold_6,rolling_origin_confirmatory,main,feature_only,env_patent_share_inventions,lag1_3_mean,BGR,Bulgaria,2022,0.01936982,elastic_net_alpha_1_l1_0.2,0.01936982,0.40474986153980275,-0.38538004153980276,0.38538004153980276
fold_6,main_fold_6,Main v2 model rolling-origin fold_6,rolling_origin_confirmatory,main,feature_only,env_patent_share_inventions,lag1_3_mean,BHR,Bahrain,2022,0.002156195,elastic_net_alpha_1_l1_0.2,0.002156195,0.5905490307543579,-0.588392835754358,0.588392835754358
fold_6,main_fold_6,Main v2 model rolling-origin fold_6,rolling_origin_confirmatory,main,feature_only,env_patent_share_inventions,lag1_3_mean,BIH,Bosnia and Herzegovina,2022,0.0005390487,elastic_net_alpha_1_l1_0.2,0.0005390487,0.2736872873989198,-0.2731482386989198,0.2731482386989198
fold_6,main_fold_6,Main v2 model rolling-origin fold_6,rolling_origin_confirmatory,main,feature_only,env_patent_share_inventions,lag1_3_mean,BLR,Belarus,2022,0.002156195,elastic_net_alpha_1_l1_0.2,0.002156195,0.2595638808666023,-0.2574076858666023,0.2574076858666023
fold_6,main_fold_6,Main v2 model rolling-origin fold_6,rolling_origin_confirmatory,main,feature_only,env_patent_share_inventions,lag1_3_mean,BOL,Bolivia,2022,0.0007187316,elastic_net_alpha_1_l1_0.2,0.0007187316,0.2505040916453273,-0.24978536004532728,0.24978536004532728
fold_6,main_fold_6,Main v2 model rolling-origin fold_6,rolling_origin_confirmatory,main,feature_only,env_patent_share_inventions,lag1_3_mean,BRA,Brazil,2022,0.1441057,elastic_net_alpha_1_l1_0.2,0.1441057,2.490035444635823,-2.345929744635823,2.345929744635823
fold_6,main_fold_6,Main v2 model rolling-origin fold_6,rolling_origin_confirmatory,main,feature_only,env_patent_share_inventions,lag1_3_mean,BTN,Bhutan,2022,0.0007187316,elastic_net_alpha_1_l1_0.2,0.0007187316,0.16641778600719193,-0.16569905440719193,0.16569905440719193
fold_6,main_fold_6,Main v2 model rolling-origin fold_6,rolling_origin_confirmatory,main,feature_only,env_patent_share_inventions,lag1_3_mean,CAN,Canada,2022,1.151103,elastic_net_alpha_1_l1_0.2,1.151103,2.6734629529174163,-1.5223599529174163,1.5223599529174163
fold_6,main_fold_6,Main v2 model rolling-origin fold_6,rolling_origin_confirmatory,main,feature_only,env_patent_share_inventions,lag1_3_mean,CHE,Switzerland,2022,0.4045081,elastic_net_alpha_1_l1_0.2,0.4045081,0.854594620171859,-0.4500865201718591,0.4500865201718591
fold_6,main_fold_6,Main v2 model rolling-origin fold_6,rolling_origin_confirmatory,main,feature_only,env_patent_share_inventions,lag1_3_mean,CHL,Chile,2022,0.03126482,elastic_net_alpha_1_l1_0.2,0.03126482,0.7258869501213361,-0.6946221301213361,0.6946221301213361
fold_6,main_fold_6,Main v2 model rolling-origin fold_6,rolling_origin_confirmatory,main,feature_only,env_patent_share_inventions,lag1_3_mean,CHN,China,2022,36.75972,elastic_net_alpha_1_l1_0.2,36.75972,20.07804639583682,16.68167360416318,16.68167360416318
fold_6,main_fold_6,Main v2 model rolling-origin fold_6,rolling_origin_confirmatory,main,feature_only,env_patent_share_inventions,lag1_3_mean,CIV,Cote d'Ivoire,2022,0.001078097,elastic_net_alpha_1_l1_0.2,0.001078097,0.24417201877669492,-0.24309392177669492,0.24309392177669492
fold_6,main_fold_6,Main v2 model rolling-origin fold_6,rolling_origin_confirmatory,main,feature_only,env_patent_share_inventions,lag1_3_mean,CMR,Cameroon,2022,0.001796829,elastic_net_alpha_1_l1_0.2,0.001796829,0.17905802091828726,-0.17726119191828726,0.17726119191828726
fold_6,main_fold_6,Main v2 model rolling-origin fold_6,rolling_origin_confirmatory,main,feature_only,env_patent_share_inventions,lag1_3_mean,COL,Colombia,2022,0.04995184,elastic_net_alpha_1_l1_0.2,0.04995184,0.6755659397519301,-0.6256140997519302,0.6256140997519302
fold_6,main_fold_6,Main v2 model rolling-origin fold_6,rolling_origin_confirmatory,main,feature_only,env_patent_share_inventions,lag1_3_mean,CPV,Cabo Verde,2022,0.002156195,elastic_net_alpha_1_l1_0.2,0.002156195,0.24320588095591733,-0.24104968595591733,0.24104968595591733
fold_6,main_fold_6,Main v2 model rolling-origin fold_6,rolling_origin_confirmatory,main,feature_only,env_patent_share_inventions,lag1_3_mean,CRI,Costa Rica,2022,0.00431239,elastic_net_alpha_1_l1_0.2,0.00431239,0.36320174130514404,-0.35888935130514404,0.35888935130514404
fold_6,main_fold_6,Main v2 model rolling-origin fold_6,rolling_origin_confirmatory,main,feature_only,env_patent_share_inventions,lag1_3_mean,CYP,Cyprus,2022,0.02443687,elastic_net_alpha_1_l1_0.2,0.02443687,0.34719108047327807,-0.32275421047327807,0.32275421047327807
fold_6,main_fold_6,Main v2 model rolling-origin fold_6,rolling_origin_confirmatory,main,feature_only,env_patent_share_inventions,lag1_3_mean,CZE,Czechia,2022,0.1217172,elastic_net_alpha_1_l1_0.2,0.1217172,0.7813120736721836,-0.6595948736721836,0.6595948736721836
fold_6,main_fold_6,Main v2 model rolling-origin fold_6,rolling_origin_confirmatory,main,feature_only,env_patent_share_inventions,lag1_3_mean,DEU,Germany,2022,5.048269,elastic_net_alpha_1_l1_0.2,5.048269,4.572123777515768,0.47614522248423263,0.47614522248423263
fold_6,main_fold_6,Main v2 model rolling-origin fold_6,rolling_origin_confirmatory,main,feature_only,env_patent_share_inventions,lag1_3_mean,DNK,Denmark,2022,0.756465,elastic_net_alpha_1_l1_0.2,0.756465,0.846157577931012,-0.08969257793101193,0.08969257793101193
fold_6,main_fold_6,Main v2 model rolling-origin fold_6,rolling_origin_confirmatory,main,feature_only,env_patent_share_inventions,lag1_3_mean,DZA,Algeria,2022,0.002695243,elastic_net_alpha_1_l1_0.2,0.002695243,0.48846526731261886,-0.48577002431261884,0.48577002431261884
fold_6,main_fold_6,Main v2 model rolling-origin fold_6,rolling_origin_confirmatory,main,feature_only,env_patent_share_inventions,lag1_3_mean,ECU,Ecuador,2022,0.002695243,elastic_net_alpha_1_l1_0.2,0.002695243,0.35668917325483174,-0.3539939302548317,0.3539939302548317
fold_6,main_fold_6,Main v2 model rolling-origin fold_6,rolling_origin_confirmatory,main,feature_only,env_patent_share_inventions,lag1_3_mean,EGY,"Egypt, Arab Rep.",2022,0.01635114,elastic_net_alpha_1_l1_0.2,0.01635114,0.8299589325517311,-0.8136077925517311,0.8136077925517311
fold_6,main_fold_6,Main v2 model rolling-origin fold_6,rolling_origin_confirmatory,main,feature_only,env_patent_share_inventions,lag1_3_mean,ESP,Spain,2022,0.5145639,elastic_net_alpha_1_l1_0.2,0.5145639,2.2402629168664907,-1.7256990168664907,1.7256990168664907
fold_6,main_fold_6,Main v2 model rolling-origin fold_6,rolling_origin_confirmatory,main,feature_only,env_patent_share_inventions,lag1_3_mean,EST,Estonia,2022,0.00431239,elastic_net_alpha_1_l1_0.2,0.00431239,0.4364012682814129,-0.4320888782814129,0.4320888782814129
fold_6,main_fold_6,Main v2 model rolling-origin fold_6,rolling_origin_confirmatory,main,feature_only,env_patent_share_inventions,lag1_3_mean,ETH,Ethiopia,2022,0.002156195,elastic_net_alpha_1_l1_0.2,0.002156195,0.2575163211044159,-0.2553601261044159,0.2553601261044159
fold_6,main_fold_6,Main v2 model rolling-origin fold_6,rolling_origin_confirmatory,main,feature_only,env_patent_share_inventions,lag1_3_mean,FIN,Finland,2022,0.3148763,elastic_net_alpha_1_l1_0.2,0.3148763,0.8279550116657397,-0.5130787116657397,0.5130787116657397
fold_6,main_fold_6,Main v2 model rolling-origin fold_6,rolling_origin_confirmatory,main,feature_only,env_patent_share_inventions,lag1_3_mean,FRA,France,2022,1.679969,elastic_net_alpha_1_l1_0.2,1.679969,3.0267423801924984,-1.3467733801924984,1.3467733801924984
fold_6,main_fold_6,Main v2 model rolling-origin fold_6,rolling_origin_confirmatory,main,feature_only,env_patent_share_inventions,lag1_3_mean,FRO,Faroe Islands,2022,0.001078097,elastic_net_alpha_1_l1_0.2,0.001078097,0.28487100822016953,-0.28379291122016953,0.28379291122016953
fold_6,main_fold_6,Main v2 model rolling-origin fold_6,rolling_origin_confirmatory,main,feature_only,env_patent_share_inventions,lag1_3_mean,GBR,United Kingdom,2022,1.691451,elastic_net_alpha_1_l1_0.2,1.691451,4.045752554370958,-2.3543015543709584,2.3543015543709584
fold_6,main_fold_6,Main v2 model rolling-origin fold_6,rolling_origin_confirmatory,main,feature_only,env_patent_share_inventions,lag1_3_mean,GHA,Ghana,2022,0.003593658,elastic_net_alpha_1_l1_0.2,0.003593658,0.2874629294916,-0.2838692714916,0.2838692714916
fold_6,main_fold_6,Main v2 model rolling-origin fold_6,rolling_origin_confirmatory,main,feature_only,env_patent_share_inventions,lag1_3_mean,GRC,Greece,2022,0.0394943,elastic_net_alpha_1_l1_0.2,0.0394943,0.6738422011883263,-0.6343479011883263,0.6343479011883263
fold_6,main_fold_6,Main v2 model rolling-origin fold_6,rolling_origin_confirmatory,main,feature_only,env_patent_share_inventions,lag1_3_mean,GTM,Guatemala,2022,0.002156195,elastic_net_alpha_1_l1_0.2,0.002156195,0.2423665172089814,-0.2402103222089814,0.2402103222089814
fold_6,main_fold_6,Main v2 model rolling-origin fold_6,rolling_origin_confirmatory,main,feature_only,env_patent_share_inventions,lag1_3_mean,HKG,"Hong Kong SAR, China",2022,0.07726365,elastic_net_alpha_1_l1_0.2,0.07726365,0.5151630581518518,-0.4378994081518518,0.4378994081518518
fold_6,main_fold_6,Main v2 model rolling-origin fold_6,rolling_origin_confirmatory,main,feature_only,env_patent_share_inventions,lag1_3_mean,HRV,Croatia,2022,0.00934351,elastic_net_alpha_1_l1_0.2,0.00934351,0.3975934597828332,-0.3882499497828332,0.3882499497828332
fold_6,main_fold_6,Main v2 model rolling-origin fold_6,rolling_origin_confirmatory,main,feature_only,env_patent_share_inventions,lag1_3_mean,HUN,Hungary,2022,0.0398896,elastic_net_alpha_1_l1_0.2,0.0398896,0.6934937783013597,-0.6536041783013598,0.6536041783013598
fold_6,main_fold_6,Main v2 model rolling-origin fold_6,rolling_origin_confirmatory,main,feature_only,env_patent_share_inventions,lag1_3_mean,IDN,Indonesia,2022,0.0166027,elastic_net_alpha_1_l1_0.2,0.0166027,1.5139866282428072,-1.4973839282428072,1.4973839282428072
fold_6,main_fold_6,Main v2 model rolling-origin fold_6,rolling_origin_confirmatory,main,feature_only,env_patent_share_inventions,lag1_3_mean,IND,India,2022,1.054487,elastic_net_alpha_1_l1_0.2,1.054487,4.28714704193321,-3.23266004193321,3.23266004193321
fold_6,main_fold_6,Main v2 model rolling-origin fold_6,rolling_origin_confirmatory,main,feature_only,env_patent_share_inventions,lag1_3_mean,IRL,Ireland,2022,0.07543088,elastic_net_alpha_1_l1_0.2,0.07543088,0.6994344112758193,-0.6240035312758193,0.6240035312758193
fold_6,main_fold_6,Main v2 model rolling-origin fold_6,rolling_origin_confirmatory,main,feature_only,env_patent_share_inventions,lag1_3_mean,IRN,"Iran, Islamic Rep.",2022,0.03047422,elastic_net_alpha_1_l1_0.2,0.03047422,1.4625631300699933,-1.4320889100699932,1.4320889100699932
fold_6,main_fold_6,Main v2 model rolling-origin fold_6,rolling_origin_confirmatory,main,feature_only,env_patent_share_inventions,lag1_3_mean,IRQ,Iraq,2022,0.0004312389,elastic_net_alpha_1_l1_0.2,0.0004312389,0.470954819812949,-0.470523580912949,0.470523580912949
fold_6,main_fold_6,Main v2 model rolling-origin fold_6,rolling_origin_confirmatory,main,feature_only,env_patent_share_inventions,lag1_3_mean,ISL,Iceland,2022,0.005031121,elastic_net_alpha_1_l1_0.2,0.005031121,0.417325708242257,-0.412294587242257,0.412294587242257
fold_6,main_fold_6,Main v2 model rolling-origin fold_6,rolling_origin_confirmatory,main,feature_only,env_patent_share_inventions,lag1_3_mean,ISR,Israel,2022,0.3257651,elastic_net_alpha_1_l1_0.2,0.3257651,0.968590487559781,-0.6428253875597811,0.6428253875597811
fold_6,main_fold_6,Main v2 model rolling-origin fold_6,rolling_origin_confirmatory,main,feature_only,env_patent_share_inventions,lag1_3_mean,ITA,Italy,2022,0.9751271,elastic_net_alpha_1_l1_0.2,0.9751271,2.790991652418011,-1.8158645524180113,1.8158645524180113
fold_6,main_fold_6,Main v2 model rolling-origin fold_6,rolling_origin_confirmatory,main,feature_only,env_patent_share_inventions,lag1_3_mean,JOR,Jordan,2022,0.005031121,elastic_net_alpha_1_l1_0.2,0.005031121,0.38081250486934326,-0.37578138386934323,0.37578138386934323
fold_6,main_fold_6,Main v2 model rolling-origin fold_6,rolling_origin_confirmatory,main,feature_only,env_patent_share_inventions,lag1_3_mean,JPN,Japan,2022,15.63018,elastic_net_alpha_1_l1_0.2,15.63018,4.721353819586339,10.90882618041366,10.90882618041366
fold_6,main_fold_6,Main v2 model rolling-origin fold_6,rolling_origin_confirmatory,main,feature_only,env_patent_share_inventions,lag1_3_mean,KAZ,Kazakhstan,2022,0.001617146,elastic_net_alpha_1_l1_0.2,0.001617146,0.6297825178362394,-0.6281653718362394,0.6281653718362394
fold_6,main_fold_6,Main v2 model rolling-origin fold_6,rolling_origin_confirmatory,main,feature_only,env_patent_share_inventions,lag1_3_mean,KOR,"Korea, Rep.",2022,13.91118,elastic_net_alpha_1_l1_0.2,13.91118,2.6666029726736213,11.244577027326379,11.244577027326379
fold_6,main_fold_6,Main v2 model rolling-origin fold_6,rolling_origin_confirmatory,main,feature_only,env_patent_share_inventions,lag1_3_mean,KWT,Kuwait,2022,0.002156195,elastic_net_alpha_1_l1_0.2,0.002156195,0.6442372083006662,-0.6420810133006662,0.6420810133006662
fold_6,main_fold_6,Main v2 model rolling-origin fold_6,rolling_origin_confirmatory,main,feature_only,env_patent_share_inventions,lag1_3_mean,LBN,Lebanon,2022,0.007366999,elastic_net_alpha_1_l1_0.2,0.007366999,0.32996945773790753,-0.32260245873790755,0.32260245873790755
fold_6,main_fold_6,Main v2 model rolling-origin fold_6,rolling_origin_confirmatory,main,feature_only,env_patent_share_inventions,lag1_3_mean,LKA,Sri Lanka,2022,0.001796829,elastic_net_alpha_1_l1_0.2,0.001796829,0.33285688530208035,-0.33106005630208035,0.33106005630208035
fold_6,main_fold_6,Main v2 model rolling-origin fold_6,rolling_origin_confirmatory,main,feature_only,env_patent_share_inventions,lag1_3_mean,LTU,Lithuania,2022,0.003234292,elastic_net_alpha_1_l1_0.2,0.003234292,0.3520798793165426,-0.3488455873165426,0.3488455873165426
fold_6,main_fold_6,Main v2 model rolling-origin fold_6,rolling_origin_confirmatory,main,feature_only,env_patent_share_inventions,lag1_3_mean,LUX,Luxembourg,2022,0.03378038,elastic_net_alpha_1_l1_0.2,0.03378038,0.3098960086971829,-0.2761156286971829,0.2761156286971829
fold_6,main_fold_6,Main v2 model rolling-origin fold_6,rolling_origin_confirmatory,main,feature_only,env_patent_share_inventions,lag1_3_mean,LVA,Latvia,2022,0.01751908,elastic_net_alpha_1_l1_0.2,0.01751908,0.3162984070265745,-0.2987793270265745,0.2987793270265745
fold_6,main_fold_6,Main v2 model rolling-origin fold_6,rolling_origin_confirmatory,main,feature_only,env_patent_share_inventions,lag1_3_mean,MAC,"Macao SAR, China",2022,0.0007187316,elastic_net_alpha_1_l1_0.2,0.0007187316,0.39094395215148847,-0.39022522055148845,0.39022522055148845
fold_6,main_fold_6,Main v2 model rolling-origin fold_6,rolling_origin_confirmatory,main,feature_only,env_patent_share_inventions,lag1_3_mean,MAR,Morocco,2022,0.02048385,elastic_net_alpha_1_l1_0.2,0.02048385,0.45960660801163916,-0.43912275801163914,0.43912275801163914
fold_6,main_fold_6,Main v2 model rolling-origin fold_6,rolling_origin_confirmatory,main,feature_only,env_patent_share_inventions,lag1_3_mean,MEX,Mexico,2022,0.08678684,elastic_net_alpha_1_l1_0.2,0.08678684,1.3427814890885559,-1.2559946490885558,1.2559946490885558
fold_6,main_fold_6,Main v2 model rolling-origin fold_6,rolling_origin_confirmatory,main,feature_only,env_patent_share_inventions,lag1_3_mean,MKD,North Macedonia,2022,0.0005390487,elastic_net_alpha_1_l1_0.2,0.0005390487,0.2388685965041738,-0.2383295478041738,0.2383295478041738
fold_6,main_fold_6,Main v2 model rolling-origin fold_6,rolling_origin_confirmatory,main,feature_only,env_patent_share_inventions,lag1_3_mean,MLT,Malta,2022,0.003234292,elastic_net_alpha_1_l1_0.2,0.003234292,0.28162054119674074,-0.2783862491967407,0.2783862491967407
fold_6,main_fold_6,Main v2 model rolling-origin fold_6,rolling_origin_confirmatory,main,feature_only,env_patent_share_inventions,lag1_3_mean,MYS,Malaysia,2022,0.04416605,elastic_net_alpha_1_l1_0.2,0.04416605,0.9424098597550216,-0.8982438097550216,0.8982438097550216
fold_6,main_fold_6,Main v2 model rolling-origin fold_6,rolling_origin_confirmatory,main,feature_only,env_patent_share_inventions,lag1_3_mean,NER,Niger,2022,0.001078097,elastic_net_alpha_1_l1_0.2,0.001078097,0.1510690805218342,-0.1499909835218342,0.1499909835218342
fold_6,main_fold_6,Main v2 model rolling-origin fold_6,rolling_origin_confirmatory,main,feature_only,env_patent_share_inventions,lag1_3_mean,NLD,Netherlands,2022,0.6497334,elastic_net_alpha_1_l1_0.2,0.6497334,0.9854277161776203,-0.33569431617762024,0.33569431617762024
fold_6,main_fold_6,Main v2 model rolling-origin fold_6,rolling_origin_confirmatory,main,feature_only,env_patent_share_inventions,lag1_3_mean,NOR,Norway,2022,0.2596418,elastic_net_alpha_1_l1_0.2,0.2596418,0.9148712982502176,-0.6552294982502176,0.6552294982502176
fold_6,main_fold_6,Main v2 model rolling-origin fold_6,rolling_origin_confirmatory,main,feature_only,env_patent_share_inventions,lag1_3_mean,NPL,Nepal,2022,0.002156195,elastic_net_alpha_1_l1_0.2,0.002156195,0.1912007703954225,-0.1890445753954225,0.1890445753954225
fold_6,main_fold_6,Main v2 model rolling-origin fold_6,rolling_origin_confirmatory,main,feature_only,env_patent_share_inventions,lag1_3_mean,NZL,New Zealand,2022,0.07187316,elastic_net_alpha_1_l1_0.2,0.07187316,0.8077355021411259,-0.7358623421411259,0.7358623421411259
fold_6,main_fold_6,Main v2 model rolling-origin fold_6,rolling_origin_confirmatory,main,feature_only,env_patent_share_inventions,lag1_3_mean,OMN,Oman,2022,0.00431239,elastic_net_alpha_1_l1_0.2,0.00431239,0.6163838089158411,-0.612071418915841,0.612071418915841
fold_6,main_fold_6,Main v2 model rolling-origin fold_6,rolling_origin_confirmatory,main,feature_only,env_patent_share_inventions,lag1_3_mean,PAK,Pakistan,2022,0.009882559,elastic_net_alpha_1_l1_0.2,0.009882559,0.7152443366253298,-0.7053617776253298,0.7053617776253298
fold_6,main_fold_6,Main v2 model rolling-origin fold_6,rolling_origin_confirmatory,main,feature_only,env_patent_share_inventions,lag1_3_mean,PAN,Panama,2022,0.0009702877,elastic_net_alpha_1_l1_0.2,0.0009702877,0.3340733312426991,-0.3331030435426991,0.3331030435426991
fold_6,main_fold_6,Main v2 model rolling-origin fold_6,rolling_origin_confirmatory,main,feature_only,env_patent_share_inventions,lag1_3_mean,PER,Peru,2022,0.002156195,elastic_net_alpha_1_l1_0.2,0.002156195,0.48246337842158143,-0.4803071834215814,0.4803071834215814
fold_6,main_fold_6,Main v2 model rolling-origin fold_6,rolling_origin_confirmatory,main,feature_only,env_patent_share_inventions,lag1_3_mean,PHL,Philippines,2022,0.01516524,elastic_net_alpha_1_l1_0.2,0.01516524,0.5480550228957872,-0.5328897828957873,0.5328897828957873
fold_6,main_fold_6,Main v2 model rolling-origin fold_6,rolling_origin_confirmatory,main,feature_only,env_patent_share_inventions,lag1_3_mean,POL,Poland,2022,0.1628286,elastic_net_alpha_1_l1_0.2,0.1628286,1.3775145231815733,-1.2146859231815732,1.2146859231815732
fold_6,main_fold_6,Main v2 model rolling-origin fold_6,rolling_origin_confirmatory,main,feature_only,env_patent_share_inventions,lag1_3_mean,PRI,Puerto Rico (US),2022,0.003234292,elastic_net_alpha_1_l1_0.2,0.003234292,0.4181038650275306,-0.4148695730275306,0.4148695730275306
fold_6,main_fold_6,Main v2 model rolling-origin fold_6,rolling_origin_confirmatory,main,feature_only,env_patent_share_inventions,lag1_3_mean,PRT,Portugal,2022,0.06576394,elastic_net_alpha_1_l1_0.2,0.06576394,0.7664330860413044,-0.7006691460413045,0.7006691460413045
fold_6,main_fold_6,Main v2 model rolling-origin fold_6,rolling_origin_confirmatory,main,feature_only,env_patent_share_inventions,lag1_3_mean,QAT,Qatar,2022,0.00431239,elastic_net_alpha_1_l1_0.2,0.00431239,1.035808346731803,-1.0314959567318032,1.0314959567318032
fold_6,main_fold_6,Main v2 model rolling-origin fold_6,rolling_origin_confirmatory,main,feature_only,env_patent_share_inventions,lag1_3_mean,ROU,Romania,2022,0.02371814,elastic_net_alpha_1_l1_0.2,0.02371814,0.6193672225198261,-0.5956490825198262,0.5956490825198262
fold_6,main_fold_6,Main v2 model rolling-origin fold_6,rolling_origin_confirmatory,main,feature_only,env_patent_share_inventions,lag1_3_mean,RUS,Russian Federation,2022,0.1397933,elastic_net_alpha_1_l1_0.2,0.1397933,2.819372309372698,-2.679579009372698,2.679579009372698
fold_6,main_fold_6,Main v2 model rolling-origin fold_6,rolling_origin_confirmatory,main,feature_only,env_patent_share_inventions,lag1_3_mean,SAU,Saudi Arabia,2022,0.132606,elastic_net_alpha_1_l1_0.2,0.132606,1.2841138816055775,-1.1515078816055775,1.1515078816055775
fold_6,main_fold_6,Main v2 model rolling-origin fold_6,rolling_origin_confirmatory,main,feature_only,env_patent_share_inventions,lag1_3_mean,SGP,Singapore,2022,0.1973278,elastic_net_alpha_1_l1_0.2,0.1973278,0.8661398388656268,-0.6688120388656269,0.6688120388656269
fold_6,main_fold_6,Main v2 model rolling-origin fold_6,rolling_origin_confirmatory,main,feature_only,env_patent_share_inventions,lag1_3_mean,SMR,San Marino,2022,0.002156195,elastic_net_alpha_1_l1_0.2,0.002156195,0.013305436814901817,-0.011149241814901817,0.011149241814901817
fold_6,main_fold_6,Main v2 model rolling-origin fold_6,rolling_origin_confirmatory,main,feature_only,env_patent_share_inventions,lag1_3_mean,SRB,Serbia,2022,0.00934351,elastic_net_alpha_1_l1_0.2,0.00934351,0.37152509809580436,-0.36218158809580436,0.36218158809580436
fold_6,main_fold_6,Main v2 model rolling-origin fold_6,rolling_origin_confirmatory,main,feature_only,env_patent_share_inventions,lag1_3_mean,SVK,Slovak Republic,2022,0.02120258,elastic_net_alpha_1_l1_0.2,0.02120258,0.38063082023457384,-0.35942824023457387,0.35942824023457387
fold_6,main_fold_6,Main v2 model rolling-origin fold_6,rolling_origin_confirmatory,main,feature_only,env_patent_share_inventions,lag1_3_mean,SVN,Slovenia,2022,0.02677275,elastic_net_alpha_1_l1_0.2,0.02677275,0.3733262722865226,-0.3465535222865226,0.3465535222865226
fold_6,main_fold_6,Main v2 model rolling-origin fold_6,rolling_origin_confirmatory,main,feature_only,env_patent_share_inventions,lag1_3_mean,SWE,Sweden,2022,0.8673653,elastic_net_alpha_1_l1_0.2,0.8673653,1.0918314936741425,-0.22446619367414244,0.22446619367414244
fold_6,main_fold_6,Main v2 model rolling-origin fold_6,rolling_origin_confirmatory,main,feature_only,env_patent_share_inventions,lag1_3_mean,SYR,Syrian Arab Republic,2022,0.002335878,elastic_net_alpha_1_l1_0.2,0.002335878,0.20455265652081267,-0.20221677852081266,0.20221677852081266
fold_6,main_fold_6,Main v2 model rolling-origin fold_6,rolling_origin_confirmatory,main,feature_only,env_patent_share_inventions,lag1_3_mean,THA,Thailand,2022,0.01689019,elastic_net_alpha_1_l1_0.2,0.01689019,0.7328433602528235,-0.7159531702528235,0.7159531702528235
fold_6,main_fold_6,Main v2 model rolling-origin fold_6,rolling_origin_confirmatory,main,feature_only,env_patent_share_inventions,lag1_3_mean,TKM,Turkmenistan,2022,0.00431239,elastic_net_alpha_1_l1_0.2,0.00431239,0.3637633582588329,-0.3594509682588329,0.3594509682588329
fold_6,main_fold_6,Main v2 model rolling-origin fold_6,rolling_origin_confirmatory,main,feature_only,env_patent_share_inventions,lag1_3_mean,TUN,Tunisia,2022,0.001078097,elastic_net_alpha_1_l1_0.2,0.001078097,0.35536754338939447,-0.35428944638939447,0.35428944638939447
fold_6,main_fold_6,Main v2 model rolling-origin fold_6,rolling_origin_confirmatory,main,feature_only,env_patent_share_inventions,lag1_3_mean,TUR,Turkiye,2022,0.2866661,elastic_net_alpha_1_l1_0.2,0.2866661,1.5914009940535494,-1.3047348940535495,1.3047348940535495
fold_6,main_fold_6,Main v2 model rolling-origin fold_6,rolling_origin_confirmatory,main,feature_only,env_patent_share_inventions,lag1_3_mean,UKR,Ukraine,2022,0.01958544,elastic_net_alpha_1_l1_0.2,0.01958544,0.5704012318567997,-0.5508157918567997,0.5508157918567997
fold_6,main_fold_6,Main v2 model rolling-origin fold_6,rolling_origin_confirmatory,main,feature_only,env_patent_share_inventions,lag1_3_mean,URY,Uruguay,2022,0.005390487,elastic_net_alpha_1_l1_0.2,0.005390487,0.3640389732452908,-0.3586484862452908,0.3586484862452908
fold_6,main_fold_6,Main v2 model rolling-origin fold_6,rolling_origin_confirmatory,main,feature_only,env_patent_share_inventions,lag1_3_mean,USA,United States,2022,12.35069,elastic_net_alpha_1_l1_0.2,12.35069,19.39403840797876,-7.043348407978758,7.043348407978758
fold_6,main_fold_6,Main v2 model rolling-origin fold_6,rolling_origin_confirmatory,main,feature_only,env_patent_share_inventions,lag1_3_mean,UZB,Uzbekistan,2022,0.001078097,elastic_net_alpha_1_l1_0.2,0.001078097,0.35553327789629785,-0.35445518089629785,0.35445518089629785
fold_6,main_fold_6,Main v2 model rolling-origin fold_6,rolling_origin_confirmatory,main,feature_only,env_patent_share_inventions,lag1_3_mean,VEN,"Venezuela, RB",2022,0.003593658,elastic_net_alpha_1_l1_0.2,0.003593658,0.17107288503629658,-0.16747922703629659,0.16747922703629659
fold_6,main_fold_6,Main v2 model rolling-origin fold_6,rolling_origin_confirmatory,main,feature_only,env_patent_share_inventions,lag1_3_mean,VNM,Viet Nam,2022,0.02414938,elastic_net_alpha_1_l1_0.2,0.02414938,0.44567544182482366,-0.42152606182482366,0.42152606182482366
fold_6,main_fold_6,Main v2 model rolling-origin fold_6,rolling_origin_confirmatory,main,feature_only,env_patent_share_inventions,lag1_3_mean,ZAF,South Africa,2022,0.04779565,elastic_net_alpha_1_l1_0.2,0.04779565,0.8817213543347063,-0.8339257043347064,0.8339257043347064
fold_6,main_fold_6,Main v2 model rolling-origin fold_6,rolling_origin_confirmatory,main,feature_only,env_patent_share_inventions,lag1_3_mean,ZWE,Zimbabwe,2022,0.0007187316,elastic_net_alpha_1_l1_0.2,0.0007187316,0.09580198417580832,-0.09508325257580832,0.09508325257580832
fold_6,main_fold_6,Main v2 model rolling-origin fold_6,rolling_origin_confirmatory,main,feature_only,env_patent_share_inventions,lag1_3_mean,ALB,Albania,2023,0.0007706951,elastic_net_alpha_1_l1_0.2,0.0007706951,0.29439239722025856,-0.29362170212025857,0.29362170212025857
fold_6,main_fold_6,Main v2 model rolling-origin fold_6,rolling_origin_confirmatory,main,feature_only,env_patent_share_inventions,lag1_3_mean,ARE,United Arab Emirates,2023,0.03206092,elastic_net_alpha_1_l1_0.2,0.03206092,0.7958344870379636,-0.7637735670379635,0.7637735670379635
fold_6,main_fold_6,Main v2 model rolling-origin fold_6,rolling_origin_confirmatory,main,feature_only,env_patent_share_inventions,lag1_3_mean,ARG,Argentina,2023,0.01329449,elastic_net_alpha_1_l1_0.2,0.01329449,0.7956310353316528,-0.7823365453316528,0.7823365453316528
fold_6,main_fold_6,Main v2 model rolling-origin fold_6,rolling_origin_confirmatory,main,feature_only,env_patent_share_inventions,lag1_3_mean,ARM,Armenia,2023,0.005780213,elastic_net_alpha_1_l1_0.2,0.005780213,0.3037047648132001,-0.2979245518132001,0.2979245518132001
fold_6,main_fold_6,Main v2 model rolling-origin fold_6,rolling_origin_confirmatory,main,feature_only,env_patent_share_inventions,lag1_3_mean,ATG,Antigua and Barbuda,2023,0.001156043,elastic_net_alpha_1_l1_0.2,0.001156043,0.3286311708421831,-0.3274751278421831,0.3274751278421831
fold_6,main_fold_6,Main v2 model rolling-origin fold_6,rolling_origin_confirmatory,main,feature_only,env_patent_share_inventions,lag1_3_mean,AUS,Australia,2023,0.4618776,elastic_net_alpha_1_l1_0.2,0.4618776,2.5561098657417154,-2.0942322657417156,2.0942322657417156
fold_6,main_fold_6,Main v2 model rolling-origin fold_6,rolling_origin_confirmatory,main,feature_only,env_patent_share_inventions,lag1_3_mean,AUT,Austria,2023,0.4801606,elastic_net_alpha_1_l1_0.2,0.4801606,0.8873788205761517,-0.4072182205761517,0.4072182205761517
fold_6,main_fold_6,Main v2 model rolling-origin fold_6,rolling_origin_confirmatory,main,feature_only,env_patent_share_inventions,lag1_3_mean,AZE,Azerbaijan,2023,0.006936256,elastic_net_alpha_1_l1_0.2,0.006936256,0.33006558770533934,-0.32312933170533936,0.32312933170533936
fold_6,main_fold_6,Main v2 model rolling-origin fold_6,rolling_origin_confirmatory,main,feature_only,env_patent_share_inventions,lag1_3_mean,BEL,Belgium,2023,0.4136321,elastic_net_alpha_1_l1_0.2,0.4136321,0.8831501462157721,-0.46951804621577214,0.46951804621577214
fold_6,main_fold_6,Main v2 model rolling-origin fold_6,rolling_origin_confirmatory,main,feature_only,env_patent_share_inventions,lag1_3_mean,BFA,Burkina Faso,2023,0.001156043,elastic_net_alpha_1_l1_0.2,0.001156043,0.1494883365534344,-0.1483322935534344,0.1483322935534344
fold_6,main_fold_6,Main v2 model rolling-origin fold_6,rolling_origin_confirmatory,main,feature_only,env_patent_share_inventions,lag1_3_mean,BGD,Bangladesh,2023,0.001156043,elastic_net_alpha_1_l1_0.2,0.001156043,0.5110034139321659,-0.5098473709321658,0.5098473709321658
fold_6,main_fold_6,Main v2 model rolling-origin fold_6,rolling_origin_confirmatory,main,feature_only,env_patent_share_inventions,lag1_3_mean,BGR,Bulgaria,2023,0.01202284,elastic_net_alpha_1_l1_0.2,0.01202284,0.40908078362173894,-0.39705794362173896,0.39705794362173896
fold_6,main_fold_6,Main v2 model rolling-origin fold_6,rolling_origin_confirmatory,main,feature_only,env_patent_share_inventions,lag1_3_mean,BHS,"Bahamas, The",2023,0.002312085,elastic_net_alpha_1_l1_0.2,0.002312085,0.3412729666899612,-0.3389608816899612,0.3389608816899612
fold_6,main_fold_6,Main v2 model rolling-origin fold_6,rolling_origin_confirmatory,main,feature_only,env_patent_share_inventions,lag1_3_mean,BOL,Bolivia,2023,0.004238823,elastic_net_alpha_1_l1_0.2,0.004238823,0.23864825920183474,-0.23440943620183474,0.23440943620183474
fold_6,main_fold_6,Main v2 model rolling-origin fold_6,rolling_origin_confirmatory,main,feature_only,env_patent_share_inventions,lag1_3_mean,BRA,Brazil,2023,0.1532527,elastic_net_alpha_1_l1_0.2,0.1532527,2.558564419865176,-2.405311719865176,2.405311719865176
fold_6,main_fold_6,Main v2 model rolling-origin fold_6,rolling_origin_confirmatory,main,feature_only,env_patent_share_inventions,lag1_3_mean,CAN,Canada,2023,0.8605196,elastic_net_alpha_1_l1_0.2,0.8605196,2.7187403232929666,-1.8582207232929666,1.8582207232929666
fold_6,main_fold_6,Main v2 model rolling-origin fold_6,rolling_origin_confirmatory,main,feature_only,env_patent_share_inventions,lag1_3_mean,CHE,Switzerland,2023,0.4411294,elastic_net_alpha_1_l1_0.2,0.4411294,0.8472707167479582,-0.40614131674795817,0.40614131674795817
fold_6,main_fold_6,Main v2 model rolling-origin fold_6,rolling_origin_confirmatory,main,feature_only,env_patent_share_inventions,lag1_3_mean,CHL,Chile,2023,0.05549005,elastic_net_alpha_1_l1_0.2,0.05549005,0.7374441016708417,-0.6819540516708418,0.6819540516708418
fold_6,main_fold_6,Main v2 model rolling-origin fold_6,rolling_origin_confirmatory,main,feature_only,env_patent_share_inventions,lag1_3_mean,CHN,China,2023,38.42308,elastic_net_alpha_1_l1_0.2,38.42308,21.958712858635746,16.464367141364253,16.464367141364253
fold_6,main_fold_6,Main v2 model rolling-origin fold_6,rolling_origin_confirmatory,main,feature_only,env_patent_share_inventions,lag1_3_mean,CIV,Cote d'Ivoire,2023,0.0007706951,elastic_net_alpha_1_l1_0.2,0.0007706951,0.32121744485738346,-0.32044674975738346,0.32044674975738346
fold_6,main_fold_6,Main v2 model rolling-origin fold_6,rolling_origin_confirmatory,main,feature_only,env_patent_share_inventions,lag1_3_mean,COL,Colombia,2023,0.02127118,elastic_net_alpha_1_l1_0.2,0.02127118,0.7083714756278776,-0.6871002956278776,0.6871002956278776
fold_6,main_fold_6,Main v2 model rolling-origin fold_6,rolling_origin_confirmatory,main,feature_only,env_patent_share_inventions,lag1_3_mean,CUB,Cuba,2023,0.002312085,elastic_net_alpha_1_l1_0.2,0.002312085,0.2564283679587933,-0.2541162829587933,0.2541162829587933
fold_6,main_fold_6,Main v2 model rolling-origin fold_6,rolling_origin_confirmatory,main,feature_only,env_patent_share_inventions,lag1_3_mean,CYP,Cyprus,2023,0.03872743,elastic_net_alpha_1_l1_0.2,0.03872743,0.21078028480695943,-0.17205285480695942,0.17205285480695942
fold_6,main_fold_6,Main v2 model rolling-origin fold_6,rolling_origin_confirmatory,main,feature_only,env_patent_share_inventions,lag1_3_mean,CZE,Czechia,2023,0.118687,elastic_net_alpha_1_l1_0.2,0.118687,0.7723938376790355,-0.6537068376790355,0.6537068376790355
fold_6,main_fold_6,Main v2 model rolling-origin fold_6,rolling_origin_confirmatory,main,feature_only,env_patent_share_inventions,lag1_3_mean,DEU,Germany,2023,5.323825,elastic_net_alpha_1_l1_0.2,5.323825,4.587876221095048,0.7359487789049526,0.7359487789049526
fold_6,main_fold_6,Main v2 model rolling-origin fold_6,rolling_origin_confirmatory,main,feature_only,env_patent_share_inventions,lag1_3_mean,DNK,Denmark,2023,0.7307345,elastic_net_alpha_1_l1_0.2,0.7307345,0.9116992564100848,-0.1809647564100848,0.1809647564100848
fold_6,main_fold_6,Main v2 model rolling-origin fold_6,rolling_origin_confirmatory,main,feature_only,env_patent_share_inventions,lag1_3_mean,DZA,Algeria,2023,0.002890107,elastic_net_alpha_1_l1_0.2,0.002890107,0.47579068089448506,-0.4729005738944851,0.4729005738944851
fold_6,main_fold_6,Main v2 model rolling-origin fold_6,rolling_origin_confirmatory,main,feature_only,env_patent_share_inventions,lag1_3_mean,EGY,"Egypt, Arab Rep.",2023,0.009441015,elastic_net_alpha_1_l1_0.2,0.009441015,0.8767808178144971,-0.8673398028144971,0.8673398028144971
fold_6,main_fold_6,Main v2 model rolling-origin fold_6,rolling_origin_confirmatory,main,feature_only,env_patent_share_inventions,lag1_3_mean,ESP,Spain,2023,0.4860224,elastic_net_alpha_1_l1_0.2,0.4860224,2.3051495676196136,-1.8191271676196137,1.8191271676196137
fold_6,main_fold_6,Main v2 model rolling-origin fold_6,rolling_origin_confirmatory,main,feature_only,env_patent_share_inventions,lag1_3_mean,EST,Estonia,2023,0.01271647,elastic_net_alpha_1_l1_0.2,0.01271647,0.45048627092022614,-0.43776980092022616,0.43776980092022616
fold_6,main_fold_6,Main v2 model rolling-origin fold_6,rolling_origin_confirmatory,main,feature_only,env_patent_share_inventions,lag1_3_mean,ETH,Ethiopia,2023,0.005780213,elastic_net_alpha_1_l1_0.2,0.005780213,0.41234187492482055,-0.40656166192482057,0.40656166192482057
fold_6,main_fold_6,Main v2 model rolling-origin fold_6,rolling_origin_confirmatory,main,feature_only,env_patent_share_inventions,lag1_3_mean,FIN,Finland,2023,0.378583,elastic_net_alpha_1_l1_0.2,0.378583,0.8668663881803864,-0.4882833881803864,0.4882833881803864
fold_6,main_fold_6,Main v2 model rolling-origin fold_6,rolling_origin_confirmatory,main,feature_only,env_patent_share_inventions,lag1_3_mean,FRA,France,2023,2.193091,elastic_net_alpha_1_l1_0.2,2.193091,3.0618171845807605,-0.8687261845807606,0.8687261845807606
fold_6,main_fold_6,Main v2 model rolling-origin fold_6,rolling_origin_confirmatory,main,feature_only,env_patent_share_inventions,lag1_3_mean,GBR,United Kingdom,2023,1.668825,elastic_net_alpha_1_l1_0.2,1.668825,4.121456230427256,-2.452631230427256,2.452631230427256
fold_6,main_fold_6,Main v2 model rolling-origin fold_6,rolling_origin_confirmatory,main,feature_only,env_patent_share_inventions,lag1_3_mean,GEO,Georgia,2023,0.002312085,elastic_net_alpha_1_l1_0.2,0.002312085,0.35121921537922673,-0.3489071303792267,0.3489071303792267
fold_6,main_fold_6,Main v2 model rolling-origin fold_6,rolling_origin_confirmatory,main,feature_only,env_patent_share_inventions,lag1_3_mean,GHA,Ghana,2023,0.003468128,elastic_net_alpha_1_l1_0.2,0.003468128,0.3411236325902999,-0.33765550459029986,0.33765550459029986
fold_6,main_fold_6,Main v2 model rolling-origin fold_6,rolling_origin_confirmatory,main,feature_only,env_patent_share_inventions,lag1_3_mean,GRC,Greece,2023,0.0370319,elastic_net_alpha_1_l1_0.2,0.0370319,0.6865399048586915,-0.6495080048586915,0.6495080048586915
fold_6,main_fold_6,Main v2 model rolling-origin fold_6,rolling_origin_confirmatory,main,feature_only,env_patent_share_inventions,lag1_3_mean,GTM,Guatemala,2023,0.002312085,elastic_net_alpha_1_l1_0.2,0.002312085,0.32056680064530696,-0.31825471564530694,0.31825471564530694
fold_6,main_fold_6,Main v2 model rolling-origin fold_6,rolling_origin_confirmatory,main,feature_only,env_patent_share_inventions,lag1_3_mean,HKG,"Hong Kong SAR, China",2023,0.08130834,elastic_net_alpha_1_l1_0.2,0.08130834,0.5111287167409574,-0.4298203767409574,0.4298203767409574
fold_6,main_fold_6,Main v2 model rolling-origin fold_6,rolling_origin_confirmatory,main,feature_only,env_patent_share_inventions,lag1_3_mean,HRV,Croatia,2023,0.02196481,elastic_net_alpha_1_l1_0.2,0.02196481,0.4175461923153623,-0.3955813823153623,0.3955813823153623
fold_6,main_fold_6,Main v2 model rolling-origin fold_6,rolling_origin_confirmatory,main,feature_only,env_patent_share_inventions,lag1_3_mean,HUN,Hungary,2023,0.04990251,elastic_net_alpha_1_l1_0.2,0.04990251,0.594413429140328,-0.544510919140328,0.544510919140328
fold_6,main_fold_6,Main v2 model rolling-origin fold_6,rolling_origin_confirmatory,main,feature_only,env_patent_share_inventions,lag1_3_mean,IDN,Indonesia,2023,0.02235016,elastic_net_alpha_1_l1_0.2,0.02235016,1.5428166251264073,-1.5204664651264073,1.5204664651264073
fold_6,main_fold_6,Main v2 model rolling-origin fold_6,rolling_origin_confirmatory,main,feature_only,env_patent_share_inventions,lag1_3_mean,IND,India,2023,0.9509992,elastic_net_alpha_1_l1_0.2,0.9509992,4.766943179675711,-3.815943979675711,3.815943979675711
fold_6,main_fold_6,Main v2 model rolling-origin fold_6,rolling_origin_confirmatory,main,feature_only,env_patent_share_inventions,lag1_3_mean,IRL,Ireland,2023,0.113639,elastic_net_alpha_1_l1_0.2,0.113639,0.6811269596394061,-0.567487959639406,0.567487959639406
fold_6,main_fold_6,Main v2 model rolling-origin fold_6,rolling_origin_confirmatory,main,feature_only,env_patent_share_inventions,lag1_3_mean,IRN,"Iran, Islamic Rep.",2023,0.02181067,elastic_net_alpha_1_l1_0.2,0.02181067,1.485137072963259,-1.4633264029632589,1.4633264029632589
fold_6,main_fold_6,Main v2 model rolling-origin fold_6,rolling_origin_confirmatory,main,feature_only,env_patent_share_inventions,lag1_3_mean,IRQ,Iraq,2023,0.0009248341,elastic_net_alpha_1_l1_0.2,0.0009248341,0.48447341575618685,-0.48354858165618686,0.48354858165618686
fold_6,main_fold_6,Main v2 model rolling-origin fold_6,rolling_origin_confirmatory,main,feature_only,env_patent_share_inventions,lag1_3_mean,ISL,Iceland,2023,0.007706951,elastic_net_alpha_1_l1_0.2,0.007706951,0.5222236498624402,-0.5145166988624402,0.5145166988624402
fold_6,main_fold_6,Main v2 model rolling-origin fold_6,rolling_origin_confirmatory,main,feature_only,env_patent_share_inventions,lag1_3_mean,ISR,Israel,2023,0.2640401,elastic_net_alpha_1_l1_0.2,0.2640401,0.9689019310357055,-0.7048618310357055,0.7048618310357055
fold_6,main_fold_6,Main v2 model rolling-origin fold_6,rolling_origin_confirmatory,main,feature_only,env_patent_share_inventions,lag1_3_mean,ITA,Italy,2023,0.9510773,elastic_net_alpha_1_l1_0.2,0.9510773,2.888445789746,-1.937368489746,1.937368489746
fold_6,main_fold_6,Main v2 model rolling-origin fold_6,rolling_origin_confirmatory,main,feature_only,env_patent_share_inventions,lag1_3_mean,JOR,Jordan,2023,0.003986596,elastic_net_alpha_1_l1_0.2,0.003986596,0.3764963584615828,-0.3725097624615828,0.3725097624615828
fold_6,main_fold_6,Main v2 model rolling-origin fold_6,rolling_origin_confirmatory,main,feature_only,env_patent_share_inventions,lag1_3_mean,JPN,Japan,2023,12.35528,elastic_net_alpha_1_l1_0.2,12.35528,4.702825395627007,7.652454604372993,7.652454604372993
fold_6,main_fold_6,Main v2 model rolling-origin fold_6,rolling_origin_confirmatory,main,feature_only,env_patent_share_inventions,lag1_3_mean,KAZ,Kazakhstan,2023,0.001156043,elastic_net_alpha_1_l1_0.2,0.001156043,0.6135361765303993,-0.6123801335303992,0.6123801335303992
fold_6,main_fold_6,Main v2 model rolling-origin fold_6,rolling_origin_confirmatory,main,feature_only,env_patent_share_inventions,lag1_3_mean,KEN,Kenya,2023,0.002312085,elastic_net_alpha_1_l1_0.2,0.002312085,0.36121175245280956,-0.35889966745280955,0.35889966745280955
fold_6,main_fold_6,Main v2 model rolling-origin fold_6,rolling_origin_confirmatory,main,feature_only,env_patent_share_inventions,lag1_3_mean,KOR,"Korea, Rep.",2023,17.64583,elastic_net_alpha_1_l1_0.2,17.64583,2.7037995520731135,14.942030447926886,14.942030447926886
fold_6,main_fold_6,Main v2 model rolling-origin fold_6,rolling_origin_confirmatory,main,feature_only,env_patent_share_inventions,lag1_3_mean,KWT,Kuwait,2023,0.0007706951,elastic_net_alpha_1_l1_0.2,0.0007706951,0.6283102861475238,-0.6275395910475238,0.6275395910475238
fold_6,main_fold_6,Main v2 model rolling-origin fold_6,rolling_origin_confirmatory,main,feature_only,env_patent_share_inventions,lag1_3_mean,LAO,Lao PDR,2023,0.001156043,elastic_net_alpha_1_l1_0.2,0.001156043,0.17612292642522176,-0.17496688342522176,0.17496688342522176
fold_6,main_fold_6,Main v2 model rolling-origin fold_6,rolling_origin_confirmatory,main,feature_only,env_patent_share_inventions,lag1_3_mean,LBN,Lebanon,2023,0.01123113,elastic_net_alpha_1_l1_0.2,0.01123113,0.2590658789719742,-0.2478347489719742,0.2478347489719742
fold_6,main_fold_6,Main v2 model rolling-origin fold_6,rolling_origin_confirmatory,main,feature_only,env_patent_share_inventions,lag1_3_mean,LKA,Sri Lanka,2023,0.007321603,elastic_net_alpha_1_l1_0.2,0.007321603,0.38291024136170904,-0.375588638361709,0.375588638361709
fold_6,main_fold_6,Main v2 model rolling-origin fold_6,rolling_origin_confirmatory,main,feature_only,env_patent_share_inventions,lag1_3_mean,LTU,Lithuania,2023,0.006936256,elastic_net_alpha_1_l1_0.2,0.006936256,0.37419776300764984,-0.36726150700764987,0.36726150700764987
fold_6,main_fold_6,Main v2 model rolling-origin fold_6,rolling_origin_confirmatory,main,feature_only,env_patent_share_inventions,lag1_3_mean,LUX,Luxembourg,2023,0.02601096,elastic_net_alpha_1_l1_0.2,0.02601096,-0.13073407911248103,0.15674503911248103,0.15674503911248103
fold_6,main_fold_6,Main v2 model rolling-origin fold_6,rolling_origin_confirmatory,main,feature_only,env_patent_share_inventions,lag1_3_mean,LVA,Latvia,2023,0.004624171,elastic_net_alpha_1_l1_0.2,0.004624171,0.3417132250245225,-0.3370890540245225,0.3370890540245225
fold_6,main_fold_6,Main v2 model rolling-origin fold_6,rolling_origin_confirmatory,main,feature_only,env_patent_share_inventions,lag1_3_mean,MAR,Morocco,2023,0.02011614,elastic_net_alpha_1_l1_0.2,0.02011614,0.4523006865337519,-0.4321845465337519,0.4321845465337519
fold_6,main_fold_6,Main v2 model rolling-origin fold_6,rolling_origin_confirmatory,main,feature_only,env_patent_share_inventions,lag1_3_mean,MEX,Mexico,2023,0.0551047,elastic_net_alpha_1_l1_0.2,0.0551047,1.346631346392896,-1.291526646392896,1.291526646392896
fold_6,main_fold_6,Main v2 model rolling-origin fold_6,rolling_origin_confirmatory,main,feature_only,env_patent_share_inventions,lag1_3_mean,MKD,North Macedonia,2023,0.002312085,elastic_net_alpha_1_l1_0.2,0.002312085,0.23115091801123833,-0.22883883301123834,0.22883883301123834
fold_6,main_fold_6,Main v2 model rolling-origin fold_6,rolling_origin_confirmatory,main,feature_only,env_patent_share_inventions,lag1_3_mean,MLT,Malta,2023,0.003468128,elastic_net_alpha_1_l1_0.2,0.003468128,0.248001197119463,-0.24453306911946301,0.24453306911946301
fold_6,main_fold_6,Main v2 model rolling-origin fold_6,rolling_origin_confirmatory,main,feature_only,env_patent_share_inventions,lag1_3_mean,MNE,Montenegro,2023,0.003468128,elastic_net_alpha_1_l1_0.2,0.003468128,0.29739338099732915,-0.29392525299732913,0.29392525299732913
fold_6,main_fold_6,Main v2 model rolling-origin fold_6,rolling_origin_confirmatory,main,feature_only,env_patent_share_inventions,lag1_3_mean,MYS,Malaysia,2023,0.05518177,elastic_net_alpha_1_l1_0.2,0.05518177,0.9495703397048977,-0.8943885697048977,0.8943885697048977
fold_6,main_fold_6,Main v2 model rolling-origin fold_6,rolling_origin_confirmatory,main,feature_only,env_patent_share_inventions,lag1_3_mean,NAM,Namibia,2023,0.001156043,elastic_net_alpha_1_l1_0.2,0.001156043,0.27147914757988467,-0.2703231045798847,0.2703231045798847
fold_6,main_fold_6,Main v2 model rolling-origin fold_6,rolling_origin_confirmatory,main,feature_only,env_patent_share_inventions,lag1_3_mean,NLD,Netherlands,2023,0.5949941,elastic_net_alpha_1_l1_0.2,0.5949941,1.1000307962172444,-0.5050366962172445,0.5050366962172445
fold_6,main_fold_6,Main v2 model rolling-origin fold_6,rolling_origin_confirmatory,main,feature_only,env_patent_share_inventions,lag1_3_mean,NOR,Norway,2023,0.2159873,elastic_net_alpha_1_l1_0.2,0.2159873,0.9852317452692481,-0.7692444452692481,0.7692444452692481
fold_6,main_fold_6,Main v2 model rolling-origin fold_6,rolling_origin_confirmatory,main,feature_only,env_patent_share_inventions,lag1_3_mean,NZL,New Zealand,2023,0.06288872,elastic_net_alpha_1_l1_0.2,0.06288872,0.8322777037934656,-0.7693889837934655,0.7693889837934655
fold_6,main_fold_6,Main v2 model rolling-origin fold_6,rolling_origin_confirmatory,main,feature_only,env_patent_share_inventions,lag1_3_mean,PAK,Pakistan,2023,0.002830553,elastic_net_alpha_1_l1_0.2,0.002830553,0.8006947427598539,-0.7978641897598538,0.7978641897598538
fold_6,main_fold_6,Main v2 model rolling-origin fold_6,rolling_origin_confirmatory,main,feature_only,env_patent_share_inventions,lag1_3_mean,PAN,Panama,2023,0.005086588,elastic_net_alpha_1_l1_0.2,0.005086588,0.3322065170702282,-0.3271199290702282,0.3271199290702282
fold_6,main_fold_6,Main v2 model rolling-origin fold_6,rolling_origin_confirmatory,main,feature_only,env_patent_share_inventions,lag1_3_mean,PER,Peru,2023,0.008477646,elastic_net_alpha_1_l1_0.2,0.008477646,0.5123178506461583,-0.5038402046461583,0.5038402046461583
fold_6,main_fold_6,Main v2 model rolling-origin fold_6,rolling_origin_confirmatory,main,feature_only,env_patent_share_inventions,lag1_3_mean,PHL,Philippines,2023,0.002312085,elastic_net_alpha_1_l1_0.2,0.002312085,0.5716718205574578,-0.5693597355574578,0.5693597355574578
fold_6,main_fold_6,Main v2 model rolling-origin fold_6,rolling_origin_confirmatory,main,feature_only,env_patent_share_inventions,lag1_3_mean,POL,Poland,2023,0.1666243,elastic_net_alpha_1_l1_0.2,0.1666243,1.3978803242637041,-1.231256024263704,1.231256024263704
fold_6,main_fold_6,Main v2 model rolling-origin fold_6,rolling_origin_confirmatory,main,feature_only,env_patent_share_inventions,lag1_3_mean,PRI,Puerto Rico (US),2023,0.004624171,elastic_net_alpha_1_l1_0.2,0.004624171,0.4249074219420864,-0.4202832509420864,0.4202832509420864
fold_6,main_fold_6,Main v2 model rolling-origin fold_6,rolling_origin_confirmatory,main,feature_only,env_patent_share_inventions,lag1_3_mean,PRT,Portugal,2023,0.08377456,elastic_net_alpha_1_l1_0.2,0.08377456,0.7951369505314267,-0.7113623905314268,0.7113623905314268
fold_6,main_fold_6,Main v2 model rolling-origin fold_6,rolling_origin_confirmatory,main,feature_only,env_patent_share_inventions,lag1_3_mean,QAT,Qatar,2023,0.002312085,elastic_net_alpha_1_l1_0.2,0.002312085,1.0183236263387117,-1.0160115413387116,1.0160115413387116
fold_6,main_fold_6,Main v2 model rolling-origin fold_6,rolling_origin_confirmatory,main,feature_only,env_patent_share_inventions,lag1_3_mean,ROU,Romania,2023,0.03121315,elastic_net_alpha_1_l1_0.2,0.03121315,0.6400190677553148,-0.6088059177553148,0.6088059177553148
fold_6,main_fold_6,Main v2 model rolling-origin fold_6,rolling_origin_confirmatory,main,feature_only,env_patent_share_inventions,lag1_3_mean,RUS,Russian Federation,2023,0.1051999,elastic_net_alpha_1_l1_0.2,0.1051999,2.6946957846259223,-2.589495884625922,2.589495884625922
fold_6,main_fold_6,Main v2 model rolling-origin fold_6,rolling_origin_confirmatory,main,feature_only,env_patent_share_inventions,lag1_3_mean,SAU,Saudi Arabia,2023,0.1056623,elastic_net_alpha_1_l1_0.2,0.1056623,1.379166119933085,-1.2735038199330848,1.2735038199330848
fold_6,main_fold_6,Main v2 model rolling-origin fold_6,rolling_origin_confirmatory,main,feature_only,env_patent_share_inventions,lag1_3_mean,SGP,Singapore,2023,0.2277789,elastic_net_alpha_1_l1_0.2,0.2277789,0.8774156663020418,-0.6496367663020418,0.6496367663020418
fold_6,main_fold_6,Main v2 model rolling-origin fold_6,rolling_origin_confirmatory,main,feature_only,env_patent_share_inventions,lag1_3_mean,SLV,El Salvador,2023,0.002312085,elastic_net_alpha_1_l1_0.2,0.002312085,0.25419348422838683,-0.2518813992283868,0.2518813992283868
fold_6,main_fold_6,Main v2 model rolling-origin fold_6,rolling_origin_confirmatory,main,feature_only,env_patent_share_inventions,lag1_3_mean,SRB,Serbia,2023,0.02003807,elastic_net_alpha_1_l1_0.2,0.02003807,0.3782367494207203,-0.35819867942072026,0.35819867942072026
fold_6,main_fold_6,Main v2 model rolling-origin fold_6,rolling_origin_confirmatory,main,feature_only,env_patent_share_inventions,lag1_3_mean,SVK,Slovak Republic,2023,0.01965272,elastic_net_alpha_1_l1_0.2,0.01965272,0.37311901897737076,-0.35346629897737075,0.35346629897737075
fold_6,main_fold_6,Main v2 model rolling-origin fold_6,rolling_origin_confirmatory,main,feature_only,env_patent_share_inventions,lag1_3_mean,SVN,Slovenia,2023,0.02807532,elastic_net_alpha_1_l1_0.2,0.02807532,0.36532029291738455,-0.33724497291738453,0.33724497291738453
fold_6,main_fold_6,Main v2 model rolling-origin fold_6,rolling_origin_confirmatory,main,feature_only,env_patent_share_inventions,lag1_3_mean,SWE,Sweden,2023,0.812775,elastic_net_alpha_1_l1_0.2,0.812775,1.1887078881991977,-0.3759328881991977,0.3759328881991977
fold_6,main_fold_6,Main v2 model rolling-origin fold_6,rolling_origin_confirmatory,main,feature_only,env_patent_share_inventions,lag1_3_mean,THA,Thailand,2023,0.0242769,elastic_net_alpha_1_l1_0.2,0.0242769,0.7610266125013798,-0.7367497125013798,0.7367497125013798
fold_6,main_fold_6,Main v2 model rolling-origin fold_6,rolling_origin_confirmatory,main,feature_only,env_patent_share_inventions,lag1_3_mean,TUN,Tunisia,2023,0.002697433,elastic_net_alpha_1_l1_0.2,0.002697433,0.33953845351521916,-0.33684102051521914,0.33684102051521914
fold_6,main_fold_6,Main v2 model rolling-origin fold_6,rolling_origin_confirmatory,main,feature_only,env_patent_share_inventions,lag1_3_mean,TUR,Turkiye,2023,0.2342913,elastic_net_alpha_1_l1_0.2,0.2342913,1.6908770793007692,-1.4565857793007693,1.4565857793007693
fold_6,main_fold_6,Main v2 model rolling-origin fold_6,rolling_origin_confirmatory,main,feature_only,env_patent_share_inventions,lag1_3_mean,UGA,Uganda,2023,0.003468128,elastic_net_alpha_1_l1_0.2,0.003468128,0.1886910630244617,-0.18522293502446172,0.18522293502446172
fold_6,main_fold_6,Main v2 model rolling-origin fold_6,rolling_origin_confirmatory,main,feature_only,env_patent_share_inventions,lag1_3_mean,UKR,Ukraine,2023,0.04046149,elastic_net_alpha_1_l1_0.2,0.04046149,0.5388460131462367,-0.4983845231462367,0.4983845231462367
fold_6,main_fold_6,Main v2 model rolling-origin fold_6,rolling_origin_confirmatory,main,feature_only,env_patent_share_inventions,lag1_3_mean,USA,United States,2023,10.59949,elastic_net_alpha_1_l1_0.2,10.59949,19.727553929472922,-9.128063929472923,9.128063929472923
fold_6,main_fold_6,Main v2 model rolling-origin fold_6,rolling_origin_confirmatory,main,feature_only,env_patent_share_inventions,lag1_3_mean,UZB,Uzbekistan,2023,0.00154139,elastic_net_alpha_1_l1_0.2,0.00154139,0.35380280090655924,-0.35226141090655927,0.35226141090655927
fold_6,main_fold_6,Main v2 model rolling-origin fold_6,rolling_origin_confirmatory,main,feature_only,env_patent_share_inventions,lag1_3_mean,VEN,"Venezuela, RB",2023,0.001156043,elastic_net_alpha_1_l1_0.2,0.001156043,0.20877230549716685,-0.20761626249716686,0.20761626249716686
fold_6,main_fold_6,Main v2 model rolling-origin fold_6,rolling_origin_confirmatory,main,feature_only,env_patent_share_inventions,lag1_3_mean,VNM,Viet Nam,2023,0.006550908,elastic_net_alpha_1_l1_0.2,0.006550908,0.476760121396596,-0.470209213396596,0.470209213396596
fold_6,main_fold_6,Main v2 model rolling-origin fold_6,rolling_origin_confirmatory,main,feature_only,env_patent_share_inventions,lag1_3_mean,ZAF,South Africa,2023,0.06049956,elastic_net_alpha_1_l1_0.2,0.06049956,0.8675009253772257,-0.8070013653772257,0.8070013653772257
fold_6,main_fold_6,Main v2 model rolling-origin fold_6,rolling_origin_confirmatory,main,feature_only,env_patent_share_inventions,lag1_3_mean,ZWE,Zimbabwe,2023,0.0007706951,elastic_net_alpha_1_l1_0.2,0.0007706951,0.2030751878183087,-0.2023044927183087,0.2023044927183087
